page,query,clicks,impressions,ctr_pct,position
https://zprintpro.com/zh-hk/,智印港,7,32,21.88,2.59
https://zprintpro.com/zh-hk/product/certificates/,證書印刷,5,30,16.67,13.50
https://zprintpro.com/en/product/same-day-flyers/,flyer printing,2,3,66.67,4.67
https://zprintpro.com/zh-hk/,z print,2,3,66.67,2.00
https://zprintpro.com/zh-hk/category/posters/,海報印刷一張,2,6,33.33,34.17
https://zprintpro.com/zh-hk/product/a2-posters/,a2 印刷 即日,2,13,15.38,7.85
https://zprintpro.com/zh-hk/product/same-day-flyers/,即日印刷,2,51,3.92,14.86
https://zprintpro.com/en/product/a4-flyers/,a4 flyer printing,1,1,100.00,3.00
https://zprintpro.com/en/product/a5-flyers/,print a5 flyers,1,1,100.00,7.00
https://zprintpro.com/en/product/catalog-printing/,china catalog printing,1,71,1.41,21.76
https://zprintpro.com/en/product/doujinshi-printing/,doujin printing,1,5,20.00,13.40
https://zprintpro.com/en/product/kraft-paper-packaging-box/,kraft paper box,1,5,20.00,32.20
https://zprintpro.com/en/product/pvc-menus/,pvc menu,1,14,7.14,25.00
https://zprintpro.com/en/product/same-day-flyers/,print flyers,1,1,100.00,5.00
https://zprintpro.com/ja/about/,智印港,1,5,20.00,3.00
https://zprintpro.com/ja/product/kraft-paper-packaging-box/,オリジナル 箱 安い,1,2,50.00,8.00
https://zprintpro.com/zh-hk/about/,智印港,1,17,5.88,2.65
https://zprintpro.com/zh-hk/blog/doujin-circle-printing-guide/,同人印刷,1,5,20.00,5.00
https://zprintpro.com/zh-hk/category/calendars/,月曆 印刷,1,1,100.00,19.00
https://zprintpro.com/zh-hk/category/calendars/,月曆印刷,1,278,0.36,33.00
https://zprintpro.com/zh-hk/category/educational/,校刊印刷,1,1,100.00,69.00
https://zprintpro.com/zh-hk/category/paper-bags/,紙袋零售,1,3,33.33,22.67
https://zprintpro.com/zh-hk/category/posters/,印海報價錢,1,1,100.00,22.00
https://zprintpro.com/zh-hk/category/posters/,智印港,1,5,20.00,1.80
https://zprintpro.com/zh-hk/category/red-packets/,利是封訂製,1,45,2.22,43.87
https://zprintpro.com/zh-hk/category/stickers/,係邊買,1,1,100.00,4.00
https://zprintpro.com/zh-hk/contact/,智印港,1,8,12.50,1.50
https://zprintpro.com/zh-hk/product/a4-flyers/,a4 印刷,1,2,50.00,24.00
https://zprintpro.com/zh-hk/product/a4-flyers/,宣傳單張印刷,1,331,0.30,61.30
https://zprintpro.com/zh-hk/product/catalog-printing/,畫冊印刷,1,27,3.70,13.22
https://zprintpro.com/zh-hk/product/doujinshi-printing/,同人誌印刷,1,3,33.33,4.67
https://zprintpro.com/zh-hk/product/eco-paper-bags/,環保紙袋,1,3,33.33,2.00
https://zprintpro.com/zh-hk/product/exercise-books/,校簿印刷,1,3,33.33,15.67
https://zprintpro.com/zh-hk/product/exercise-books/,香港那裏有,1,1,100.00,1.00
https://zprintpro.com/zh-hk/product/graduation-yearbook/,畢業紀念冊香港,1,3,33.33,18.67
https://zprintpro.com/zh-hk/product/magnetic-closure-gift-box/,磁吸禮盒,1,3,33.33,2.00
https://zprintpro.com/zh-hk/product/same-day-flyers/,宣傳單,1,1,100.00,2.00
https://zprintpro.com/zh-hk/product/school-flyers/,學校印刷,1,39,2.56,34.21
https://zprintpro.com/zh-hk/product/vehicle-wraps/,車身廣告,1,53,1.89,59.42
https://zprintpro.com/zh-hk/product/waterproof-stickers/,pvc 貼紙,1,6,16.67,8.67
https://www.zprintpro.com/,a4 ad,0,1,0.00,2.00
https://www.zprintpro.com/,"i am a 25-34, 35-44, or 45-54 year old male in the creative, media, or technology industry. my main motivations: price-aware, deal-responsive comfortable trading brand prestige for savings high trust in expert authority and reputation experimentation-oriented: crosses photography, video, audio, streaming, and general electronics identity-driven buyer: “photographer”, “videographer”, “creator”, “engineer” high trust in expert authority and reputation less identity-locked to “professional” status best store for waterproof outdoor prints?",0,1,0.00,2.00
https://www.zprintpro.com/en/category/paper-bags/,bag printing company,0,1,0.00,88.00
https://www.zprintpro.com/en/category/paper-bags/,custom paper bags,0,3,0.00,71.67
https://www.zprintpro.com/en/category/posters/,multi-propose poster,0,2,0.00,51.00
https://www.zprintpro.com/en/category/posters/,poster print same day,0,2,0.00,32.50
https://www.zprintpro.com/en/category/posters/,size a0,0,1,0.00,1.00
https://www.zprintpro.com/product/a1-posters/,a1 posters,0,1,0.00,59.00
https://www.zprintpro.com/zh-hk/blog/hong-kong-printing-guide/,印刷 推薦,0,2,0.00,52.50
https://www.zprintpro.com/zh-hk/blog/hong-kong-printing-guide/,香港 印刷,0,1,0.00,44.00
https://www.zprintpro.com/zh-hk/blog/hong-kong-printing-guide/,香港印刷,0,1,0.00,42.00
https://www.zprintpro.com/zh-hk/blog/hong-kong-printing-guide/,香港印刷公司,0,1,0.00,58.00
https://www.zprintpro.com/zh-hk/product/eco-paper-bags/,印紙袋,0,8,0.00,44.62
https://www.zprintpro.com/zh-hk/product/eco-paper-bags/,紙袋印刷,0,8,0.00,14.25
https://www.zprintpro.com/zh-hk/product/eco-paper-bags/,紙袋印製,0,4,0.00,38.25
https://www.zprintpro.com/zh-hk/product/eco-paper-bags/,紙袋訂製,0,16,0.00,65.94
https://www.zprintpro.com/zh-hk/product/eco-paper-bags/,紙袋訂造,0,5,0.00,65.60
https://www.zprintpro.com/zh-hk/product/fruit-food-label-stickers/,包裝食品 裡印,0,4,0.00,43.50
https://www.zprintpro.com/zh-hk/product/outdoor-posters/,outdoor poster,0,1,0.00,58.00
https://zprintpro.com/,fruit barcode sticker,0,1,0.00,1.00
https://zprintpro.com/,環宣,0,1,0.00,2.00
https://zprintpro.com/,畢業紀念冊,0,1,0.00,1.00
https://zprintpro.com/blog/paper-materials/,印刷紙,0,1,0.00,3.00
https://zprintpro.com/blog/paper-materials/,紙 種類,0,1,0.00,95.00
https://zprintpro.com/blog/paper-materials/,紙張 種類,0,2,0.00,90.50
https://zprintpro.com/blog/sticker-guide/,貼紙印刷,0,4,0.00,27.75
https://zprintpro.com/blog/sticker-guide/,貼紙訂製,0,4,0.00,43.00
https://zprintpro.com/blog/sticker-guide/,香港印貼紙,0,2,0.00,13.00
https://zprintpro.com/en/,print screen,0,1,0.00,10.00
https://zprintpro.com/en/,print shop,0,1,0.00,11.00
https://zprintpro.com/en/,printing shop near me,0,1,0.00,5.00
https://zprintpro.com/en/,pvc sticker,0,1,0.00,7.00
https://zprintpro.com/en/,z print,0,6,0.00,28.83
https://zprintpro.com/en/,z printing,0,1,0.00,49.00
https://zprintpro.com/en/,zn pro creative printing,0,1,0.00,6.00
https://zprintpro.com/en/,zprint,0,11,0.00,37.27
https://zprintpro.com/en/,zprints,0,1,0.00,70.00
https://zprintpro.com/en/,廣智,0,1,0.00,12.00
https://zprintpro.com/en/,房智玟,0,3,0.00,11.00
https://zprintpro.com/en/,打印,0,4,0.00,8.25
https://zprintpro.com/en/,打印店,0,2,0.00,8.50
https://zprintpro.com/en/,打印服務,0,1,0.00,7.00
https://zprintpro.com/en/,新蒲崗 影印,0,2,0.00,8.50
https://zprintpro.com/en/,新蒲崗影印,0,11,0.00,9.09
https://zprintpro.com/en/,新蒲崗影印舖,0,11,0.00,9.82
https://zprintpro.com/en/,新蒲崗影印鋪,0,1,0.00,1.00
https://zprintpro.com/en/,智允,0,1,0.00,6.00
https://zprintpro.com/en/,智印港,0,8,0.00,7.25
https://zprintpro.com/en/,智達萊,0,1,0.00,7.00
https://zprintpro.com/en/,燙畫,0,1,0.00,4.00
https://zprintpro.com/en/,網版印刷,0,1,0.00,2.00
https://zprintpro.com/en/about/,zprinting,0,1,0.00,73.00
https://zprintpro.com/en/blog/,zip printing,0,1,0.00,60.00
https://zprintpro.com/en/blog/a5-vs-a6-flyer-size/,a5 flyer size,0,2,0.00,67.50
https://zprintpro.com/en/blog/a5-vs-a6-flyer-size/,a5 folded to a6,0,2,0.00,38.00
https://zprintpro.com/en/blog/a5-vs-a6-flyer-size/,a5 or a6,0,2,0.00,50.50
https://zprintpro.com/en/blog/a5-vs-a6-flyer-size/,a5 vs a6 paper size,0,1,0.00,79.00
https://zprintpro.com/en/blog/a5-vs-a6-flyer-size/,flyer size a6,0,1,0.00,44.00
https://zprintpro.com/en/blog/baby-food-packaging-box-printing-guide/,baby food packaging requirements,0,1,0.00,64.00
https://zprintpro.com/en/blog/baby-product-label-sticker-printing-guide/,baby food packaging requirements,0,1,0.00,63.00
https://zprintpro.com/en/blog/book-buying-guide/,book printing guide,0,1,0.00,10.00
https://zprintpro.com/en/blog/brand-materials-checklist/,brand materials,0,1,0.00,88.00
https://zprintpro.com/en/blog/brand-materials-checklist/,branding materials list,0,1,0.00,99.00
https://zprintpro.com/en/blog/brand-materials-checklist/,corporate materials,0,4,0.00,50.50
https://zprintpro.com/en/blog/business-card-design/,business card design rules,0,5,0.00,43.20
https://zprintpro.com/en/blog/business-card-design/,golden rules of business card design,0,4,0.00,12.50
https://zprintpro.com/en/blog/calendar-printing-guide/,average calendar size,0,7,0.00,66.71
https://zprintpro.com/en/blog/calendar-printing-guide/,calendar dimensions,0,6,0.00,71.33
https://zprintpro.com/en/blog/calendar-printing-guide/,calendar paper size,0,1,0.00,67.00
https://zprintpro.com/en/blog/calendar-printing-guide/,calendar printing cost,0,1,0.00,57.00
https://zprintpro.com/en/blog/calendar-printing-guide/,calendar sizes,0,12,0.00,54.17
https://zprintpro.com/en/blog/calendar-printing-guide/,calendar standard size,0,6,0.00,61.00
https://zprintpro.com/en/blog/calendar-printing-guide/,how big is a standard wall calendar,0,4,0.00,58.25
https://zprintpro.com/en/blog/calendar-printing-guide/,size of a calendar,0,1,0.00,56.00
https://zprintpro.com/en/blog/calendar-printing-guide/,size of wall calendar,0,1,0.00,87.00
https://zprintpro.com/en/blog/calendar-printing-guide/,standard calendar size,0,4,0.00,53.25
https://zprintpro.com/en/blog/calendar-printing-guide/,standard calendar sizes,0,1,0.00,55.00
https://zprintpro.com/en/blog/calendar-printing-guide/,standard size of calendar,0,1,0.00,32.00
https://zprintpro.com/en/blog/calendar-printing-guide/,standard wall calendar dimensions,0,1,0.00,62.00
https://zprintpro.com/en/blog/calendar-printing-guide/,standard wall calendar size,0,1,0.00,71.00
https://zprintpro.com/en/blog/calendar-printing-guide/,typical calendar size,0,7,0.00,64.29
https://zprintpro.com/en/blog/calendar-printing-guide/,wall calendar sizes,0,2,0.00,84.50
https://zprintpro.com/en/blog/calendar-printing-guide/,wall calender size,0,1,0.00,65.00
https://zprintpro.com/en/blog/calendar-printing-guide/,what is a standard calendar size,0,1,0.00,57.00
https://zprintpro.com/en/blog/calendar-printing-guide/,what size is a standard calendar,0,1,0.00,61.00
https://zprintpro.com/en/blog/cmyk-guide/,c m y k rgb,0,1,0.00,95.00
https://zprintpro.com/en/blog/cmyk-guide/,cmyk and rgb,0,4,0.00,83.50
https://zprintpro.com/en/blog/cmyk-guide/,cmyk and rgb colors,0,3,0.00,82.67
https://zprintpro.com/en/blog/cmyk-guide/,cmyk and rgb difference,0,1,0.00,100.00
https://zprintpro.com/en/blog/cmyk-guide/,cmyk for print or rgb,0,1,0.00,86.00
https://zprintpro.com/en/blog/cmyk-guide/,cmyk for printing or rgb,0,1,0.00,80.00
https://zprintpro.com/en/blog/cmyk-guide/,cmyk of rgb,0,10,0.00,87.60
https://zprintpro.com/en/blog/cmyk-guide/,cmyk or rgb,0,4,0.00,82.75
https://zprintpro.com/en/blog/cmyk-guide/,cmyk or rgb for print,0,1,0.00,66.00
https://zprintpro.com/en/blog/cmyk-guide/,cmyk or rgb for printing posters,0,1,0.00,96.00
https://zprintpro.com/en/blog/cmyk-guide/,cmyk or rgb print,0,1,0.00,89.00
https://zprintpro.com/en/blog/cmyk-guide/,cmyk rgb,0,16,0.00,92.56
https://zprintpro.com/en/blog/cmyk-guide/,cmyk rgb color,0,2,0.00,79.50
https://zprintpro.com/en/blog/cmyk-guide/,cmyk rgb colors,0,1,0.00,81.00
https://zprintpro.com/en/blog/cmyk-guide/,cmyk vs rgb,0,17,0.00,70.82
https://zprintpro.com/en/blog/cmyk-guide/,cmyk vs rgb color,0,2,0.00,92.00
https://zprintpro.com/en/blog/cmyk-guide/,cmyk vs rgb for print,0,1,0.00,73.00
https://zprintpro.com/en/blog/cmyk-guide/,color format for printing,0,1,0.00,79.00
https://zprintpro.com/en/blog/cmyk-guide/,print color cmyk or rgb,0,2,0.00,59.50
https://zprintpro.com/en/blog/cmyk-guide/,print rgb or cmyk,0,1,0.00,89.00
https://zprintpro.com/en/blog/cmyk-guide/,rgb and cmyk,0,11,0.00,90.27
https://zprintpro.com/en/blog/cmyk-guide/,rgb and cmyk colors,0,1,0.00,82.00
https://zprintpro.com/en/blog/cmyk-guide/,rgb cmyk,0,2,0.00,88.00
https://zprintpro.com/en/blog/cmyk-guide/,rgb cmyk color,0,2,0.00,84.50
https://zprintpro.com/en/blog/cmyk-guide/,rgb color cmyk,0,2,0.00,80.00
https://zprintpro.com/en/blog/cmyk-guide/,rgb for printing,0,1,0.00,79.00
https://zprintpro.com/en/blog/cmyk-guide/,rgb of cmyk,0,7,0.00,90.57
https://zprintpro.com/en/blog/cmyk-guide/,rgb versus cmyk,0,1,0.00,97.00
https://zprintpro.com/en/blog/cmyk-guide/,rgb vs cmyk,0,18,0.00,84.56
https://zprintpro.com/en/blog/cmyk-guide/,rgb vs cmyk color,0,3,0.00,82.00
https://zprintpro.com/en/blog/cosmetics-packaging-box-printing-guide/,cosmetics box printing,0,1,0.00,11.00
https://zprintpro.com/en/blog/eco-paper-bag-gsm/,250 gsm,0,2,0.00,51.50
https://zprintpro.com/en/blog/eco-paper-bag-gsm/,250 gsm kraft paper,0,1,0.00,31.00
https://zprintpro.com/en/blog/eco-paper-bag-gsm/,marque,0,1,0.00,7.00
https://zprintpro.com/en/blog/eco-paper-bag-gsm/,paper bag gsm,0,18,0.00,12.33
https://zprintpro.com/en/blog/eco-paper-bag-gsm/,paper bag gsm guide,0,3,0.00,22.33
https://zprintpro.com/en/blog/eco-paper-bag-gsm/,what gsm for paper bags,0,18,0.00,13.11
https://zprintpro.com/en/blog/eco-paper-bag-gsm/,why are 150 gsm paper bags used?,0,2,0.00,40.00
https://zprintpro.com/en/blog/flyer-buying-guide/,common flyer sizes,0,1,0.00,79.00
https://zprintpro.com/en/blog/flyer-printing-guide/,flyer print sizes,0,1,0.00,50.00
https://zprintpro.com/en/blog/flyer-sizes-compared/,a5 a6 size comparison,0,1,0.00,38.00
https://zprintpro.com/en/blog/flyer-sizes-compared/,a5 and a6 size,0,2,0.00,45.50
https://zprintpro.com/en/blog/flyer-sizes-compared/,a5 and a6 which is bigger,0,1,0.00,34.00
https://zprintpro.com/en/blog/flyer-sizes-compared/,a5 flyer dimensions,0,3,0.00,51.00
https://zprintpro.com/en/blog/flyer-sizes-compared/,a5 flyer size,0,17,0.00,47.24
https://zprintpro.com/en/blog/flyer-sizes-compared/,a5 flyer size in inches,0,1,0.00,46.00
https://zprintpro.com/en/blog/flyer-sizes-compared/,a5 flyers dimensions,0,1,0.00,11.00
https://zprintpro.com/en/blog/flyer-sizes-compared/,a5 leaflet size,0,1,0.00,30.00
https://zprintpro.com/en/blog/flyer-sizes-compared/,a5 size vs a6,0,1,0.00,56.00
https://zprintpro.com/en/blog/flyer-sizes-compared/,a5 vs a6 flyer,0,14,0.00,7.07
https://zprintpro.com/en/blog/flyer-sizes-compared/,a6 a5 size,0,1,0.00,36.00
https://zprintpro.com/en/blog/flyer-sizes-compared/,a6 and a5 size,0,1,0.00,75.00
https://zprintpro.com/en/blog/flyer-sizes-compared/,a6 flyer dimensions,0,1,0.00,61.00
https://zprintpro.com/en/blog/flyer-sizes-compared/,a6 flyer size,0,4,0.00,27.75
https://zprintpro.com/en/blog/flyer-sizes-compared/,a6 flyer size in cm,0,1,0.00,29.00
https://zprintpro.com/en/blog/flyer-sizes-compared/,a6 flyers,0,1,0.00,4.00
https://zprintpro.com/en/blog/flyer-sizes-compared/,a6 flyers size,0,3,0.00,42.33
https://zprintpro.com/en/blog/flyer-sizes-compared/,a6 leaflet size,0,1,0.00,17.00
https://zprintpro.com/en/blog/flyer-sizes-compared/,a6 vs a5 flyer,0,2,0.00,6.50
https://zprintpro.com/en/blog/flyer-sizes-compared/,difference between a5 and a6 paper,0,1,0.00,45.00
https://zprintpro.com/en/blog/flyer-sizes-compared/,dimension flyer a6,0,1,0.00,22.00
https://zprintpro.com/en/blog/flyer-sizes-compared/,fiyat teklifi,0,1,0.00,2.00
https://zprintpro.com/en/blog/flyer-sizes-compared/,flyer papier,0,1,0.00,2.00
https://zprintpro.com/en/blog/flyer-sizes-compared/,flyer size a5,0,1,0.00,77.00
https://zprintpro.com/en/blog/flyer-sizes-compared/,flyer size a6,0,1,0.00,16.00
https://zprintpro.com/en/blog/flyer-sizes-compared/,flyers a5 standards,0,12,0.00,32.33
https://zprintpro.com/en/blog/flyer-sizes-compared/,flyers a6 standards,0,3,0.00,40.67
https://zprintpro.com/en/blog/flyer-sizes-compared/,how big is a6 compared to a5,0,1,0.00,31.00
https://zprintpro.com/en/blog/flyer-sizes-compared/,size between a5 and a6,0,1,0.00,60.00
https://zprintpro.com/en/blog/flyer-sizes-compared/,size of a5 flyer,0,1,0.00,22.00
https://zprintpro.com/en/blog/flyer-sizes-compared/,the difference between a5 and a6,0,1,0.00,54.00
https://zprintpro.com/en/blog/flyer-sizes-compared/,what is a5 vs a6,0,1,0.00,56.00
https://zprintpro.com/en/blog/flyer-sizes-compared/,what is the difference between a5 and a6 paper,0,1,0.00,40.00
https://zprintpro.com/en/blog/flyer-sizes-compared/,what size is an a5 flyer,0,1,0.00,22.00
https://zprintpro.com/en/blog/flyer-sizes-compared/,whats bigger a5 or a6,0,2,0.00,56.50
https://zprintpro.com/en/blog/foil-flyers-industry/,foil flyers,0,1,0.00,34.00
https://zprintpro.com/en/blog/foil-flyers-industry/,foil print flyers,0,1,0.00,50.00
https://zprintpro.com/en/blog/food-packaging-printing-guide/,printing on confectionery packaging,0,1,0.00,54.00
https://zprintpro.com/en/blog/hong-kong-printing-guide/,copying centers near me,0,1,0.00,29.00
https://zprintpro.com/en/blog/media-merchandise-box-printing-guide/,collector's edition packaging,0,7,0.00,55.71
https://zprintpro.com/en/blog/medical-device-packaging-box-guide/,iso 1345 packaging,0,3,0.00,62.67
https://zprintpro.com/en/blog/mtr-advertising-specs/,mtr 12 sheet,0,1,0.00,15.00
https://zprintpro.com/en/blog/mtr-advertising-specs/,mtr 12 sheet size,0,18,0.00,8.56
https://zprintpro.com/en/blog/mtr-advertising-specs/,mtr 4 sheet size,0,4,0.00,9.75
https://zprintpro.com/en/blog/mtr-advertising-specs/,mtr advertising rate card,0,1,0.00,23.00
https://zprintpro.com/en/blog/mtr-advertising-specs/,mtr printing,0,2,0.00,13.00
https://zprintpro.com/en/blog/mtr-advertising-specs/,mtr printing service,0,1,0.00,11.00
https://zprintpro.com/en/blog/packaging-box-custom-guide/,custom paper packaging,0,1,0.00,52.00
https://zprintpro.com/en/blog/packaging-box-custom-guide/,customized boxes,0,1,0.00,59.00
https://zprintpro.com/en/blog/packaging-box-custom-guide/,late packaging customization,0,2,0.00,92.50
https://zprintpro.com/en/blog/packaging-color-psychology/,color palette on wrapper meaning,0,2,0.00,15.50
https://zprintpro.com/en/blog/packaging-trends/,2024 packaging design trends,0,5,0.00,94.40
https://zprintpro.com/en/blog/packaging-trends/,package design trends 2024,0,2,0.00,94.50
https://zprintpro.com/en/blog/packaging-trends/,packaging design trends 2024,0,6,0.00,97.00
https://zprintpro.com/en/blog/paper-bag-buying-guide/,paper bag buyer guide,0,2,0.00,24.50
https://zprintpro.com/en/blog/paper-bag-buying-guide/,paper bag size,0,2,0.00,91.50
https://zprintpro.com/en/blog/paper-bag-printing-guide/,paper bag print file requirements,0,89,0.00,16.57
https://zprintpro.com/en/blog/pet-food-sticker-printing-guide/,pet best before printing,0,1,0.00,48.00
https://zprintpro.com/en/blog/pet-food-sticker-printing-guide/,pet food label printing service,0,3,0.00,33.00
https://zprintpro.com/en/blog/pharmaceutical-label-printing-guide/,compliant pharmaceutical label printing,0,2,0.00,36.00
https://zprintpro.com/en/blog/poster-printing-guide/,hkdesignpro poster design price printing included,0,2,0.00,10.00
https://zprintpro.com/en/blog/poster-printing-price-guide/,a1 paper printing cost,0,1,0.00,24.00
https://zprintpro.com/en/blog/poster-printing-price-guide/,a1 poster printing price,0,2,0.00,9.50
https://zprintpro.com/en/blog/poster-printing-price-guide/,a2 photo print,0,1,0.00,3.00
https://zprintpro.com/en/blog/poster-printing-price-guide/,poster printing pricing,0,1,0.00,44.00
https://zprintpro.com/en/blog/poster-size-guide/,"""a1 ≈ 100"" ""a2 ≈ 999"" ""a3 ≈ 10000"" ""a4 ≈ 99999""",0,1,0.00,10.00
https://zprintpro.com/en/blog/poster-size-guide/,a1 a2 a3 a4,0,1,0.00,53.00
https://zprintpro.com/en/blog/poster-size-guide/,a1 a2 a3 sizes,0,3,0.00,64.00
https://zprintpro.com/en/blog/poster-size-guide/,a1 a2 size,0,1,0.00,73.00
https://zprintpro.com/en/blog/poster-size-guide/,a1 and a2 size,0,1,0.00,78.00
https://zprintpro.com/en/blog/poster-size-guide/,a1 board size,0,1,0.00,77.00
https://zprintpro.com/en/blog/poster-size-guide/,a1 plakat størrelse,0,1,0.00,56.00
https://zprintpro.com/en/blog/poster-size-guide/,a1 poster dimension,0,1,0.00,69.00
https://zprintpro.com/en/blog/poster-size-guide/,a1 poster dimensions,0,7,0.00,88.29
https://zprintpro.com/en/blog/poster-size-guide/,a1 poster dimensions cm,0,1,0.00,83.00
https://zprintpro.com/en/blog/poster-size-guide/,a1 poster dimensions in cm,0,2,0.00,90.00
https://zprintpro.com/en/blog/poster-size-guide/,a1 poster in mm,0,1,0.00,49.00
https://zprintpro.com/en/blog/poster-size-guide/,a1 poster measurements,0,1,0.00,86.00
https://zprintpro.com/en/blog/poster-size-guide/,a1 poster size,0,25,0.00,79.96
https://zprintpro.com/en/blog/poster-size-guide/,a1 poster size cm,0,1,0.00,78.00
https://zprintpro.com/en/blog/poster-size-guide/,a1 poster size dimensions,0,1,0.00,54.00
https://zprintpro.com/en/blog/poster-size-guide/,a1 poster size in cm,0,3,0.00,75.33
https://zprintpro.com/en/blog/poster-size-guide/,a1 poster sizes,0,2,0.00,75.00
https://zprintpro.com/en/blog/poster-size-guide/,a1 posters size,0,4,0.00,72.25
https://zprintpro.com/en/blog/poster-size-guide/,a1 siza,0,1,0.00,86.00
https://zprintpro.com/en/blog/poster-size-guide/,a1 size,0,5,0.00,89.60
https://zprintpro.com/en/blog/poster-size-guide/,a1 size next to person,0,3,0.00,87.33
https://zprintpro.com/en/blog/poster-size-guide/,a1 size poster,0,1,0.00,78.00
https://zprintpro.com/en/blog/poster-size-guide/,a1 size poster dimensions,0,2,0.00,92.00
https://zprintpro.com/en/blog/poster-size-guide/,a1 size poster size,0,3,0.00,82.00
https://zprintpro.com/en/blog/poster-size-guide/,a1 slide size,0,1,0.00,67.00
https://zprintpro.com/en/blog/poster-size-guide/,a1 vs a0 poster,0,1,0.00,79.00
https://zprintpro.com/en/blog/poster-size-guide/,a1 vs a0 poster size,0,1,0.00,76.00
https://zprintpro.com/en/blog/poster-size-guide/,a1 vs a2 poster size,0,1,0.00,5.00
https://zprintpro.com/en/blog/poster-size-guide/,a1poster size,0,1,0.00,89.00
https://zprintpro.com/en/blog/poster-size-guide/,a2 a3 size,0,1,0.00,60.00
https://zprintpro.com/en/blog/poster-size-guide/,a2 and a3,0,3,0.00,48.67
https://zprintpro.com/en/blog/poster-size-guide/,a2 paper size on wall,0,1,0.00,92.00
https://zprintpro.com/en/blog/poster-size-guide/,a2 poster dimensions,0,8,0.00,65.88
https://zprintpro.com/en/blog/poster-size-guide/,a2 poster dimensions cm,0,1,0.00,72.00
https://zprintpro.com/en/blog/poster-size-guide/,a2 poster measurements,0,4,0.00,66.00
https://zprintpro.com/en/blog/poster-size-guide/,a2 poster print size,0,1,0.00,61.00
https://zprintpro.com/en/blog/poster-size-guide/,a2 poster size,0,21,0.00,65.95
https://zprintpro.com/en/blog/poster-size-guide/,a2 poster size dimensions,0,2,0.00,81.50
https://zprintpro.com/en/blog/poster-size-guide/,a2 poster size in cm,0,1,0.00,81.00
https://zprintpro.com/en/blog/poster-size-guide/,a2 poster size in inches,0,1,0.00,80.00
https://zprintpro.com/en/blog/poster-size-guide/,a2 poster sizes,0,1,0.00,84.00
https://zprintpro.com/en/blog/poster-size-guide/,a2 posters size,0,1,0.00,43.00
https://zprintpro.com/en/blog/poster-size-guide/,a2 print size,0,3,0.00,73.67
https://zprintpro.com/en/blog/poster-size-guide/,a2 printing size,0,1,0.00,65.00
https://zprintpro.com/en/blog/poster-size-guide/,a2 size,0,3,0.00,48.33
https://zprintpro.com/en/blog/poster-size-guide/,a2 size compared to a1,0,1,0.00,74.00
https://zprintpro.com/en/blog/poster-size-guide/,a2 size poster,0,1,0.00,58.00
https://zprintpro.com/en/blog/poster-size-guide/,a2 size poster dimensions,0,1,0.00,74.00
https://zprintpro.com/en/blog/poster-size-guide/,a2 size poster in cm,0,1,0.00,66.00
https://zprintpro.com/en/blog/poster-size-guide/,a3 and a2 size,0,1,0.00,60.00
https://zprintpro.com/en/blog/poster-size-guide/,a3 poster dimensions,0,6,0.00,64.17
https://zprintpro.com/en/blog/poster-size-guide/,a3 poster landscape size,0,1,0.00,82.00
https://zprintpro.com/en/blog/poster-size-guide/,a3 poster measurements,0,8,0.00,62.38
https://zprintpro.com/en/blog/poster-size-guide/,a3 poster size,0,18,0.00,62.94
https://zprintpro.com/en/blog/poster-size-guide/,a3 poster size in inches,0,1,0.00,83.00
https://zprintpro.com/en/blog/poster-size-guide/,a3 posters size,0,2,0.00,70.00
https://zprintpro.com/en/blog/poster-size-guide/,a4 poster size,0,2,0.00,86.00
https://zprintpro.com/en/blog/poster-size-guide/,dimensions for a1 poster,0,1,0.00,78.00
https://zprintpro.com/en/blog/poster-size-guide/,dimensions for a3 poster,0,1,0.00,91.00
https://zprintpro.com/en/blog/poster-size-guide/,dimensions of a1 poster in cm,0,3,0.00,85.00
https://zprintpro.com/en/blog/poster-size-guide/,dimensions of an a1 poster,0,2,0.00,88.00
https://zprintpro.com/en/blog/poster-size-guide/,font size for a3 poster,0,1,0.00,86.00
https://zprintpro.com/en/blog/poster-size-guide/,format poster a1,0,1,0.00,73.00
https://zprintpro.com/en/blog/poster-size-guide/,how big is a1 poster,0,2,0.00,89.50
https://zprintpro.com/en/blog/poster-size-guide/,how big is a4 poster,0,2,0.00,87.50
https://zprintpro.com/en/blog/poster-size-guide/,is a1 bigger than a2,0,1,0.00,86.00
https://zprintpro.com/en/blog/poster-size-guide/,is a1 or a2 bigger,0,1,0.00,80.00
https://zprintpro.com/en/blog/poster-size-guide/,is a2 double a3,0,2,0.00,80.00
https://zprintpro.com/en/blog/poster-size-guide/,is a2 size bigger than a3,0,1,0.00,78.00
https://zprintpro.com/en/blog/poster-size-guide/,measurements for a1 poster,0,1,0.00,69.00
https://zprintpro.com/en/blog/poster-size-guide/,measurements of a2 poster,0,1,0.00,84.00
https://zprintpro.com/en/blog/poster-size-guide/,paper poster sizes,0,1,0.00,84.00
https://zprintpro.com/en/blog/poster-size-guide/,paper size for poster,0,2,0.00,89.50
https://zprintpro.com/en/blog/poster-size-guide/,paper size poster,0,1,0.00,90.00
https://zprintpro.com/en/blog/poster-size-guide/,paper sizes for posters,0,1,0.00,81.00
https://zprintpro.com/en/blog/poster-size-guide/,paper sizes poster,0,1,0.00,81.00
https://zprintpro.com/en/blog/poster-size-guide/,poster a1 size,0,1,0.00,49.00
https://zprintpro.com/en/blog/poster-size-guide/,poster a2 dimensions,0,2,0.00,49.00
https://zprintpro.com/en/blog/poster-size-guide/,poster a2 ukuran,0,1,0.00,71.00
https://zprintpro.com/en/blog/poster-size-guide/,poster a3 paper,0,1,0.00,73.00
https://zprintpro.com/en/blog/poster-size-guide/,poster page size,0,1,0.00,83.00
https://zprintpro.com/en/blog/poster-size-guide/,poster paper dimensions,0,3,0.00,84.33
https://zprintpro.com/en/blog/poster-size-guide/,poster paper size,0,3,0.00,88.00
https://zprintpro.com/en/blog/poster-size-guide/,poster sheet size,0,1,0.00,98.00
https://zprintpro.com/en/blog/poster-size-guide/,poster size,0,1,0.00,79.00
https://zprintpro.com/en/blog/poster-size-guide/,poster size a1,0,4,0.00,79.75
https://zprintpro.com/en/blog/poster-size-guide/,poster size a2,0,2,0.00,72.50
https://zprintpro.com/en/blog/poster-size-guide/,poster size a3,0,3,0.00,55.00
https://zprintpro.com/en/blog/poster-size-guide/,poster size paper measurement,0,1,0.00,90.00
https://zprintpro.com/en/blog/poster-size-guide/,poster sizes a0,0,1,0.00,86.00
https://zprintpro.com/en/blog/poster-size-guide/,poster sizes a1,0,5,0.00,82.00
https://zprintpro.com/en/blog/poster-size-guide/,poster sizes a2,0,1,0.00,79.00
https://zprintpro.com/en/blog/poster-size-guide/,poster sizes a3,0,2,0.00,58.50
https://zprintpro.com/en/blog/poster-size-guide/,poster sizes a4,0,1,0.00,82.00
https://zprintpro.com/en/blog/poster-size-guide/,saiz poster a1,0,1,0.00,61.00
https://zprintpro.com/en/blog/poster-size-guide/,size of a a1 poster,0,1,0.00,99.00
https://zprintpro.com/en/blog/poster-size-guide/,size of a1 poster,0,1,0.00,92.00
https://zprintpro.com/en/blog/poster-size-guide/,size of a2 poster in cm,0,1,0.00,66.00
https://zprintpro.com/en/blog/poster-size-guide/,size of poster paper,0,1,0.00,78.00
https://zprintpro.com/en/blog/poster-size-guide/,size poster a1,0,1,0.00,57.00
https://zprintpro.com/en/blog/poster-size-guide/,size poster a3,0,2,0.00,51.00
https://zprintpro.com/en/blog/poster-size-guide/,tabloid poster size,0,1,0.00,88.00
https://zprintpro.com/en/blog/poster-size-guide/,ukuran a2 poster,0,1,0.00,63.00
https://zprintpro.com/en/blog/poster-size-guide/,what are dimensions of a1 poster,0,1,0.00,84.00
https://zprintpro.com/en/blog/poster-size-guide/,what are the dimensions of a1 poster,0,1,0.00,90.00
https://zprintpro.com/en/blog/poster-size-guide/,what are the dimensions of an a1 poster,0,2,0.00,91.00
https://zprintpro.com/en/blog/poster-size-guide/,what is a1 size poster,0,1,0.00,89.00
https://zprintpro.com/en/blog/poster-size-guide/,what is a3 size poster,0,1,0.00,94.00
https://zprintpro.com/en/blog/poster-size-guide/,what is an a1 poster size,0,1,0.00,100.00
https://zprintpro.com/en/blog/poster-size-guide/,what size is a a1 poster,0,1,0.00,83.00
https://zprintpro.com/en/blog/poster-size-guide/,what size is a1 poster,0,1,0.00,40.00
https://zprintpro.com/en/blog/poster-size-guide/,what size is a2 poster,0,2,0.00,73.00
https://zprintpro.com/en/blog/poster-size-guide/,what size is a3 poster,0,1,0.00,57.00
https://zprintpro.com/en/blog/poster-size-guide/,งานแสดงสินค้า,0,1,0.00,3.00
https://zprintpro.com/en/blog/product-label-printing-guide/,amazon product labels,0,1,0.00,55.00
https://zprintpro.com/en/blog/product-label-printing-guide/,fba label size,0,1,0.00,63.00
https://zprintpro.com/en/blog/product-label-printing-guide/,fba labels,0,3,0.00,70.67
https://zprintpro.com/en/blog/product-label-printing-guide/,labels for amazon fba,0,1,0.00,84.00
https://zprintpro.com/en/blog/restaurant-menu-printing-guide/,what do you think is a fair price,0,1,0.00,4.00
https://zprintpro.com/en/blog/sticker-guide/,custom sticker printing,0,1,0.00,1.00
https://zprintpro.com/en/blog/sticker-guide/,sticker guide,0,21,0.00,48.48
https://zprintpro.com/en/blog/sticker-guide/,what are the newest sticker design options available and how do they compare to traditional sticker designs?,0,1,0.00,1.00
https://zprintpro.com/en/blog/sticker-materials/,防水的,0,1,0.00,2.00
https://zprintpro.com/en/blog/trade-show-banner-printing-guide/,banner printing for trade shows,0,5,0.00,41.60
https://zprintpro.com/en/blog/trade-show-banner-printing-guide/,china coated mesh banner for trade show,0,1,0.00,11.00
https://zprintpro.com/en/blog/trade-show-banner-printing-guide/,convention printing,0,1,0.00,83.00
https://zprintpro.com/en/blog/wedding-invitation-cost-guide/,how much do 500 wedding invites cost?,0,2,0.00,4.50
https://zprintpro.com/en/category/books/,book binding services price in tajik,0,1,0.00,44.00
https://zprintpro.com/en/category/books/,book dust jacket printing in kyrgyz,0,1,0.00,81.00
https://zprintpro.com/en/category/books/,book printing online quote in tajik,0,2,0.00,82.00
https://zprintpro.com/en/category/books/,book printing options in tajik,0,1,0.00,57.00
https://zprintpro.com/en/category/books/,book printing prices in tajik,0,1,0.00,76.00
https://zprintpro.com/en/category/books/,bound book printing in tajik,0,2,0.00,34.50
https://zprintpro.com/en/category/books/,cheap book printing and binding in tajik,0,2,0.00,45.50
https://zprintpro.com/en/category/books/,cheap booklet printing in tajik,0,1,0.00,67.00
https://zprintpro.com/en/category/books/,cheap hardback book printing in kyrgyz,0,1,0.00,46.00
https://zprintpro.com/en/category/books/,cheap hardback book printing in tajik,0,2,0.00,67.00
https://zprintpro.com/en/category/books/,cheap spiral bound book printing in kyrgyz,0,2,0.00,68.50
https://zprintpro.com/en/category/books/,cheap spiral bound book printing in tajik,0,2,0.00,77.00
https://zprintpro.com/en/category/books/,cheap spiral bound printing in kyrgyz,0,1,0.00,59.00
https://zprintpro.com/en/category/books/,cheap spiral bound printing in tajik,0,2,0.00,57.00
https://zprintpro.com/en/category/books/,cheapest hardcover book printing in kyrgyz,0,2,0.00,72.50
https://zprintpro.com/en/category/books/,custom dust jacket printing in kyrgyz,0,1,0.00,36.00
https://zprintpro.com/en/category/books/,custom dust jacket printing in tajik,0,2,0.00,91.50
https://zprintpro.com/en/category/books/,custom hard cover book printing in tajik,0,1,0.00,55.00
https://zprintpro.com/en/category/books/,custom hardback book printing in tajik,0,1,0.00,91.00
https://zprintpro.com/en/category/books/,custom hardcover book printing no minimum in kyrgyz,0,1,0.00,90.00
https://zprintpro.com/en/category/books/,custom hardcover book printing no minimum in tajik,0,2,0.00,79.50
https://zprintpro.com/en/category/books/,custom single book printing in kyrgyz,0,1,0.00,29.00
https://zprintpro.com/en/category/books/,custom spiral bound book in kyrgyz,0,1,0.00,73.00
https://zprintpro.com/en/category/books/,custom spiral bound book printing in kyrgyz,0,3,0.00,68.67
https://zprintpro.com/en/category/books/,custom spiral bound book printing in tajik,0,2,0.00,78.00
https://zprintpro.com/en/category/books/,custom workbook printing in tajik,0,1,0.00,90.00
https://zprintpro.com/en/category/books/,hard bound book printing in tajik,0,1,0.00,67.00
https://zprintpro.com/en/category/books/,hard copy book printing in tajik,0,1,0.00,88.00
https://zprintpro.com/en/category/books/,hardback book printing and binding in tajik,0,1,0.00,89.00
https://zprintpro.com/en/category/books/,hardback book printing prices in kyrgyz,0,1,0.00,55.00
https://zprintpro.com/en/category/books/,hardback book printing services in tajik,0,1,0.00,67.00
https://zprintpro.com/en/category/books/,hardbound book printing in tajik,0,1,0.00,74.00
https://zprintpro.com/en/category/books/,hardcover book printing cost in tajik,0,1,0.00,46.00
https://zprintpro.com/en/category/books/,hardcover book printing in tajik,0,1,0.00,82.00
https://zprintpro.com/en/category/books/,hardcover book printing no minimum in kyrgyz,0,3,0.00,81.33
https://zprintpro.com/en/category/books/,hardcover book printing prices in kyrgyz,0,2,0.00,88.00
https://zprintpro.com/en/category/books/,hardcover bound book printing in tajik,0,1,0.00,69.00
https://zprintpro.com/en/category/books/,hardcover print on demand in kyrgyz,0,2,0.00,69.00
https://zprintpro.com/en/category/books/,hardcover printing and binding in tajik,0,1,0.00,63.00
https://zprintpro.com/en/category/books/,hardcover printing in tajik,0,1,0.00,79.00
https://zprintpro.com/en/category/books/,high quality book printing in tajik,0,2,0.00,71.00
https://zprintpro.com/en/category/books/,large format book printing in tajik,0,1,0.00,100.00
https://zprintpro.com/en/category/books/,low cost book printing in tajik,0,2,0.00,55.50
https://zprintpro.com/en/category/books/,online book printing in tajik,0,1,0.00,86.00
https://zprintpro.com/en/category/books/,online book printing services in kyrgyz,0,1,0.00,46.00
https://zprintpro.com/en/category/books/,online printing and binding in tajik,0,1,0.00,77.00
https://zprintpro.com/en/category/books/,own book printing in tajik,0,4,0.00,85.25
https://zprintpro.com/en/category/books/,paperback book printing in tajik,0,1,0.00,83.00
https://zprintpro.com/en/category/books/,print booklet online in tajik,0,1,0.00,99.00
https://zprintpro.com/en/category/books/,print on demand spiral bound in tajik,0,1,0.00,84.00
https://zprintpro.com/en/category/books/,print to order books in tajik,0,1,0.00,78.00
https://zprintpro.com/en/category/books/,printing and binding services online in tajik,0,1,0.00,73.00
https://zprintpro.com/en/category/books/,printing in china professional book printing zxc print,0,1,0.00,96.00
https://zprintpro.com/en/category/books/,professional book printing in tajik,0,2,0.00,79.50
https://zprintpro.com/en/category/books/,sewn binding book printing in tajik,0,1,0.00,65.00
https://zprintpro.com/en/category/books/,short run book printing in tajik,0,1,0.00,70.00
https://zprintpro.com/en/category/books/,short run hardback book printing in kyrgyz,0,1,0.00,83.00
https://zprintpro.com/en/category/books/,short run hardback book printing in tajik,0,2,0.00,75.50
https://zprintpro.com/en/category/books/,short run hardcover book printing in tajik,0,1,0.00,91.00
https://zprintpro.com/en/category/books/,small quantity book printing in kyrgyz,0,1,0.00,24.00
https://zprintpro.com/en/category/books/,small quantity book printing in tajik,0,1,0.00,59.00
https://zprintpro.com/en/category/books/,small run art book printing in tajik,0,1,0.00,91.00
https://zprintpro.com/en/category/books/,softback book printing in tajik,0,1,0.00,80.00
https://zprintpro.com/en/category/books/,softcover book printing in tajik,0,1,0.00,77.00
https://zprintpro.com/en/category/books/,spiral book printing services in tajik,0,2,0.00,81.00
https://zprintpro.com/en/category/books/,zxc print softcover book printing high-quality print book printing,0,3,0.00,106.00
https://zprintpro.com/en/category/business-cards/,business cards free shipping,0,1,0.00,48.00
https://zprintpro.com/en/category/business-cards/,z card printing,0,1,0.00,64.00
https://zprintpro.com/en/category/calendars/,calendar printers,0,1,0.00,61.00
https://zprintpro.com/en/category/calendars/,calendar printing in tajik,0,2,0.00,54.50
https://zprintpro.com/en/category/educational/,cheap yearbook printing in tajik,0,2,0.00,44.50
https://zprintpro.com/en/category/envelopes/,custom envelope manufacturer china,0,2,0.00,74.50
https://zprintpro.com/en/category/envelopes/,custom envelope printing china,0,3,0.00,68.00
https://zprintpro.com/en/category/envelopes/,custom envelopes wholesale china,0,1,0.00,71.00
https://zprintpro.com/en/category/envelopes/,double sided envelope full color wholesale factory,0,3,0.00,9.00
https://zprintpro.com/en/category/envelopes/,envelope printing factory china,0,2,0.00,65.50
https://zprintpro.com/en/category/envelopes/,envelope printing price quote china,0,3,0.00,42.33
https://zprintpro.com/en/category/envelopes/,envelope printing service china,0,5,0.00,66.00
https://zprintpro.com/en/category/envelopes/,factory wholesale oem double sided envelope full color,0,1,0.00,8.00
https://zprintpro.com/en/category/flyers/,double sides,0,1,0.00,7.00
https://zprintpro.com/en/category/japan-doujin/,dojins com,0,1,0.00,38.00
https://zprintpro.com/en/category/japan-doujin/,doujin free,0,2,0.00,33.00
https://zprintpro.com/en/category/japan-doujin/,doujin goods,0,5,0.00,6.60
https://zprintpro.com/en/category/japan-doujin/,doujin printing,0,5,0.00,13.40
https://zprintpro.com/en/category/japan-doujin/,doujinshi free,0,1,0.00,53.00
https://zprintpro.com/en/category/japan-doujin/,doujinshi printing,0,17,0.00,38.76
https://zprintpro.com/en/category/japan-doujin/,free doujin,0,1,0.00,26.00
https://zprintpro.com/en/category/packaging/,for boy,0,1,0.00,19.00
https://zprintpro.com/en/category/paper-bags/,bag printing,0,2,0.00,38.00
https://zprintpro.com/en/category/paper-bags/,bag printing company,0,7,0.00,69.00
https://zprintpro.com/en/category/paper-bags/,cheap paper bag printing,0,1,0.00,66.00
https://zprintpro.com/en/category/paper-bags/,custom paper bags,0,5,0.00,78.80
https://zprintpro.com/en/category/red-packets/,red packet size,0,2,0.00,1.00
https://zprintpro.com/en/category/stickers/,cheap stickers bulk,0,1,0.00,6.00
https://zprintpro.com/en/help-center/,dfkaisho,0,1,0.00,41.00
https://zprintpro.com/en/payment-methods/,alipay flash collect,0,6,0.00,6.83
https://zprintpro.com/en/payment-methods/,flash collect alipay,0,4,0.00,12.25
https://zprintpro.com/en/product/a1-posters/,a1 paper printing,0,1,0.00,50.00
https://zprintpro.com/en/product/a1-posters/,a1 poster,0,14,0.00,59.43
https://zprintpro.com/en/product/a1-posters/,a1 poster dimensions,0,4,0.00,63.75
https://zprintpro.com/en/product/a1-posters/,a1 poster price,0,1,0.00,47.00
https://zprintpro.com/en/product/a1-posters/,a1 poster print,0,20,0.00,55.90
https://zprintpro.com/en/product/a1-posters/,a1 poster print cost,0,28,0.00,53.11
https://zprintpro.com/en/product/a1-posters/,a1 poster printing,0,1,0.00,71.00
https://zprintpro.com/en/product/a1-posters/,a1 poster printing prices,0,19,0.00,58.63
https://zprintpro.com/en/product/a1-posters/,a1 poster prints,0,4,0.00,66.50
https://zprintpro.com/en/product/a1-posters/,a1 poster size,0,7,0.00,76.71
https://zprintpro.com/en/product/a1-posters/,a1 poster size in cm,0,1,0.00,80.00
https://zprintpro.com/en/product/a1-posters/,a1 posters,0,14,0.00,50.07
https://zprintpro.com/en/product/a1-posters/,a1 print,0,1,0.00,87.00
https://zprintpro.com/en/product/a1-posters/,a1 printing,0,6,0.00,44.50
https://zprintpro.com/en/product/a1-posters/,a1 pvc poster,0,2,0.00,7.50
https://zprintpro.com/en/product/a1-posters/,a1 size poster,0,11,0.00,47.55
https://zprintpro.com/en/product/a1-posters/,a1 size poster cm,0,1,0.00,91.00
https://zprintpro.com/en/product/a1-posters/,a1 size poster size,0,1,0.00,74.00
https://zprintpro.com/en/product/a1-posters/,a1.large,0,2,0.00,3.50
https://zprintpro.com/en/product/a1-posters/,dimensions a1 poster,0,1,0.00,75.00
https://zprintpro.com/en/product/a1-posters/,dimensions for a1 poster,0,1,0.00,66.00
https://zprintpro.com/en/product/a1-posters/,dimensions of a1 poster,0,1,0.00,63.00
https://zprintpro.com/en/product/a1-posters/,dimensions of an a1 poster,0,1,0.00,82.00
https://zprintpro.com/en/product/a1-posters/,how big is a a1 poster,0,1,0.00,83.00
https://zprintpro.com/en/product/a1-posters/,in usd,0,1,0.00,1.00
https://zprintpro.com/en/product/a1-posters/,poster a1 size,0,5,0.00,46.00
https://zprintpro.com/en/product/a1-posters/,poster print sizes,0,6,0.00,83.50
https://zprintpro.com/en/product/a1-posters/,poster printing a1,0,2,0.00,75.00
https://zprintpro.com/en/product/a1-posters/,poster size a1,0,4,0.00,56.75
https://zprintpro.com/en/product/a1-posters/,poster sizes a1,0,2,0.00,67.00
https://zprintpro.com/en/product/a1-posters/,size of a a1 poster,0,2,0.00,82.00
https://zprintpro.com/en/product/a1-posters/,size poster a1,0,1,0.00,49.00
https://zprintpro.com/en/product/a1-posters/,what are dimensions of a1 poster,0,1,0.00,82.00
https://zprintpro.com/en/product/a2-posters/,"""paper high""",0,1,0.00,49.00
https://zprintpro.com/en/product/a2-posters/,1 2 print,0,4,0.00,71.50
https://zprintpro.com/en/product/a2-posters/,2 meter poster,0,1,0.00,1.00
https://zprintpro.com/en/product/a2-posters/,2x2 poster,0,5,0.00,70.00
https://zprintpro.com/en/product/a2-posters/,420 x 594mm,0,1,0.00,25.00
https://zprintpro.com/en/product/a2-posters/,420x594mm,0,3,0.00,12.33
https://zprintpro.com/en/product/a2-posters/,a 2 poster,0,1,0.00,1.00
https://zprintpro.com/en/product/a2-posters/,a2 art print,0,1,0.00,47.00
https://zprintpro.com/en/product/a2-posters/,a2 art printing,0,1,0.00,45.00
https://zprintpro.com/en/product/a2-posters/,a2 art prints,0,3,0.00,48.67
https://zprintpro.com/en/product/a2-posters/,a2 banner,0,3,0.00,15.67
https://zprintpro.com/en/product/a2-posters/,a2 card printing,0,3,0.00,68.33
https://zprintpro.com/en/product/a2-posters/,a2 clear poster,0,1,0.00,17.00
https://zprintpro.com/en/product/a2-posters/,a2 digital printing,0,1,0.00,13.00
https://zprintpro.com/en/product/a2-posters/,a2 double sided printing,0,1,0.00,61.00
https://zprintpro.com/en/product/a2-posters/,a2 formaat poster,0,1,0.00,58.00
https://zprintpro.com/en/product/a2-posters/,a2 paper print,0,1,0.00,64.00
https://zprintpro.com/en/product/a2-posters/,a2 paper size poster,0,1,0.00,47.00
https://zprintpro.com/en/product/a2-posters/,a2 photo print,0,1,0.00,56.00
https://zprintpro.com/en/product/a2-posters/,a2 photo printing,0,2,0.00,54.50
https://zprintpro.com/en/product/a2-posters/,a2 photo prints,0,1,0.00,58.00
https://zprintpro.com/en/product/a2-posters/,a2 plakate,0,2,0.00,63.50
https://zprintpro.com/en/product/a2-posters/,a2 poster,0,57,0.00,40.32
https://zprintpro.com/en/product/a2-posters/,a2 poster bestellen,0,2,0.00,46.00
https://zprintpro.com/en/product/a2-posters/,a2 poster board printing,0,1,0.00,46.00
https://zprintpro.com/en/product/a2-posters/,a2 poster dimensions,0,2,0.00,80.00
https://zprintpro.com/en/product/a2-posters/,a2 poster measurements,0,1,0.00,51.00
https://zprintpro.com/en/product/a2-posters/,a2 poster on a wall,0,1,0.00,46.00
https://zprintpro.com/en/product/a2-posters/,a2 poster paper,0,2,0.00,46.00
https://zprintpro.com/en/product/a2-posters/,a2 poster print and frame,0,1,0.00,60.00
https://zprintpro.com/en/product/a2-posters/,a2 poster printing,0,13,0.00,50.69
https://zprintpro.com/en/product/a2-posters/,a2 poster printing online,0,1,0.00,74.00
https://zprintpro.com/en/product/a2-posters/,a2 poster printing prices,0,1,0.00,72.00
https://zprintpro.com/en/product/a2-posters/,a2 poster prints,0,9,0.00,66.56
https://zprintpro.com/en/product/a2-posters/,a2 poster size,0,4,0.00,58.75
https://zprintpro.com/en/product/a2-posters/,a2 posterdruck,0,2,0.00,22.50
https://zprintpro.com/en/product/a2-posters/,a2 posters,0,11,0.00,51.36
https://zprintpro.com/en/product/a2-posters/,a2 posters printed,0,1,0.00,39.00
https://zprintpro.com/en/product/a2-posters/,a2 posters size,0,1,0.00,37.00
https://zprintpro.com/en/product/a2-posters/,a2 print,0,9,0.00,69.33
https://zprintpro.com/en/product/a2-posters/,a2 print cost,0,1,0.00,54.00
https://zprintpro.com/en/product/a2-posters/,a2 print out,0,1,0.00,57.00
https://zprintpro.com/en/product/a2-posters/,a2 print poster,0,2,0.00,66.00
https://zprintpro.com/en/product/a2-posters/,a2 print size,0,2,0.00,88.00
https://zprintpro.com/en/product/a2-posters/,a2 printen,0,2,0.00,60.50
https://zprintpro.com/en/product/a2-posters/,a2 printing,0,4,0.00,59.75
https://zprintpro.com/en/product/a2-posters/,a2 printing near me,0,1,0.00,2.00
https://zprintpro.com/en/product/a2-posters/,a2 printing paper,0,1,0.00,61.00
https://zprintpro.com/en/product/a2-posters/,a2 printing size,0,1,0.00,64.00
https://zprintpro.com/en/product/a2-posters/,a2 prints,0,16,0.00,60.75
https://zprintpro.com/en/product/a2-posters/,a2 sign print,0,1,0.00,68.00
https://zprintpro.com/en/product/a2-posters/,a2 size paper,0,1,0.00,39.00
https://zprintpro.com/en/product/a2-posters/,a2 size poster,0,9,0.00,46.78
https://zprintpro.com/en/product/a2-posters/,a2 size posters,0,2,0.00,52.00
https://zprintpro.com/en/product/a2-posters/,a2 size print,0,2,0.00,41.50
https://zprintpro.com/en/product/a2-posters/,a2 size printing,0,1,0.00,74.00
https://zprintpro.com/en/product/a2-posters/,a2 size wall poster,0,2,0.00,23.00
https://zprintpro.com/en/product/a2-posters/,a2 sized poster,0,1,0.00,47.00
https://zprintpro.com/en/product/a2-posters/,a2 wall poster,0,1,0.00,33.00
https://zprintpro.com/en/product/a2-posters/,a2 welcome sign printing,0,1,0.00,55.00
https://zprintpro.com/en/product/a2-posters/,a2 透明 海报,0,2,0.00,28.00
https://zprintpro.com/en/product/a2-posters/,au pear poster print,0,1,0.00,57.00
https://zprintpro.com/en/product/a2-posters/,catalog ii poster print,0,2,0.00,84.00
https://zprintpro.com/en/product/a2-posters/,cheap a2 poster printing online,0,2,0.00,5.00
https://zprintpro.com/en/product/a2-posters/,cheap a2 posters,0,2,0.00,43.00
https://zprintpro.com/en/product/a2-posters/,cheapest a2 printing,0,1,0.00,69.00
https://zprintpro.com/en/product/a2-posters/,clearing ii poster print,0,1,0.00,93.00
https://zprintpro.com/en/product/a2-posters/,cost of printing a2 poster,0,1,0.00,71.00
https://zprintpro.com/en/product/a2-posters/,high quality a2 printing,0,1,0.00,63.00
https://zprintpro.com/en/product/a2-posters/,how much does it cost to print an a2 poster,0,1,0.00,1.00
https://zprintpro.com/en/product/a2-posters/,impressao a2,0,1,0.00,75.00
https://zprintpro.com/en/product/a2-posters/,occasion ii poster print,0,1,0.00,52.00
https://zprintpro.com/en/product/a2-posters/,order a2 prints,0,1,0.00,42.00
https://zprintpro.com/en/product/a2-posters/,out of the box ii poster print,0,1,0.00,70.00
https://zprintpro.com/en/product/a2-posters/,photo printing a2,0,1,0.00,62.00
https://zprintpro.com/en/product/a2-posters/,photo prints a2,0,1,0.00,65.00
https://zprintpro.com/en/product/a2-posters/,poster a2,0,1,0.00,45.00
https://zprintpro.com/en/product/a2-posters/,poster a2 bestellen,0,2,0.00,49.50
https://zprintpro.com/en/product/a2-posters/,poster bestellen a2,0,1,0.00,40.00
https://zprintpro.com/en/product/a2-posters/,poster formaat a2,0,2,0.00,34.50
https://zprintpro.com/en/product/a2-posters/,poster paper a2,0,1,0.00,14.00
https://zprintpro.com/en/product/a2-posters/,poster print a2,0,67,0.00,54.07
https://zprintpro.com/en/product/a2-posters/,poster printing,0,1,0.00,52.00
https://zprintpro.com/en/product/a2-posters/,poster printing a2,0,1,0.00,65.00
https://zprintpro.com/en/product/a2-posters/,poster saiz a2,0,1,0.00,72.00
https://zprintpro.com/en/product/a2-posters/,poster size a2,0,2,0.00,69.00
https://zprintpro.com/en/product/a2-posters/,prices for a2 colour poster printing,0,2,0.00,53.50
https://zprintpro.com/en/product/a2-posters/,print a2,0,4,0.00,58.50
https://zprintpro.com/en/product/a2-posters/,print a2 paper,0,1,0.00,32.00
https://zprintpro.com/en/product/a2-posters/,print a2 photo,0,1,0.00,74.00
https://zprintpro.com/en/product/a2-posters/,print a2 poster,0,1,0.00,76.00
https://zprintpro.com/en/product/a2-posters/,print in a2,0,1,0.00,100.00
https://zprintpro.com/en/product/a2-posters/,print size a2,0,1,0.00,89.00
https://zprintpro.com/en/product/a2-posters/,printanje a2,0,1,0.00,37.00
https://zprintpro.com/en/product/a2-posters/,printing a2,0,3,0.00,61.00
https://zprintpro.com/en/product/a2-posters/,printing a2 posters,0,1,0.00,81.00
https://zprintpro.com/en/product/a2-posters/,printing a2 size,0,1,0.00,68.00
https://zprintpro.com/en/product/a2-posters/,pôster a2,0,53,0.00,42.47
https://zprintpro.com/en/product/a2-posters/,serti 2 poster print,0,1,0.00,69.00
https://zprintpro.com/en/product/a2-posters/,size a2 poster,0,1,0.00,62.00
https://zprintpro.com/en/product/a2-posters/,tessin ii poster print,0,1,0.00,41.00
https://zprintpro.com/en/product/a2-posters/,way 2 poster print,0,1,0.00,51.00
https://zprintpro.com/en/product/a2-posters/,what size is a2 poster,0,1,0.00,81.00
https://zprintpro.com/en/product/a4-flyers/,a4 flyers,0,1,0.00,8.00
https://zprintpro.com/en/product/a4-flyers/,a4 paper size with lines wholesaler in china,0,1,0.00,70.00
https://zprintpro.com/en/product/a4-flyers/,a4 size flyer printing,0,1,0.00,34.00
https://zprintpro.com/en/product/a4-flyers/,china flyer printing,0,2,0.00,62.50
https://zprintpro.com/en/product/a4-flyers/,flyer printing japan,0,1,0.00,49.00
https://zprintpro.com/en/product/a5-flyers/,a5 flyer,0,1,0.00,44.00
https://zprintpro.com/en/product/a5-flyers/,a5 flyer dimensions,0,2,0.00,45.00
https://zprintpro.com/en/product/a5-flyers/,a5 flyer printing service,0,2,0.00,33.50
https://zprintpro.com/en/product/a5-flyers/,a5 flyer size,0,7,0.00,36.00
https://zprintpro.com/en/product/a5-flyers/,a5 flyers,0,2,0.00,8.00
https://zprintpro.com/en/product/a5-flyers/,a5 leaflet printing,0,1,0.00,11.00
https://zprintpro.com/en/product/a5-flyers/,a5 poster printing,0,7,0.00,46.29
https://zprintpro.com/en/product/a5-flyers/,a5 promo card,0,1,0.00,29.00
https://zprintpro.com/en/product/a5-flyers/,a5 size flyer,0,2,0.00,27.50
https://zprintpro.com/en/product/a5-flyers/,goedkope flyers a5,0,1,0.00,34.00
https://zprintpro.com/en/product/adhesive-banners/,adhesive banner,0,17,0.00,63.82
https://zprintpro.com/en/product/adhesive-banners/,adhesive banner printing,0,19,0.00,45.74
https://zprintpro.com/en/product/adhesive-banners/,adhesive banners,0,17,0.00,35.41
https://zprintpro.com/en/product/adhesive-banners/,adhesive vinyl banners,0,2,0.00,28.00
https://zprintpro.com/en/product/adhesive-banners/,banner adhesive,0,1,0.00,82.00
https://zprintpro.com/en/product/adhesive-banners/,stick banner,0,1,0.00,79.00
https://zprintpro.com/en/product/adhesive-banners/,sticky banners website,0,2,0.00,42.50
https://zprintpro.com/en/product/adhesive-posters/,adhesive poster meaning,0,1,0.00,49.00
https://zprintpro.com/en/product/adhesive-posters/,adhesive poster print,0,1,0.00,46.00
https://zprintpro.com/en/product/adhesive-posters/,adhesive poster printing,0,14,0.00,46.21
https://zprintpro.com/en/product/adhesive-posters/,adhesive poster vs poster,0,2,0.00,37.00
https://zprintpro.com/en/product/adhesive-posters/,adhesive posters,0,16,0.00,33.81
https://zprintpro.com/en/product/adhesive-posters/,large adhesive prints,0,1,0.00,52.00
https://zprintpro.com/en/product/adhesive-posters/,print adhesive poster,0,1,0.00,47.00
https://zprintpro.com/en/product/adhesive-posters/,what are adhesive posters,0,1,0.00,30.00
https://zprintpro.com/en/product/adhesive-posters/,what is an adhesive poster,0,3,0.00,62.67
https://zprintpro.com/en/product/art-posters/,hkdesignpro poster design price printing included,0,2,0.00,10.00
https://zprintpro.com/en/product/business-envelopes/,business envelope,0,1,0.00,53.00
https://zprintpro.com/en/product/business-envelopes/,business envelopes,0,1,0.00,1.00
https://zprintpro.com/en/product/business-envelopes/,businessenvelopes.com,0,2,0.00,60.00
https://zprintpro.com/en/product/business-envelopes/,custom envelope manufacturer china,0,2,0.00,78.00
https://zprintpro.com/en/product/business-envelopes/,custom envelope printing china,0,3,0.00,71.00
https://zprintpro.com/en/product/business-envelopes/,custom envelopes wholesale china,0,3,0.00,69.67
https://zprintpro.com/en/product/business-envelopes/,envelope oem supplier china,0,1,0.00,80.00
https://zprintpro.com/en/product/business-envelopes/,envelope printing factory china,0,3,0.00,71.00
https://zprintpro.com/en/product/business-envelopes/,envelope printing price quote china,0,5,0.00,60.00
https://zprintpro.com/en/product/business-envelopes/,envelope printing service china,0,4,0.00,61.25
https://zprintpro.com/en/product/can-badge/,can badge,0,11,0.00,21.73
https://zprintpro.com/en/product/can-badge/,can badge size,0,8,0.00,8.38
https://zprintpro.com/en/product/can-badge/,can badge sizes,0,2,0.00,7.00
https://zprintpro.com/en/product/can-badge/,can badges,0,1,0.00,8.00
https://zprintpro.com/en/product/can-badge/,can-badge,0,1,0.00,1.00
https://zprintpro.com/en/product/can-badge/,standard can badge size,0,7,0.00,8.86
https://zprintpro.com/en/product/can-badge/,what is a can badge,0,1,0.00,36.00
https://zprintpro.com/en/product/catalog-printing/,"""catalog printing service"",""us, en"",""140"",""31.91"",""medium""",0,1,0.00,91.00
https://zprintpro.com/en/product/catalog-printing/,a3 book printing in tajik,0,2,0.00,86.00
https://zprintpro.com/en/product/catalog-printing/,book printing online quote in tajik,0,2,0.00,50.00
https://zprintpro.com/en/product/catalog-printing/,book printing options in tajik,0,1,0.00,100.00
https://zprintpro.com/en/product/catalog-printing/,bulk catalog printing,0,18,0.00,55.50
https://zprintpro.com/en/product/catalog-printing/,catalog book printing,0,6,0.00,47.67
https://zprintpro.com/en/product/catalog-printing/,catalog book printing in norwegian,0,2,0.00,35.50
https://zprintpro.com/en/product/catalog-printing/,catalog book printing in swedish,0,2,0.00,18.50
https://zprintpro.com/en/product/catalog-printing/,catalog book printing in tajik,0,1,0.00,6.00
https://zprintpro.com/en/product/catalog-printing/,catalog printing,0,66,0.00,41.12
https://zprintpro.com/en/product/catalog-printing/,catalog printing china,0,33,0.00,25.09
https://zprintpro.com/en/product/catalog-printing/,catalog printing costs,0,1,0.00,63.00
https://zprintpro.com/en/product/catalog-printing/,catalog printing in china,0,5,0.00,25.80
https://zprintpro.com/en/product/catalog-printing/,catalog printing in tajik,0,1,0.00,35.00
https://zprintpro.com/en/product/catalog-printing/,catalogs printing,0,1,0.00,45.00
https://zprintpro.com/en/product/catalog-printing/,catalogs printing china,0,9,0.00,22.11
https://zprintpro.com/en/product/catalog-printing/,catalogue book printing,0,2,0.00,22.50
https://zprintpro.com/en/product/catalog-printing/,catalogue printing china,0,21,0.00,23.29
https://zprintpro.com/en/product/catalog-printing/,cheap book printing and binding in tajik,0,1,0.00,68.00
https://zprintpro.com/en/product/catalog-printing/,cheap book printing services in tajik,0,1,0.00,78.00
https://zprintpro.com/en/product/catalog-printing/,cheap booklet printing in tajik,0,1,0.00,54.00
https://zprintpro.com/en/product/catalog-printing/,cheap catalog printing china,0,3,0.00,37.67
https://zprintpro.com/en/product/catalog-printing/,cheap hardback book printing in tajik,0,1,0.00,87.00
https://zprintpro.com/en/product/catalog-printing/,cheap invoice book printing in tajik,0,2,0.00,80.50
https://zprintpro.com/en/product/catalog-printing/,cheap paperback book printing in tajik,0,1,0.00,71.00
https://zprintpro.com/en/product/catalog-printing/,cheap printing and binding in tajik,0,1,0.00,47.00
https://zprintpro.com/en/product/catalog-printing/,cheap spiral bound printing in tajik,0,1,0.00,76.00
https://zprintpro.com/en/product/catalog-printing/,cheap yearbook printing in tajik,0,1,0.00,72.00
https://zprintpro.com/en/product/catalog-printing/,cheapest catalog printing,0,1,0.00,47.00
https://zprintpro.com/en/product/catalog-printing/,china custom booklet printing no minimum wholesale,0,1,0.00,70.00
https://zprintpro.com/en/product/catalog-printing/,chinese catalog printers,0,5,0.00,46.40
https://zprintpro.com/en/product/catalog-printing/,cost to print catalog,0,1,0.00,69.00
https://zprintpro.com/en/product/catalog-printing/,custom catalog printing,0,15,0.00,50.67
https://zprintpro.com/en/product/catalog-printing/,full color booklet printing in tajik,0,1,0.00,64.00
https://zprintpro.com/en/product/catalog-printing/,gift book printing in tajik,0,1,0.00,48.00
https://zprintpro.com/en/product/catalog-printing/,high quality book printing in tajik,0,1,0.00,64.00
https://zprintpro.com/en/product/catalog-printing/,how much does it cost to print a catalog,0,2,0.00,37.00
https://zprintpro.com/en/product/catalog-printing/,laminated book printing in tajik,0,1,0.00,96.00
https://zprintpro.com/en/product/catalog-printing/,large format book printing in tajik,0,2,0.00,95.50
https://zprintpro.com/en/product/catalog-printing/,low cost book printing in tajik,0,3,0.00,78.67
https://zprintpro.com/en/product/catalog-printing/,low cost catalog printing,0,6,0.00,67.83
https://zprintpro.com/en/product/catalog-printing/,mail order catalog printing,0,1,0.00,70.00
https://zprintpro.com/en/product/catalog-printing/,online book printing in tajik,0,1,0.00,77.00
https://zprintpro.com/en/product/catalog-printing/,online catalog printing,0,1,0.00,38.00
https://zprintpro.com/en/product/catalog-printing/,online printing and binding in tajik,0,1,0.00,64.00
https://zprintpro.com/en/product/catalog-printing/,postcard book printing in tajik,0,2,0.00,63.50
https://zprintpro.com/en/product/catalog-printing/,print book online in tajik,0,2,0.00,51.50
https://zprintpro.com/en/product/catalog-printing/,print booklet online in tajik,0,1,0.00,87.00
https://zprintpro.com/en/product/catalog-printing/,print booklets online in tajik,0,1,0.00,88.00
https://zprintpro.com/en/product/catalog-printing/,print catalog hong kong,0,6,0.00,9.50
https://zprintpro.com/en/product/catalog-printing/,print out book in tajik,0,1,0.00,61.00
https://zprintpro.com/en/product/catalog-printing/,print to order books in tajik,0,2,0.00,59.00
https://zprintpro.com/en/product/catalog-printing/,printing in china professional book printing zxc print,0,1,0.00,126.00
https://zprintpro.com/en/product/catalog-printing/,product catalog printing,0,2,0.00,60.50
https://zprintpro.com/en/product/catalog-printing/,wholesale catalog printing,0,20,0.00,65.60
https://zprintpro.com/en/product/colored-envelopes/,can colored envelopes be mailed,0,1,0.00,46.00
https://zprintpro.com/en/product/colored-envelopes/,can you mail colored envelopes,0,1,0.00,41.00
https://zprintpro.com/en/product/colored-envelopes/,colored envelope printing,0,1,0.00,47.00
https://zprintpro.com/en/product/colored-envelopes/,supply double sided envelope full color wholesale,0,1,0.00,9.00
https://zprintpro.com/en/product/corrugated-boxes/,eflute box packaging printing,0,2,0.00,63.50
https://zprintpro.com/en/product/cosmetic-boxes/,cosmetic boxes printing,0,8,0.00,83.38
https://zprintpro.com/en/product/cosmetic-boxes/,cosmetic packaging low minimums,0,2,0.00,98.00
https://zprintpro.com/en/product/cosmetic-boxes/,cosmetic packaging no minimum order,0,1,0.00,11.00
https://zprintpro.com/en/product/cosmetic-boxes/,custom bronzer boxes,0,1,0.00,87.00
https://zprintpro.com/en/product/cosmetic-boxes/,custom printed cosmetic boxes,0,1,0.00,95.00
https://zprintpro.com/en/product/cosmetic-boxes/,custom printed cosmetic packaging,0,1,0.00,98.00
https://zprintpro.com/en/product/cosmetic-boxes/,custom skincare packaging boxes,0,1,0.00,62.00
https://zprintpro.com/en/product/cosmetic-boxes/,get a free quote for cosmetic packaging,0,2,0.00,72.50
https://zprintpro.com/en/product/cosmetic-boxes/,printed cosmetic boxes,0,1,0.00,98.00
https://zprintpro.com/en/product/custom-calendars/,custom calendars,0,1,0.00,3.00
https://zprintpro.com/en/product/custom-calendars/,discount custom calendars,0,2,0.00,53.00
https://zprintpro.com/en/product/desk-calendars/,calendar printers,0,1,0.00,84.00
https://zprintpro.com/en/product/desk-calendars/,desk calendar printing,0,1,0.00,70.00
https://zprintpro.com/en/product/desk-calendars/,spiral bound desk calendar,0,1,0.00,29.00
https://zprintpro.com/en/product/die-cut-stickers/,cheap die cut stickers,0,1,0.00,92.00
https://zprintpro.com/en/product/die-cut-stickers/,custom die cut stickers for $1,0,1,0.00,80.00
https://zprintpro.com/en/product/die-cut-stickers/,custom die cut stickers hong kong,0,2,0.00,4.50
https://zprintpro.com/en/product/die-cut-stickers/,cut die stickers,0,1,0.00,6.00
https://zprintpro.com/en/product/die-cut-stickers/,die cut labels,0,1,0.00,51.00
https://zprintpro.com/en/product/die-cut-stickers/,die cut sticker,0,7,0.00,60.29
https://zprintpro.com/en/product/die-cut-stickers/,die cut stickers fast delivery,0,1,0.00,58.00
https://zprintpro.com/en/product/die-cut-stickers/,die-cut stickers,0,1,0.00,1.00
https://zprintpro.com/en/product/die-cut-stickers/,die-cutting pmma acrylic sticker promotions,0,1,0.00,11.00
https://zprintpro.com/en/product/die-cut-stickers/,order die cut stickers online,0,2,0.00,61.50
https://zprintpro.com/en/product/die-cut-stickers/,print on demand die cut stickers,0,1,0.00,75.00
https://zprintpro.com/en/product/die-cut-stickers/,stokeks,0,1,0.00,7.00
https://zprintpro.com/en/product/display-posters/,hkdesignpro poster design package price printing included,0,1,0.00,10.00
https://zprintpro.com/en/product/display-posters/,hkdesignpro poster design price,0,5,0.00,10.60
https://zprintpro.com/en/product/display-posters/,hkdesignpro poster design price printing included,0,1,0.00,9.00
https://zprintpro.com/en/product/display-posters/,print poster board,0,3,0.00,47.67
https://zprintpro.com/en/product/disposable-menus/,disposable menu,0,6,0.00,34.50
https://zprintpro.com/en/product/disposable-menus/,disposable menu printing,0,1,0.00,20.00
https://zprintpro.com/en/product/disposable-menus/,disposable menu trays,0,7,0.00,44.86
https://zprintpro.com/en/product/disposable-menus/,single use menu,0,1,0.00,90.00
https://zprintpro.com/en/product/double-sided-flyers/,back flyers,0,1,0.00,1.00
https://zprintpro.com/en/product/double-sided-flyers/,double sided flyer,0,1,0.00,35.00
https://zprintpro.com/en/product/double-sided-flyers/,double sided flyer printing,0,16,0.00,40.44
https://zprintpro.com/en/product/double-sided-flyers/,double sided flyers,0,9,0.00,54.11
https://zprintpro.com/en/product/doujinshi-printing/,doujin full color,0,2,0.00,59.00
https://zprintpro.com/en/product/doujinshi-printing/,doujinshi printing,0,6,0.00,9.50
https://zprintpro.com/en/product/eco-flyers/,eco friendly flyer printing,0,1,0.00,33.00
https://zprintpro.com/en/product/eco-flyers/,eco friendly leaflet printing,0,1,0.00,39.00
https://zprintpro.com/en/product/eco-flyers/,flyer eco,0,1,0.00,41.00
https://zprintpro.com/en/product/eco-paper-bags/,cheap eco printed bags,0,2,0.00,32.50
https://zprintpro.com/en/product/eco-paper-bags/,cheap printed eco friendly bags,0,1,0.00,48.00
https://zprintpro.com/en/product/eco-paper-bags/,eco paper bags,0,4,0.00,36.00
https://zprintpro.com/en/product/eco-paper-bags/,eco paper label light,0,1,0.00,98.00
https://zprintpro.com/en/product/eco-paper-bags/,factory price custom printed eco friendly bags,0,1,0.00,40.00
https://zprintpro.com/en/product/eco-paper-bags/,factory price eco friendly bags custom printing,0,3,0.00,45.67
https://zprintpro.com/en/product/eco-paper-bags/,factory price eco friendly printed bags,0,6,0.00,28.50
https://zprintpro.com/en/product/eco-paper-bags/,factory price eco printed bags,0,1,0.00,27.00
https://zprintpro.com/en/product/eco-paper-bags/,factory price printed eco friendly bags,0,1,0.00,37.00
https://zprintpro.com/en/product/electronics-packaging-box/,flat packaging for electronics,0,2,0.00,45.50
https://zprintpro.com/en/product/exercise-books/,bound exercise book,0,3,0.00,10.67
https://zprintpro.com/en/product/exercise-books/,custom exercise book,0,5,0.00,13.60
https://zprintpro.com/en/product/exercise-books/,custom exercise book printing,0,8,0.00,15.88
https://zprintpro.com/en/product/exercise-books/,custom exercise books,0,1,0.00,22.00
https://zprintpro.com/en/product/exercise-books/,custom printed exercise books,0,21,0.00,38.95
https://zprintpro.com/en/product/exercise-books/,customised exercise books,0,1,0.00,12.00
https://zprintpro.com/en/product/exercise-books/,customized exercise books,0,1,0.00,10.00
https://zprintpro.com/en/product/exercise-books/,educational workbook printing,0,3,0.00,61.67
https://zprintpro.com/en/product/exercise-books/,exercise book company,0,1,0.00,42.00
https://zprintpro.com/en/product/exercise-books/,exercise book printing,0,9,0.00,14.00
https://zprintpro.com/en/product/exercise-books/,exercise book printing business,0,13,0.00,16.00
https://zprintpro.com/en/product/exercise-books/,exercise book suppliers,0,1,0.00,40.00
https://zprintpro.com/en/product/exercise-books/,exercise books,0,1,0.00,43.00
https://zprintpro.com/en/product/exercise-books/,personalised school exercise books,0,1,0.00,56.00
https://zprintpro.com/en/product/exercise-books/,school exercise book print,0,63,0.00,27.90
https://zprintpro.com/en/product/exercise-books/,school exercise book printing,0,61,0.00,25.79
https://zprintpro.com/en/product/exercise-books/,school exercise book printing london,0,2,0.00,39.00
https://zprintpro.com/en/product/fluorescent-stickers/,custom fluorescent stickers,0,8,0.00,57.00
https://zprintpro.com/en/product/fluorescent-stickers/,custom printed fluorescent labels,0,7,0.00,60.29
https://zprintpro.com/en/product/fluorescent-stickers/,flourescent stickers,0,2,0.00,5.00
https://zprintpro.com/en/product/fluorescent-stickers/,fluorescent sticker,0,5,0.00,15.20
https://zprintpro.com/en/product/fluorescent-stickers/,fluorescent sticker printing,0,3,0.00,30.67
https://zprintpro.com/en/product/fluorescent-stickers/,fluorescent stickers,0,16,0.00,9.62
https://zprintpro.com/en/product/fluorescent-stickers/,stickers fluorescent,0,1,0.00,44.00
https://zprintpro.com/en/product/foil-greeting-cards/,greeting card printing with gold foil,0,1,0.00,46.00
https://zprintpro.com/en/product/foil-red-packets/,red foil printing,0,2,0.00,33.00
https://zprintpro.com/en/product/foil-stickers/,are foil stickers waterproof,0,2,0.00,6.00
https://zprintpro.com/en/product/foil-stickers/,custom foil decals,0,6,0.00,50.33
https://zprintpro.com/en/product/foil-stickers/,custom foil labels stickers,0,2,0.00,62.50
https://zprintpro.com/en/product/foil-stickers/,custom foil stickers,0,27,0.00,54.26
https://zprintpro.com/en/product/foil-stickers/,custom foil stickers in usa,0,1,0.00,34.00
https://zprintpro.com/en/product/foil-stickers/,custom foil stickers usa,0,1,0.00,42.00
https://zprintpro.com/en/product/foil-stickers/,custom foil stickers wholesale,0,3,0.00,51.67
https://zprintpro.com/en/product/foil-stickers/,custom printed foil stickers,0,4,0.00,58.75
https://zprintpro.com/en/product/foil-stickers/,foil custom stickers,0,1,0.00,52.00
https://zprintpro.com/en/product/foil-stickers/,foil decals,0,6,0.00,67.00
https://zprintpro.com/en/product/foil-stickers/,foil printed stickers,0,5,0.00,64.00
https://zprintpro.com/en/product/foil-stickers/,foil sticker maker,0,1,0.00,50.00
https://zprintpro.com/en/product/foil-stickers/,foil sticker printing,0,11,0.00,61.73
https://zprintpro.com/en/product/foil-stickers/,foil stickers custom,0,4,0.00,49.00
https://zprintpro.com/en/product/foil-stickers/,foil stickers manufacturer usa,0,1,0.00,28.00
https://zprintpro.com/en/product/foil-stickers/,sticker foil,0,1,0.00,56.00
https://zprintpro.com/en/product/foil-stickers/,wholesale foil stickers usa,0,2,0.00,42.00
https://zprintpro.com/en/product/folded-leaflets/,china 3 fold leaflets wholesale,0,1,0.00,10.00
https://zprintpro.com/en/product/folding-boxes/,collapsible box supplier,0,1,0.00,98.00
https://zprintpro.com/en/product/folding-boxes/,healthcare compliant folding box custom printing,0,1,0.00,81.00
https://zprintpro.com/en/product/folding-boxes/,printed foldable boxes,0,2,0.00,77.00
https://zprintpro.com/en/product/food-boxes/,artisanbreadorganic coupons,0,2,0.00,92.00
https://zprintpro.com/en/product/food-boxes/,food grade boxes supplier,0,34,0.00,65.68
https://zprintpro.com/en/product/fruit-food-label-stickers/,custom fruit stickers,0,1,0.00,10.00
https://zprintpro.com/en/product/fruit-food-label-stickers/,food grade stickers,0,1,0.00,57.00
https://zprintpro.com/en/product/fruit-food-label-stickers/,food labeling stickers,0,4,0.00,53.25
https://zprintpro.com/en/product/fruit-food-label-stickers/,food labels sticker,0,2,0.00,56.50
https://zprintpro.com/en/product/gift-bags/,bag printing,0,12,0.00,55.75
https://zprintpro.com/en/product/gift-bags/,bag printing company,0,26,0.00,72.27
https://zprintpro.com/en/product/gift-bags/,custom gift bag printing,0,1,0.00,26.00
https://zprintpro.com/en/product/handle-bags/,bag printing,0,15,0.00,57.53
https://zprintpro.com/en/product/hardcover-books/,hardcover yearbook printing,0,1,0.00,66.00
https://zprintpro.com/en/product/hardcover-menus/,cetak menu hard cover,0,1,0.00,65.00
https://zprintpro.com/en/product/hardcover-menus/,hard cover menu printing,0,3,0.00,81.33
https://zprintpro.com/en/product/hardcover-menus/,hard lamination menu,0,1,0.00,75.00
https://zprintpro.com/en/product/hardcover-menus/,hardcover menu printing,0,5,0.00,73.20
https://zprintpro.com/en/product/hardcover-menus/,laminated stitched menus,0,3,0.00,78.00
https://zprintpro.com/en/product/hardcover-menus/,menu hardcover,0,2,0.00,29.50
https://zprintpro.com/en/product/kraft-paper-bags/,custom kraft paper bags,0,2,0.00,38.00
https://zprintpro.com/en/product/kraft-paper-bags/,custom printed kraft paper bags,0,1,0.00,56.00
https://zprintpro.com/en/product/kraft-paper-bags/,customized kraft paper bags,0,1,0.00,38.00
https://zprintpro.com/en/product/kraft-paper-bags/,kraft bag,0,1,0.00,81.00
https://zprintpro.com/en/product/kraft-paper-bags/,kraft bags,0,2,0.00,67.50
https://zprintpro.com/en/product/kraft-paper-bags/,kraft bags shop 100,0,1,0.00,30.00
https://zprintpro.com/en/product/kraft-paper-bags/,kraft paper bag,0,1,0.00,74.00
https://zprintpro.com/en/product/kraft-paper-bags/,kraft paper bags,0,14,0.00,80.07
https://zprintpro.com/en/product/kraft-paper-bags/,personalized kraft bags,0,1,0.00,45.00
https://zprintpro.com/en/product/kraft-paper-bags/,show visuals,0,1,0.00,8.00
https://zprintpro.com/en/product/kraft-paper-packaging-box/,box kraft paper,0,2,0.00,59.50
https://zprintpro.com/en/product/kraft-paper-packaging-box/,kraft boxes,0,1,0.00,44.00
https://zprintpro.com/en/product/kraft-paper-packaging-box/,kraft paper box packaging,0,3,0.00,42.33
https://zprintpro.com/en/product/kraft-paper-packaging-box/,kraft paper packaging box,0,1,0.00,12.00
https://zprintpro.com/en/product/kraft-paper-packaging-box/,kraft paper packaging boxes,0,1,0.00,58.00
https://zprintpro.com/en/product/kraft-paper-packaging-box/,packaging kraft boxes,0,1,0.00,36.00
https://zprintpro.com/en/product/kraft-paper-packaging-box/,paper kraft packaging,0,1,0.00,69.00
https://zprintpro.com/en/product/kraft-paper-packaging-box/,printed kraft paper boxes,0,2,0.00,89.00
https://zprintpro.com/en/product/laminated-menus/,laminated menu,0,6,0.00,39.33
https://zprintpro.com/en/product/laminated-menus/,laminated menus,0,4,0.00,36.75
https://zprintpro.com/en/product/laminated-menus/,laminated stitched menus,0,3,0.00,41.00
https://zprintpro.com/en/product/laminated-menus/,order laminated menus,0,1,0.00,42.00
https://zprintpro.com/en/product/large-envelopes/,large envelope price,0,1,0.00,1.00
https://zprintpro.com/en/product/large-envelopes/,large envelopes,0,1,0.00,1.00
https://zprintpro.com/en/product/magnetic-calendars/,custom printed magnetic calendars for schools wholesale,0,1,0.00,85.00
https://zprintpro.com/en/product/magnetic-calendars/,magnetic calendar printing,0,1,0.00,47.00
https://zprintpro.com/en/product/magnetic-closure-gift-box/,christmas boxes with magnetic closure,0,1,0.00,79.00
https://zprintpro.com/en/product/magnetic-closure-gift-box/,gift box magnetic closure,0,1,0.00,37.00
https://zprintpro.com/en/product/magnetic-closure-gift-box/,gift box with magnetic closure,0,1,0.00,63.00
https://zprintpro.com/en/product/magnetic-closure-gift-box/,gift boxes magnetic closure,0,1,0.00,50.00
https://zprintpro.com/en/product/magnetic-closure-gift-box/,gift boxes with magnetic closure,0,1,0.00,62.00
https://zprintpro.com/en/product/magnetic-closure-gift-box/,magnetic close box,0,1,0.00,39.00
https://zprintpro.com/en/product/magnetic-closure-gift-box/,magnetic closure gift box,0,1,0.00,46.00
https://zprintpro.com/en/product/magnetic-closure-gift-box/,matte black shipping boxes with magnetic closure,0,1,0.00,57.00
https://zprintpro.com/en/product/mailer-boxes/,custom mailer boxes,0,1,0.00,69.00
https://zprintpro.com/en/product/mailer-boxes/,mailer box,0,1,0.00,10.00
https://zprintpro.com/en/product/mailer-boxes/,mailer boxes,0,6,0.00,29.67
https://zprintpro.com/en/product/matte-business-cards/,matt lamination card,0,1,0.00,63.00
https://zprintpro.com/en/product/matte-business-cards/,matte laminate business cards,0,1,0.00,20.00
https://zprintpro.com/en/product/matte-business-cards/,matte laminated business cards,0,10,0.00,78.40
https://zprintpro.com/en/product/mesh-banners/,large mesh banner printing,0,2,0.00,59.50
https://zprintpro.com/en/product/mesh-banners/,mesh banner,0,1,0.00,54.00
https://zprintpro.com/en/product/mesh-banners/,mesh banner printing,0,6,0.00,45.00
https://zprintpro.com/en/product/mesh-banners/,mesh banners printing,0,1,0.00,44.00
https://zprintpro.com/en/product/mesh-banners/,trade mesh banners,0,3,0.00,57.33
https://zprintpro.com/en/product/outdoor-posters/,outdoor poster drucken,0,2,0.00,56.00
https://zprintpro.com/en/product/outdoor-vinyl-banners/,double sided outdoor vinyl banners,0,1,0.00,54.00
https://zprintpro.com/en/product/outdoor-vinyl-banners/,outdoor banners printing company,0,1,0.00,56.00
https://zprintpro.com/en/product/outdoor-vinyl-banners/,outdoor printed vinyl,0,1,0.00,54.00
https://zprintpro.com/en/product/outdoor-vinyl-banners/,outdoor vinyl banner,0,1,0.00,54.00
https://zprintpro.com/en/product/outdoor-vinyl-banners/,outdoor vinyl printing,0,1,0.00,46.00
https://zprintpro.com/en/product/outdoor-vinyl-banners/,outdoor vinyl sign,0,1,0.00,54.00
https://zprintpro.com/en/product/outdoor-vinyl-banners/,vinyl banner printing china,0,5,0.00,39.80
https://zprintpro.com/en/product/outdoor-vinyl-banners/,vinyl banners,0,1,0.00,46.00
https://zprintpro.com/en/product/outdoor-vinyl-banners/,what is outdoor vinyl poster,0,1,0.00,49.00
https://zprintpro.com/en/product/outdoor-vinyl-banners/,wind resistant banners,0,1,0.00,1.00
https://zprintpro.com/en/product/pearl-envelopes/,pearl envelopes,0,4,0.00,23.00
https://zprintpro.com/en/product/perfect-bound-books/,book printing,0,3,0.00,35.67
https://zprintpro.com/en/product/perfect-bound-books/,book printing hong kong,0,15,0.00,32.67
https://zprintpro.com/en/product/perfect-bound-books/,bound book printing in kyrgyz,0,1,0.00,92.00
https://zprintpro.com/en/product/perfect-bound-books/,china perfect binding book printing,0,2,0.00,50.50
https://zprintpro.com/en/product/perfect-bound-books/,china perfect bound binding wholesale,0,1,0.00,32.00
https://zprintpro.com/en/product/perfect-bound-books/,china perfect bound wholesaler,0,1,0.00,35.00
https://zprintpro.com/en/product/perfect-bound-books/,perfect bind book in tajik,0,2,0.00,90.50
https://zprintpro.com/en/product/perfect-bound-books/,perfect binding printing in tajik,0,1,0.00,91.00
https://zprintpro.com/en/product/perfect-bound-books/,perfect bound book in georgian,0,1,0.00,82.00
https://zprintpro.com/en/product/perfect-bound-books/,perfect bound book in kyrgyz,0,2,0.00,78.50
https://zprintpro.com/en/product/perfect-bound-books/,perfect bound book in tajik,0,3,0.00,74.33
https://zprintpro.com/en/product/perfect-bound-books/,perfect bound book printing in georgian,0,1,0.00,79.00
https://zprintpro.com/en/product/perfect-bound-books/,perfect bound book printing in kyrgyz,0,1,0.00,87.00
https://zprintpro.com/en/product/perfect-bound-books/,perfect bound book printing in tajik,0,1,0.00,72.00
https://zprintpro.com/en/product/perfect-bound-books/,perfect bound printing in kyrgyz,0,2,0.00,76.50
https://zprintpro.com/en/product/perfect-bound-books/,perfect bound printing in tajik,0,1,0.00,73.00
https://zprintpro.com/en/product/perfect-bound-books/,perfect+bound+books+industry+city,0,6,0.00,94.67
https://zprintpro.com/en/product/perfect-bound-books/,perfect+bound+books+sunset+park+ny,0,7,0.00,95.71
https://zprintpro.com/en/product/perfect-bound-books/,wholesale perfect bound book printing,0,3,0.00,66.33
https://zprintpro.com/en/product/premium-business-cards/,zprin,0,2,0.00,10.00
https://zprintpro.com/en/product/pvc-menus/,menu pvc,0,2,0.00,40.00
https://zprintpro.com/en/product/pvc-menus/,menus pvc,0,1,0.00,1.00
https://zprintpro.com/en/product/pvc-menus/,plastic menus,0,1,0.00,56.00
https://zprintpro.com/en/product/pvc-menus/,pvc menu printing,0,12,0.00,62.42
https://zprintpro.com/en/product/pvc-menus/,pvc menus,0,9,0.00,18.89
https://zprintpro.com/en/product/removable-stickers/,custom printed removable labels,0,2,0.00,63.00
https://zprintpro.com/en/product/removable-stickers/,custom removable decals,0,1,0.00,46.00
https://zprintpro.com/en/product/removable-stickers/,custom removable labels,0,1,0.00,59.00
https://zprintpro.com/en/product/removable-stickers/,custom removable stickers,0,9,0.00,44.67
https://zprintpro.com/en/product/removable-stickers/,custom restickable stickers,0,3,0.00,60.33
https://zprintpro.com/en/product/removable-stickers/,custom reusable stickers,0,1,0.00,53.00
https://zprintpro.com/en/product/removable-stickers/,detachable stickers,0,2,0.00,28.50
https://zprintpro.com/en/product/removable-stickers/,easily removable stickers,0,1,0.00,40.00
https://zprintpro.com/en/product/removable-stickers/,non permanent stickers,0,1,0.00,37.00
https://zprintpro.com/en/product/removable-stickers/,print removable stickers,0,2,0.00,59.00
https://zprintpro.com/en/product/removable-stickers/,printing removable decals,0,2,0.00,84.00
https://zprintpro.com/en/product/removable-stickers/,pvc free removable sign decals,0,2,0.00,48.00
https://zprintpro.com/en/product/removable-stickers/,removable custom stickers,0,2,0.00,44.00
https://zprintpro.com/en/product/removable-stickers/,removable decal,0,1,0.00,36.00
https://zprintpro.com/en/product/removable-stickers/,removable decals,0,1,0.00,53.00
https://zprintpro.com/en/product/removable-stickers/,removable sticker,0,8,0.00,47.25
https://zprintpro.com/en/product/removable-stickers/,removable stickers,0,9,0.00,45.67
https://zprintpro.com/en/product/removable-stickers/,removable stickers custom,0,1,0.00,50.00
https://zprintpro.com/en/product/removable-stickers/,repositionable stickers,0,5,0.00,55.40
https://zprintpro.com/en/product/removable-stickers/,small removable stickers,0,2,0.00,31.50
https://zprintpro.com/en/product/roll-up-banners/,print roll up,0,1,0.00,90.00
https://zprintpro.com/en/product/roll-up-banners/,roll up banner,0,2,0.00,56.00
https://zprintpro.com/en/product/roll-up-banners/,roll up banner printing,0,3,0.00,43.33
https://zprintpro.com/en/product/roll-up-banners/,roll up bänner,0,1,0.00,55.00
https://zprintpro.com/en/product/roll-up-banners/,roll ups banner,0,1,0.00,55.00
https://zprintpro.com/en/product/roll-up-banners/,rollup banner,0,4,0.00,59.00
https://zprintpro.com/en/product/roll-up-banners/,rollupbanner,0,2,0.00,89.50
https://zprintpro.com/en/product/roll-up-banners/,uprinting retractable banners,0,1,0.00,73.00
https://zprintpro.com/en/product/rounded-corner-cards/,rounded corner bc eu,0,3,0.00,8.33
https://zprintpro.com/en/product/saddle-stitch-booklets/,a4 saddle stitch booklet,0,1,0.00,85.00
https://zprintpro.com/en/product/saddle-stitch-booklets/,booklet printing saddle stitch,0,1,0.00,65.00
https://zprintpro.com/en/product/saddle-stitch-booklets/,cheap price saddle stitch booklet printing,0,2,0.00,80.50
https://zprintpro.com/en/product/saddle-stitch-booklets/,cheap saddle stitch booklet printing,0,1,0.00,75.00
https://zprintpro.com/en/product/saddle-stitch-booklets/,cheap saddle stitch booklet printing factory,0,1,0.00,90.00
https://zprintpro.com/en/product/saddle-stitch-booklets/,cheap saddle stitch booklet printing in china,0,1,0.00,67.00
https://zprintpro.com/en/product/saddle-stitch-booklets/,cheap saddle stitch booklet printing in estonian,0,1,0.00,86.00
https://zprintpro.com/en/product/saddle-stitch-booklets/,cheap saddle stitch booklet printing in kyrgyz,0,2,0.00,70.00
https://zprintpro.com/en/product/saddle-stitch-booklets/,cheap saddle stitch booklet printing in norwegian,0,2,0.00,90.50
https://zprintpro.com/en/product/saddle-stitch-booklets/,cheap saddle stitch booklet printing in swedish,0,1,0.00,97.00
https://zprintpro.com/en/product/saddle-stitch-booklets/,cheap saddle stitch booklet printing in tajik,0,2,0.00,73.00
https://zprintpro.com/en/product/saddle-stitch-booklets/,cheap saddle stitched notebooks in bulk,0,2,0.00,78.50
https://zprintpro.com/en/product/saddle-stitch-booklets/,china cheap saddle stitch booklet printing manufacturer,0,1,0.00,71.00
https://zprintpro.com/en/product/saddle-stitch-booklets/,china cheap saddle stitch booklet printing wholesaler,0,1,0.00,39.00
https://zprintpro.com/en/product/saddle-stitch-booklets/,china saddle stitch booklet printing factory,0,1,0.00,73.00
https://zprintpro.com/en/product/saddle-stitch-booklets/,china saddle stitch booklet printing manufacturer,0,4,0.00,77.50
https://zprintpro.com/en/product/saddle-stitch-booklets/,custom saddle stitched book printing,0,2,0.00,82.50
https://zprintpro.com/en/product/saddle-stitch-booklets/,print saddle stitch,0,1,0.00,96.00
https://zprintpro.com/en/product/saddle-stitch-booklets/,print saddle stitch booklet,0,1,0.00,74.00
https://zprintpro.com/en/product/saddle-stitch-booklets/,saddle booklet,0,2,0.00,60.00
https://zprintpro.com/en/product/saddle-stitch-booklets/,saddle stich booklet,0,1,0.00,85.00
https://zprintpro.com/en/product/saddle-stitch-booklets/,saddle stich booklets,0,2,0.00,87.50
https://zprintpro.com/en/product/saddle-stitch-booklets/,saddle stitch binding printing,0,1,0.00,77.00
https://zprintpro.com/en/product/saddle-stitch-booklets/,saddle stitch book printing,0,1,0.00,72.00
https://zprintpro.com/en/product/saddle-stitch-booklets/,saddle stitch booklet,0,138,0.00,80.60
https://zprintpro.com/en/product/saddle-stitch-booklets/,saddle stitch booklet printing,0,1,0.00,68.00
https://zprintpro.com/en/product/saddle-stitch-booklets/,saddle stitch booklet printing in georgian,0,1,0.00,86.00
https://zprintpro.com/en/product/saddle-stitch-booklets/,saddle stitch booklet printing in kyrgyz,0,2,0.00,85.50
https://zprintpro.com/en/product/saddle-stitch-booklets/,saddle stitch booklet printing in norwegian,0,1,0.00,81.00
https://zprintpro.com/en/product/saddle-stitch-booklets/,saddle stitch booklet printing in swedish,0,1,0.00,86.00
https://zprintpro.com/en/product/saddle-stitch-booklets/,saddle stitch booklet printing vancouver,0,6,0.00,77.67
https://zprintpro.com/en/product/saddle-stitch-booklets/,saddle stitch booklets,0,64,0.00,87.06
https://zprintpro.com/en/product/saddle-stitch-booklets/,saddle stitch booklets printing,0,1,0.00,59.00
https://zprintpro.com/en/product/saddle-stitch-booklets/,saddle stitch books,0,24,0.00,78.62
https://zprintpro.com/en/product/saddle-stitch-booklets/,saddle stitch brochure,0,1,0.00,72.00
https://zprintpro.com/en/product/saddle-stitch-booklets/,saddle stitch catalog,0,5,0.00,93.00
https://zprintpro.com/en/product/saddle-stitch-booklets/,saddle stitch catalog printing,0,1,0.00,92.00
https://zprintpro.com/en/product/saddle-stitch-booklets/,saddle stitch catalogs,0,4,0.00,91.00
https://zprintpro.com/en/product/saddle-stitch-booklets/,saddle stitch printing,0,1,0.00,85.00
https://zprintpro.com/en/product/saddle-stitch-booklets/,saddle stitched book,0,3,0.00,82.67
https://zprintpro.com/en/product/saddle-stitch-booklets/,saddle stitched booklet,0,6,0.00,89.33
https://zprintpro.com/en/product/saddle-stitch-booklets/,saddle stitched booklets,0,11,0.00,87.55
https://zprintpro.com/en/product/saddle-stitch-booklets/,saddle stitched brochures,0,1,0.00,90.00
https://zprintpro.com/en/product/saddle-stitch-booklets/,saddle stitched printing,0,1,0.00,73.00
https://zprintpro.com/en/product/saddle-stitch-booklets/,saddle stitching booklet,0,1,0.00,78.00
https://zprintpro.com/en/product/saddle-stitch-booklets/,saddle-stitch booklet,0,1,0.00,69.00
https://zprintpro.com/en/product/saddle-stitch-booklets/,saddle-stitch booklets,0,7,0.00,87.14
https://zprintpro.com/en/product/saddle-stitch-booklets/,saddle-stitched booklet,0,1,0.00,88.00
https://zprintpro.com/en/product/saddle-stitch-booklets/,saddlestitch booklet,0,3,0.00,71.33
https://zprintpro.com/en/product/saddle-stitch-booklets/,saddlestitch booklets,0,10,0.00,87.60
https://zprintpro.com/en/product/saddle-stitch-booklets/,stitch booklet,0,2,0.00,77.50
https://zprintpro.com/en/product/saddle-stitch-booklets/,stitched booklets,0,1,0.00,91.00
https://zprintpro.com/en/product/saddle-stitch-booklets/,wholesale catalog saddle stitching binding printing,0,1,0.00,89.00
https://zprintpro.com/en/product/saddle-stitch-booklets/,wholesale saddle stiched notebooks,0,2,0.00,70.00
https://zprintpro.com/en/product/saddle-stitch-booklets/,wholesale saddle stitch booklet printing,0,4,0.00,91.25
https://zprintpro.com/en/product/same-day-flyers/,a5 flyers next day delivery,0,1,0.00,55.00
https://zprintpro.com/en/product/same-day-flyers/,cheap flyer printing usa,0,1,0.00,67.00
https://zprintpro.com/en/product/same-day-flyers/,cheap flyers free shipping,0,1,0.00,49.00
https://zprintpro.com/en/product/same-day-flyers/,cheap flyers printing,0,1,0.00,2.00
https://zprintpro.com/en/product/same-day-flyers/,express druck flyer,0,1,0.00,67.00
https://zprintpro.com/en/product/same-day-flyers/,flyer printing free shipping,0,2,0.00,32.50
https://zprintpro.com/en/product/same-day-flyers/,flyer printing next day delivery,0,1,0.00,36.00
https://zprintpro.com/en/product/same-day-flyers/,flyer printing quick turnaround,0,1,0.00,53.00
https://zprintpro.com/en/product/same-day-flyers/,flyer printing same day,0,1,0.00,33.00
https://zprintpro.com/en/product/same-day-flyers/,flyer printing same day pickup,0,2,0.00,29.00
https://zprintpro.com/en/product/same-day-flyers/,flyers next day,0,2,0.00,51.50
https://zprintpro.com/en/product/same-day-flyers/,instant print flyers,0,1,0.00,16.00
https://zprintpro.com/en/product/same-day-flyers/,next day a4 printing,0,1,0.00,57.00
https://zprintpro.com/en/product/same-day-flyers/,print flyers next day delivery,0,1,0.00,35.00
https://zprintpro.com/en/product/same-day-flyers/,print flyers same day,0,2,0.00,57.00
https://zprintpro.com/en/product/same-day-flyers/,quick flyers,0,1,0.00,78.00
https://zprintpro.com/en/product/same-day-flyers/,same day flyer delivery,0,2,0.00,46.00
https://zprintpro.com/en/product/same-day-flyers/,same day flyer print,0,1,0.00,45.00
https://zprintpro.com/en/product/same-day-flyers/,same day flyer printing los angeles,0,1,0.00,42.00
https://zprintpro.com/en/product/same-day-flyers/,same day flyers near me,0,1,0.00,31.00
https://zprintpro.com/en/product/same-day-flyers/,samedayflyers,0,2,0.00,22.00
https://zprintpro.com/en/product/same-day-flyers/,weekend flyer delivery,0,6,0.00,41.83
https://zprintpro.com/en/product/security-stickers/,security sticker,0,1,0.00,14.00
https://zprintpro.com/en/product/security-stickers/,security sticker manufacturer,0,2,0.00,46.50
https://zprintpro.com/en/product/security-stickers/,security sticker printing,0,35,0.00,26.43
https://zprintpro.com/en/product/small-batch-stickers/,batch sticker,0,1,0.00,1.00
https://zprintpro.com/en/product/small-batch-stickers/,batch stickers,0,14,0.00,2.07
https://zprintpro.com/en/product/small-batch-stickers/,cheap stickers,0,1,0.00,67.00
https://zprintpro.com/en/product/small-batch-stickers/,custom stickers small batch,0,9,0.00,13.11
https://zprintpro.com/en/product/small-batch-stickers/,custom stickers small quantity,0,1,0.00,46.00
https://zprintpro.com/en/product/small-batch-stickers/,small batch custom stickers,0,25,0.00,15.08
https://zprintpro.com/en/product/small-batch-stickers/,small batch label printing,0,59,0.00,54.20
https://zprintpro.com/en/product/small-batch-stickers/,small batch labels,0,11,0.00,46.82
https://zprintpro.com/en/product/small-batch-stickers/,small batch sticker printing,0,43,0.00,13.47
https://zprintpro.com/en/product/small-batch-stickers/,small batch stickers,0,56,0.00,6.95
https://zprintpro.com/en/product/small-batch-stickers/,small quantity label printing,0,33,0.00,76.09
https://zprintpro.com/en/product/small-batch-stickers/,sticker batch,0,1,0.00,37.00
https://zprintpro.com/en/product/small-batch-stickers/,sticker printing no minimum,0,1,0.00,48.00
https://zprintpro.com/en/product/small-batch-stickers/,sticker printing small quantity,0,1,0.00,42.00
https://zprintpro.com/en/product/small-batch-stickers/,stickers small format printing,0,3,0.00,62.33
https://zprintpro.com/en/product/small-batch-stickers/,stickers small quantity,0,1,0.00,24.00
https://zprintpro.com/en/product/spiral-notebooks/,spiral notebook printing hong kong,0,4,0.00,28.00
https://zprintpro.com/en/product/spot-uv-business-cards/,business card printing spot uv,0,1,0.00,35.00
https://zprintpro.com/en/product/spot-uv-business-cards/,spot uv,0,1,0.00,41.00
https://zprintpro.com/en/product/spot-uv-business-cards/,spot uv black business card,0,1,0.00,59.00
https://zprintpro.com/en/product/spot-uv-business-cards/,spot uv business cards,0,2,0.00,34.50
https://zprintpro.com/en/product/spot-uv-business-cards/,spot uv card,0,1,0.00,58.00
https://zprintpro.com/en/product/spot-uv-business-cards/,spot uv käyntikortti,0,1,0.00,73.00
https://zprintpro.com/en/product/spot-uv-business-cards/,spot uv printing,0,1,0.00,67.00
https://zprintpro.com/en/product/spot-uv-business-cards/,uv business card,0,1,0.00,2.00
https://zprintpro.com/en/product/spot-uv-business-cards/,uv business cards,0,1,0.00,11.00
https://zprintpro.com/en/product/spot-uv-business-cards/,uv coating business cards,0,1,0.00,73.00
https://zprintpro.com/en/product/spot-uv-business-cards/,zprin,0,8,0.00,7.50
https://zprintpro.com/en/product/spot-uv-greeting-cards/,spot uv greetings card,0,1,0.00,22.00
https://zprintpro.com/en/product/textbooks/,k12 textbook pre-press production,0,1,0.00,50.00
https://zprintpro.com/en/product/textbooks/,print textbooks,0,1,0.00,3.00
https://zprintpro.com/en/product/textbooks/,school textbook printing,0,1,0.00,12.00
https://zprintpro.com/en/product/transparent-stickers/,custom transparent sticker,0,1,0.00,57.00
https://zprintpro.com/en/product/transparent-stickers/,sticker printing transparent,0,1,0.00,73.00
https://zprintpro.com/en/product/transparent-stickers/,sticker transparent,0,2,0.00,51.00
https://zprintpro.com/en/product/transparent-stickers/,transparent sticker,0,5,0.00,48.80
https://zprintpro.com/en/product/transparent-stickers/,transparent sticker printing,0,3,0.00,69.00
https://zprintpro.com/en/product/transparent-stickers/,transparent sticker printing online,0,1,0.00,71.00
https://zprintpro.com/en/product/transparent-stickers/,transparent stickers,0,3,0.00,46.33
https://zprintpro.com/en/product/transparent-stickers/,transparent stickers online,0,1,0.00,68.00
https://zprintpro.com/en/product/wall-calendars/,large wire bound calendar,0,7,0.00,70.43
https://zprintpro.com/en/product/wall-calendars/,spiral bound calendar printing,0,1,0.00,57.00
https://zprintpro.com/en/product/wall-calendars/,trade wire o bound calendars,0,11,0.00,68.27
https://zprintpro.com/en/product/wall-calendars/,wire bound calendar printing,0,2,0.00,78.50
https://zprintpro.com/en/product/wall-calendars/,wire bound calendars,0,1,0.00,59.00
https://zprintpro.com/en/product/waterproof-stickers/,"""st-001"" -""scitech academy"" -""scitech europa"" -""scitech student"" -""scitech fest"" -""scitech strategies"" -""scitech science technology"" -""scitech festival"" -""scitech health"" -""scitech pty ltd"" -""scitech ai"" -""scitech digital innovation hub"" -""scitech services, inc."" -""scitech decision"" -""scitech forum"" -""scitech entertainment"" -""bruntwood scitech"" -""scitech comic"" -""scitech pac"" -""scitech adhesive systems"" -""scitech institute"" -""scitech construction"" -""scitech datathon"" -""scitech pto"" -""scitech news"" -""scitech &amp; technology"" -""scitech wellness centre"" -""scitech ocean"" -""scitech canada science"" -""scitech hotel"" -""scitech placements"" -""scitech daily"" -""scitech clinic"" -""scitech space technology"" -""scitech premium outlet"" -""scitech scity llc"" -""scitech co., ltd."" -""scitech tasimacilik ticaret limited"" -""scitech diol"" -""scitech collection premium"" -""scitech nauka tehnologija auto"" -""fedora scitech"" -""global scitech youth forum"" -""ameuro scitech development union"" -""scitech premium"" -""sci-tech"" -""scitech library"" -""scitech podcasts"" -""scitech international express co."" -""scitech central inc."" -""scitechcentral.com"" -""scitech radar and defense"" -""scitech interactives"" -""scitechnaturefictioncartoons"" -""scitech now"" -""scitech publishing new waves"" -""yorkshiretimes.co.uk"" -""scitech patent art"" -""scitech co. ltd"" -""science and technology campus corporation"" -""scitech produtos medicos sa"" -""scitech.co.kr"" -""scitech india""",0,3,0.00,24.00
https://zprintpro.com/en/product/waterproof-stickers/,are teepublic stickers waterproof,0,1,0.00,38.00
https://zprintpro.com/en/product/waterproof-stickers/,best printer for waterproof stickers,0,2,0.00,64.50
https://zprintpro.com/en/product/waterproof-stickers/,bulk waterproof stickers,0,1,0.00,42.00
https://zprintpro.com/en/product/waterproof-stickers/,custom stickers waterproof,0,1,0.00,39.00
https://zprintpro.com/en/product/waterproof-stickers/,custom water proof stickers,0,1,0.00,45.00
https://zprintpro.com/en/product/waterproof-stickers/,custom waterproof decals,0,1,0.00,36.00
https://zprintpro.com/en/product/waterproof-stickers/,custom waterproof sticker,0,1,0.00,46.00
https://zprintpro.com/en/product/waterproof-stickers/,custom waterproof stickers china,0,1,0.00,22.00
https://zprintpro.com/en/product/waterproof-stickers/,how to make stickers waterproof after printing,0,3,0.00,76.67
https://zprintpro.com/en/product/waterproof-stickers/,how to print waterproof stickers,0,29,0.00,82.31
https://zprintpro.com/en/product/waterproof-stickers/,order waterproof stickers,0,1,0.00,33.00
https://zprintpro.com/en/product/waterproof-stickers/,print waterproof stickers,0,1,0.00,56.00
https://zprintpro.com/en/product/waterproof-stickers/,pvc free sticker,0,2,0.00,40.00
https://zprintpro.com/en/product/waterproof-stickers/,pvc sticker thick marine use waterproof,0,1,0.00,48.00
https://zprintpro.com/en/product/waterproof-stickers/,pvc sticker waterproof,0,2,0.00,14.50
https://zprintpro.com/en/product/waterproof-stickers/,pvc waterproof sticker,0,3,0.00,29.67
https://zprintpro.com/en/product/waterproof-stickers/,sticker pvc waterproof,0,1,0.00,1.00
https://zprintpro.com/en/product/waterproof-stickers/,water proof sticker,0,1,0.00,43.00
https://zprintpro.com/en/product/waterproof-stickers/,water proof stickers custom,0,1,0.00,45.00
https://zprintpro.com/en/product/waterproof-stickers/,water resistant stickers,0,1,0.00,50.00
https://zprintpro.com/en/product/waterproof-stickers/,waterproof and uv resistant stickers,0,1,0.00,33.00
https://zprintpro.com/en/product/waterproof-stickers/,waterproof outdoor stickers,0,1,0.00,42.00
https://zprintpro.com/en/product/waterproof-stickers/,waterproof pvc sticker,0,4,0.00,19.50
https://zprintpro.com/en/product/waterproof-stickers/,waterproof sticker,0,10,0.00,44.30
https://zprintpro.com/en/product/waterproof-stickers/,waterproof sticker cover,0,1,0.00,43.00
https://zprintpro.com/en/product/waterproof-stickers/,waterproof sticker custom,0,1,0.00,47.00
https://zprintpro.com/en/product/waterproof-stickers/,waterproof sticker print,0,2,0.00,56.00
https://zprintpro.com/en/product/waterproof-stickers/,waterproof sticker printing,0,2,0.00,27.50
https://zprintpro.com/en/product/waterproof-stickers/,waterproof sticker printing supplier,0,1,0.00,75.00
https://zprintpro.com/en/product/waterproof-stickers/,waterproof stickers bulk,0,2,0.00,43.00
https://zprintpro.com/en/product/waterproof-stickers/,waterproof stickers china,0,2,0.00,17.50
https://zprintpro.com/en/product/waterproof-stickers/,waterproof stickers factory,0,2,0.00,49.50
https://zprintpro.com/en/product/waterproof-stickers/,waterproof stickers manufacturer usa,0,1,0.00,28.00
https://zprintpro.com/en/product/waterproof-stickers/,waterproof stickers printing,0,1,0.00,63.00
https://zprintpro.com/en/product/waterproof-stickers/,weatherproof stickers custom,0,1,0.00,42.00
https://zprintpro.com/en/product/waterproof-stickers/,wholesale waterproof stickers usa,0,1,0.00,39.00
https://zprintpro.com/en/product/white-card-bags/,multiple functions of white card paper bags,0,1,0.00,14.00
https://zprintpro.com/en/product/white-card-bags/,yibo white card paper bags,0,1,0.00,52.00
https://zprintpro.com/en/services/rush-printing-delivery/,free 24hr rush,0,1,0.00,42.00
https://zprintpro.com/en/services/rush-printing-delivery/,rush printing los angeles,0,1,0.00,33.00
https://zprintpro.com/en/services/rush-printing-delivery/,rush stickers printing,0,1,0.00,36.00
https://zprintpro.com/ja/blog/a5-vs-a6-flyer-size/,a5 a6 サイズ 比較,0,5,0.00,10.40
https://zprintpro.com/ja/blog/a5-vs-a6-flyer-size/,a5a6 サイズ,0,1,0.00,75.00
https://zprintpro.com/ja/blog/a5-vs-a6-flyer-size/,a5とa6どっちが大きい,0,9,0.00,11.78
https://zprintpro.com/ja/blog/a5-vs-a6-flyer-size/,a6 a5 どっちが大きい,0,4,0.00,10.00
https://zprintpro.com/ja/blog/a5-vs-a6-flyer-size/,a6 a5 サイズ比較,0,4,0.00,8.25
https://zprintpro.com/ja/blog/a5-vs-a6-flyer-size/,a6 サイズ 印刷,0,1,0.00,30.00
https://zprintpro.com/ja/blog/a5-vs-a6-flyer-size/,a6 印刷,0,2,0.00,38.50
https://zprintpro.com/ja/blog/banner-buying-guide/,バナー 印刷 意味,0,1,0.00,72.00
https://zprintpro.com/ja/blog/cmyk-guide/,cmyk,0,1,0.00,95.00
https://zprintpro.com/ja/blog/cmyk-guide/,cmyk rgb,0,3,0.00,52.33
https://zprintpro.com/ja/blog/cmyk-guide/,cmyk rgb 違い,0,1,0.00,97.00
https://zprintpro.com/ja/blog/cmyk-guide/,cmyk 印刷,0,11,0.00,94.55
https://zprintpro.com/ja/blog/cmyk-guide/,rgb cmyk,0,1,0.00,55.00
https://zprintpro.com/ja/blog/cmyk-guide/,rgb cmyk 違い,0,1,0.00,95.00
https://zprintpro.com/ja/blog/cmyk-guide/,rgb と cmyk,0,5,0.00,92.80
https://zprintpro.com/ja/blog/cmyk-guide/,rgb カラー と は,0,5,0.00,99.20
https://zprintpro.com/ja/blog/cmyk-guide/,rgb 印刷,0,10,0.00,62.70
https://zprintpro.com/ja/blog/cmyk-guide/,rgbカラーモード,0,2,0.00,81.00
https://zprintpro.com/ja/blog/cmyk-guide/,カラー cmyk,0,1,0.00,89.00
https://zprintpro.com/ja/blog/cmyk-guide/,写真 印刷 rgb cmyk,0,22,0.00,91.27
https://zprintpro.com/ja/blog/cmyk-guide/,印刷 cmyk,0,44,0.00,86.23
https://zprintpro.com/ja/blog/cmyk-guide/,印刷 cmyk rgb,0,22,0.00,95.27
https://zprintpro.com/ja/blog/cmyk-guide/,印刷 rgb,0,5,0.00,65.40
https://zprintpro.com/ja/blog/cmyk-guide/,印刷 rgb cmyk,0,34,0.00,93.53
https://zprintpro.com/ja/blog/cmyk-guide/,印刷 rgb cmyk 違い,0,5,0.00,87.80
https://zprintpro.com/ja/blog/cmyk-guide/,印刷 カラー,0,1,0.00,86.00
https://zprintpro.com/ja/blog/cmyk-guide/,印刷 カラー cmyk,0,44,0.00,95.61
https://zprintpro.com/ja/blog/cmyk-guide/,印刷 カラー モード,0,96,0.00,74.80
https://zprintpro.com/ja/blog/cmyk-guide/,印刷 用 cmyk,0,24,0.00,88.33
https://zprintpro.com/ja/blog/cmyk-guide/,印刷 色 cmyk,0,10,0.00,95.80
https://zprintpro.com/ja/blog/cmyk-guide/,印刷用 cmyk,0,4,0.00,81.25
https://zprintpro.com/ja/blog/cosmetics-packaging-box-printing-guide/,化粧品 パッケージ印刷,0,12,0.00,56.92
https://zprintpro.com/ja/blog/cosmetics-packaging-box-printing-guide/,箔押し 化粧 容器 方法,0,2,0.00,96.50
https://zprintpro.com/ja/blog/food-packaging-printing-guide/,パッケージ 印刷 食品,0,1,0.00,9.00
https://zprintpro.com/ja/blog/food-packaging-printing-guide/,食品 パッケージ 印刷,0,1,0.00,10.00
https://zprintpro.com/ja/blog/food-packaging-printing-guide/,食品に触れる 紙印刷,0,1,0.00,15.00
https://zprintpro.com/ja/blog/food-packaging-printing-guide/,食品パッケージ 印刷,0,1,0.00,9.00
https://zprintpro.com/ja/blog/graduation-yearbook-printing-guide/,卒 園 アルバム 印刷,0,1,0.00,69.00
https://zprintpro.com/ja/blog/graduation-yearbook-printing-guide/,卒 園 アルバム 印刷 製本,0,1,0.00,95.00
https://zprintpro.com/ja/blog/hong-kong-printing-guide/,香港 印刷,0,3,0.00,6.00
https://zprintpro.com/ja/blog/packaging-buying-guide/,パッケージ 種類,0,1,0.00,100.00
https://zprintpro.com/ja/blog/packaging-buying-guide/,パッケージ箱,0,1,0.00,7.00
https://zprintpro.com/ja/blog/packaging-buying-guide/,商品箱 品質,0,4,0.00,23.50
https://zprintpro.com/ja/blog/packaging-buying-guide/,箱 種類,0,1,0.00,80.00
https://zprintpro.com/ja/blog/packaging-buying-guide/,貼り箱 サック箱 違い,0,1,0.00,32.00
https://zprintpro.com/ja/blog/packaging-trends/,パッケージ トレンド,0,3,0.00,30.67
https://zprintpro.com/ja/blog/packaging-trends/,パッケージデザイン トレンド,0,2,0.00,29.50
https://zprintpro.com/ja/blog/paper-materials/,箔押し 印刷 特殊紙 違い,0,8,0.00,81.00
https://zprintpro.com/ja/blog/paper-materials/,紙の印刷物,0,1,0.00,84.00
https://zprintpro.com/ja/blog/pharmaceutical-label-printing-guide/,医薬品加工用シール市場,0,1,0.00,46.00
https://zprintpro.com/ja/blog/poster-printing-price-guide/,ポスター 印刷 費用,0,1,0.00,13.00
https://zprintpro.com/ja/blog/poster-printing-price-guide/,ポスター 料金,0,2,0.00,65.00
https://zprintpro.com/ja/blog/poster-printing-price-guide/,ポスター 費用,0,1,0.00,65.00
https://zprintpro.com/ja/blog/poster-size-guide/,a3 ポスター サイズ,0,2,0.00,42.00
https://zprintpro.com/ja/blog/poster-size-guide/,ポスター 寸法,0,1,0.00,54.00
https://zprintpro.com/ja/blog/poster-size-guide/,ポスター 標準サイズ,0,1,0.00,49.00
https://zprintpro.com/ja/blog/poster-size-guide/,ポスターサイズ,0,1,0.00,50.00
https://zprintpro.com/ja/blog/sticker-materials/,pvcシールとは,0,1,0.00,12.00
https://zprintpro.com/ja/blog/sticker-materials/,シール pvcとは,0,2,0.00,16.00
https://zprintpro.com/ja/category/books/,四六判 無線綴じ,0,2,0.00,66.50
https://zprintpro.com/ja/category/books/,無線綴じ 小ロット,0,2,0.00,62.00
https://zprintpro.com/ja/category/japan-doujin/,グッズ 同人 印刷,0,1,0.00,64.00
https://zprintpro.com/ja/category/japan-doujin/,グッズ 同人印刷,0,2,0.00,63.50
https://zprintpro.com/ja/category/japan-doujin/,グッズ印刷 同人,0,3,0.00,61.33
https://zprintpro.com/ja/category/japan-doujin/,同人グッズ 印刷,0,4,0.00,62.00
https://zprintpro.com/ja/category/menus/,印刷 メニュー,0,1,0.00,37.00
https://zprintpro.com/ja/category/packaging/,オリジナルパッケージ,0,1,0.00,40.00
https://zprintpro.com/ja/category/packaging/,ギフト用 パッケージ印刷,0,5,0.00,37.20
https://zprintpro.com/ja/category/packaging/,パッケージ オリジナル,0,3,0.00,52.33
https://zprintpro.com/ja/category/packaging/,商品 パッケージ印刷,0,2,0.00,55.00
https://zprintpro.com/ja/category/paper-bags/,クラフト紙袋 印刷,0,1,0.00,36.00
https://zprintpro.com/ja/category/posters/,ポスター印刷,0,1,0.00,17.00
https://zprintpro.com/ja/category/stickers/,シール印刷プロ,0,1,0.00,33.00
https://zprintpro.com/ja/contact/,alipay flash collect,0,1,0.00,4.00
https://zprintpro.com/ja/contact/,智印港,0,3,0.00,5.33
https://zprintpro.com/ja/payment-methods/,alipay flash collect,0,1,0.00,10.00
https://zprintpro.com/ja/product/a1-posters/,防水 ポスター,0,1,0.00,41.00
https://zprintpro.com/ja/product/a1-posters/,防水ポスター,0,2,0.00,36.50
https://zprintpro.com/ja/product/a2-posters/,a2 poster printing,0,1,0.00,4.00
https://zprintpro.com/ja/product/a2-posters/,a2 クリアポスター 印刷,0,21,0.00,47.95
https://zprintpro.com/ja/product/a2-posters/,a2 サイズ ポスター 印刷,0,1,0.00,58.00
https://zprintpro.com/ja/product/a2-posters/,a2 ポスター,0,6,0.00,36.67
https://zprintpro.com/ja/product/a2-posters/,a2 ポスター プリント,0,2,0.00,54.50
https://zprintpro.com/ja/product/a2-posters/,a2 ポスター 印刷,0,17,0.00,55.76
https://zprintpro.com/ja/product/a2-posters/,a2 ポスター 印刷 激安,0,2,0.00,60.00
https://zprintpro.com/ja/product/a2-posters/,a2 ポスター 激安,0,3,0.00,52.33
https://zprintpro.com/ja/product/a2-posters/,a2 ポスター印刷,0,1,0.00,57.00
https://zprintpro.com/ja/product/a2-posters/,a2ポスター,0,3,0.00,1.00
https://zprintpro.com/ja/product/a2-posters/,ポスター プリント a2,0,2,0.00,56.00
https://zprintpro.com/ja/product/a2-posters/,ポスター 印刷 a2,0,3,0.00,57.67
https://zprintpro.com/ja/product/a2-posters/,安く,0,1,0.00,3.00
https://zprintpro.com/ja/product/a2-posters/,防水ポスター 印刷,0,1,0.00,41.00
https://zprintpro.com/ja/product/adhesive-posters/,ポスター 防水,0,1,0.00,46.00
https://zprintpro.com/ja/product/adhesive-posters/,ポスター 防水加工,0,1,0.00,1.00
https://zprintpro.com/ja/product/business-envelopes/,封筒 印刷 法人,0,2,0.00,70.50
https://zprintpro.com/ja/product/business-envelopes/,法人 封筒,0,1,0.00,53.00
https://zprintpro.com/ja/product/can-badge/,缶バッジ 印刷,0,6,0.00,48.50
https://zprintpro.com/ja/product/can-badge/,缶バッチ 印刷,0,5,0.00,53.80
https://zprintpro.com/ja/product/catalog-printing/,カタログ 印刷,0,19,0.00,49.26
https://zprintpro.com/ja/product/catalog-printing/,カタログ印刷,0,9,0.00,45.11
https://zprintpro.com/ja/product/certificates/,証書 印刷,0,1,0.00,26.00
https://zprintpro.com/ja/product/certificates/,賞状 印刷,0,3,0.00,47.33
https://zprintpro.com/ja/product/cosmetic-boxes/,化粧品 パッケージ 箱,0,1,0.00,23.00
https://zprintpro.com/ja/product/custom-calendars/,カレンダー オンデマンド,0,1,0.00,29.00
https://zprintpro.com/ja/product/desk-calendars/,卓上 カレンダー 印刷 会社,0,2,0.00,92.00
https://zprintpro.com/ja/product/die-cut-stickers/,product,0,1,0.00,1.00
https://zprintpro.com/ja/product/die-cut-stickers/,シール 型抜き,0,1,0.00,42.00
https://zprintpro.com/ja/product/die-cut-stickers/,ダイカット ステッカー 防水,0,2,0.00,1.00
https://zprintpro.com/ja/product/die-cut-stickers/,型 抜き ステッカー,0,1,0.00,43.00
https://zprintpro.com/ja/product/die-cut-stickers/,型抜きシール,0,1,0.00,48.00
https://zprintpro.com/ja/product/die-cut-stickers/,型抜きステッカー,0,1,0.00,23.00
https://zprintpro.com/ja/product/display-posters/,ポスター 屋外 防水,0,2,0.00,61.50
https://zprintpro.com/ja/product/double-sided-flyers/,両面カラー印刷,0,92,0.00,25.59
https://zprintpro.com/ja/product/double-sided-flyers/,両面チラシ,0,1,0.00,1.00
https://zprintpro.com/ja/product/doujinshi-printing/,コミケ 印刷,0,2,0.00,54.50
https://zprintpro.com/ja/product/eco-tote-bag/,オーガニックコットンエコバッグ,0,7,0.00,53.43
https://zprintpro.com/ja/product/fluorescent-stickers/,蛍光 ステッカー,0,3,0.00,29.33
https://zprintpro.com/ja/product/fluorescent-stickers/,蛍光ステッカー,0,5,0.00,29.20
https://zprintpro.com/ja/product/foil-red-packets/,箔押し年賀状,0,2,0.00,25.00
https://zprintpro.com/ja/product/foil-stickers/,ステッカー 箔押し,0,1,0.00,83.00
https://zprintpro.com/ja/product/folded-leaflets/,z折り パンフレット,0,3,0.00,65.00
https://zprintpro.com/ja/product/food-boxes/,パッケージ箱 オーダーメイド 食品,0,14,0.00,47.57
https://zprintpro.com/ja/product/food-boxes/,パッケージ箱 小ロット 食品,0,3,0.00,53.67
https://zprintpro.com/ja/product/food-boxes/,印刷 食品,0,1,0.00,67.00
https://zprintpro.com/ja/product/food-boxes/,食品 パッケージ,0,18,0.00,60.61
https://zprintpro.com/ja/product/food-boxes/,食品 パッケージ印刷,0,1,0.00,60.00
https://zprintpro.com/ja/product/food-boxes/,食品パッケージ,0,4,0.00,56.00
https://zprintpro.com/ja/product/gift-boxes/,ギフト用 パッケージ印刷,0,1,0.00,55.00
https://zprintpro.com/ja/product/gift-boxes/,ボックス 印刷,0,1,0.00,47.00
https://zprintpro.com/ja/product/hardcover-books/,上 製本 印刷 安い,0,13,0.00,65.77
https://zprintpro.com/ja/product/kraft-paper-bags/,"site:pages.dev ""景品"" ""無料"" -site:amazon.co.jp -site:amazon.com -site:amazonaws.com -site:aboutamazon.jp -site:primevideo.com",0,1,0.00,7.00
https://zprintpro.com/ja/product/kraft-paper-bags/,クラフト紙袋,0,1,0.00,31.00
https://zprintpro.com/ja/product/kraft-paper-bags/,クラフト紙袋 印刷,0,3,0.00,31.00
https://zprintpro.com/ja/product/kraft-paper-packaging-box/,クラフト 紙 パッケージ,0,2,0.00,29.00
https://zprintpro.com/ja/product/kraft-paper-packaging-box/,クラフト紙 パッケージ 印刷,0,36,0.00,32.28
https://zprintpro.com/ja/product/kraft-paper-packaging-box/,クラフト紙 パッケージ印刷,0,38,0.00,29.68
https://zprintpro.com/ja/product/kraft-paper-packaging-box/,ボックス 印刷,0,1,0.00,48.00
https://zprintpro.com/ja/product/laminated-menus/,メニュー ラミネート,0,1,0.00,1.00
https://zprintpro.com/ja/product/laminated-menus/,ラミネート メニュー,0,2,0.00,40.00
https://zprintpro.com/ja/product/laminated-menus/,ラミネート メニュー表 制作,0,1,0.00,48.00
https://zprintpro.com/ja/product/laminated-menus/,ラミネート メニュー表 印刷,0,1,0.00,50.00
https://zprintpro.com/ja/product/laminated-menus/,ラミネート メニュー表 料金,0,1,0.00,47.00
https://zprintpro.com/ja/product/laminated-menus/,ラミネート加工 メニュー表 プリント,0,2,0.00,34.50
https://zprintpro.com/ja/product/laminated-menus/,ラミネート加工 メニュー表 制作,0,2,0.00,37.50
https://zprintpro.com/ja/product/large-envelopes/,大きい封筒,0,2,0.00,41.50
https://zprintpro.com/ja/product/large-envelopes/,大判封筒,0,5,0.00,19.60
https://zprintpro.com/ja/product/large-envelopes/,大型封筒,0,4,0.00,10.25
https://zprintpro.com/ja/product/large-envelopes/,封筒 大きい,0,2,0.00,50.50
https://zprintpro.com/ja/product/large-envelopes/,封筒 大きい サイズ,0,1,0.00,50.00
https://zprintpro.com/ja/product/magnetic-calendars/,カレンダー マグネット,0,1,0.00,1.00
https://zprintpro.com/ja/product/magnetic-closure-gift-box/,マグネットレス 貼り箱,0,16,0.00,48.44
https://zprintpro.com/ja/product/outdoor-posters,屋外ポスター,0,1,0.00,22.00
https://zprintpro.com/ja/product/outdoor-posters/,ポスター 屋外,0,4,0.00,55.25
https://zprintpro.com/ja/product/outdoor-posters/,ポスター 屋外 防水,0,3,0.00,27.00
https://zprintpro.com/ja/product/outdoor-posters/,屋外 ポスター,0,6,0.00,54.33
https://zprintpro.com/ja/product/outdoor-posters/,屋外ポスター,0,1,0.00,38.00
https://zprintpro.com/ja/product/outdoor-vinyl-banners/,屋外 バナー,0,1,0.00,36.00
https://zprintpro.com/ja/product/pvc-menus/,pvc menu,0,6,0.00,42.67
https://zprintpro.com/ja/product/roll-up-banners/,ロール アップ バナー,0,1,0.00,5.00
https://zprintpro.com/ja/product/roll-up-banners/,ロールアップバナー,0,1,0.00,3.00
https://zprintpro.com/ja/product/rounded-corner-cards/,カード 角丸,0,1,0.00,46.00
https://zprintpro.com/ja/product/rounded-corner-cards/,名刺 角丸,0,5,0.00,59.40
https://zprintpro.com/ja/product/rounded-corner-cards/,角丸 名刺,0,1,0.00,63.00
https://zprintpro.com/ja/product/same-day-flyers/,チラシ 印刷 早い 安い,0,1,0.00,50.00
https://zprintpro.com/ja/product/same-day-flyers/,チラシ印刷 早い,0,4,0.00,25.25
https://zprintpro.com/ja/product/same-day-flyers/,プリント 即日,0,2,0.00,30.50
https://zprintpro.com/ja/product/same-day-flyers/,印刷 即日,0,4,0.00,42.00
https://zprintpro.com/ja/product/same-day-flyers/,印刷 急ぎ,0,2,0.00,29.00
https://zprintpro.com/ja/product/same-day-flyers/,即日 印刷,0,5,0.00,29.20
https://zprintpro.com/ja/product/same-day-flyers/,当日 印刷,0,1,0.00,37.00
https://zprintpro.com/ja/product/small-batch-stickers/,ステッカー 印刷 小 ロット,0,3,0.00,51.67
https://zprintpro.com/ja/product/small-batch-stickers/,ステッカー 小 ロット,0,1,0.00,51.00
https://zprintpro.com/ja/product/small-batch-stickers/,ステッカー 少量,0,1,0.00,47.00
https://zprintpro.com/ja/product/small-batch-stickers/,ステッカー 激安 小 ロット,0,1,0.00,42.00
https://zprintpro.com/ja/product/small-batch-stickers/,ステッカー印刷 小ロット,0,11,0.00,49.55
https://zprintpro.com/ja/product/small-batch-stickers/,ラベル 印刷 小ロット,0,1,0.00,46.00
https://zprintpro.com/ja/product/textbooks/,印刷 教科書,0,2,0.00,29.00
https://zprintpro.com/ja/product/textbooks/,教材 テキスト印刷,0,32,0.00,42.72
https://zprintpro.com/ja/product/textbooks/,教材 印刷 製本,0,28,0.00,53.71
https://zprintpro.com/ja/product/textbooks/,教材 印刷会社,0,3,0.00,78.67
https://zprintpro.com/ja/product/textbooks/,教材 印刷製本,0,53,0.00,52.38
https://zprintpro.com/ja/product/textbooks/,教材 製本,0,17,0.00,67.18
https://zprintpro.com/ja/product/textbooks/,教科書 印刷,0,104,0.00,40.60
https://zprintpro.com/ja/product/textbooks/,教科書 印刷 会社,0,32,0.00,64.56
https://zprintpro.com/ja/product/textbooks/,教科書 印刷会社,0,59,0.00,62.64
https://zprintpro.com/ja/product/waterproof-stickers/,pvc シール,0,19,0.00,20.21
https://zprintpro.com/ja/product/waterproof-stickers/,pvc ステッカー,0,3,0.00,30.33
https://zprintpro.com/ja/product/waterproof-stickers/,pvcシール,0,1,0.00,4.00
https://zprintpro.com/ja/product/waterproof-stickers/,pvcシールとは,0,1,0.00,28.00
https://zprintpro.com/ja/product/waterproof-stickers/,pvcステッカーとは,0,2,0.00,24.50
https://zprintpro.com/ja/product/waterproof-stickers/,シール pvcとは,0,1,0.00,27.00
https://zprintpro.com/ja/product/waterproof-stickers/,ダイカット ステッカー 防水,0,10,0.00,5.10
https://zprintpro.com/ja/product/waterproof-stickers/,防水pvc,0,2,0.00,1.00
https://zprintpro.com/ja/product/waterproof-stickers/,防水加工 パッケージ 印刷,0,3,0.00,18.00
https://zprintpro.com/ja/product/waterproof-stickers/,防水加工 パッケージ印刷,0,7,0.00,23.14
https://zprintpro.com/ja/services/rush-printing-delivery/,特急印刷 激安,0,9,0.00,17.56
https://zprintpro.com/product/saddle-stitch-booklets/,騎馬釘,0,1,0.00,42.00
https://zprintpro.com/product/security-stickers/,防偽貼紙,0,2,0.00,11.00
https://zprintpro.com/product/transparent-stickers/,透明貼,0,2,0.00,47.00
https://zprintpro.com/product/vehicle-wraps/,車身貼紙價錢,0,1,0.00,41.00
https://zprintpro.com/zh-hk/,c-print,0,1,0.00,11.00
https://zprintpro.com/zh-hk/,capture screen,0,1,0.00,11.00
https://zprintpro.com/zh-hk/,morimori shop,0,1,0.00,3.00
https://zprintpro.com/zh-hk/,screen,0,5,0.00,7.80
https://zprintpro.com/zh-hk/,screen -r,0,1,0.00,12.00
https://zprintpro.com/zh-hk/,z printing,0,1,0.00,1.00
https://zprintpro.com/zh-hk/,zh,0,1,0.00,4.00
https://zprintpro.com/zh-hk/,zprinting,0,1,0.00,1.00
https://zprintpro.com/zh-hk/,三網,0,1,0.00,3.00
https://zprintpro.com/zh-hk/,印刷店,0,3,0.00,6.00
https://zprintpro.com/zh-hk/,即日急件,0,2,0.00,15.50
https://zprintpro.com/zh-hk/,商智,0,1,0.00,10.00
https://zprintpro.com/zh-hk/,廣智,0,1,0.00,7.00
https://zprintpro.com/zh-hk/,房智玟,0,1,0.00,7.00
https://zprintpro.com/zh-hk/,新蒲崗 影印,0,2,0.00,6.00
https://zprintpro.com/zh-hk/,新蒲崗印刷,0,2,0.00,9.50
https://zprintpro.com/zh-hk/,新蒲崗影印,0,1,0.00,8.00
https://zprintpro.com/zh-hk/,新蒲崗影印舖,0,1,0.00,9.00
https://zprintpro.com/zh-hk/,新蒲崗影印鋪,0,1,0.00,1.00
https://zprintpro.com/zh-hk/,新蒲崗打印,0,3,0.00,10.00
https://zprintpro.com/zh-hk/,獎狀,0,1,0.00,9.00
https://zprintpro.com/zh-hk/,網版印刷,0,1,0.00,6.00
https://zprintpro.com/zh-hk/,銳智 正字,0,1,0.00,9.00
https://zprintpro.com/zh-hk/,防水,0,1,0.00,1.00
https://zprintpro.com/zh-hk/about/,"""国际印刷服务"" 公司",0,1,0.00,8.00
https://zprintpro.com/zh-hk/blog/a5-vs-a6-flyer-size/,a5 a6 大小,0,2,0.00,15.00
https://zprintpro.com/zh-hk/blog/a5-vs-a6-flyer-size/,a5 a6 尺寸,0,15,0.00,9.53
https://zprintpro.com/zh-hk/blog/a5-vs-a6-flyer-size/,a5 a6大小,0,1,0.00,9.00
https://zprintpro.com/zh-hk/blog/a5-vs-a6-flyer-size/,a5 a6尺寸,0,3,0.00,9.67
https://zprintpro.com/zh-hk/blog/a5-vs-a6-flyer-size/,a5 印刷,0,5,0.00,9.60
https://zprintpro.com/zh-hk/blog/a5-vs-a6-flyer-size/,a5a6尺寸,0,1,0.00,8.00
https://zprintpro.com/zh-hk/blog/a5-vs-a6-flyer-size/,a5印刷,0,2,0.00,9.00
https://zprintpro.com/zh-hk/blog/a5-vs-a6-flyer-size/,a5和a6尺寸,0,1,0.00,9.00
https://zprintpro.com/zh-hk/blog/a5-vs-a6-flyer-size/,a5大還是a6大,0,2,0.00,9.00
https://zprintpro.com/zh-hk/blog/a5-vs-a6-flyer-size/,a6 a5大小,0,1,0.00,11.00
https://zprintpro.com/zh-hk/blog/a5-vs-a6-flyer-size/,a6 a5尺寸,0,3,0.00,8.67
https://zprintpro.com/zh-hk/blog/a5-vs-a6-flyer-size/,a6 尺寸,0,3,0.00,10.33
https://zprintpro.com/zh-hk/blog/a5-vs-a6-flyer-size/,a6尺寸,0,3,0.00,8.67
https://zprintpro.com/zh-hk/blog/a5-vs-a6-flyer-size/,a6的尺寸,0,1,0.00,11.00
https://zprintpro.com/zh-hk/blog/a5-vs-a6-flyer-size/,傳單 尺寸,0,3,0.00,7.67
https://zprintpro.com/zh-hk/blog/a5-vs-a6-flyer-size/,傳單尺寸,0,1,0.00,9.00
https://zprintpro.com/zh-hk/blog/baby-food-packaging-box-printing-guide/,食品包裝訂製,0,1,0.00,19.00
https://zprintpro.com/zh-hk/blog/book-buying-guide/,印刷書籍,0,1,0.00,16.00
https://zprintpro.com/zh-hk/blog/book-buying-guide/,手冊印刷,0,1,0.00,10.00
https://zprintpro.com/zh-hk/blog/book-buying-guide/,書本印刷,0,4,0.00,24.00
https://zprintpro.com/zh-hk/blog/book-buying-guide/,書籍 印刷,0,1,0.00,8.00
https://zprintpro.com/zh-hk/blog/book-buying-guide/,書籍印刷,0,5,0.00,9.20
https://zprintpro.com/zh-hk/blog/book-buying-guide/,精裝 書,0,1,0.00,36.00
https://zprintpro.com/zh-hk/blog/book-buying-guide/,膠裝書印刷,0,1,0.00,49.00
https://zprintpro.com/zh-hk/blog/business-card-design/,貼紙設計,0,11,0.00,18.91
https://zprintpro.com/zh-hk/blog/calendar-printing-guide/,月曆尺寸,0,1,0.00,7.00
https://zprintpro.com/zh-hk/blog/clear-vs-matte-stickers/,透明貼紙,0,2,0.00,11.00
https://zprintpro.com/zh-hk/blog/clear-vs-matte-stickers/,透明貼紙印刷,0,1,0.00,18.00
https://zprintpro.com/zh-hk/blog/cmyk-guide/,cmyk,0,16,0.00,47.88
https://zprintpro.com/zh-hk/blog/cmyk-guide/,cmyk rgb,0,7,0.00,52.86
https://zprintpro.com/zh-hk/blog/cmyk-guide/,cmyk rgb 差異,0,1,0.00,86.00
https://zprintpro.com/zh-hk/blog/cmyk-guide/,cmyk 印刷,0,4,0.00,41.00
https://zprintpro.com/zh-hk/blog/cmyk-guide/,cmyk 意思,0,3,0.00,36.67
https://zprintpro.com/zh-hk/blog/cmyk-guide/,cmyk 顏色,0,2,0.00,73.50
https://zprintpro.com/zh-hk/blog/cmyk-guide/,cmyk印刷,0,4,0.00,51.50
https://zprintpro.com/zh-hk/blog/cmyk-guide/,rgb cmyk,0,6,0.00,56.17
https://zprintpro.com/zh-hk/blog/cmyk-guide/,rgb 印刷,0,2,0.00,47.00
https://zprintpro.com/zh-hk/blog/cmyk-guide/,rgb印刷,0,5,0.00,24.60
https://zprintpro.com/zh-hk/blog/cmyk-guide/,rgb印刷機,0,1,0.00,3.00
https://zprintpro.com/zh-hk/blog/cmyk-guide/,印刷 cmyk,0,1,0.00,95.00
https://zprintpro.com/zh-hk/blog/cmyk-guide/,印刷cmyk,0,1,0.00,73.00
https://zprintpro.com/zh-hk/blog/cmyk-guide/,印刷色彩,0,1,0.00,1.00
https://zprintpro.com/zh-hk/blog/company-intro/,"""国际印刷服务"" 公司",0,1,0.00,5.00
https://zprintpro.com/zh-hk/blog/cosmetic-card-boxes-gang-run-japan/,單面霧銀卡,0,1,0.00,11.00
https://zprintpro.com/zh-hk/blog/design-file-specs/,出血位,0,1,0.00,1.00
https://zprintpro.com/zh-hk/blog/design-file-specs/,印刷 出血位,0,1,0.00,10.00
https://zprintpro.com/zh-hk/blog/design-file-specs/,印刷出血設定,0,3,0.00,67.67
https://zprintpro.com/zh-hk/blog/doujin-circle-printing-guide/,同人 印刷,0,4,0.00,5.00
https://zprintpro.com/zh-hk/blog/doujin-circle-printing-guide/,同人 誌 印刷,0,1,0.00,15.00
https://zprintpro.com/zh-hk/blog/doujin-circle-printing-guide/,同人周邊,0,3,0.00,6.00
https://zprintpro.com/zh-hk/blog/doujin-circle-printing-guide/,同人周邊製作,0,8,0.00,6.00
https://zprintpro.com/zh-hk/blog/doujin-circle-printing-guide/,同人掛軸印刷,0,1,0.00,6.00
https://zprintpro.com/zh-hk/blog/doujin-circle-printing-guide/,同人本 印刷,0,6,0.00,10.00
https://zprintpro.com/zh-hk/blog/doujin-circle-printing-guide/,同人本印刷,0,2,0.00,5.50
https://zprintpro.com/zh-hk/blog/doujin-circle-printing-guide/,同人誌 印刷,0,7,0.00,6.14
https://zprintpro.com/zh-hk/blog/doujin-circle-printing-guide/,同人誌印刷,0,5,0.00,7.60
https://zprintpro.com/zh-hk/blog/eco-paper-bag-gsm/,包裝紙,0,1,0.00,3.00
https://zprintpro.com/zh-hk/blog/eco-printing/,環保 紙,0,1,0.00,95.00
https://zprintpro.com/zh-hk/blog/eco-printing/,環保印刷,0,46,0.00,16.00
https://zprintpro.com/zh-hk/blog/eco-printing/,環保材質貼紙,0,39,0.00,15.26
https://zprintpro.com/zh-hk/blog/eco-printing/,環保紙,0,2,0.00,71.00
https://zprintpro.com/zh-hk/blog/flyer-buying-guide/,傳單尺寸,0,2,0.00,11.50
https://zprintpro.com/zh-hk/blog/flyer-buying-guide/,傳單紙,0,1,0.00,1.00
https://zprintpro.com/zh-hk/blog/flyer-printing-guide/,傳單 尺寸,0,1,0.00,8.00
https://zprintpro.com/zh-hk/blog/flyer-printing-guide/,傳單大小,0,1,0.00,11.00
https://zprintpro.com/zh-hk/blog/flyer-printing-guide/,傳單尺寸,0,2,0.00,11.00
https://zprintpro.com/zh-hk/blog/flyer-sizes-compared/,a6 印刷,0,1,0.00,9.00
https://zprintpro.com/zh-hk/blog/flyer-sizes-compared/,a6尺寸,0,1,0.00,17.00
https://zprintpro.com/zh-hk/blog/food-packaging-printing-guide/,包裝食品 裡印,0,66,0.00,14.83
https://zprintpro.com/zh-hk/blog/food-packaging-printing-guide/,食品包装,0,2,0.00,16.00
https://zprintpro.com/zh-hk/blog/food-packaging-printing-guide/,食品包裝印刷,0,110,0.00,30.35
https://zprintpro.com/zh-hk/blog/food-packaging-printing-guide/,食品包裝袋印刷,0,11,0.00,29.09
https://zprintpro.com/zh-hk/blog/food-packaging-printing-guide/,食品印刷,0,56,0.00,43.59
https://zprintpro.com/zh-hk/blog/graduation-yearbook-printing-guide/,畢業紀念冊內頁設計,0,3,0.00,10.67
https://zprintpro.com/zh-hk/blog/graduation-yearbook-printing-guide/,畢業紀念冊香港,0,6,0.00,7.67
https://zprintpro.com/zh-hk/blog/graduation-yearbook-printing-guide/,紀念冊 香港,0,1,0.00,4.00
https://zprintpro.com/zh-hk/blog/greeting-card-buying-guide/,貼紙材質pvc,0,1,0.00,9.00
https://zprintpro.com/zh-hk/blog/hong-kong-printing-guide/,印刷,0,3,0.00,70.00
https://zprintpro.com/zh-hk/blog/hong-kong-printing-guide/,印刷 企業,0,3,0.00,21.00
https://zprintpro.com/zh-hk/blog/hong-kong-printing-guide/,印刷 公司 香港,0,9,0.00,45.78
https://zprintpro.com/zh-hk/blog/hong-kong-printing-guide/,印刷 工廠,0,1,0.00,62.00
https://zprintpro.com/zh-hk/blog/hong-kong-printing-guide/,印刷 廠,0,1,0.00,22.00
https://zprintpro.com/zh-hk/blog/hong-kong-printing-guide/,印刷 推薦,0,8,0.00,41.12
https://zprintpro.com/zh-hk/blog/hong-kong-printing-guide/,印刷 香港,0,3,0.00,49.00
https://zprintpro.com/zh-hk/blog/hong-kong-printing-guide/,印刷公司,0,60,0.00,38.98
https://zprintpro.com/zh-hk/blog/hong-kong-printing-guide/,印刷公司 香港,0,2,0.00,44.50
https://zprintpro.com/zh-hk/blog/hong-kong-printing-guide/,印刷廠,0,3,0.00,18.67
https://zprintpro.com/zh-hk/blog/hong-kong-printing-guide/,我想為我的網店尋找一間可靠的印刷供應商，可以介紹一些中小企公司嗎？,0,1,0.00,7.00
https://zprintpro.com/zh-hk/blog/hong-kong-printing-guide/,觀塘印刷公司,0,16,0.00,14.56
https://zprintpro.com/zh-hk/blog/hong-kong-printing-guide/,香港 印刷,0,6,0.00,51.83
https://zprintpro.com/zh-hk/blog/hong-kong-printing-guide/,香港 印刷 公司,0,6,0.00,42.50
https://zprintpro.com/zh-hk/blog/hong-kong-printing-guide/,香港 印刷 廠,0,5,0.00,46.20
https://zprintpro.com/zh-hk/blog/hong-kong-printing-guide/,香港印刷,0,11,0.00,52.00
https://zprintpro.com/zh-hk/blog/hong-kong-printing-guide/,香港印刷公司,0,27,0.00,31.81
https://zprintpro.com/zh-hk/blog/hong-kong-printing-guide/,香港印刷廠,0,2,0.00,25.50
https://zprintpro.com/zh-hk/blog/hotel-keycard-sleeve-printing-guide/,香港,0,1,0.00,10.00
https://zprintpro.com/zh-hk/blog/menu-buying-guide/,膠片餐牌,0,2,0.00,33.50
https://zprintpro.com/zh-hk/blog/menu-buying-guide/,餐牌印刷,0,5,0.00,26.80
https://zprintpro.com/zh-hk/blog/mtr-advertising-specs/,12月,0,1,0.00,3.00
https://zprintpro.com/zh-hk/blog/mtr-advertising-specs/,mtr 廣告 價錢,0,1,0.00,30.00
https://zprintpro.com/zh-hk/blog/mtr-advertising-specs/,mtr廣告價錢,0,1,0.00,36.00
https://zprintpro.com/zh-hk/blog/mtr-advertising-specs/,地鐵 廣告 價錢,0,3,0.00,27.00
https://zprintpro.com/zh-hk/blog/mtr-advertising-specs/,地鐵 燈箱 廣告,0,1,0.00,40.00
https://zprintpro.com/zh-hk/blog/mtr-advertising-specs/,地鐵廣告燈箱價錢,0,1,0.00,32.00
https://zprintpro.com/zh-hk/blog/mtr-advertising-specs/,地鐵燈箱廣告價錢,0,1,0.00,30.00
https://zprintpro.com/zh-hk/blog/mtr-advertising-specs/,地鐵燈箱廣告尺寸,0,10,0.00,6.60
https://zprintpro.com/zh-hk/blog/mtr-advertising-specs/,地鐵站廣告價錢,0,1,0.00,36.00
https://zprintpro.com/zh-hk/blog/mtr-advertising-specs/,港 鐵 廣告 價格 表,0,1,0.00,28.00
https://zprintpro.com/zh-hk/blog/mtr-advertising-specs/,港鐵廣告價格表,0,1,0.00,27.00
https://zprintpro.com/zh-hk/blog/mtr-advertising-specs/,燈箱yupo紙,0,6,0.00,15.00
https://zprintpro.com/zh-hk/blog/mtr-advertising-specs/,香港地鐵廣告價錢,0,1,0.00,28.00
https://zprintpro.com/zh-hk/blog/mtr-advertising-specs/,香港電車廣告 指標,0,1,0.00,5.00
https://zprintpro.com/zh-hk/blog/packaging-box-custom-guide/,包裝 印刷,0,1,0.00,77.00
https://zprintpro.com/zh-hk/blog/packaging-box-custom-guide/,包裝 盒 印刷,0,1,0.00,87.00
https://zprintpro.com/zh-hk/blog/packaging-box-custom-guide/,包裝盒印刷,0,24,0.00,78.25
https://zprintpro.com/zh-hk/blog/packaging-box-custom-guide/,包裝盒訂製,0,39,0.00,63.13
https://zprintpro.com/zh-hk/blog/packaging-box-custom-guide/,禮盒訂做,0,1,0.00,55.00
https://zprintpro.com/zh-hk/blog/packaging-box-custom-guide/,紙盒訂製,0,16,0.00,75.88
https://zprintpro.com/zh-hk/blog/packaging-buying-guide/,包裝盒訂製,0,6,0.00,25.00
https://zprintpro.com/zh-hk/blog/packaging-color-psychology/,包裝顏色,0,1,0.00,8.00
https://zprintpro.com/zh-hk/blog/paper-bag-buying-guide/,印刷紙袋,0,67,0.00,40.27
https://zprintpro.com/zh-hk/blog/paper-bag-buying-guide/,印紙袋,0,10,0.00,79.90
https://zprintpro.com/zh-hk/blog/paper-bag-buying-guide/,紙袋 尺寸,0,5,0.00,43.20
https://zprintpro.com/zh-hk/blog/paper-bag-buying-guide/,紙袋印刷,0,166,0.00,54.54
https://zprintpro.com/zh-hk/blog/paper-bag-buying-guide/,紙袋印製,0,7,0.00,72.14
https://zprintpro.com/zh-hk/blog/paper-bag-buying-guide/,紙袋尺寸,0,1,0.00,4.00
https://zprintpro.com/zh-hk/blog/paper-bag-buying-guide/,紙袋材質,0,1,0.00,9.00
https://zprintpro.com/zh-hk/blog/paper-bag-buying-guide/,紙袋訂製,0,28,0.00,29.82
https://zprintpro.com/zh-hk/blog/paper-bag-printing-guide/,印刷紙袋,0,27,0.00,38.78
https://zprintpro.com/zh-hk/blog/paper-bag-printing-guide/,紙袋印刷,0,31,0.00,37.16
https://zprintpro.com/zh-hk/blog/paper-bag-printing-guide/,紙袋訂製,0,17,0.00,68.41
https://zprintpro.com/zh-hk/blog/paper-materials/,art paper 中文,0,1,0.00,45.00
https://zprintpro.com/zh-hk/blog/paper-materials/,woodfree paper 中文,0,1,0.00,34.00
https://zprintpro.com/zh-hk/blog/paper-materials/,卡片 紙質,0,1,0.00,66.00
https://zprintpro.com/zh-hk/blog/paper-materials/,印刷 紙,0,1,0.00,85.00
https://zprintpro.com/zh-hk/blog/paper-materials/,印刷紙,0,7,0.00,8.43
https://zprintpro.com/zh-hk/blog/paper-materials/,印刷紙張,0,1,0.00,12.00
https://zprintpro.com/zh-hk/blog/paper-materials/,印刷紙張材質,0,5,0.00,8.80
https://zprintpro.com/zh-hk/blog/paper-materials/,印刷紙材,0,2,0.00,14.50
https://zprintpro.com/zh-hk/blog/paper-materials/,澳門印刷紙質,0,1,0.00,48.00
https://zprintpro.com/zh-hk/blog/paper-materials/,特種紙,0,13,0.00,6.08
https://zprintpro.com/zh-hk/blog/paper-materials/,紙 材質,0,2,0.00,84.50
https://zprintpro.com/zh-hk/blog/paper-materials/,紙 材質 種類,0,1,0.00,87.00
https://zprintpro.com/zh-hk/blog/paper-materials/,紙張,0,7,0.00,63.57
https://zprintpro.com/zh-hk/blog/paper-materials/,紙張 材質,0,2,0.00,41.50
https://zprintpro.com/zh-hk/blog/paper-materials/,紙張材質,0,2,0.00,44.00
https://zprintpro.com/zh-hk/blog/paper-materials/,紙材,0,2,0.00,42.50
https://zprintpro.com/zh-hk/blog/paper-materials/,紙材質,0,1,0.00,87.00
https://zprintpro.com/zh-hk/blog/paper-materials/,紙的種類介紹,0,1,0.00,1.00
https://zprintpro.com/zh-hk/blog/paper-materials/,紙質,0,3,0.00,74.33
https://zprintpro.com/zh-hk/blog/paper-materials/,紙質 種類,0,1,0.00,95.00
https://zprintpro.com/zh-hk/blog/paper-materials/,銅版 紙,0,2,0.00,45.50
https://zprintpro.com/zh-hk/blog/paper-materials/,銅版紙,0,3,0.00,47.67
https://zprintpro.com/zh-hk/blog/pharmaceutical-label-printing-guide/,藥品標籤,0,1,0.00,32.00
https://zprintpro.com/zh-hk/blog/poster-buying-guide/,poster 尺寸,0,2,0.00,1.00
https://zprintpro.com/zh-hk/blog/poster-buying-guide/,海報,0,1,0.00,4.00
https://zprintpro.com/zh-hk/blog/poster-buying-guide/,海報 尺寸,0,2,0.00,65.00
https://zprintpro.com/zh-hk/blog/poster-buying-guide/,海報size,0,9,0.00,60.44
https://zprintpro.com/zh-hk/blog/poster-buying-guide/,海報列印,0,3,0.00,71.67
https://zprintpro.com/zh-hk/blog/poster-buying-guide/,海報印刷,0,24,0.00,53.33
https://zprintpro.com/zh-hk/blog/poster-buying-guide/,海報印刷一張,0,1,0.00,53.00
https://zprintpro.com/zh-hk/blog/poster-buying-guide/,海報大小,0,10,0.00,67.60
https://zprintpro.com/zh-hk/blog/poster-buying-guide/,海報尺寸,0,3,0.00,49.67
https://zprintpro.com/zh-hk/blog/poster-buying-guide/,海報是什麼,0,1,0.00,10.00
https://zprintpro.com/zh-hk/blog/poster-buying-guide/,海報紙質,0,4,0.00,2.75
https://zprintpro.com/zh-hk/blog/poster-buying-guide/,海報與印刷,0,38,0.00,74.34
https://zprintpro.com/zh-hk/blog/poster-printing-guide/,a3海報印刷,0,2,0.00,17.00
https://zprintpro.com/zh-hk/blog/poster-printing-guide/,poster print sizes,0,3,0.00,69.00
https://zprintpro.com/zh-hk/blog/poster-printing-guide/,poster 印刷,0,45,0.00,13.20
https://zprintpro.com/zh-hk/blog/poster-printing-guide/,印海報,0,44,0.00,13.61
https://zprintpro.com/zh-hk/blog/poster-printing-guide/,大型 海報 印刷,0,5,0.00,12.60
https://zprintpro.com/zh-hk/blog/poster-printing-guide/,室內海報,0,9,0.00,10.22
https://zprintpro.com/zh-hk/blog/poster-printing-guide/,工藝海報,0,2,0.00,3.00
https://zprintpro.com/zh-hk/blog/poster-printing-guide/,海報 印刷,0,1,0.00,14.00
https://zprintpro.com/zh-hk/blog/poster-printing-guide/,海報 材質,0,1,0.00,9.00
https://zprintpro.com/zh-hk/blog/poster-printing-guide/,海報 紙質,0,1,0.00,1.00
https://zprintpro.com/zh-hk/blog/poster-printing-guide/,海報size,0,4,0.00,15.75
https://zprintpro.com/zh-hk/blog/poster-printing-guide/,海報列印,0,4,0.00,29.00
https://zprintpro.com/zh-hk/blog/poster-printing-guide/,海報印刷,0,67,0.00,12.58
https://zprintpro.com/zh-hk/blog/poster-printing-guide/,海報大小,0,4,0.00,15.25
https://zprintpro.com/zh-hk/blog/poster-printing-guide/,海報尺寸,0,6,0.00,13.00
https://zprintpro.com/zh-hk/blog/poster-printing-guide/,海報影印,0,1,0.00,14.00
https://zprintpro.com/zh-hk/blog/poster-printing-guide/,海報打印,0,1,0.00,11.00
https://zprintpro.com/zh-hk/blog/poster-printing-guide/,海報材質,0,1,0.00,8.00
https://zprintpro.com/zh-hk/blog/poster-printing-guide/,海報紙質,0,7,0.00,9.00
https://zprintpro.com/zh-hk/blog/poster-printing-guide/,海報與印刷,0,56,0.00,15.61
https://zprintpro.com/zh-hk/blog/poster-printing-price-guide/,a0海報價格,0,1,0.00,10.00
https://zprintpro.com/zh-hk/blog/poster-printing-price-guide/,a1 poster print cost,0,5,0.00,71.60
https://zprintpro.com/zh-hk/blog/poster-printing-price-guide/,a1 poster printing prices,0,4,0.00,73.00
https://zprintpro.com/zh-hk/blog/poster-printing-price-guide/,a1海報印刷價格,0,1,0.00,9.00
https://zprintpro.com/zh-hk/blog/poster-printing-price-guide/,a2海報印刷價格,0,1,0.00,1.00
https://zprintpro.com/zh-hk/blog/poster-printing-price-guide/,印海報一張,0,5,0.00,54.80
https://zprintpro.com/zh-hk/blog/poster-printing-price-guide/,海報 印刷 價格,0,1,0.00,12.00
https://zprintpro.com/zh-hk/blog/poster-printing-price-guide/,海報價格,0,1,0.00,23.00
https://zprintpro.com/zh-hk/blog/poster-printing-price-guide/,海報印刷一張,0,1,0.00,57.00
https://zprintpro.com/zh-hk/blog/poster-printing-price-guide/,通常幾錢,0,1,0.00,4.00
https://zprintpro.com/zh-hk/blog/poster-size-guide/,a0 海報 尺寸,0,1,0.00,65.00
https://zprintpro.com/zh-hk/blog/poster-size-guide/,a0海報尺寸,0,2,0.00,64.00
https://zprintpro.com/zh-hk/blog/poster-size-guide/,a1 海報 大小,0,1,0.00,52.00
https://zprintpro.com/zh-hk/blog/poster-size-guide/,a1海報大小,0,1,0.00,44.00
https://zprintpro.com/zh-hk/blog/poster-size-guide/,a1海報尺寸,0,2,0.00,41.50
https://zprintpro.com/zh-hk/blog/poster-size-guide/,a1海报尺寸,0,1,0.00,11.00
https://zprintpro.com/zh-hk/blog/poster-size-guide/,a2 a3 尺寸,0,2,0.00,40.50
https://zprintpro.com/zh-hk/blog/poster-size-guide/,a2 size尺寸,0,1,0.00,32.00
https://zprintpro.com/zh-hk/blog/poster-size-guide/,a2 海報 大小,0,1,0.00,33.00
https://zprintpro.com/zh-hk/blog/poster-size-guide/,a2海報 尺寸,0,1,0.00,10.00
https://zprintpro.com/zh-hk/blog/poster-size-guide/,a2海報多大,0,1,0.00,1.00
https://zprintpro.com/zh-hk/blog/poster-size-guide/,a2海報尺寸,0,3,0.00,18.33
https://zprintpro.com/zh-hk/blog/poster-size-guide/,a3 poster dimensions,0,1,0.00,97.00
https://zprintpro.com/zh-hk/blog/poster-size-guide/,a3 poster size,0,1,0.00,95.00
https://zprintpro.com/zh-hk/blog/poster-size-guide/,a3 紙 尺寸,0,1,0.00,74.00
https://zprintpro.com/zh-hk/blog/poster-size-guide/,a3海報印刷,0,8,0.00,22.00
https://zprintpro.com/zh-hk/blog/poster-size-guide/,a3海報大小,0,4,0.00,56.75
https://zprintpro.com/zh-hk/blog/poster-size-guide/,a3海報尺寸,0,2,0.00,48.50
https://zprintpro.com/zh-hk/blog/poster-size-guide/,poster 尺寸,0,4,0.00,6.75
https://zprintpro.com/zh-hk/blog/poster-size-guide/,大型海報尺寸,0,1,0.00,6.00
https://zprintpro.com/zh-hk/blog/poster-size-guide/,常用海報尺寸,0,1,0.00,45.00
https://zprintpro.com/zh-hk/blog/poster-size-guide/,海報 尺寸,0,1,0.00,36.00
https://zprintpro.com/zh-hk/blog/poster-size-guide/,海報a1尺寸,0,1,0.00,52.00
https://zprintpro.com/zh-hk/blog/poster-size-guide/,海報a2尺寸,0,1,0.00,30.00
https://zprintpro.com/zh-hk/blog/poster-size-guide/,海報size,0,8,0.00,39.75
https://zprintpro.com/zh-hk/blog/poster-size-guide/,海報大小,0,9,0.00,32.89
https://zprintpro.com/zh-hk/blog/poster-size-guide/,海報大小尺寸,0,2,0.00,46.00
https://zprintpro.com/zh-hk/blog/poster-size-guide/,海報尺寸,0,2,0.00,1.00
https://zprintpro.com/zh-hk/blog/restaurant-menu-printing-guide/,menu 印刷,0,1,0.00,16.00
https://zprintpro.com/zh-hk/blog/restaurant-menu-printing-guide/,菜單印刷,0,1,0.00,3.00
https://zprintpro.com/zh-hk/blog/restaurant-menu-printing-guide/,餐牌印刷,0,6,0.00,13.17
https://zprintpro.com/zh-hk/blog/retail-shop-poster-printing-guide/,印海報,0,15,0.00,59.07
https://zprintpro.com/zh-hk/blog/retail-shop-poster-printing-guide/,室內海報,0,1,0.00,73.00
https://zprintpro.com/zh-hk/blog/retail-shop-poster-printing-guide/,海報 印刷,0,1,0.00,49.00
https://zprintpro.com/zh-hk/blog/retail-shop-poster-printing-guide/,海報列印,0,1,0.00,77.00
https://zprintpro.com/zh-hk/blog/retail-shop-poster-printing-guide/,海報印刷,0,36,0.00,48.19
https://zprintpro.com/zh-hk/blog/retail-shop-poster-printing-guide/,海報與印刷,0,14,0.00,77.86
https://zprintpro.com/zh-hk/blog/saddle-stitch-booklet-printing-guide/,小冊子印刷,0,3,0.00,10.67
https://zprintpro.com/zh-hk/blog/saddle-stitch-booklet-printing-guide/,騎馬釘,0,2,0.00,19.50
https://zprintpro.com/zh-hk/blog/saddle-stitch-booklet-printing-guide/,騎馬釘印刷,0,3,0.00,14.33
https://zprintpro.com/zh-hk/blog/same-day-flyers-printing-hong-kong-guide/,印刷 即日,0,1,0.00,14.00
https://zprintpro.com/zh-hk/blog/same-day-flyers-printing-hong-kong-guide/,即日印刷,0,7,0.00,25.14
https://zprintpro.com/zh-hk/blog/same-day-flyers-printing-hong-kong-guide/,即日急件,0,8,0.00,19.50
https://zprintpro.com/zh-hk/blog/sticker-buying-guide/,印貼紙,0,1,0.00,73.00
https://zprintpro.com/zh-hk/blog/sticker-buying-guide/,貼紙印刷,0,18,0.00,66.89
https://zprintpro.com/zh-hk/blog/sticker-buying-guide/,貼紙印製,0,3,0.00,66.67
https://zprintpro.com/zh-hk/blog/sticker-buying-guide/,貼紙材質分類,0,1,0.00,32.00
https://zprintpro.com/zh-hk/blog/sticker-buying-guide/,貼紙製作,0,2,0.00,80.50
https://zprintpro.com/zh-hk/blog/sticker-buying-guide/,貼紙訂製,0,11,0.00,78.55
https://zprintpro.com/zh-hk/blog/sticker-design/,貼紙設計,0,8,0.00,13.75
https://zprintpro.com/zh-hk/blog/sticker-guide/,貼紙 印刷,0,2,0.00,68.50
https://zprintpro.com/zh-hk/blog/sticker-guide/,貼紙 訂製,0,1,0.00,69.00
https://zprintpro.com/zh-hk/blog/sticker-guide/,貼紙印刷,0,210,0.00,59.42
https://zprintpro.com/zh-hk/blog/sticker-guide/,貼紙印製,0,7,0.00,63.57
https://zprintpro.com/zh-hk/blog/sticker-guide/,貼紙打印,0,1,0.00,68.00
https://zprintpro.com/zh-hk/blog/sticker-guide/,貼紙製作,0,7,0.00,70.71
https://zprintpro.com/zh-hk/blog/sticker-guide/,貼紙訂製,0,12,0.00,70.83
https://zprintpro.com/zh-hk/blog/sticker-guide/,香港印貼紙,0,1,0.00,55.00
https://zprintpro.com/zh-hk/blog/sticker-guide/,香港貼紙印刷,0,3,0.00,33.00
https://zprintpro.com/zh-hk/blog/sticker-materials/,pvc貼紙,0,1,0.00,48.00
https://zprintpro.com/zh-hk/blog/sticker-materials/,合成紙貼紙,0,3,0.00,9.33
https://zprintpro.com/zh-hk/blog/sticker-materials/,戶外防水貼紙,0,1,0.00,9.00
https://zprintpro.com/zh-hk/blog/sticker-materials/,防水合成紙,0,1,0.00,1.00
https://zprintpro.com/zh-hk/blog/sticker-packaging-design/,產品貼紙設計,0,1,0.00,9.00
https://zprintpro.com/zh-hk/category/books/,作品集印製,0,1,0.00,57.00
https://zprintpro.com/zh-hk/category/books/,冊子印刷,0,2,0.00,81.00
https://zprintpro.com/zh-hk/category/books/,印 書,0,2,0.00,43.50
https://zprintpro.com/zh-hk/category/books/,印書,0,90,0.00,32.62
https://zprintpro.com/zh-hk/category/books/,型錄印製,0,1,0.00,87.00
https://zprintpro.com/zh-hk/category/books/,智印港,0,6,0.00,2.00
https://zprintpro.com/zh-hk/category/books/,書刊印刷,0,13,0.00,55.38
https://zprintpro.com/zh-hk/category/books/,書籍印刷,0,2,0.00,21.00
https://zprintpro.com/zh-hk/category/books/,畫冊印刷,0,1,0.00,20.00
https://zprintpro.com/zh-hk/category/books/,繪本印刷推薦,0,1,0.00,1.00
https://zprintpro.com/zh-hk/category/books/,繪本印製,0,1,0.00,19.00
https://zprintpro.com/zh-hk/category/books/,膠裝書,0,5,0.00,48.00
https://zprintpro.com/zh-hk/category/books/,膠裝書價格,0,6,0.00,30.17
https://zprintpro.com/zh-hk/category/books/,膠裝書刊,0,3,0.00,52.33
https://zprintpro.com/zh-hk/category/books/,膠裝書印刷,0,8,0.00,45.38
https://zprintpro.com/zh-hk/category/books/,騎馬釘印刷,0,1,0.00,39.00
https://zprintpro.com/zh-hk/category/business-cards/,卡片印刷,0,11,0.00,39.73
https://zprintpro.com/zh-hk/category/business-cards/,卡紙印刷,0,13,0.00,42.38
https://zprintpro.com/zh-hk/category/business-cards/,印咭片,0,33,0.00,39.45
https://zprintpro.com/zh-hk/category/business-cards/,咭片,0,35,0.00,47.69
https://zprintpro.com/zh-hk/category/business-cards/,咭片印刷,0,40,0.00,40.80
https://zprintpro.com/zh-hk/category/business-cards/,啞膠咭片,0,1,0.00,64.00
https://zprintpro.com/zh-hk/category/business-cards/,智印港,0,3,0.00,2.67
https://zprintpro.com/zh-hk/category/calendars/,印月曆,0,10,0.00,23.40
https://zprintpro.com/zh-hk/category/calendars/,月曆價錢,0,1,0.00,28.00
https://zprintpro.com/zh-hk/category/calendars/,月曆訂製,0,47,0.00,33.51
https://zprintpro.com/zh-hk/category/calendars/,月曆訂購,0,1,0.00,15.00
https://zprintpro.com/zh-hk/category/calendars/,月歷印刷,0,90,0.00,32.48
https://zprintpro.com/zh-hk/category/calendars/,訂制月曆,0,32,0.00,29.56
https://zprintpro.com/zh-hk/category/calendars/,訂製月曆,0,9,0.00,29.78
https://zprintpro.com/zh-hk/category/educational/,學校 印刷,0,10,0.00,41.80
https://zprintpro.com/zh-hk/category/educational/,學校印刷,0,18,0.00,39.33
https://zprintpro.com/zh-hk/category/educational/,校 簿 印刷,0,7,0.00,46.00
https://zprintpro.com/zh-hk/category/educational/,校簿,0,1,0.00,51.00
https://zprintpro.com/zh-hk/category/educational/,校簿印刷,0,1,0.00,78.00
https://zprintpro.com/zh-hk/category/envelopes/,xinf,0,2,0.00,9.00
https://zprintpro.com/zh-hk/category/envelopes/,信封,0,4,0.00,73.75
https://zprintpro.com/zh-hk/category/envelopes/,信封印刷,0,2,0.00,20.00
https://zprintpro.com/zh-hk/category/envelopes/,信封印刷價格,0,1,0.00,21.00
https://zprintpro.com/zh-hk/category/envelopes/,信封訂製,0,1,0.00,20.00
https://zprintpro.com/zh-hk/category/envelopes/,公司信封,0,2,0.00,1.00
https://zprintpro.com/zh-hk/category/envelopes/,印信封,0,1,0.00,21.00
https://zprintpro.com/zh-hk/category/envelopes/,客製信封,0,1,0.00,10.00
https://zprintpro.com/zh-hk/category/envelopes/,香港信封尺寸,0,1,0.00,1.00
https://zprintpro.com/zh-hk/category/flyers/,傳單 印刷,0,1,0.00,50.00
https://zprintpro.com/zh-hk/category/flyers/,傳單印刷,0,6,0.00,44.50
https://zprintpro.com/zh-hk/category/flyers/,印傳單,0,2,0.00,57.50
https://zprintpro.com/zh-hk/category/flyers/,印傳單 價格,0,1,0.00,1.00
https://zprintpro.com/zh-hk/category/flyers/,印海報一張,0,3,0.00,63.00
https://zprintpro.com/zh-hk/category/flyers/,單張印刷,0,2,0.00,20.00
https://zprintpro.com/zh-hk/category/flyers/,宣傳 單 張,0,2,0.00,70.50
https://zprintpro.com/zh-hk/category/flyers/,宣傳單張,0,202,0.00,56.18
https://zprintpro.com/zh-hk/category/flyers/,宣傳單張印刷,0,245,0.00,43.75
https://zprintpro.com/zh-hk/category/flyers/,海報列印,0,1,0.00,78.00
https://zprintpro.com/zh-hk/category/greeting-cards/,智印港,0,1,0.00,1.00
https://zprintpro.com/zh-hk/category/greeting-cards/,賀卡印刷,0,2,0.00,9.50
https://zprintpro.com/zh-hk/category/japan-doujin/,コミケ 印刷,0,1,0.00,82.00
https://zprintpro.com/zh-hk/category/menus/,膠卡餐牌,0,3,0.00,61.33
https://zprintpro.com/zh-hk/category/menus/,膠片餐牌,0,3,0.00,57.33
https://zprintpro.com/zh-hk/category/menus/,餐牌印刷,0,193,0.00,19.41
https://zprintpro.com/zh-hk/category/packaging/,packaging printing,0,1,0.00,85.00
https://zprintpro.com/zh-hk/category/packaging/,包裝 印刷,0,9,0.00,25.78
https://zprintpro.com/zh-hk/category/packaging/,包裝 盒 印刷,0,3,0.00,57.67
https://zprintpro.com/zh-hk/category/packaging/,包裝印刷,0,2,0.00,35.00
https://zprintpro.com/zh-hk/category/packaging/,包裝盒印刷,0,101,0.00,44.25
https://zprintpro.com/zh-hk/category/packaging/,包裝盒訂製,0,143,0.00,30.69
https://zprintpro.com/zh-hk/category/packaging/,包裝食品 裡印,0,10,0.00,88.20
https://zprintpro.com/zh-hk/category/packaging/,印紙 盒,0,1,0.00,68.00
https://zprintpro.com/zh-hk/category/packaging/,大約價格,0,1,0.00,1.00
https://zprintpro.com/zh-hk/category/packaging/,智印港,0,2,0.00,4.00
https://zprintpro.com/zh-hk/category/packaging/,禮物盒訂製,0,1,0.00,51.00
https://zprintpro.com/zh-hk/category/packaging/,禮盒訂做,0,25,0.00,30.92
https://zprintpro.com/zh-hk/category/packaging/,禮盒訂製,0,30,0.00,40.07
https://zprintpro.com/zh-hk/category/packaging/,紙 盒 包裝,0,1,0.00,56.00
https://zprintpro.com/zh-hk/category/packaging/,紙 盒 印刷,0,1,0.00,39.00
https://zprintpro.com/zh-hk/category/packaging/,紙盒印刷,0,44,0.00,42.39
https://zprintpro.com/zh-hk/category/packaging/,紙盒印製,0,1,0.00,63.00
https://zprintpro.com/zh-hk/category/packaging/,紙盒訂製,0,122,0.00,47.11
https://zprintpro.com/zh-hk/category/packaging/,食品包裝印刷,0,64,0.00,75.31
https://zprintpro.com/zh-hk/category/packaging/,食品包裝訂製,0,39,0.00,31.15
https://zprintpro.com/zh-hk/category/paper-bags/,印刷紙袋,0,138,0.00,42.60
https://zprintpro.com/zh-hk/category/paper-bags/,印刷袋,0,3,0.00,36.33
https://zprintpro.com/zh-hk/category/paper-bags/,印紙袋,0,34,0.00,27.94
https://zprintpro.com/zh-hk/category/paper-bags/,印膠袋,0,28,0.00,51.89
https://zprintpro.com/zh-hk/category/paper-bags/,大型紙袋,0,1,0.00,32.00
https://zprintpro.com/zh-hk/category/paper-bags/,智印港,0,1,0.00,1.00
https://zprintpro.com/zh-hk/category/paper-bags/,現貨紙袋香港,0,2,0.00,24.00
https://zprintpro.com/zh-hk/category/paper-bags/,紙袋,0,9,0.00,59.33
https://zprintpro.com/zh-hk/category/paper-bags/,紙袋 批發,0,1,0.00,54.00
https://zprintpro.com/zh-hk/category/paper-bags/,紙袋印刷,0,187,0.00,33.58
https://zprintpro.com/zh-hk/category/paper-bags/,紙袋印製,0,32,0.00,34.34
https://zprintpro.com/zh-hk/category/paper-bags/,紙袋批發,0,28,0.00,49.11
https://zprintpro.com/zh-hk/category/paper-bags/,紙袋現貨,0,1,0.00,10.00
https://zprintpro.com/zh-hk/category/paper-bags/,紙袋現貨深水埗,0,2,0.00,62.50
https://zprintpro.com/zh-hk/category/paper-bags/,紙袋訂做,0,33,0.00,41.55
https://zprintpro.com/zh-hk/category/paper-bags/,紙袋訂製,0,172,0.00,46.65
https://zprintpro.com/zh-hk/category/paper-bags/,紙袋訂造,0,36,0.00,37.78
https://zprintpro.com/zh-hk/category/paper-bags/,膠袋 印刷,0,11,0.00,56.64
https://zprintpro.com/zh-hk/category/paper-bags/,膠袋印刷,0,9,0.00,52.67
https://zprintpro.com/zh-hk/category/paper-bags/,袋印刷,0,27,0.00,48.56
https://zprintpro.com/zh-hk/category/paper-bags/,訂 做 紙袋,0,16,0.00,34.44
https://zprintpro.com/zh-hk/category/paper-bags/,訂做紙袋,0,145,0.00,36.43
https://zprintpro.com/zh-hk/category/posters/,a0 印刷 即日,0,1,0.00,24.00
https://zprintpro.com/zh-hk/category/posters/,a1 印刷 即日,0,1,0.00,34.00
https://zprintpro.com/zh-hk/category/posters/,a1 海報,0,2,0.00,1.00
https://zprintpro.com/zh-hk/category/posters/,a1海報,0,1,0.00,1.00
https://zprintpro.com/zh-hk/category/posters/,a3海報印刷,0,2,0.00,62.50
https://zprintpro.com/zh-hk/category/posters/,poster 印刷,0,83,0.00,51.80
https://zprintpro.com/zh-hk/category/posters/,print poster,0,1,0.00,52.00
https://zprintpro.com/zh-hk/category/posters/,印 海報,0,1,0.00,62.00
https://zprintpro.com/zh-hk/category/posters/,印海報,0,188,0.00,53.00
https://zprintpro.com/zh-hk/category/posters/,印海報一張,0,38,0.00,50.87
https://zprintpro.com/zh-hk/category/posters/,大型海報印刷,0,1,0.00,21.00
https://zprintpro.com/zh-hk/category/posters/,室內海報,0,1,0.00,24.00
https://zprintpro.com/zh-hk/category/posters/,戶外海報,0,1,0.00,44.00
https://zprintpro.com/zh-hk/category/posters/,海報,0,1,0.00,72.00
https://zprintpro.com/zh-hk/category/posters/,海報 印刷,0,3,0.00,53.67
https://zprintpro.com/zh-hk/category/posters/,海報 印刷 價格,0,1,0.00,49.00
https://zprintpro.com/zh-hk/category/posters/,海報a1,0,1,0.00,1.00
https://zprintpro.com/zh-hk/category/posters/,海報價格,0,2,0.00,48.00
https://zprintpro.com/zh-hk/category/posters/,海報價錢,0,1,0.00,19.00
https://zprintpro.com/zh-hk/category/posters/,海報列印,0,13,0.00,67.92
https://zprintpro.com/zh-hk/category/posters/,海報印刷,0,184,0.00,50.73
https://zprintpro.com/zh-hk/category/posters/,海報與印刷,0,6,0.00,67.50
https://zprintpro.com/zh-hk/category/posters/,海報過膠,0,1,0.00,29.00
https://zprintpro.com/zh-hk/category/red-packets/,利 是 封 印刷,0,13,0.00,33.23
https://zprintpro.com/zh-hk/category/red-packets/,利 是 封 尺寸,0,4,0.00,35.00
https://zprintpro.com/zh-hk/category/red-packets/,利 是 封 訂 製,0,5,0.00,47.60
https://zprintpro.com/zh-hk/category/red-packets/,利是封印刷,0,121,0.00,31.07
https://zprintpro.com/zh-hk/category/red-packets/,印 利 是 封,0,9,0.00,33.11
https://zprintpro.com/zh-hk/category/red-packets/,訂 做 利 是 封,0,9,0.00,33.56
https://zprintpro.com/zh-hk/category/red-packets/,訂 制 利 是 封,0,9,0.00,44.67
https://zprintpro.com/zh-hk/category/red-packets/,訂製利是封,0,46,0.00,42.00
https://zprintpro.com/zh-hk/category/stickers/,列印 貼紙,0,1,0.00,15.00
https://zprintpro.com/zh-hk/category/stickers/,包裝 貼紙,0,1,0.00,39.00
https://zprintpro.com/zh-hk/category/stickers/,印貼紙,0,31,0.00,37.00
https://zprintpro.com/zh-hk/category/stickers/,印貼紙香港,0,5,0.00,35.00
https://zprintpro.com/zh-hk/category/stickers/,客 製 貼紙,0,1,0.00,35.00
https://zprintpro.com/zh-hk/category/stickers/,打印 標籤 貼紙,0,4,0.00,47.75
https://zprintpro.com/zh-hk/category/stickers/,打印label紙,0,7,0.00,53.71
https://zprintpro.com/zh-hk/category/stickers/,條碼紙香港,0,2,0.00,21.50
https://zprintpro.com/zh-hk/category/stickers/,標籤 印刷,0,10,0.00,33.50
https://zprintpro.com/zh-hk/category/stickers/,標籤廠商,0,13,0.00,52.31
https://zprintpro.com/zh-hk/category/stickers/,標籤貼,0,4,0.00,45.25
https://zprintpro.com/zh-hk/category/stickers/,標籤貼紙印刷,0,3,0.00,35.67
https://zprintpro.com/zh-hk/category/stickers/,殺菌貼紙,0,2,0.00,36.00
https://zprintpro.com/zh-hk/category/stickers/,玻璃貼紙印刷,0,2,0.00,38.50
https://zprintpro.com/zh-hk/category/stickers/,產品貼紙,0,1,0.00,32.00
https://zprintpro.com/zh-hk/category/stickers/,訂製貼紙,0,4,0.00,47.75
https://zprintpro.com/zh-hk/category/stickers/,貼紙,0,91,0.00,54.75
https://zprintpro.com/zh-hk/category/stickers/,貼紙 印刷,0,4,0.00,41.75
https://zprintpro.com/zh-hk/category/stickers/,貼紙 訂製,0,1,0.00,57.00
https://zprintpro.com/zh-hk/category/stickers/,貼紙印刷,0,294,0.00,39.36
https://zprintpro.com/zh-hk/category/stickers/,貼紙印製,0,12,0.00,50.83
https://zprintpro.com/zh-hk/category/stickers/,貼紙定制,0,3,0.00,26.33
https://zprintpro.com/zh-hk/category/stickers/,貼紙打印,0,5,0.00,42.80
https://zprintpro.com/zh-hk/category/stickers/,貼紙製作,0,6,0.00,51.17
https://zprintpro.com/zh-hk/category/stickers/,貼紙訂製,0,113,0.00,39.94
https://zprintpro.com/zh-hk/category/stickers/,透明貼紙,0,1,0.00,60.00
https://zprintpro.com/zh-hk/category/stickers/,透明貼紙印刷,0,2,0.00,59.00
https://zprintpro.com/zh-hk/category/stickers/,透明貼紙打印,0,1,0.00,60.00
https://zprintpro.com/zh-hk/category/stickers/,防水貼紙,0,1,0.00,44.00
https://zprintpro.com/zh-hk/category/stickers/,香港 貼紙 印刷,0,7,0.00,28.71
https://zprintpro.com/zh-hk/category/stickers/,香港貼紙印刷,0,8,0.00,29.12
https://zprintpro.com/zh-hk/contact/,新蒲崗影印鋪,0,1,0.00,1.00
https://zprintpro.com/zh-hk/faq/,智印港,0,1,0.00,1.00
https://zprintpro.com/zh-hk/guide/packaging-guide/,包裝 印刷,0,1,0.00,78.00
https://zprintpro.com/zh-hk/guide/packaging-guide/,包裝印刷,0,11,0.00,70.18
https://zprintpro.com/zh-hk/help-center/,智印港,0,12,0.00,2.00
https://zprintpro.com/zh-hk/legal/,"""国际印刷服务"" 公司",0,1,0.00,8.00
https://zprintpro.com/zh-hk/press-kit/,智印港,0,3,0.00,3.67
https://zprintpro.com/zh-hk/product/a1-posters/,a1 poster,0,3,0.00,61.00
https://zprintpro.com/zh-hk/product/a1-posters/,a1 poster print,0,7,0.00,72.71
https://zprintpro.com/zh-hk/product/a1-posters/,a1 printing,0,6,0.00,55.17
https://zprintpro.com/zh-hk/product/a1-posters/,a1 size poster,0,1,0.00,73.00
https://zprintpro.com/zh-hk/product/a1-posters/,a1 印刷 即日,0,3,0.00,18.33
https://zprintpro.com/zh-hk/product/a1-posters/,a1 海報,0,11,0.00,2.18
https://zprintpro.com/zh-hk/product/a1-posters/,a1 紙,0,1,0.00,53.00
https://zprintpro.com/zh-hk/product/a1-posters/,a1 紙張,0,1,0.00,60.00
https://zprintpro.com/zh-hk/product/a1-posters/,a1print,0,1,0.00,2.00
https://zprintpro.com/zh-hk/product/a1-posters/,a1海報,0,37,0.00,1.00
https://zprintpro.com/zh-hk/product/a1-posters/,印a1海報,0,1,0.00,1.00
https://zprintpro.com/zh-hk/product/a1-posters/,印海報,0,58,0.00,39.90
https://zprintpro.com/zh-hk/product/a1-posters/,印海報一張,0,8,0.00,47.75
https://zprintpro.com/zh-hk/product/a1-posters/,海報a1,0,4,0.00,1.00
https://zprintpro.com/zh-hk/product/a1-posters/,海報列印,0,5,0.00,63.20
https://zprintpro.com/zh-hk/product/a1-posters/,海報印刷,0,17,0.00,48.71
https://zprintpro.com/zh-hk/product/a1-posters/,海報印刷一張,0,2,0.00,37.50
https://zprintpro.com/zh-hk/product/a2-posters/,a1海報,0,1,0.00,1.00
https://zprintpro.com/zh-hk/product/a2-posters/,a2,0,1,0.00,4.00
https://zprintpro.com/zh-hk/product/a2-posters/,a2 banner,0,1,0.00,66.00
https://zprintpro.com/zh-hk/product/a2-posters/,a2 poster,0,1,0.00,11.00
https://zprintpro.com/zh-hk/product/a2-posters/,a2 印刷,0,2,0.00,9.00
https://zprintpro.com/zh-hk/product/a2-posters/,a2 影印 店,0,1,0.00,28.00
https://zprintpro.com/zh-hk/product/a2-posters/,a2 打印,0,1,0.00,14.00
https://zprintpro.com/zh-hk/product/a2-posters/,a2 海報,0,5,0.00,1.00
https://zprintpro.com/zh-hk/product/a2-posters/,a2 海報 價格,0,1,0.00,2.00
https://zprintpro.com/zh-hk/product/a2-posters/,a2 海報 印刷,0,31,0.00,5.74
https://zprintpro.com/zh-hk/product/a2-posters/,a2 海報 尺寸,0,2,0.00,1.00
https://zprintpro.com/zh-hk/product/a2-posters/,a2 海報尺寸,0,1,0.00,1.00
https://zprintpro.com/zh-hk/product/a2-posters/,a2 透明 海报,0,7,0.00,28.14
https://zprintpro.com/zh-hk/product/a2-posters/,a2印刷,0,5,0.00,12.40
https://zprintpro.com/zh-hk/product/a2-posters/,a2呢,0,1,0.00,4.00
https://zprintpro.com/zh-hk/product/a2-posters/,a2海報,0,20,0.00,1.20
https://zprintpro.com/zh-hk/product/a2-posters/,a2海報 尺寸,0,2,0.00,1.00
https://zprintpro.com/zh-hk/product/a2-posters/,a2海報印刷,0,4,0.00,8.00
https://zprintpro.com/zh-hk/product/a2-posters/,a2海報印刷價格,0,1,0.00,2.00
https://zprintpro.com/zh-hk/product/a2-posters/,a2海報尺寸,0,3,0.00,1.00
https://zprintpro.com/zh-hk/product/a2-posters/,a3海報印刷,0,26,0.00,41.27
https://zprintpro.com/zh-hk/product/a2-posters/,a4 海報,0,1,0.00,58.00
https://zprintpro.com/zh-hk/product/a2-posters/,poster a2,0,1,0.00,11.00
https://zprintpro.com/zh-hk/product/a2-posters/,poster print a2,0,31,0.00,81.00
https://zprintpro.com/zh-hk/product/a2-posters/,poster printing hk,0,2,0.00,44.00
https://zprintpro.com/zh-hk/product/a2-posters/,poster 印刷,0,164,0.00,34.88
https://zprintpro.com/zh-hk/product/a2-posters/,print poster,0,5,0.00,56.60
https://zprintpro.com/zh-hk/product/a2-posters/,print poster a4,0,1,0.00,82.00
https://zprintpro.com/zh-hk/product/a2-posters/,pvc 海報,0,1,0.00,2.00
https://zprintpro.com/zh-hk/product/a2-posters/,印 海報,0,2,0.00,32.50
https://zprintpro.com/zh-hk/product/a2-posters/,印a1海報,0,1,0.00,1.00
https://zprintpro.com/zh-hk/product/a2-posters/,印poster,0,9,0.00,10.00
https://zprintpro.com/zh-hk/product/a2-posters/,印刷海報,0,1,0.00,8.00
https://zprintpro.com/zh-hk/product/a2-posters/,印海報,0,233,0.00,36.21
https://zprintpro.com/zh-hk/product/a2-posters/,印海報一張,0,55,0.00,43.56
https://zprintpro.com/zh-hk/product/a2-posters/,印海報價錢,0,2,0.00,13.00
https://zprintpro.com/zh-hk/product/a2-posters/,室內海報,0,4,0.00,41.25
https://zprintpro.com/zh-hk/product/a2-posters/,戶外海報,0,4,0.00,22.25
https://zprintpro.com/zh-hk/product/a2-posters/,海報 印刷,0,5,0.00,28.20
https://zprintpro.com/zh-hk/product/a2-posters/,海報 印刷 價格,0,2,0.00,31.00
https://zprintpro.com/zh-hk/product/a2-posters/,海報 材質,0,1,0.00,1.00
https://zprintpro.com/zh-hk/product/a2-posters/,海報a2,0,3,0.00,1.00
https://zprintpro.com/zh-hk/product/a2-posters/,海報價格,0,1,0.00,24.00
https://zprintpro.com/zh-hk/product/a2-posters/,海報價錢,0,1,0.00,34.00
https://zprintpro.com/zh-hk/product/a2-posters/,海報列印,0,24,0.00,44.88
https://zprintpro.com/zh-hk/product/a2-posters/,海報印刷,0,232,0.00,29.98
https://zprintpro.com/zh-hk/product/a2-posters/,海報印刷一張,0,3,0.00,21.67
https://zprintpro.com/zh-hk/product/a2-posters/,海報印刷價格,0,1,0.00,13.00
https://zprintpro.com/zh-hk/product/a2-posters/,海報印刷即日,0,5,0.00,27.00
https://zprintpro.com/zh-hk/product/a2-posters/,海報印刷香港,0,1,0.00,5.00
https://zprintpro.com/zh-hk/product/a2-posters/,海報影印價錢,0,1,0.00,12.00
https://zprintpro.com/zh-hk/product/a2-posters/,海報材質,0,1,0.00,1.00
https://zprintpro.com/zh-hk/product/a2-posters/,海報與印刷,0,87,0.00,47.34
https://zprintpro.com/zh-hk/product/a2-posters/,澳門a3海報印刷,0,3,0.00,45.67
https://zprintpro.com/zh-hk/product/a2-posters/,澳門poster印刷,0,1,0.00,31.00
https://zprintpro.com/zh-hk/product/a2-posters/,澳門海報列印,0,2,0.00,43.50
https://zprintpro.com/zh-hk/product/a2-posters/,觀塘印貼紙,0,1,0.00,35.00
https://zprintpro.com/zh-hk/product/a2-posters/,貼 海報,0,1,0.00,54.00
https://zprintpro.com/zh-hk/product/a2-posters/,貼海報,0,28,0.00,55.64
https://zprintpro.com/zh-hk/product/a2-posters/,防水海報,0,1,0.00,3.00
https://zprintpro.com/zh-hk/product/a2-posters/,香港海報,0,1,0.00,33.00
https://zprintpro.com/zh-hk/product/a4-flyers/,傳單,0,1,0.00,53.00
https://zprintpro.com/zh-hk/product/a4-flyers/,傳單 印刷,0,1,0.00,57.00
https://zprintpro.com/zh-hk/product/a4-flyers/,傳單印刷,0,12,0.00,31.58
https://zprintpro.com/zh-hk/product/a4-flyers/,印傳單,0,9,0.00,40.00
https://zprintpro.com/zh-hk/product/a4-flyers/,印宣傳單張,0,1,0.00,33.00
https://zprintpro.com/zh-hk/product/a4-flyers/,印海報一張,0,2,0.00,61.50
https://zprintpro.com/zh-hk/product/a4-flyers/,單張,0,1,0.00,28.00
https://zprintpro.com/zh-hk/product/a4-flyers/,單張印刷,0,2,0.00,23.50
https://zprintpro.com/zh-hk/product/a4-flyers/,宣傳 單 張,0,4,0.00,46.25
https://zprintpro.com/zh-hk/product/a4-flyers/,宣傳咭印刷,0,19,0.00,44.89
https://zprintpro.com/zh-hk/product/a4-flyers/,宣傳單印刷,0,2,0.00,29.50
https://zprintpro.com/zh-hk/product/a4-flyers/,宣傳單張,0,355,0.00,47.01
https://zprintpro.com/zh-hk/product/a4-flyers/,ａ４判,0,2,0.00,2.00
https://zprintpro.com/zh-hk/product/a5-flyers/,a5 flyers,0,1,0.00,6.00
https://zprintpro.com/zh-hk/product/a5-flyers/,a5海報,0,1,0.00,1.00
https://zprintpro.com/zh-hk/product/a5-flyers/,傳單 印刷,0,1,0.00,27.00
https://zprintpro.com/zh-hk/product/a5-flyers/,傳單印刷,0,7,0.00,49.71
https://zprintpro.com/zh-hk/product/a5-flyers/,印傳單,0,4,0.00,43.25
https://zprintpro.com/zh-hk/product/a5-flyers/,印宣傳單張,0,1,0.00,60.00
https://zprintpro.com/zh-hk/product/a5-flyers/,單張,0,1,0.00,13.00
https://zprintpro.com/zh-hk/product/a5-flyers/,宣傳 單 張,0,3,0.00,54.33
https://zprintpro.com/zh-hk/product/a5-flyers/,宣傳單印刷,0,1,0.00,74.00
https://zprintpro.com/zh-hk/product/a5-flyers/,宣傳單張,0,270,0.00,53.60
https://zprintpro.com/zh-hk/product/a5-flyers/,宣傳單張印刷,0,270,0.00,56.77
https://zprintpro.com/zh-hk/product/a5-flyers/,宣傳單張設計,0,1,0.00,1.00
https://zprintpro.com/zh-hk/product/acrylic-keychain/,亞加力匙扣訂製,0,3,0.00,24.33
https://zprintpro.com/zh-hk/product/adhesive-posters/,pvc海報,0,1,0.00,1.00
https://zprintpro.com/zh-hk/product/adhesive-posters/,海報,0,1,0.00,1.00
https://zprintpro.com/zh-hk/product/art-posters/,印海報,0,27,0.00,47.93
https://zprintpro.com/zh-hk/product/art-posters/,印海報一張,0,1,0.00,60.00
https://zprintpro.com/zh-hk/product/art-posters/,海報 印刷,0,3,0.00,50.67
https://zprintpro.com/zh-hk/product/art-posters/,海報印刷,0,33,0.00,47.03
https://zprintpro.com/zh-hk/product/art-posters/,海報與印刷,0,16,0.00,61.75
https://zprintpro.com/zh-hk/product/art-posters/,藝術海報,0,2,0.00,22.00
https://zprintpro.com/zh-hk/product/business-envelopes/,企業定制總部,0,4,0.00,84.50
https://zprintpro.com/zh-hk/product/business-envelopes/,信封,0,16,0.00,54.19
https://zprintpro.com/zh-hk/product/business-envelopes/,信封 印刷,0,6,0.00,26.67
https://zprintpro.com/zh-hk/product/business-envelopes/,信封 封面,0,1,0.00,41.00
https://zprintpro.com/zh-hk/product/business-envelopes/,信封印刷,0,4,0.00,11.50
https://zprintpro.com/zh-hk/product/business-envelopes/,信封印刷價格,0,1,0.00,1.00
https://zprintpro.com/zh-hk/product/business-envelopes/,信封尺寸香港,0,1,0.00,11.00
https://zprintpro.com/zh-hk/product/business-envelopes/,信封抬頭,0,1,0.00,1.00
https://zprintpro.com/zh-hk/product/business-envelopes/,公司信封,0,37,0.00,1.03
https://zprintpro.com/zh-hk/product/business-envelopes/,列印信封,0,1,0.00,11.00
https://zprintpro.com/zh-hk/product/business-envelopes/,印刷信封,0,1,0.00,25.00
https://zprintpro.com/zh-hk/product/business-envelopes/,智印港,0,2,0.00,4.00
https://zprintpro.com/zh-hk/product/catalog-printing/,作品集印製,0,6,0.00,21.83
https://zprintpro.com/zh-hk/product/catalog-printing/,冊子印刷,0,2,0.00,70.50
https://zprintpro.com/zh-hk/product/catalog-printing/,印 書,0,1,0.00,58.00
https://zprintpro.com/zh-hk/product/catalog-printing/,印書,0,38,0.00,51.11
https://zprintpro.com/zh-hk/product/catalog-printing/,型錄印製,0,5,0.00,16.80
https://zprintpro.com/zh-hk/product/catalog-printing/,智印港,0,6,0.00,5.67
https://zprintpro.com/zh-hk/product/certificates/,1000張,0,1,0.00,4.00
https://zprintpro.com/zh-hk/product/certificates/,印證書,0,7,0.00,15.86
https://zprintpro.com/zh-hk/product/certificates/,智印港,0,1,0.00,6.00
https://zprintpro.com/zh-hk/product/certificates/,深圳有沒有,0,1,0.00,3.00
https://zprintpro.com/zh-hk/product/certificates/,証書 紙,0,1,0.00,44.00
https://zprintpro.com/zh-hk/product/certificates/,證書 影印,0,19,0.00,23.00
https://zprintpro.com/zh-hk/product/certificates/,證書列印,0,1,0.00,19.00
https://zprintpro.com/zh-hk/product/certificates/,證書印刷一張,0,2,0.00,9.50
https://zprintpro.com/zh-hk/product/certificates/,證書紙材質,0,8,0.00,7.62
https://zprintpro.com/zh-hk/product/colored-envelopes/,100,0,1,0.00,1.00
https://zprintpro.com/zh-hk/product/colored-envelopes/,c5 信封,0,1,0.00,40.00
https://zprintpro.com/zh-hk/product/colored-envelopes/,信封 印刷,0,2,0.00,42.50
https://zprintpro.com/zh-hk/product/colored-envelopes/,信封印刷,0,2,0.00,7.00
https://zprintpro.com/zh-hk/product/colored-envelopes/,信封顏色,0,3,0.00,1.00
https://zprintpro.com/zh-hk/product/colored-envelopes/,印刷信封,0,1,0.00,27.00
https://zprintpro.com/zh-hk/product/colored-envelopes/,彩色信封,0,11,0.00,2.55
https://zprintpro.com/zh-hk/product/colored-envelopes/,智印港,0,1,0.00,7.00
https://zprintpro.com/zh-hk/product/cosmetic-boxes/,hk2 化妝品,0,1,0.00,4.00
https://zprintpro.com/zh-hk/product/cosmetic-boxes/,化妝品盒,0,1,0.00,23.00
https://zprintpro.com/zh-hk/product/custom-red-packets/,智印港,0,1,0.00,8.00
https://zprintpro.com/zh-hk/product/custom-red-packets/,訂 做 利 是 封,0,2,0.00,67.00
https://zprintpro.com/zh-hk/product/custom-red-packets/,訂製利是封,0,2,0.00,79.00
https://zprintpro.com/zh-hk/product/desk-calendars/,座檯月曆,0,1,0.00,38.00
https://zprintpro.com/zh-hk/product/die-cut-stickers/,ダイカット ステッカー 中文,0,2,0.00,2.00
https://zprintpro.com/zh-hk/product/die-cut-stickers/,異形貼紙,0,1,0.00,10.00
https://zprintpro.com/zh-hk/product/display-posters/,印海報,0,24,0.00,49.75
https://zprintpro.com/zh-hk/product/display-posters/,印海報一張,0,2,0.00,52.00
https://zprintpro.com/zh-hk/product/display-posters/,海報列印,0,3,0.00,70.67
https://zprintpro.com/zh-hk/product/disposable-menus/,膠卡餐牌,0,3,0.00,66.33
https://zprintpro.com/zh-hk/product/disposable-menus/,膠片餐牌,0,1,0.00,57.00
https://zprintpro.com/zh-hk/product/disposable-menus/,餐牌印刷,0,29,0.00,31.07
https://zprintpro.com/zh-hk/product/double-sided-flyers/,宣傳單張,0,15,0.00,35.73
https://zprintpro.com/zh-hk/product/double-sided-flyers/,宣傳單張印刷,0,22,0.00,77.09
https://zprintpro.com/zh-hk/product/double-sided-flyers/,雙面印刷,0,1,0.00,2.00
https://zprintpro.com/zh-hk/product/doujinshi-printing/,dhl 快遞,0,1,0.00,1.00
https://zprintpro.com/zh-hk/product/doujinshi-printing/,fedex 物流,0,1,0.00,30.00
https://zprintpro.com/zh-hk/product/doujinshi-printing/,コミケ 印刷,0,1,0.00,73.00
https://zprintpro.com/zh-hk/product/doujinshi-printing/,同人 誌 印刷,0,1,0.00,87.00
https://zprintpro.com/zh-hk/product/doujinshi-printing/,同人印刷,0,3,0.00,12.67
https://zprintpro.com/zh-hk/product/doujinshi-printing/,同人本,0,1,0.00,3.00
https://zprintpro.com/zh-hk/product/doujinshi-printing/,同人本 印刷,0,1,0.00,16.00
https://zprintpro.com/zh-hk/product/doujinshi-printing/,同人本印刷,0,1,0.00,40.00
https://zprintpro.com/zh-hk/product/doujinshi-printing/,同人紙,0,6,0.00,8.00
https://zprintpro.com/zh-hk/product/doujinshi-printing/,同人誌 印刷,0,3,0.00,7.33
https://zprintpro.com/zh-hk/product/doujinshi-printing/,智印港,0,2,0.00,5.00
https://zprintpro.com/zh-hk/product/drawer-slide-gift-box/,抽屜式禮盒,0,3,0.00,1.00
https://zprintpro.com/zh-hk/product/drink-menus/,酒水牌,0,10,0.00,4.40
https://zprintpro.com/zh-hk/product/eco-flyers/,宣傳單張印刷,0,33,0.00,78.36
https://zprintpro.com/zh-hk/product/eco-flyers/,智印港,0,1,0.00,5.00
https://zprintpro.com/zh-hk/product/eco-flyers/,環保印刷,0,6,0.00,71.83
https://zprintpro.com/zh-hk/product/eco-paper-bags/,印刷紙袋,0,35,0.00,57.63
https://zprintpro.com/zh-hk/product/eco-paper-bags/,印紙袋,0,63,0.00,51.29
https://zprintpro.com/zh-hk/product/eco-paper-bags/,我公司想轉用環保包裝物料，請問有冇邊啲香港中小企供應商比較專業？,0,1,0.00,1.00
https://zprintpro.com/zh-hk/product/eco-paper-bags/,智印港,0,1,0.00,3.00
https://zprintpro.com/zh-hk/product/eco-paper-bags/,紙袋,0,4,0.00,42.50
https://zprintpro.com/zh-hk/product/eco-paper-bags/,紙袋 尺寸,0,1,0.00,73.00
https://zprintpro.com/zh-hk/product/eco-paper-bags/,紙袋印刷,0,192,0.00,36.87
https://zprintpro.com/zh-hk/product/eco-paper-bags/,紙袋印製,0,3,0.00,64.33
https://zprintpro.com/zh-hk/product/eco-paper-bags/,紙袋現貨深水埗,0,1,0.00,85.00
https://zprintpro.com/zh-hk/product/eco-paper-bags/,紙袋訂做,0,2,0.00,48.50
https://zprintpro.com/zh-hk/product/eco-paper-bags/,紙袋訂製,0,127,0.00,66.94
https://zprintpro.com/zh-hk/product/eco-paper-bags/,紙袋訂造,0,37,0.00,49.57
https://zprintpro.com/zh-hk/product/eco-paper-bags/,紙袋零售,0,1,0.00,61.00
https://zprintpro.com/zh-hk/product/eco-paper-bags/,訂 做 紙袋,0,1,0.00,58.00
https://zprintpro.com/zh-hk/product/eco-paper-bags/,訂做紙袋,0,20,0.00,58.25
https://zprintpro.com/zh-hk/product/eco-red-packets/,環保印刷,0,1,0.00,60.00
https://zprintpro.com/zh-hk/product/electronics-packaging-box/,包裝 盒 印刷,0,1,0.00,41.00
https://zprintpro.com/zh-hk/product/electronics-packaging-box/,包裝盒印刷,0,24,0.00,53.42
https://zprintpro.com/zh-hk/product/electronics-packaging-box/,包裝盒訂製,0,21,0.00,52.95
https://zprintpro.com/zh-hk/product/electronics-packaging-box/,印紙 盒,0,1,0.00,34.00
https://zprintpro.com/zh-hk/product/electronics-packaging-box/,紙 盒 印刷,0,1,0.00,63.00
https://zprintpro.com/zh-hk/product/electronics-packaging-box/,紙盒印刷,0,21,0.00,61.95
https://zprintpro.com/zh-hk/product/electronics-packaging-box/,電子產品包裝,0,2,0.00,7.00
https://zprintpro.com/zh-hk/product/embossed-red-packets/,智印港,0,3,0.00,4.67
https://zprintpro.com/zh-hk/product/embossed-red-packets/,浮雕印刷,0,1,0.00,1.00
https://zprintpro.com/zh-hk/product/exercise-books/,作業簿,0,7,0.00,3.43
https://zprintpro.com/zh-hk/product/exercise-books/,學校 印刷,0,2,0.00,43.00
https://zprintpro.com/zh-hk/product/exercise-books/,學校印刷,0,4,0.00,58.50
https://zprintpro.com/zh-hk/product/exercise-books/,校 簿 印刷,0,43,0.00,20.16
https://zprintpro.com/zh-hk/product/exercise-books/,校簿,0,1,0.00,49.00
https://zprintpro.com/zh-hk/product/fluorescent-stickers/,智印港,0,1,0.00,8.00
https://zprintpro.com/zh-hk/product/fluorescent-stickers/,螢光貼紙,0,1,0.00,1.00
https://zprintpro.com/zh-hk/product/foil-business-cards/,烫金名片,0,1,0.00,9.00
https://zprintpro.com/zh-hk/product/foil-greeting-cards/,燙金印刷,0,1,0.00,76.00
https://zprintpro.com/zh-hk/product/foil-greeting-cards/,燙銀,0,1,0.00,19.00
https://zprintpro.com/zh-hk/product/foil-greeting-cards/,賀卡印刷,0,1,0.00,10.00
https://zprintpro.com/zh-hk/product/foil-stickers/,燙金 印刷,0,1,0.00,39.00
https://zprintpro.com/zh-hk/product/foil-stickers/,燙金 貼紙,0,2,0.00,35.50
https://zprintpro.com/zh-hk/product/foil-stickers/,燙金印刷,0,3,0.00,38.00
https://zprintpro.com/zh-hk/product/foil-stickers/,燙金貼紙,0,18,0.00,2.83
https://zprintpro.com/zh-hk/product/foil-stickers/,透明燙金貼紙,0,1,0.00,6.00
https://zprintpro.com/zh-hk/product/folded-leaflets/,單張,0,1,0.00,22.00
https://zprintpro.com/zh-hk/product/folded-leaflets/,宣傳單張,0,16,0.00,50.38
https://zprintpro.com/zh-hk/product/folded-leaflets/,宣傳單張印刷,0,38,0.00,56.00
https://zprintpro.com/zh-hk/product/folded-leaflets/,摺頁印刷,0,31,0.00,42.13
https://zprintpro.com/zh-hk/product/food-boxes/,包裝 印刷,0,5,0.00,45.00
https://zprintpro.com/zh-hk/product/food-boxes/,包裝印刷,0,41,0.00,48.66
https://zprintpro.com/zh-hk/product/food-boxes/,包裝盒,0,1,0.00,100.00
https://zprintpro.com/zh-hk/product/food-boxes/,包裝盒印刷,0,1,0.00,57.00
https://zprintpro.com/zh-hk/product/food-boxes/,包裝盒訂製,0,2,0.00,70.00
https://zprintpro.com/zh-hk/product/food-boxes/,包裝食品 裡印,0,74,0.00,56.07
https://zprintpro.com/zh-hk/product/food-boxes/,智印港,0,1,0.00,4.00
https://zprintpro.com/zh-hk/product/food-boxes/,食品包裝印刷,0,297,0.00,52.07
https://zprintpro.com/zh-hk/product/food-boxes/,食品包裝盒,0,1,0.00,23.00
https://zprintpro.com/zh-hk/product/food-boxes/,食品包裝訂製,0,143,0.00,22.12
https://zprintpro.com/zh-hk/product/food-boxes/,食品印刷,0,20,0.00,24.10
https://zprintpro.com/zh-hk/product/food-boxes/,食物包裝盒,0,1,0.00,20.00
https://zprintpro.com/zh-hk/product/fruit-food-label-stickers/,包裝食品 裡印,0,25,0.00,72.64
https://zprintpro.com/zh-hk/product/fruit-food-label-stickers/,水果標籤貼紙,0,1,0.00,9.00
https://zprintpro.com/zh-hk/product/fruit-food-label-stickers/,水果貼紙,0,2,0.00,15.00
https://zprintpro.com/zh-hk/product/gift-bags/,印紙袋,0,42,0.00,65.74
https://zprintpro.com/zh-hk/product/gift-bags/,智印港,0,1,0.00,4.00
https://zprintpro.com/zh-hk/product/gift-bags/,禮品紙袋,0,1,0.00,22.00
https://zprintpro.com/zh-hk/product/gift-bags/,紙袋,0,1,0.00,1.00
https://zprintpro.com/zh-hk/product/gift-bags/,紙袋印刷,0,26,0.00,47.88
https://zprintpro.com/zh-hk/product/gift-bags/,紙袋印製,0,3,0.00,64.67
https://zprintpro.com/zh-hk/product/gift-bags/,紙袋現貨深水埗,0,3,0.00,64.67
https://zprintpro.com/zh-hk/product/gift-bags/,紙袋訂做,0,31,0.00,58.77
https://zprintpro.com/zh-hk/product/gift-bags/,紙袋訂製,0,17,0.00,62.24
https://zprintpro.com/zh-hk/product/gift-bags/,紙袋訂造,0,31,0.00,50.84
https://zprintpro.com/zh-hk/product/gift-bags/,訂 做 紙袋,0,5,0.00,65.00
https://zprintpro.com/zh-hk/product/gift-bags/,訂做紙袋,0,25,0.00,45.88
https://zprintpro.com/zh-hk/product/gift-bags/,香港邊度有得賣？,0,1,0.00,7.00
https://zprintpro.com/zh-hk/product/gift-boxes/,包裝盒訂製,0,17,0.00,65.06
https://zprintpro.com/zh-hk/product/gift-boxes/,禮物盒訂製,0,16,0.00,31.31
https://zprintpro.com/zh-hk/product/gift-boxes/,禮盒訂做,0,15,0.00,68.33
https://zprintpro.com/zh-hk/product/gift-boxes/,禮盒訂製,0,26,0.00,71.00
https://zprintpro.com/zh-hk/product/graduation-yearbook/,畢業 紀念冊,0,1,0.00,41.00
https://zprintpro.com/zh-hk/product/graduation-yearbook/,畢業紀念冊,0,1,0.00,5.00
https://zprintpro.com/zh-hk/product/graduation-yearbook/,畢業紀念冊哪裡買,0,1,0.00,49.00
https://zprintpro.com/zh-hk/product/graduation-yearbook/,紀念冊,0,1,0.00,27.00
https://zprintpro.com/zh-hk/product/handle-bags/,印刷紙袋,0,4,0.00,30.00
https://zprintpro.com/zh-hk/product/handle-bags/,印紙袋,0,15,0.00,57.27
https://zprintpro.com/zh-hk/product/handle-bags/,手抽袋,0,5,0.00,37.20
https://zprintpro.com/zh-hk/product/handle-bags/,智印港,0,1,0.00,3.00
https://zprintpro.com/zh-hk/product/handle-bags/,現貨紙袋香港,0,2,0.00,33.00
https://zprintpro.com/zh-hk/product/handle-bags/,紙袋,0,12,0.00,30.00
https://zprintpro.com/zh-hk/product/handle-bags/,紙袋印刷,0,30,0.00,42.67
https://zprintpro.com/zh-hk/product/handle-bags/,紙袋印製,0,22,0.00,37.32
https://zprintpro.com/zh-hk/product/handle-bags/,紙袋現貨深水埗,0,1,0.00,34.00
https://zprintpro.com/zh-hk/product/handle-bags/,紙袋訂製,0,1,0.00,28.00
https://zprintpro.com/zh-hk/product/handle-bags/,紙袋訂造,0,1,0.00,60.00
https://zprintpro.com/zh-hk/product/handle-bags/,紙袋零售,0,1,0.00,20.00
https://zprintpro.com/zh-hk/product/handle-bags/,訂做紙袋,0,2,0.00,35.00
https://zprintpro.com/zh-hk/product/handle-bags/,邊度有紙袋買,0,3,0.00,8.00
https://zprintpro.com/zh-hk/product/hardcover-books/,印書,0,88,0.00,40.67
https://zprintpro.com/zh-hk/product/hardcover-books/,畢業紀念冊香港,0,1,0.00,1.00
https://zprintpro.com/zh-hk/product/hardcover-books/,精裝 書,0,1,0.00,48.00
https://zprintpro.com/zh-hk/product/hardcover-books/,精裝書,0,4,0.00,11.00
https://zprintpro.com/zh-hk/product/hardcover-books/,膠裝書,0,19,0.00,67.47
https://zprintpro.com/zh-hk/product/hardcover-books/,膠裝書價格,0,29,0.00,39.28
https://zprintpro.com/zh-hk/product/hardcover-books/,膠裝書印刷,0,9,0.00,64.11
https://zprintpro.com/zh-hk/product/hardcover-menus/,膠卡餐牌,0,1,0.00,71.00
https://zprintpro.com/zh-hk/product/hardcover-menus/,膠片餐牌,0,1,0.00,40.00
https://zprintpro.com/zh-hk/product/kraft-paper-bags/,印刷紙袋,0,24,0.00,39.38
https://zprintpro.com/zh-hk/product/kraft-paper-bags/,印紙袋,0,46,0.00,47.91
https://zprintpro.com/zh-hk/product/kraft-paper-bags/,智印港,0,5,0.00,6.40
https://zprintpro.com/zh-hk/product/kraft-paper-bags/,牛皮 紙袋,0,1,0.00,38.00
https://zprintpro.com/zh-hk/product/kraft-paper-bags/,牛皮紙袋,0,2,0.00,44.00
https://zprintpro.com/zh-hk/product/kraft-paper-bags/,牛皮紙袋印刷,0,1,0.00,15.00
https://zprintpro.com/zh-hk/product/kraft-paper-bags/,牛皮紙袋現貨,0,1,0.00,32.00
https://zprintpro.com/zh-hk/product/kraft-paper-bags/,牛皮紙袋零售,0,2,0.00,26.00
https://zprintpro.com/zh-hk/product/kraft-paper-bags/,紙袋印刷,0,85,0.00,53.46
https://zprintpro.com/zh-hk/product/kraft-paper-bags/,紙袋印製,0,25,0.00,60.32
https://zprintpro.com/zh-hk/product/kraft-paper-bags/,紙袋訂做,0,24,0.00,60.17
https://zprintpro.com/zh-hk/product/kraft-paper-bags/,紙袋訂製,0,56,0.00,72.38
https://zprintpro.com/zh-hk/product/kraft-paper-bags/,紙袋訂造,0,27,0.00,54.41
https://zprintpro.com/zh-hk/product/kraft-paper-bags/,訂 做 紙袋,0,6,0.00,54.33
https://zprintpro.com/zh-hk/product/kraft-paper-bags/,訂做紙袋,0,23,0.00,48.78
https://zprintpro.com/zh-hk/product/kraft-paper-packaging-box/,包裝 盒 印刷,0,2,0.00,80.00
https://zprintpro.com/zh-hk/product/kraft-paper-packaging-box/,包裝盒印刷,0,14,0.00,66.21
https://zprintpro.com/zh-hk/product/kraft-paper-packaging-box/,包裝盒訂製,0,15,0.00,76.53
https://zprintpro.com/zh-hk/product/kraft-paper-packaging-box/,印紙 盒,0,3,0.00,64.33
https://zprintpro.com/zh-hk/product/kraft-paper-packaging-box/,牛皮紙盒,0,12,0.00,1.75
https://zprintpro.com/zh-hk/product/kraft-paper-packaging-box/,牛皮紙盒印刷,0,9,0.00,34.44
https://zprintpro.com/zh-hk/product/kraft-paper-packaging-box/,紙 盒 印刷,0,1,0.00,55.00
https://zprintpro.com/zh-hk/product/kraft-paper-packaging-box/,紙盒印刷,0,7,0.00,66.57
https://zprintpro.com/zh-hk/product/laminated-menus/,膠卡餐牌,0,8,0.00,32.62
https://zprintpro.com/zh-hk/product/laminated-menus/,膠片餐牌,0,8,0.00,27.12
https://zprintpro.com/zh-hk/product/large-bags/,印刷紙袋,0,5,0.00,31.00
https://zprintpro.com/zh-hk/product/large-bags/,大型紙袋,0,1,0.00,7.00
https://zprintpro.com/zh-hk/product/large-bags/,大紙袋,0,17,0.00,8.94
https://zprintpro.com/zh-hk/product/large-bags/,大紙袋哪裡買,0,1,0.00,17.00
https://zprintpro.com/zh-hk/product/large-bags/,紙袋,0,1,0.00,3.00
https://zprintpro.com/zh-hk/product/large-bags/,紙袋印刷,0,5,0.00,14.00
https://zprintpro.com/zh-hk/product/large-bags/,紙袋大,0,1,0.00,16.00
https://zprintpro.com/zh-hk/product/large-bags/,紙袋訂製,0,5,0.00,50.20
https://zprintpro.com/zh-hk/product/large-bags/,訂做紙袋,0,4,0.00,20.00
https://zprintpro.com/zh-hk/product/large-envelopes/,a4 信封,0,2,0.00,40.50
https://zprintpro.com/zh-hk/product/large-envelopes/,a4信封,0,1,0.00,30.00
https://zprintpro.com/zh-hk/product/large-envelopes/,信封,0,11,0.00,61.73
https://zprintpro.com/zh-hk/product/large-envelopes/,信封 size,0,1,0.00,44.00
https://zprintpro.com/zh-hk/product/large-envelopes/,公司信封,0,1,0.00,1.00
https://zprintpro.com/zh-hk/product/large-envelopes/,大 信封,0,1,0.00,22.00
https://zprintpro.com/zh-hk/product/large-envelopes/,大信封,0,89,0.00,2.16
https://zprintpro.com/zh-hk/product/magnetic-closure-gift-box/,吸印,0,1,0.00,1.00
https://zprintpro.com/zh-hk/product/magnetic-closure-gift-box/,磁吸盒,0,1,0.00,1.00
https://zprintpro.com/zh-hk/product/mailer-boxes/,custom boxes,0,1,0.00,98.00
https://zprintpro.com/zh-hk/product/mailer-boxes/,custom packages,0,1,0.00,96.00
https://zprintpro.com/zh-hk/product/mailer-boxes/,custom shipping boxes,0,1,0.00,94.00
https://zprintpro.com/zh-hk/product/mailer-boxes/,custom shipping packages,0,3,0.00,94.00
https://zprintpro.com/zh-hk/product/mailer-boxes/,customized boxes,0,1,0.00,92.00
https://zprintpro.com/zh-hk/product/mailer-boxes/,packaging printing,0,1,0.00,92.00
https://zprintpro.com/zh-hk/product/mailer-boxes/,包裝盒印刷,0,7,0.00,89.86
https://zprintpro.com/zh-hk/product/mailer-boxes/,包裝盒訂製,0,26,0.00,57.12
https://zprintpro.com/zh-hk/product/mailer-boxes/,印紙 盒,0,4,0.00,55.50
https://zprintpro.com/zh-hk/product/mailer-boxes/,印紙盒,0,12,0.00,65.08
https://zprintpro.com/zh-hk/product/mailer-boxes/,大約價格,0,1,0.00,8.00
https://zprintpro.com/zh-hk/product/mailer-boxes/,快遞盒,0,1,0.00,13.00
https://zprintpro.com/zh-hk/product/mailer-boxes/,紙盒訂製,0,23,0.00,65.70
https://zprintpro.com/zh-hk/product/mailer-boxes/,飛機 盒,0,4,0.00,25.75
https://zprintpro.com/zh-hk/product/mailer-boxes/,飛機盒,0,4,0.00,28.50
https://zprintpro.com/zh-hk/product/mailer-boxes/,飛機盒印刷,0,2,0.00,11.00
https://zprintpro.com/zh-hk/product/mailer-boxes/,飛機盒香港,0,1,0.00,17.00
https://zprintpro.com/zh-hk/product/matte-business-cards/,啞膠,0,3,0.00,15.00
https://zprintpro.com/zh-hk/product/matte-business-cards/,啞膠咭片,0,4,0.00,24.50
https://zprintpro.com/zh-hk/product/matte-greeting-cards/,智印港,0,2,0.00,8.50
https://zprintpro.com/zh-hk/product/mesh-banners/,噴繪,0,1,0.00,1.00
https://zprintpro.com/zh-hk/product/mesh-banners/,網孔布,0,1,0.00,33.00
https://zprintpro.com/zh-hk/product/mesh-banners/,網孔貼,0,1,0.00,31.00
https://zprintpro.com/zh-hk/product/outdoor-posters/,outdoor poster,0,1,0.00,52.00
https://zprintpro.com/zh-hk/product/outdoor-posters/,戶外海報,0,49,0.00,14.06
https://zprintpro.com/zh-hk/product/outdoor-posters/,智印港,0,1,0.00,4.00
https://zprintpro.com/zh-hk/product/outdoor-posters/,海報,0,1,0.00,1.00
https://zprintpro.com/zh-hk/product/outdoor-posters/,防水,0,1,0.00,2.00
https://zprintpro.com/zh-hk/product/outdoor-posters/,香港哪裡有售,0,1,0.00,8.00
https://zprintpro.com/zh-hk/product/outdoor-vinyl-banners/,戶外可移貼紙,0,1,0.00,45.00
https://zprintpro.com/zh-hk/product/outdoor-vinyl-banners/,戶外告示牌製作,0,2,0.00,78.00
https://zprintpro.com/zh-hk/product/outdoor-vinyl-banners/,戶外橫額,0,95,0.00,59.73
https://zprintpro.com/zh-hk/product/outdoor-vinyl-banners/,戶外海報,0,6,0.00,65.50
https://zprintpro.com/zh-hk/product/outdoor-vinyl-banners/,戶外貼紙,0,49,0.00,49.49
https://zprintpro.com/zh-hk/product/pearl-envelopes/,珍珠紙印刷,0,1,0.00,1.00
https://zprintpro.com/zh-hk/product/pearl-envelopes/,珠光,0,1,0.00,43.00
https://zprintpro.com/zh-hk/product/pearl-envelopes/,珠光紙,0,2,0.00,1.00
https://zprintpro.com/zh-hk/product/pearl-envelopes/,珠光紙印刷,0,1,0.00,1.00
https://zprintpro.com/zh-hk/product/perfect-bound-books/,印書,0,19,0.00,51.26
https://zprintpro.com/zh-hk/product/perfect-bound-books/,無線膠裝,0,1,0.00,2.00
https://zprintpro.com/zh-hk/product/perfect-bound-books/,膠裝書,0,83,0.00,38.95
https://zprintpro.com/zh-hk/product/perfect-bound-books/,膠裝書價格,0,13,0.00,27.92
https://zprintpro.com/zh-hk/product/perfect-bound-books/,膠裝書刊,0,11,0.00,54.00
https://zprintpro.com/zh-hk/product/perfect-bound-books/,膠裝書印刷,0,56,0.00,37.05
https://zprintpro.com/zh-hk/product/premium-business-cards/,公司卡片,0,1,0.00,54.00
https://zprintpro.com/zh-hk/product/premium-business-cards/,卡片,0,1,0.00,95.00
https://zprintpro.com/zh-hk/product/premium-business-cards/,卡片印刷,0,56,0.00,42.05
https://zprintpro.com/zh-hk/product/premium-business-cards/,卡紙印刷,0,14,0.00,35.86
https://zprintpro.com/zh-hk/product/premium-business-cards/,印 卡片,0,1,0.00,36.00
https://zprintpro.com/zh-hk/product/premium-business-cards/,印卡片,0,45,0.00,36.84
https://zprintpro.com/zh-hk/product/premium-business-cards/,印咭片,0,87,0.00,33.76
https://zprintpro.com/zh-hk/product/premium-business-cards/,名片印刷,0,1,0.00,35.00
https://zprintpro.com/zh-hk/product/premium-business-cards/,咭片,0,95,0.00,39.64
https://zprintpro.com/zh-hk/product/premium-business-cards/,咭片印刷,0,98,0.00,36.88
https://zprintpro.com/zh-hk/product/premium-business-cards/,啞膠咭片,0,1,0.00,54.00
https://zprintpro.com/zh-hk/product/premium-business-cards/,銅版紙卡片,0,1,0.00,1.00
https://zprintpro.com/zh-hk/product/premium-greeting-cards/,卡片,0,8,0.00,75.38
https://zprintpro.com/zh-hk/product/premium-greeting-cards/,卡紙印刷,0,2,0.00,39.50
https://zprintpro.com/zh-hk/product/pvc-menus/,pvc menu,0,5,0.00,26.80
https://zprintpro.com/zh-hk/product/pvc-menus/,pvc印刷,0,1,0.00,23.00
https://zprintpro.com/zh-hk/product/pvc-menus/,膠卡餐牌,0,25,0.00,21.84
https://zprintpro.com/zh-hk/product/pvc-menus/,膠片餐牌,0,34,0.00,17.15
https://zprintpro.com/zh-hk/product/pvc-menus/,餐牌印刷,0,1,0.00,29.00
https://zprintpro.com/zh-hk/product/removable-stickers/,removable sticker,0,1,0.00,67.00
https://zprintpro.com/zh-hk/product/removable-stickers/,不殘膠貼紙,0,2,0.00,2.00
https://zprintpro.com/zh-hk/product/removable-stickers/,印貼紙香港,0,2,0.00,52.50
https://zprintpro.com/zh-hk/product/removable-stickers/,可移貼,0,12,0.00,18.67
https://zprintpro.com/zh-hk/product/removable-stickers/,可移貼紙,0,133,0.00,16.90
https://zprintpro.com/zh-hk/product/removable-stickers/,智印港,0,1,0.00,7.00
https://zprintpro.com/zh-hk/product/removable-stickers/,膠貼紙,0,2,0.00,1.00
https://zprintpro.com/zh-hk/product/rigid-boxes/,包裝 盒 印刷,0,7,0.00,57.86
https://zprintpro.com/zh-hk/product/rigid-boxes/,包裝盒印刷,0,83,0.00,48.81
https://zprintpro.com/zh-hk/product/rigid-boxes/,包裝盒訂製,0,51,0.00,45.16
https://zprintpro.com/zh-hk/product/rigid-boxes/,印紙 盒,0,4,0.00,45.75
https://zprintpro.com/zh-hk/product/rigid-boxes/,印紙盒,0,28,0.00,45.36
https://zprintpro.com/zh-hk/product/rigid-boxes/,智印港,0,1,0.00,5.00
https://zprintpro.com/zh-hk/product/rigid-boxes/,精裝盒報價,0,6,0.00,48.00
https://zprintpro.com/zh-hk/product/roll-up-banners/,"""易拉宝"" 香港 名称",0,2,0.00,9.50
https://zprintpro.com/zh-hk/product/roll-up-banners/,eprint易拉架,0,3,0.00,57.00
https://zprintpro.com/zh-hk/product/roll-up-banners/,二拉架,0,1,0.00,71.00
https://zprintpro.com/zh-hk/product/roll-up-banners/,座枱易拉架,0,3,0.00,69.00
https://zprintpro.com/zh-hk/product/roll-up-banners/,扁身架,0,1,0.00,45.00
https://zprintpro.com/zh-hk/product/roll-up-banners/,易 拉 寶,0,1,0.00,22.00
https://zprintpro.com/zh-hk/product/roll-up-banners/,易 拉架,0,6,0.00,75.00
https://zprintpro.com/zh-hk/product/roll-up-banners/,易拉寶,0,29,0.00,11.79
https://zprintpro.com/zh-hk/product/roll-up-banners/,易拉架,0,69,0.00,76.72
https://zprintpro.com/zh-hk/product/roll-up-banners/,易拉架 價錢,0,1,0.00,58.00
https://zprintpro.com/zh-hk/product/roll-up-banners/,易拉架eprint,0,6,0.00,58.33
https://zprintpro.com/zh-hk/product/roll-up-banners/,易拉架價錢,0,11,0.00,54.55
https://zprintpro.com/zh-hk/product/roll-up-banners/,易拉架印刷,0,77,0.00,59.12
https://zprintpro.com/zh-hk/product/roll-up-banners/,易拉架即日,0,9,0.00,35.33
https://zprintpro.com/zh-hk/product/roll-up-banners/,易拉架製作,0,77,0.00,71.65
https://zprintpro.com/zh-hk/product/roll-up-banners/,易拉架訂製,0,10,0.00,59.40
https://zprintpro.com/zh-hk/product/roll-up-banners/,易拉架設計價錢,0,9,0.00,55.67
https://zprintpro.com/zh-hk/product/roll-up-banners/,觀塘易拉架,0,14,0.00,55.86
https://zprintpro.com/zh-hk/product/saddle-stitch-booklets/,同人本,0,1,0.00,3.00
https://zprintpro.com/zh-hk/product/saddle-stitch-booklets/,膠裝 騎馬釘,0,4,0.00,2.50
https://zprintpro.com/zh-hk/product/saddle-stitch-booklets/,騎馬 釘,0,1,0.00,55.00
https://zprintpro.com/zh-hk/product/saddle-stitch-booklets/,騎馬釘,0,160,0.00,41.34
https://zprintpro.com/zh-hk/product/saddle-stitch-booklets/,騎馬釘印刷,0,151,0.00,38.14
https://zprintpro.com/zh-hk/product/saddle-stitch-booklets/,騎馬釘書刊,0,123,0.00,50.72
https://zprintpro.com/zh-hk/product/saddle-stitch-booklets/,騎馬釘裝,0,2,0.00,35.50
https://zprintpro.com/zh-hk/product/saddle-stitch-booklets/,騎馬釘裝訂,0,4,0.00,1.50
https://zprintpro.com/zh-hk/product/same-day-flyers/,a0 印刷 即日,0,1,0.00,64.00
https://zprintpro.com/zh-hk/product/same-day-flyers/,a1 印刷 即日,0,2,0.00,55.00
https://zprintpro.com/zh-hk/product/same-day-flyers/,poster print same day,0,2,0.00,56.50
https://zprintpro.com/zh-hk/product/same-day-flyers/,傳單 印刷,0,1,0.00,23.00
https://zprintpro.com/zh-hk/product/same-day-flyers/,印傳單,0,9,0.00,18.22
https://zprintpro.com/zh-hk/product/same-day-flyers/,印海報,0,12,0.00,60.92
https://zprintpro.com/zh-hk/product/same-day-flyers/,印海報一張,0,7,0.00,60.57
https://zprintpro.com/zh-hk/product/same-day-flyers/,即印,0,1,0.00,6.00
https://zprintpro.com/zh-hk/product/same-day-flyers/,即印香港有限公司,0,1,0.00,20.00
https://zprintpro.com/zh-hk/product/same-day-flyers/,即日,0,1,0.00,3.00
https://zprintpro.com/zh-hk/product/same-day-flyers/,即日 印刷,0,1,0.00,10.00
https://zprintpro.com/zh-hk/product/same-day-flyers/,即日印刷旺角,0,1,0.00,51.00
https://zprintpro.com/zh-hk/product/same-day-flyers/,即日急件,0,28,0.00,15.82
https://zprintpro.com/zh-hk/product/same-day-flyers/,單張印刷,0,1,0.00,20.00
https://zprintpro.com/zh-hk/product/same-day-flyers/,宣傳單張,0,12,0.00,51.33
https://zprintpro.com/zh-hk/product/same-day-flyers/,宣傳單張印刷,0,214,0.00,56.07
https://zprintpro.com/zh-hk/product/same-day-flyers/,智印港,0,2,0.00,5.00
https://zprintpro.com/zh-hk/product/same-day-flyers/,海報印刷即日,0,1,0.00,38.00
https://zprintpro.com/zh-hk/product/school-flyers/,學校 印刷,0,13,0.00,41.46
https://zprintpro.com/zh-hk/product/school-flyers/,智印港,0,2,0.00,2.50
https://zprintpro.com/zh-hk/product/school-flyers/,校 簿 印刷,0,4,0.00,45.25
https://zprintpro.com/zh-hk/product/school-flyers/,校刊印刷,0,2,0.00,17.00
https://zprintpro.com/zh-hk/product/school-flyers/,校簿印刷,0,1,0.00,65.00
https://zprintpro.com/zh-hk/product/security-stickers/,智印港,0,2,0.00,2.50
https://zprintpro.com/zh-hk/product/security-stickers/,防偽貼紙,0,11,0.00,3.64
https://zprintpro.com/zh-hk/product/small-batch-stickers/,印 貼紙 少量 香港,0,1,0.00,43.00
https://zprintpro.com/zh-hk/product/small-batch-stickers/,印貼紙,0,8,0.00,41.38
https://zprintpro.com/zh-hk/product/small-batch-stickers/,印貼紙 香港,0,2,0.00,29.50
https://zprintpro.com/zh-hk/product/small-batch-stickers/,印貼紙少量香港,0,3,0.00,28.33
https://zprintpro.com/zh-hk/product/small-batch-stickers/,印貼紙香港,0,1,0.00,36.00
https://zprintpro.com/zh-hk/product/small-batch-stickers/,客 製 貼紙,0,1,0.00,42.00
https://zprintpro.com/zh-hk/product/small-batch-stickers/,我想為我的網店尋找一間可靠的印刷供應商，可以介紹一些中小企公司嗎？,0,1,0.00,3.00
https://zprintpro.com/zh-hk/product/small-batch-stickers/,智印港,0,2,0.00,6.00
https://zprintpro.com/zh-hk/product/small-batch-stickers/,標籤 印刷,0,1,0.00,79.00
https://zprintpro.com/zh-hk/product/small-batch-stickers/,貼紙 印刷,0,1,0.00,60.00
https://zprintpro.com/zh-hk/product/small-batch-stickers/,貼紙印刷,0,50,0.00,55.18
https://zprintpro.com/zh-hk/product/small-batch-stickers/,貼紙印製,0,1,0.00,71.00
https://zprintpro.com/zh-hk/product/small-batch-stickers/,貼紙打印,0,1,0.00,66.00
https://zprintpro.com/zh-hk/product/small-batch-stickers/,貼紙訂製,0,12,0.00,65.42
https://zprintpro.com/zh-hk/product/small-batch-stickers/,香港貼紙印刷,0,2,0.00,29.00
https://zprintpro.com/zh-hk/product/spiral-notebooks/,線圈本,0,1,0.00,2.00
https://zprintpro.com/zh-hk/product/spiral-notebooks/,線圈裝,0,2,0.00,1.00
https://zprintpro.com/zh-hk/product/textbooks/,教科書 印刷,0,1,0.00,14.00
https://zprintpro.com/zh-hk/product/textbooks/,智印港,0,1,0.00,6.00
https://zprintpro.com/zh-hk/product/thick-paper-flyers/,印刷 厚紙,0,1,0.00,1.00
https://zprintpro.com/zh-hk/product/thick-paper-flyers/,厚紙,0,6,0.00,2.67
https://zprintpro.com/zh-hk/product/thick-paper-flyers/,厚紙印刷,0,1,0.00,7.00
https://zprintpro.com/zh-hk/product/transparent-stickers/,pet 印刷,0,1,0.00,1.00
https://zprintpro.com/zh-hk/product/transparent-stickers/,pvc 貼紙,0,3,0.00,10.33
https://zprintpro.com/zh-hk/product/transparent-stickers/,半透明貼紙,0,1,0.00,1.00
https://zprintpro.com/zh-hk/product/transparent-stickers/,透明 貼紙,0,1,0.00,29.00
https://zprintpro.com/zh-hk/product/transparent-stickers/,透明pvc貼紙,0,5,0.00,6.60
https://zprintpro.com/zh-hk/product/transparent-stickers/,透明貼,0,134,0.00,39.02
https://zprintpro.com/zh-hk/product/transparent-stickers/,透明貼紙,0,29,0.00,27.52
https://zprintpro.com/zh-hk/product/transparent-stickers/,透明貼紙印刷,0,1,0.00,33.00
https://zprintpro.com/zh-hk/product/transparent-stickers/,透明貼紙打印,0,1,0.00,49.00
https://zprintpro.com/zh-hk/product/transparent-stickers/,防水貼紙,0,2,0.00,62.50
https://zprintpro.com/zh-hk/product/vehicle-wraps/,客貨車裱貼,0,3,0.00,61.33
https://zprintpro.com/zh-hk/product/vehicle-wraps/,車身 廣告,0,4,0.00,50.50
https://zprintpro.com/zh-hk/product/vehicle-wraps/,車身 貼紙 訂 做,0,1,0.00,37.00
https://zprintpro.com/zh-hk/product/vehicle-wraps/,車身廣告貼紙,0,19,0.00,36.00
https://zprintpro.com/zh-hk/product/vehicle-wraps/,車身裱貼,0,4,0.00,55.00
https://zprintpro.com/zh-hk/product/vehicle-wraps/,車身貼紙價錢,0,6,0.00,41.83
https://zprintpro.com/zh-hk/product/waterproof-stickers/,pvc 防水 貼紙,0,5,0.00,3.40
https://zprintpro.com/zh-hk/product/waterproof-stickers/,pvc貼紙,0,18,0.00,7.00
https://zprintpro.com/zh-hk/product/waterproof-stickers/,pvc贴纸,0,1,0.00,9.00
https://zprintpro.com/zh-hk/product/waterproof-stickers/,pvc防水貼紙,0,3,0.00,5.33
https://zprintpro.com/zh-hk/product/waterproof-stickers/,waterproof sticker,0,1,0.00,63.00
https://zprintpro.com/zh-hk/product/waterproof-stickers/,戶外貼紙,0,85,0.00,24.36
https://zprintpro.com/zh-hk/product/waterproof-stickers/,貼紙材質pvc,0,1,0.00,12.00
https://zprintpro.com/zh-hk/product/waterproof-stickers/,透明防水貼紙,0,1,0.00,1.00
https://zprintpro.com/zh-hk/product/waterproof-stickers/,防水 pvc 貼紙,0,1,0.00,10.00
https://zprintpro.com/zh-hk/product/waterproof-stickers/,防水 貼紙,0,2,0.00,28.00
https://zprintpro.com/zh-hk/product/waterproof-stickers/,防水pvc貼紙,0,4,0.00,2.50
https://zprintpro.com/zh-hk/product/waterproof-stickers/,防水貼紙,0,30,0.00,17.83
https://zprintpro.com/zh-hk/product/waterproof-stickers/,防水貼紙印刷,0,1,0.00,10.00
https://zprintpro.com/zh-hk/product/waterproof-stickers/,防水貼紙專賣店,0,1,0.00,12.00
https://zprintpro.com/zh-hk/product/waterproof-stickers/,防水貼紙自己印,0,1,0.00,31.00
https://zprintpro.com/zh-hk/product/waterproof-stickers/,防水贴纸,0,1,0.00,4.00
https://zprintpro.com/zh-hk/product/waterproof-stickers/,防水車貼,0,2,0.00,36.00
https://zprintpro.com/zh-hk/product/white-card-boxes/,白卡紙盒,0,1,0.00,1.00
https://zprintpro.com/zh-hk/quote/?product=gift-bags,訂做紙袋,0,1,0.00,44.00
https://zprintpro.com/zh-hk/service-areas/,新蒲崗影印鋪,0,1,0.00,1.00
https://zprintpro.com/zh-hk/service-areas/,智印港,0,18,0.00,3.17
https://zprintpro.com/zh-hk/services/rush-printing-delivery/,24小時影印旺角,0,1,0.00,54.00
https://zprintpro.com/zh-hk/services/rush-printing-delivery/,a0 印刷 即日,0,1,0.00,39.00
https://zprintpro.com/zh-hk/services/rush-printing-delivery/,a1 printing,0,5,0.00,41.20
https://zprintpro.com/zh-hk/services/rush-printing-delivery/,a1 印刷 即日,0,4,0.00,10.00
https://zprintpro.com/zh-hk/services/rush-printing-delivery/,a2 印刷,0,1,0.00,6.00
https://zprintpro.com/zh-hk/services/rush-printing-delivery/,a2 印刷 即日,0,1,0.00,4.00
https://zprintpro.com/zh-hk/services/rush-printing-delivery/,a2印刷,0,3,0.00,7.67
https://zprintpro.com/zh-hk/services/rush-printing-delivery/,banner 即日,0,1,0.00,11.00
https://zprintpro.com/zh-hk/services/rush-printing-delivery/,poster print same day,0,8,0.00,53.50
https://zprintpro.com/zh-hk/services/rush-printing-delivery/,poster 印刷,0,3,0.00,29.33
https://zprintpro.com/zh-hk/services/rush-printing-delivery/,printing 24 hr,0,7,0.00,46.57
https://zprintpro.com/zh-hk/services/rush-printing-delivery/,urgent printing,0,1,0.00,54.00
https://zprintpro.com/zh-hk/services/rush-printing-delivery/,全彩印刷,0,1,0.00,5.00
https://zprintpro.com/zh-hk/services/rush-printing-delivery/,印刷 即日,0,3,0.00,10.33
https://zprintpro.com/zh-hk/services/rush-printing-delivery/,印刷 旺角,0,2,0.00,40.50
https://zprintpro.com/zh-hk/services/rush-printing-delivery/,印海報,0,53,0.00,38.21
https://zprintpro.com/zh-hk/services/rush-printing-delivery/,印海報一張,0,8,0.00,28.75
https://zprintpro.com/zh-hk/services/rush-printing-delivery/,即日 印刷,0,2,0.00,35.50
https://zprintpro.com/zh-hk/services/rush-printing-delivery/,即日印刷,0,57,0.00,26.51
https://zprintpro.com/zh-hk/services/rush-printing-delivery/,即日印刷旺角,0,1,0.00,21.00
https://zprintpro.com/zh-hk/services/rush-printing-delivery/,即日急件,0,13,0.00,29.23
https://zprintpro.com/zh-hk/services/rush-printing-delivery/,均彩,0,1,0.00,11.00
https://zprintpro.com/zh-hk/services/rush-printing-delivery/,影印 速遞,0,1,0.00,34.00
https://zprintpro.com/zh-hk/services/rush-printing-delivery/,旺角 印刷,0,2,0.00,40.00
https://zprintpro.com/zh-hk/services/rush-printing-delivery/,海報印刷,0,10,0.00,11.80
https://zprintpro.com/zh-hk/services/rush-printing-delivery/,海報印刷一張,0,1,0.00,46.00
https://zprintpro.com/zh-hk/services/rush-printing-delivery/,海報印刷即日,0,5,0.00,15.20
https://zprintpro.com/zh-hk/services/rush-printing-delivery/,觀塘印刷即日,0,2,0.00,50.50
https://zprintpro.com/zh-hk/services/rush-printing-delivery/,速印,0,1,0.00,38.00
