id,slug,category,name_zh,name_en,name_ja,price_range,is_hot,is_new,min_quantity,tag_line_zh,tag_sub_zh,tag_line_en,tag_sub_en,tag_line_ja,tag_sub_ja,prompt_zh_hk,prompt_en,prompt_ja,filename_zh_hk,filename_en,filename_ja,alt_zh_hk,alt_en,alt_ja,scene_keywords,target_audience,material_keywords
BC-001,premium-business-cards,business-cards,高級商務咭片,Premium Business Cards,高級名刺,HK$100-180/100張,TRUE,FALSE,100,高級商務咭片｜100張 HK$100起,熱賣中・免費設計,Premium Business Cards｜From HK$100,Hot Sale · Free Design,高級名刺｜100枚 HK$100〜,人気商品・無料デザイン,"1:1比例，8K超高清电商主图。右上角固定放置单一枚大红色(#DC2626)底色、白色粗体字(PingFang HK Bold)、白色3px描边的爆炸促销标签。标签主标题：高級商務咭片｜100張 HK$100起，副标题：熱賣中・免費設計。标签外画面内绝对不出现任何其他文字、乱码、水印、品牌名、多标签。 前景为100张高級商務咭片整齐排列在深色胡桃木桌面，每张名片有实际用户信息内容，部分卡片微斜展示侧面厚度，啞膠質感低調內斂，光膠表面亮麗通透工艺细节清晰可见。背景虚化现代商务办公空间，暖黄台灯与皮面记事本隐约可见，暖棕调 professional atmosphere。 产品占画面75%-85%，材质和工艺细节高清呈现。所有中文字符必须笔画完整准确，英文单词拼写正确、无粘连、无乱码。產品上必須有实际用户信息内容：每张名片印有真实用户信息：姓名「陳志明」、公司名「智印港有限公司」、職位「市場總監」、電話「+852 2345 6789」、電郵「info@zprintpro.com」，字體清晰可讀，排版專業","1:1 ratio, 8K ultra-high-definition e-commerce hero image. Top-right single burst label with deep red (#DC2626) background, white bold text (Inter Bold), white 3px stroke. Label main: Premium Business Cards｜From HK$100, sub: Hot Sale · Free Design. Absolutely no other text, gibberish, watermarks, brand names, or multiple labels anywhere else in the image. Foreground: 100 Premium Business Cards neatly arranged on dark walnut desk, each card with real user info content, some slightly angled showing thickness, professional 4-color printing vibrant colors details clearly visible. Background: blurred modern business office, warm yellow desk lamp and leather notebook, warm brown professional atmosphere. Product occupies 75%-85% of frame, material and craftsmanship details in high definition. All English words must be spelled correctly, no粘连, no gibberish. Products must display real user info content: Each card displays real user info: name ""Alex Chan"", company ""ZprintPro Ltd."", title ""Marketing Director"", phone ""+852 2345 6789"", email ""info@zprintpro.com"", clear readable typography, professional layout","1:1比率、8K超高清Eコマースメイン画像。右上に単一の赤色(#DC2626)背景、白太字(Hiragino Sans W6)、白3px縁取りのバーストラベル。ラベル主見出し：高級名刺｜100枚 HK$100〜、副見出し：人気商品・無料デザイン。ラベル外の画面内に他の文字・乱码・透かし・ブランド名・複数ラベル一切禁止。 前景：ダークウォールナットの机に整列した高級名刺100枚、各名刺に実際のユーザー情報が含まれ、一部は角度を付けて厚みを見せ、プロ4色印刷鮮やかな色彩のディテールがはっきり見える。背景：ぼかしたモダンなビジネスオフィス、暖かい黄色のデスクライトと革のノート、プロフェッショナルな雰囲気。 製品が画面の75%-85%を占める、素材と職人技のディテールが高精細。すべての文字が正確に表示されること。製品には実際のユーザー情報が含まれている必要がある：各名刺に実際のユーザー情報が印刷されている：名前「陳志明」、会社名「智印港有限公司」、役職「市場総監」、電話「+852 2345 6789」、メール「info@zprintpro.com」、鮮明で読みやすい書体、プロフェッショナルなレイアウト",zprintpro-business-cards-premium-business-cards-zh-hk.jpg,zprintpro-business-cards-premium-business-cards-en.jpg,zprintpro-business-cards-premium-business-cards-ja.jpg,"香港高級商務咭片印刷 HK$100-180/100張 起｜採用300g高級銅版紙，配合專業四色印刷，展現企業｜ZprintPro智印港","Premium Business Cards Printing Hong Kong HK$100-180/100張｜300g premium glossy paper with prof｜ZprintPro","香港高級名刺 HK$100-180/100張｜300g高級コート紙、プロ4色印刷。マットまたはグ｜ZprintPro",现代商务办公室,企業/專業人士,啞膠質感低調內斂，光膠表面亮麗通透
BC-002,thick-business-cards-400g,business-cards,厚身咭片(400g),Thick Business Cards (400g),厚紙名刺(400g),HK$120-220/100張,TRUE,FALSE,100,厚身咭片(400g)｜100張 HK$120起,熱賣中・免費設計,Thick Business Cards (400g)｜From HK$120,Hot Sale · Free Design,厚紙名刺(400g)｜100枚 HK$120〜,人気商品・無料デザイン,"1:1比例，8K超高清电商主图。右上角固定放置单一枚大红色(#DC2626)底色、白色粗体字(PingFang HK Bold)、白色3px描边的爆炸促销标签。标签主标题：厚身咭片(400g)｜100張 HK$120起，副标题：熱賣中・免費設計。标签外画面内绝对不出现任何其他文字、乱码、水印、品牌名、多标签。 前景为100张厚身咭片(400g)整齐排列在深色胡桃木桌面，每张名片有实际用户信息内容，部分卡片微斜展示侧面厚度，厚實紙質手感極佳工艺细节清晰可见。背景虚化现代商务办公空间，暖黄台灯与皮面记事本隐约可见，暖棕调 professional atmosphere。 产品占画面75%-85%，材质和工艺细节高清呈现。所有中文字符必须笔画完整准确，英文单词拼写正确、无粘连、无乱码。產品上必須有实际用户信息内容：每张名片印有真实用户信息：姓名「陳志明」、公司名「智印港有限公司」、職位「市場總監」、電話「+852 2345 6789」、電郵「info@zprintpro.com」，字體清晰可讀，排版專業","1:1 ratio, 8K ultra-high-definition e-commerce hero image. Top-right single burst label with deep red (#DC2626) background, white bold text (Inter Bold), white 3px stroke. Label main: Thick Business Cards (400g)｜From HK$120, sub: Hot Sale · Free Design. Absolutely no other text, gibberish, watermarks, brand names, or multiple labels anywhere else in the image. Foreground: 100 Thick Business Cards (400g) neatly arranged on dark walnut desk, each card with real user info content, some slightly angled showing thickness, professional 4-color printing vibrant colors details clearly visible. Background: blurred modern business office, warm yellow desk lamp and leather notebook, warm brown professional atmosphere. Product occupies 75%-85% of frame, material and craftsmanship details in high definition. All English words must be spelled correctly, no粘连, no gibberish. Products must display real user info content: Each card displays real user info: name ""Alex Chan"", company ""ZprintPro Ltd."", title ""Marketing Director"", phone ""+852 2345 6789"", email ""info@zprintpro.com"", clear readable typography, professional layout","1:1比率、8K超高清Eコマースメイン画像。右上に単一の赤色(#DC2626)背景、白太字(Hiragino Sans W6)、白3px縁取りのバーストラベル。ラベル主見出し：厚紙名刺(400g)｜100枚 HK$120〜、副見出し：人気商品・無料デザイン。ラベル外の画面内に他の文字・乱码・透かし・ブランド名・複数ラベル一切禁止。 前景：ダークウォールナットの机に整列した厚紙名刺(400g)100枚、各名刺に実際のユーザー情報が含まれ、一部は角度を付けて厚みを見せ、厚紙優れた手触りのディテールがはっきり見える。背景：ぼかしたモダンなビジネスオフィス、暖かい黄色のデスクライトと革のノート、プロフェッショナルな雰囲気。 製品が画面の75%-85%を占める、素材と職人技のディテールが高精細。すべての文字が正確に表示されること。製品には実際のユーザー情報が含まれている必要がある：各名刺に実際のユーザー情報が印刷されている：名前「陳志明」、会社名「智印港有限公司」、役職「市場総監」、電話「+852 2345 6789」、メール「info@zprintpro.com」、鮮明で読みやすい書体、プロフェッショナルなレイアウト",zprintpro-business-cards-thick-business-cards-400g-zh-hk.jpg,zprintpro-business-cards-thick-business-cards-400g-en.jpg,zprintpro-business-cards-thick-business-cards-400g-ja.jpg,"香港厚身咭片(400g)印刷 HK$120-220/100張 起｜400g超厚紙質，厚實手感彰顯尊貴品質。特別適合高｜ZprintPro智印港","Thick Business Cards (400g) Printing Hong Kong HK$120-220/100張｜400g ultra-thick paper with substan｜ZprintPro","香港厚紙名刺(400g) HK$120-220/100張｜400g超厚紙、重厚な質感。高級サービス業、デザイ｜ZprintPro",现代商务办公室,企業/專業人士,厚實紙質手感極佳
BC-003,foil-business-cards,business-cards,燙金/燙銀咭片,Foil Stamped Business Cards,箔押し名刺,HK$180-320/100張,TRUE,FALSE,100,燙金/燙銀咭片｜100張 HK$180起,熱賣中・免費設計,Foil Stamped Business Cards｜From HK$180,Hot Sale · Free Design,箔押し名刺｜100枚 HK$180〜,人気商品・無料デザイン,"1:1比例，8K超高清电商主图。右上角固定放置单一枚大红色(#DC2626)底色、白色粗体字(PingFang HK Bold)、白色3px描边的爆炸促销标签。标签主标题：燙金/燙銀咭片｜100張 HK$180起，副标题：熱賣中・免費設計。标签外画面内绝对不出现任何其他文字、乱码、水印、品牌名、多标签。 前景为100张燙金/燙銀咭片整齐排列在深色胡桃木桌面，每张名片有实际用户信息内容，部分卡片微斜展示侧面厚度，燙金工藝閃耀奪目，燙銀工藝高檔質感工艺细节清晰可见。背景虚化现代商务办公空间，暖黄台灯与皮面记事本隐约可见，暖棕调 professional atmosphere。 产品占画面75%-85%，材质和工艺细节高清呈现。所有中文字符必须笔画完整准确，英文单词拼写正确、无粘连、无乱码。產品上必須有实际用户信息内容：每张名片印有真实用户信息：姓名「陳志明」、公司名「智印港有限公司」、職位「市場總監」、電話「+852 2345 6789」、電郵「info@zprintpro.com」，字體清晰可讀，排版專業","1:1 ratio, 8K ultra-high-definition e-commerce hero image. Top-right single burst label with deep red (#DC2626) background, white bold text (Inter Bold), white 3px stroke. Label main: Foil Stamped Business Cards｜From HK$180, sub: Hot Sale · Free Design. Absolutely no other text, gibberish, watermarks, brand names, or multiple labels anywhere else in the image. Foreground: 100 Foil Stamped Business Cards neatly arranged on dark walnut desk, each card with real user info content, some slightly angled showing thickness, professional 4-color printing vibrant colors details clearly visible. Background: blurred modern business office, warm yellow desk lamp and leather notebook, warm brown professional atmosphere. Product occupies 75%-85% of frame, material and craftsmanship details in high definition. All English words must be spelled correctly, no粘连, no gibberish. Products must display real user info content: Each card displays real user info: name ""Alex Chan"", company ""ZprintPro Ltd."", title ""Marketing Director"", phone ""+852 2345 6789"", email ""info@zprintpro.com"", clear readable typography, professional layout","1:1比率、8K超高清Eコマースメイン画像。右上に単一の赤色(#DC2626)背景、白太字(Hiragino Sans W6)、白3px縁取りのバーストラベル。ラベル主見出し：箔押し名刺｜100枚 HK$180〜、副見出し：人気商品・無料デザイン。ラベル外の画面内に他の文字・乱码・透かし・ブランド名・複数ラベル一切禁止。 前景：ダークウォールナットの机に整列した箔押し名刺100枚、各名刺に実際のユーザー情報が含まれ、一部は角度を付けて厚みを見せ、グロス明るく透明のディテールがはっきり見える。背景：ぼかしたモダンなビジネスオフィス、暖かい黄色のデスクライトと革のノート、プロフェッショナルな雰囲気。 製品が画面の75%-85%を占める、素材と職人技のディテールが高精細。すべての文字が正確に表示されること。製品には実際のユーザー情報が含まれている必要がある：各名刺に実際のユーザー情報が印刷されている：名前「陳志明」、会社名「智印港有限公司」、役職「市場総監」、電話「+852 2345 6789」、メール「info@zprintpro.com」、鮮明で読みやすい書体、プロフェッショナルなレイアウト",zprintpro-business-cards-foil-business-cards-zh-hk.jpg,zprintpro-business-cards-foil-business-cards-en.jpg,zprintpro-business-cards-foil-business-cards-ja.jpg,"香港燙金/燙銀咭片印刷 HK$180-320/100張 起｜局部燙金或燙銀工藝，在光線下閃耀奪目，瞬間提升品牌｜ZprintPro智印港","Foil Stamped Business Cards Printing Hong Kong HK$180-320/100張｜Foil stamping in gold or silver, sh｜ZprintPro","香港箔押し名刺 HK$180-320/100張｜部分的な箔押し加工、光に輝いてブランドイメージ向上｜ZprintPro",现代商务办公室,企業/專業人士,燙金工藝閃耀奪目，燙銀工藝高檔質感
BC-004,spot-uv-business-cards,business-cards,UV局部光油咭片,Spot UV Business Cards,局部UV名刺,HK$140-260/100張,TRUE,FALSE,100,UV局部光油咭片｜100張 HK$140起,熱賣中・免費設計,Spot UV Business Cards｜From HK$140,Hot Sale · Free Design,局部UV名刺｜100枚 HK$140〜,人気商品・無料デザイン,"1:1比例，8K超高清电商主图。右上角固定放置单一枚大红色(#DC2626)底色、白色粗体字(PingFang HK Bold)、白色3px描边的爆炸促销标签。标签主标题：UV局部光油咭片｜100張 HK$140起，副标题：熱賣中・免費設計。标签外画面内绝对不出现任何其他文字、乱码、水印、品牌名、多标签。 前景为100张UV局部光油咭片整齐排列在深色胡桃木桌面，每张名片有实际用户信息内容，部分卡片微斜展示侧面厚度，UV光油立體光澤，光面亮麗通透工艺细节清晰可见。背景虚化现代商务办公空间，暖黄台灯与皮面记事本隐约可见，暖棕调 professional atmosphere。 产品占画面75%-85%，材质和工艺细节高清呈现。所有中文字符必须笔画完整准确，英文单词拼写正确、无粘连、无乱码。產品上必須有实际用户信息内容：每张名片印有真实用户信息：姓名「陳志明」、公司名「智印港有限公司」、職位「市場總監」、電話「+852 2345 6789」、電郵「info@zprintpro.com」，字體清晰可讀，排版專業","1:1 ratio, 8K ultra-high-definition e-commerce hero image. Top-right single burst label with deep red (#DC2626) background, white bold text (Inter Bold), white 3px stroke. Label main: Spot UV Business Cards｜From HK$140, sub: Hot Sale · Free Design. Absolutely no other text, gibberish, watermarks, brand names, or multiple labels anywhere else in the image. Foreground: 100 Spot UV Business Cards neatly arranged on dark walnut desk, each card with real user info content, some slightly angled showing thickness, UV coating dimensional gloss details clearly visible. Background: blurred modern business office, warm yellow desk lamp and leather notebook, warm brown professional atmosphere. Product occupies 75%-85% of frame, material and craftsmanship details in high definition. All English words must be spelled correctly, no粘连, no gibberish. Products must display real user info content: Each card displays real user info: name ""Alex Chan"", company ""ZprintPro Ltd."", title ""Marketing Director"", phone ""+852 2345 6789"", email ""info@zprintpro.com"", clear readable typography, professional layout","1:1比率、8K超高清Eコマースメイン画像。右上に単一の赤色(#DC2626)背景、白太字(Hiragino Sans W6)、白3px縁取りのバーストラベル。ラベル主見出し：局部UV名刺｜100枚 HK$140〜、副見出し：人気商品・無料デザイン。ラベル外の画面内に他の文字・乱码・透かし・ブランド名・複数ラベル一切禁止。 前景：ダークウォールナットの机に整列した局部UV名刺100枚、各名刺に実際のユーザー情報が含まれ、一部は角度を付けて厚みを見せ、UVコーティング立体的な光沢，グロス明るく透明のディテールがはっきり見える。背景：ぼかしたモダンなビジネスオフィス、暖かい黄色のデスクライトと革のノート、プロフェッショナルな雰囲気。 製品が画面の75%-85%を占める、素材と職人技のディテールが高精細。すべての文字が正確に表示されること。製品には実際のユーザー情報が含まれている必要がある：各名刺に実際のユーザー情報が印刷されている：名前「陳志明」、会社名「智印港有限公司」、役職「市場総監」、電話「+852 2345 6789」、メール「info@zprintpro.com」、鮮明で読みやすい書体、プロフェッショナルなレイアウト",zprintpro-business-cards-spot-uv-business-cards-zh-hk.jpg,zprintpro-business-cards-spot-uv-business-cards-en.jpg,zprintpro-business-cards-spot-uv-business-cards-ja.jpg,"香港UV局部光油咭片印刷 HK$140-260/100張 起｜局部UV光油工藝，讓Logo或圖案呈現立體光澤效果｜ZprintPro智印港","Spot UV Business Cards Printing Hong Kong HK$140-260/100張｜Spot UV coating creates glossy, dim｜ZprintPro","香港局部UV名刺 HK$140-260/100張｜部分UVコーティングでロゴやデザインに立体的な光沢｜ZprintPro",现代商务办公室,企業/專業人士,UV光油立體光澤，光面亮麗通透
BC-005,matte-business-cards,business-cards,啞膠咭片,Matte Laminated Cards,マット名刺,HK$110-190/100張,FALSE,FALSE,100,啞膠咭片｜100張 HK$110起,免費設計・即日交貨,Matte Laminated Cards｜From HK$110,Free Design · Same Day,マット名刺｜100枚 HK$110〜,無料デザイン・即日発送,"1:1比例，8K超高清电商主图。右上角固定放置单一枚大红色(#DC2626)底色、白色粗体字(PingFang HK Bold)、白色3px描边的爆炸促销标签。标签主标题：啞膠咭片｜100張 HK$110起，副标题：免費設計・即日交貨。标签外画面内绝对不出现任何其他文字、乱码、水印、品牌名、多标签。 前景为100张啞膠咭片整齐排列在深色胡桃木桌面，每张名片有实际用户信息内容，部分卡片微斜展示侧面厚度，啞膠質感低調內斂，啞面質感細膩工艺细节清晰可见。背景虚化现代商务办公空间，暖黄台灯与皮面记事本隐约可见，暖棕调 professional atmosphere。 产品占画面75%-85%，材质和工艺细节高清呈现。所有中文字符必须笔画完整准确，英文单词拼写正确、无粘连、无乱码。產品上必須有实际用户信息内容：每张名片印有真实用户信息：姓名「陳志明」、公司名「智印港有限公司」、職位「市場總監」、電話「+852 2345 6789」、電郵「info@zprintpro.com」，字體清晰可讀，排版專業","1:1 ratio, 8K ultra-high-definition e-commerce hero image. Top-right single burst label with deep red (#DC2626) background, white bold text (Inter Bold), white 3px stroke. Label main: Matte Laminated Cards｜From HK$110, sub: Free Design · Same Day. Absolutely no other text, gibberish, watermarks, brand names, or multiple labels anywhere else in the image. Foreground: 100 Matte Laminated Cards neatly arranged on dark walnut desk, each card with real user info content, some slightly angled showing thickness, professional 4-color printing vibrant colors details clearly visible. Background: blurred modern business office, warm yellow desk lamp and leather notebook, warm brown professional atmosphere. Product occupies 75%-85% of frame, material and craftsmanship details in high definition. All English words must be spelled correctly, no粘连, no gibberish. Products must display real user info content: Each card displays real user info: name ""Alex Chan"", company ""ZprintPro Ltd."", title ""Marketing Director"", phone ""+852 2345 6789"", email ""info@zprintpro.com"", clear readable typography, professional layout","1:1比率、8K超高清Eコマースメイン画像。右上に単一の赤色(#DC2626)背景、白太字(Hiragino Sans W6)、白3px縁取りのバーストラベル。ラベル主見出し：マット名刺｜100枚 HK$110〜、副見出し：無料デザイン・即日発送。ラベル外の画面内に他の文字・乱码・透かし・ブランド名・複数ラベル一切禁止。 前景：ダークウォールナットの机に整列したマット名刺100枚、各名刺に実際のユーザー情報が含まれ、一部は角度を付けて厚みを見せ、プロ4色印刷鮮やかな色彩のディテールがはっきり見える。背景：ぼかしたモダンなビジネスオフィス、暖かい黄色のデスクライトと革のノート、プロフェッショナルな雰囲気。 製品が画面の75%-85%を占める、素材と職人技のディテールが高精細。すべての文字が正確に表示されること。製品には実際のユーザー情報が含まれている必要がある：各名刺に実際のユーザー情報が印刷されている：名前「陳志明」、会社名「智印港有限公司」、役職「市場総監」、電話「+852 2345 6789」、メール「info@zprintpro.com」、鮮明で読みやすい書体、プロフェッショナルなレイアウト",zprintpro-business-cards-matte-business-cards-zh-hk.jpg,zprintpro-business-cards-matte-business-cards-en.jpg,zprintpro-business-cards-matte-business-cards-ja.jpg,"香港啞膠咭片印刷 HK$110-190/100張 起｜啞膠表面處理，低調內斂的質感，不易留下指紋。適合注｜ZprintPro智印港","Matte Laminated Cards Printing Hong Kong HK$110-190/100張｜Matte lamination provides understat｜ZprintPro","香港マット名刺 HK$110-190/100張｜マットラミネーション加工、落ち着いた質感で指紋が付｜ZprintPro",现代商务办公室,企業/專業人士,啞膠質感低調內斂，啞面質感細膩
BC-006,rounded-corner-cards,business-cards,圓角咭片,Rounded Corner Cards,丸角名刺,HK$100-170/100張,FALSE,FALSE,100,圓角咭片｜100張 HK$100起,免費設計・即日交貨,Rounded Corner Cards｜From HK$100,Free Design · Same Day,丸角名刺｜100枚 HK$100〜,無料デザイン・即日発送,"1:1比例，8K超高清电商主图。右上角固定放置单一枚大红色(#DC2626)底色、白色粗体字(PingFang HK Bold)、白色3px描边的爆炸促销标签。标签主标题：圓角咭片｜100張 HK$100起，副标题：免費設計・即日交貨。标签外画面内绝对不出现任何其他文字、乱码、水印、品牌名、多标签。 前景为100张圓角咭片整齐排列在深色胡桃木桌面，每张名片有实际用户信息内容，部分卡片微斜展示侧面厚度，專業四色印刷色彩鮮豔工艺细节清晰可见。背景虚化现代商务办公空间，暖黄台灯与皮面记事本隐约可见，暖棕调 professional atmosphere。 产品占画面75%-85%，材质和工艺细节高清呈现。所有中文字符必须笔画完整准确，英文单词拼写正确、无粘连、无乱码。產品上必須有实际用户信息内容：每张名片印有真实用户信息：姓名「陳志明」、公司名「智印港有限公司」、職位「市場總監」、電話「+852 2345 6789」、電郵「info@zprintpro.com」，字體清晰可讀，排版專業","1:1 ratio, 8K ultra-high-definition e-commerce hero image. Top-right single burst label with deep red (#DC2626) background, white bold text (Inter Bold), white 3px stroke. Label main: Rounded Corner Cards｜From HK$100, sub: Free Design · Same Day. Absolutely no other text, gibberish, watermarks, brand names, or multiple labels anywhere else in the image. Foreground: 100 Rounded Corner Cards neatly arranged on dark walnut desk, each card with real user info content, some slightly angled showing thickness, professional 4-color printing vibrant colors details clearly visible. Background: blurred modern business office, warm yellow desk lamp and leather notebook, warm brown professional atmosphere. Product occupies 75%-85% of frame, material and craftsmanship details in high definition. All English words must be spelled correctly, no粘连, no gibberish. Products must display real user info content: Each card displays real user info: name ""Alex Chan"", company ""ZprintPro Ltd."", title ""Marketing Director"", phone ""+852 2345 6789"", email ""info@zprintpro.com"", clear readable typography, professional layout","1:1比率、8K超高清Eコマースメイン画像。右上に単一の赤色(#DC2626)背景、白太字(Hiragino Sans W6)、白3px縁取りのバーストラベル。ラベル主見出し：丸角名刺｜100枚 HK$100〜、副見出し：無料デザイン・即日発送。ラベル外の画面内に他の文字・乱码・透かし・ブランド名・複数ラベル一切禁止。 前景：ダークウォールナットの机に整列した丸角名刺100枚、各名刺に実際のユーザー情報が含まれ、一部は角度を付けて厚みを見せ、プロ4色印刷鮮やかな色彩のディテールがはっきり見える。背景：ぼかしたモダンなビジネスオフィス、暖かい黄色のデスクライトと革のノート、プロフェッショナルな雰囲気。 製品が画面の75%-85%を占める、素材と職人技のディテールが高精細。すべての文字が正確に表示されること。製品には実際のユーザー情報が含まれている必要がある：各名刺に実際のユーザー情報が印刷されている：名前「陳志明」、会社名「智印港有限公司」、役職「市場総監」、電話「+852 2345 6789」、メール「info@zprintpro.com」、鮮明で読みやすい書体、プロフェッショナルなレイアウト",zprintpro-business-cards-rounded-corner-cards-zh-hk.jpg,zprintpro-business-cards-rounded-corner-cards-en.jpg,zprintpro-business-cards-rounded-corner-cards-ja.jpg,"香港圓角咭片印刷 HK$100-170/100張 起｜圓角設計，柔和美觀且不易折損。展現與眾不同的品味，｜ZprintPro智印港","Rounded Corner Cards Printing Hong Kong HK$100-170/100張｜Rounded corners for soft aesthetics｜ZprintPro","香港丸角名刺 HK$100-170/100張｜丸角デザイン、柔らかく美しく折れにくい。クリエイテ｜ZprintPro",现代商务办公室,企業/專業人士,專業四色印刷色彩鮮豔
ST-001,waterproof-stickers,stickers,防水貼紙,Waterproof Stickers,防水ステッカー,HK$0.22-1.0/張,TRUE,FALSE,100,防水貼紙｜100張 HK$0.22起,熱賣中・免費設計,Waterproof Stickers｜From HK$0.22,Hot Sale · Free Design,防水ステッカー｜100枚 HK$0.22〜,人気商品・無料デザイン,"1:1比例，8K超高清电商主图。右上角固定放置单一枚大红色(#DC2626)底色、白色粗体字(PingFang HK Bold)、白色3px描边的爆炸促销标签。标签主标题：防水貼紙｜100張 HK$0.22起，副标题：熱賣中・免費設計。标签外画面内绝对不出现任何其他文字、乱码、水印、品牌名、多标签。 前景为防水貼紙贴在牛皮纸包裹和玻璃瓶上，貼紙上有实际用户信息内容，防水材質耐用可靠效果真实呈现，边缘细节高清。背景虚化手作工作室桌面，自然柔光暖米调。 产品占画面75%-85%，材质和工艺细节高清呈现。所有中文字符必须笔画完整准确，英文单词拼写正确、无粘连、无乱码。產品上必須有实际用户信息内容：貼紙上印有真实品牌信息：品牌名「ZprintPro」、Logo圖案、產品標籤「有機蜂蜜 250g」、條碼和生產日期，字體清晰不模糊","1:1 ratio, 8K ultra-high-definition e-commerce hero image. Top-right single burst label with deep red (#DC2626) background, white bold text (Inter Bold), white 3px stroke. Label main: Waterproof Stickers｜From HK$0.22, sub: Hot Sale · Free Design. Absolutely no other text, gibberish, watermarks, brand names, or multiple labels anywhere else in the image. Foreground: Waterproof Stickers applied on kraft paper parcel and glass bottle, stickers with real user info content, UV coating dimensional gloss effect realistically shown, edge details in high definition. Background: blurred craft studio desk, natural soft warm beige light. Product occupies 75%-85% of frame, material and craftsmanship details in high definition. All English words must be spelled correctly, no粘连, no gibberish. Products must display real user info content: Stickers display real brand info: brand name ""ZprintPro"", logo graphic, product label ""Organic Honey 250g"", barcode and production date, crisp clear text","1:1比率、8K超高清Eコマースメイン画像。右上に単一の赤色(#DC2626)背景、白太字(Hiragino Sans W6)、白3px縁取りのバーストラベル。ラベル主見出し：防水ステッカー｜100枚 HK$0.22〜、副見出し：人気商品・無料デザイン。ラベル外の画面内に他の文字・乱码・透かし・ブランド名・複数ラベル一切禁止。 前景：クラフト紙の小包とガラス瓶に貼られた防水ステッカー、ステッカーに実際のユーザー情報が含まれ、UVコーティング立体的な光沢，防水素材耐久性あり効果がリアルに表現され、縁のディテールが鮮明。背景：ぼかした手作りスタジオの机、自然な柔らかい暖かいベージュの光。 製品が画面の75%-85%を占める、素材と職人技のディテールが高精細。すべての文字が正確に表示されること。製品には実際のユーザー情報が含まれている必要がある：ステッカーに実際のブランド情報が印刷されている：ブランド名「ZprintPro」、ロゴグラフィック、製品ラベル「有機蜂蜜 250g」、バーコードと製造日、鮮明で読みやすい文字",zprintpro-stickers-waterproof-stickers-zh-hk.jpg,zprintpro-stickers-waterproof-stickers-en.jpg,zprintpro-stickers-waterproof-stickers-ja.jpg,"香港防水貼紙印刷 HK$0.22-1.0/張 起｜PVC材質防水貼紙，具有出色的防水、防曬、耐磨性能｜ZprintPro智印港","Waterproof Stickers Printing Hong Kong HK$0.22-1.0/張｜PVC waterproof stickers with excell｜ZprintPro","香港防水ステッカー HK$0.22-1.0/張｜PVC防水ステッカー、優れた防水・UV・耐摩耗性。｜ZprintPro",手作工作室桌面,品牌/電商/手作,防水材質耐用可靠
ST-002,transparent-stickers,stickers,透明貼紙,Transparent Stickers,透明ステッカー,HK$0.38-1.50/張,TRUE,FALSE,100,透明貼紙｜100張 HK$0.38起,熱賣中・免費設計,Transparent Stickers｜From HK$0.38,Hot Sale · Free Design,透明ステッカー｜100枚 HK$0.38〜,人気商品・無料デザイン,"1:1比例，8K超高清电商主图。右上角固定放置单一枚大红色(#DC2626)底色、白色粗体字(PingFang HK Bold)、白色3px描边的爆炸促销标签。标签主标题：透明貼紙｜100張 HK$0.38起，副标题：熱賣中・免費設計。标签外画面内绝对不出现任何其他文字、乱码、水印、品牌名、多标签。 前景为透明貼紙贴在牛皮纸包裹和玻璃瓶上，貼紙上有实际用户信息内容，高透明無白邊效果真实呈现，边缘细节高清。背景虚化手作工作室桌面，自然柔光暖米调。 产品占画面75%-85%，材质和工艺细节高清呈现。所有中文字符必须笔画完整准确，英文单词拼写正确、无粘连、无乱码。產品上必須有实际用户信息内容：貼紙上印有真实品牌信息：品牌名「ZprintPro」、Logo圖案、產品標籤「有機蜂蜜 250g」、條碼和生產日期，字體清晰不模糊","1:1 ratio, 8K ultra-high-definition e-commerce hero image. Top-right single burst label with deep red (#DC2626) background, white bold text (Inter Bold), white 3px stroke. Label main: Transparent Stickers｜From HK$0.38, sub: Hot Sale · Free Design. Absolutely no other text, gibberish, watermarks, brand names, or multiple labels anywhere else in the image. Foreground: Transparent Stickers applied on kraft paper parcel and glass bottle, stickers with real user info content, professional 4-color printing vibrant colors effect realistically shown, edge details in high definition. Background: blurred craft studio desk, natural soft warm beige light. Product occupies 75%-85% of frame, material and craftsmanship details in high definition. All English words must be spelled correctly, no粘连, no gibberish. Products must display real user info content: Stickers display real brand info: brand name ""ZprintPro"", logo graphic, product label ""Organic Honey 250g"", barcode and production date, crisp clear text","1:1比率、8K超高清Eコマースメイン画像。右上に単一の赤色(#DC2626)背景、白太字(Hiragino Sans W6)、白3px縁取りのバーストラベル。ラベル主見出し：透明ステッカー｜100枚 HK$0.38〜、副見出し：人気商品・無料デザイン。ラベル外の画面内に他の文字・乱码・透かし・ブランド名・複数ラベル一切禁止。 前景：クラフト紙の小包とガラス瓶に貼られた透明ステッカー、ステッカーに実際のユーザー情報が含まれ、クリスタルクリア白縁なし効果がリアルに表現され、縁のディテールが鮮明。背景：ぼかした手作りスタジオの机、自然な柔らかい暖かいベージュの光。 製品が画面の75%-85%を占める、素材と職人技のディテールが高精細。すべての文字が正確に表示されること。製品には実際のユーザー情報が含まれている必要がある：ステッカーに実際のブランド情報が印刷されている：ブランド名「ZprintPro」、ロゴグラフィック、製品ラベル「有機蜂蜜 250g」、バーコードと製造日、鮮明で読みやすい文字",zprintpro-stickers-transparent-stickers-zh-hk.jpg,zprintpro-stickers-transparent-stickers-en.jpg,zprintpro-stickers-transparent-stickers-ja.jpg,"香港透明貼紙印刷 HK$0.38-1.50/張 起｜透明PET材質，貼合後呈現無感效果，完美展現產品本｜ZprintPro智印港","Transparent Stickers Printing Hong Kong HK$0.38-1.50/張｜Transparent PET material creates in｜ZprintPro","香港透明ステッカー HK$0.38-1.50/張｜透明PET素材、貼り付け後無感効果。化粧品、食品包｜ZprintPro",手作工作室桌面,品牌/電商/手作,高透明無白邊
ST-003,removable-stickers,stickers,可移貼紙(無殘膠),Removable Stickers,はがせるステッカー,HK$0.45-1.60/張,TRUE,FALSE,100,可移貼紙(無殘膠)｜100張 HK$0.45起,熱賣中・免費設計,Removable Stickers｜From HK$0.45,Hot Sale · Free Design,はがせるステッカー｜100枚 HK$0.45〜,人気商品・無料デザイン,"1:1比例，8K超高清电商主图。右上角固定放置单一枚大红色(#DC2626)底色、白色粗体字(PingFang HK Bold)、白色3px描边的爆炸促销标签。标签主标题：可移貼紙(無殘膠)｜100張 HK$0.45起，副标题：熱賣中・免費設計。标签外画面内绝对不出现任何其他文字、乱码、水印、品牌名、多标签。 前景为可移貼紙(無殘膠)贴在牛皮纸包裹和玻璃瓶上，貼紙上有实际用户信息内容，專業四色印刷色彩鮮豔效果真实呈现，边缘细节高清。背景虚化手作工作室桌面，自然柔光暖米调。 产品占画面75%-85%，材质和工艺细节高清呈现。所有中文字符必须笔画完整准确，英文单词拼写正确、无粘连、无乱码。產品上必須有实际用户信息内容：貼紙上印有真实品牌信息：品牌名「ZprintPro」、Logo圖案、產品標籤「有機蜂蜜 250g」、條碼和生產日期，字體清晰不模糊","1:1 ratio, 8K ultra-high-definition e-commerce hero image. Top-right single burst label with deep red (#DC2626) background, white bold text (Inter Bold), white 3px stroke. Label main: Removable Stickers｜From HK$0.45, sub: Hot Sale · Free Design. Absolutely no other text, gibberish, watermarks, brand names, or multiple labels anywhere else in the image. Foreground: Removable Stickers applied on kraft paper parcel and glass bottle, stickers with real user info content, professional 4-color printing vibrant colors effect realistically shown, edge details in high definition. Background: blurred craft studio desk, natural soft warm beige light. Product occupies 75%-85% of frame, material and craftsmanship details in high definition. All English words must be spelled correctly, no粘连, no gibberish. Products must display real user info content: Stickers display real brand info: brand name ""ZprintPro"", logo graphic, product label ""Organic Honey 250g"", barcode and production date, crisp clear text","1:1比率、8K超高清Eコマースメイン画像。右上に単一の赤色(#DC2626)背景、白太字(Hiragino Sans W6)、白3px縁取りのバーストラベル。ラベル主見出し：はがせるステッカー｜100枚 HK$0.45〜、副見出し：人気商品・無料デザイン。ラベル外の画面内に他の文字・乱码・透かし・ブランド名・複数ラベル一切禁止。 前景：クラフト紙の小包とガラス瓶に貼られたはがせるステッカー、ステッカーに実際のユーザー情報が含まれ、プロ4色印刷鮮やかな色彩効果がリアルに表現され、縁のディテールが鮮明。背景：ぼかした手作りスタジオの机、自然な柔らかい暖かいベージュの光。 製品が画面の75%-85%を占める、素材と職人技のディテールが高精細。すべての文字が正確に表示されること。製品には実際のユーザー情報が含まれている必要がある：ステッカーに実際のブランド情報が印刷されている：ブランド名「ZprintPro」、ロゴグラフィック、製品ラベル「有機蜂蜜 250g」、バーコードと製造日、鮮明で読みやすい文字",zprintpro-stickers-removable-stickers-zh-hk.jpg,zprintpro-stickers-removable-stickers-en.jpg,zprintpro-stickers-removable-stickers-ja.jpg,"香港可移貼紙(無殘膠)印刷 HK$0.45-1.60/張 起｜特殊背膠設計，移除後不留殘膠，保護貼附表面。適合車｜ZprintPro智印港","Removable Stickers Printing Hong Kong HK$0.45-1.60/張｜Special adhesive design leaves no r｜ZprintPro","香港はがせるステッカー HK$0.45-1.60/張｜特殊粘着設計、剥がしても残りません。車窓、ガラス展｜ZprintPro",手作工作室桌面,品牌/電商/手作,專業四色印刷色彩鮮豔
ST-004,small-batch-stickers,stickers,小批量貼紙,Small Batch Stickers,小ロットステッカー,HK$38-120/A4,TRUE,FALSE,100,小批量貼紙｜100張 HK$38起,熱賣中・免費設計,Small Batch Stickers｜From HK$38,Hot Sale · Free Design,小ロットステッカー｜100枚 HK$38〜,人気商品・無料デザイン,"1:1比例，8K超高清电商主图。右上角固定放置单一枚大红色(#DC2626)底色、白色粗体字(PingFang HK Bold)、白色3px描边的爆炸促销标签。标签主标题：小批量貼紙｜100張 HK$38起，副标题：熱賣中・免費設計。标签外画面内绝对不出现任何其他文字、乱码、水印、品牌名、多标签。 前景为小批量貼紙贴在牛皮纸包裹和玻璃瓶上，貼紙上有实际用户信息内容，專業四色印刷色彩鮮豔效果真实呈现，边缘细节高清。背景虚化手作工作室桌面，自然柔光暖米调。 产品占画面75%-85%，材质和工艺细节高清呈现。所有中文字符必须笔画完整准确，英文单词拼写正确、无粘连、无乱码。產品上必須有实际用户信息内容：貼紙上印有真实品牌信息：品牌名「ZprintPro」、Logo圖案、產品標籤「有機蜂蜜 250g」、條碼和生產日期，字體清晰不模糊","1:1 ratio, 8K ultra-high-definition e-commerce hero image. Top-right single burst label with deep red (#DC2626) background, white bold text (Inter Bold), white 3px stroke. Label main: Small Batch Stickers｜From HK$38, sub: Hot Sale · Free Design. Absolutely no other text, gibberish, watermarks, brand names, or multiple labels anywhere else in the image. Foreground: Small Batch Stickers applied on kraft paper parcel and glass bottle, stickers with real user info content, professional 4-color printing vibrant colors effect realistically shown, edge details in high definition. Background: blurred craft studio desk, natural soft warm beige light. Product occupies 75%-85% of frame, material and craftsmanship details in high definition. All English words must be spelled correctly, no粘连, no gibberish. Products must display real user info content: Stickers display real brand info: brand name ""ZprintPro"", logo graphic, product label ""Organic Honey 250g"", barcode and production date, crisp clear text","1:1比率、8K超高清Eコマースメイン画像。右上に単一の赤色(#DC2626)背景、白太字(Hiragino Sans W6)、白3px縁取りのバーストラベル。ラベル主見出し：小ロットステッカー｜100枚 HK$38〜、副見出し：人気商品・無料デザイン。ラベル外の画面内に他の文字・乱码・透かし・ブランド名・複数ラベル一切禁止。 前景：クラフト紙の小包とガラス瓶に貼られた小ロットステッカー、ステッカーに実際のユーザー情報が含まれ、プロ4色印刷鮮やかな色彩効果がリアルに表現され、縁のディテールが鮮明。背景：ぼかした手作りスタジオの机、自然な柔らかい暖かいベージュの光。 製品が画面の75%-85%を占める、素材と職人技のディテールが高精細。すべての文字が正確に表示されること。製品には実際のユーザー情報が含まれている必要がある：ステッカーに実際のブランド情報が印刷されている：ブランド名「ZprintPro」、ロゴグラフィック、製品ラベル「有機蜂蜜 250g」、バーコードと製造日、鮮明で読みやすい文字",zprintpro-stickers-small-batch-stickers-zh-hk.jpg,zprintpro-stickers-small-batch-stickers-en.jpg,zprintpro-stickers-small-batch-stickers-ja.jpg,"香港小批量貼紙印刷 HK$38-120/A4 起｜最低A4尺寸起印，無需大量庫存壓力。適合初創品牌、｜ZprintPro智印港","Small Batch Stickers Printing Hong Kong HK$38-120/A4｜Minimum A4 size order, no bulk inve｜ZprintPro","香港小ロットステッカー HK$38-120/A4｜最小A4サイズから、大量在庫の心配なし。スタートア｜ZprintPro",手作工作室桌面,品牌/電商/手作,專業四色印刷色彩鮮豔
ST-005,die-cut-stickers,stickers,異形模切貼紙,Die-cut Stickers,型抜きステッカー,HK$0.58-2.20/張,FALSE,FALSE,100,異形模切貼紙｜100張 HK$0.58起,免費設計・即日交貨,Die-cut Stickers｜From HK$0.58,Free Design · Same Day,型抜きステッカー｜100枚 HK$0.58〜,無料デザイン・即日発送,"1:1比例，8K超高清电商主图。右上角固定放置单一枚大红色(#DC2626)底色、白色粗体字(PingFang HK Bold)、白色3px描边的爆炸促销标签。标签主标题：異形模切貼紙｜100張 HK$0.58起，副标题：免費設計・即日交貨。标签外画面内绝对不出现任何其他文字、乱码、水印、品牌名、多标签。 前景为異形模切貼紙贴在牛皮纸包裹和玻璃瓶上，貼紙上有实际用户信息内容，專業四色印刷色彩鮮豔效果真实呈现，边缘细节高清。背景虚化手作工作室桌面，自然柔光暖米调。 产品占画面75%-85%，材质和工艺细节高清呈现。所有中文字符必须笔画完整准确，英文单词拼写正确、无粘连、无乱码。產品上必須有实际用户信息内容：貼紙上印有真实品牌信息：品牌名「ZprintPro」、Logo圖案、產品標籤「有機蜂蜜 250g」、條碼和生產日期，字體清晰不模糊","1:1 ratio, 8K ultra-high-definition e-commerce hero image. Top-right single burst label with deep red (#DC2626) background, white bold text (Inter Bold), white 3px stroke. Label main: Die-cut Stickers｜From HK$0.58, sub: Free Design · Same Day. Absolutely no other text, gibberish, watermarks, brand names, or multiple labels anywhere else in the image. Foreground: Die-cut Stickers applied on kraft paper parcel and glass bottle, stickers with real user info content, professional 4-color printing vibrant colors effect realistically shown, edge details in high definition. Background: blurred craft studio desk, natural soft warm beige light. Product occupies 75%-85% of frame, material and craftsmanship details in high definition. All English words must be spelled correctly, no粘连, no gibberish. Products must display real user info content: Stickers display real brand info: brand name ""ZprintPro"", logo graphic, product label ""Organic Honey 250g"", barcode and production date, crisp clear text","1:1比率、8K超高清Eコマースメイン画像。右上に単一の赤色(#DC2626)背景、白太字(Hiragino Sans W6)、白3px縁取りのバーストラベル。ラベル主見出し：型抜きステッカー｜100枚 HK$0.58〜、副見出し：無料デザイン・即日発送。ラベル外の画面内に他の文字・乱码・透かし・ブランド名・複数ラベル一切禁止。 前景：クラフト紙の小包とガラス瓶に貼られた型抜きステッカー、ステッカーに実際のユーザー情報が含まれ、プロ4色印刷鮮やかな色彩効果がリアルに表現され、縁のディテールが鮮明。背景：ぼかした手作りスタジオの机、自然な柔らかい暖かいベージュの光。 製品が画面の75%-85%を占める、素材と職人技のディテールが高精細。すべての文字が正確に表示されること。製品には実際のユーザー情報が含まれている必要がある：ステッカーに実際のブランド情報が印刷されている：ブランド名「ZprintPro」、ロゴグラフィック、製品ラベル「有機蜂蜜 250g」、バーコードと製造日、鮮明で読みやすい文字",zprintpro-stickers-die-cut-stickers-zh-hk.jpg,zprintpro-stickers-die-cut-stickers-en.jpg,zprintpro-stickers-die-cut-stickers-ja.jpg,"香港異形模切貼紙印刷 HK$0.58-2.20/張 起｜任意形狀模切，讓創意不受限制。可切出Logo形狀、｜ZprintPro智印港","Die-cut Stickers Printing Hong Kong HK$0.58-2.20/張｜Any shape die-cutting, creativity w｜ZprintPro","香港型抜きステッカー HK$0.58-2.20/張｜任意形状の型抜き、創作の自由を制限しません。｜ZprintPro",手作工作室桌面,品牌/電商/手作,專業四色印刷色彩鮮豔
ST-006,foil-stickers,stickers,燙金貼紙,Foil Stickers,箔押しステッカー,HK$0.78-2.80/張,FALSE,FALSE,100,燙金貼紙｜100張 HK$0.78起,免費設計・即日交貨,Foil Stickers｜From HK$0.78,Free Design · Same Day,箔押しステッカー｜100枚 HK$0.78〜,無料デザイン・即日発送,"1:1比例，8K超高清电商主图。右上角固定放置单一枚大红色(#DC2626)底色、白色粗体字(PingFang HK Bold)、白色3px描边的爆炸促销标签。标签主标题：燙金貼紙｜100張 HK$0.78起，副标题：免費設計・即日交貨。标签外画面内绝对不出现任何其他文字、乱码、水印、品牌名、多标签。 前景为燙金貼紙贴在牛皮纸包裹和玻璃瓶上，貼紙上有实际用户信息内容，燙金工藝閃耀奪目效果真实呈现，边缘细节高清。背景虚化手作工作室桌面，自然柔光暖米调。 产品占画面75%-85%，材质和工艺细节高清呈现。所有中文字符必须笔画完整准确，英文单词拼写正确、无粘连、无乱码。產品上必須有实际用户信息内容：貼紙上印有真实品牌信息：品牌名「ZprintPro」、Logo圖案、產品標籤「有機蜂蜜 250g」、條碼和生產日期，字體清晰不模糊","1:1 ratio, 8K ultra-high-definition e-commerce hero image. Top-right single burst label with deep red (#DC2626) background, white bold text (Inter Bold), white 3px stroke. Label main: Foil Stickers｜From HK$0.78, sub: Free Design · Same Day. Absolutely no other text, gibberish, watermarks, brand names, or multiple labels anywhere else in the image. Foreground: Foil Stickers applied on kraft paper parcel and glass bottle, stickers with real user info content, professional 4-color printing vibrant colors effect realistically shown, edge details in high definition. Background: blurred craft studio desk, natural soft warm beige light. Product occupies 75%-85% of frame, material and craftsmanship details in high definition. All English words must be spelled correctly, no粘连, no gibberish. Products must display real user info content: Stickers display real brand info: brand name ""ZprintPro"", logo graphic, product label ""Organic Honey 250g"", barcode and production date, crisp clear text","1:1比率、8K超高清Eコマースメイン画像。右上に単一の赤色(#DC2626)背景、白太字(Hiragino Sans W6)、白3px縁取りのバーストラベル。ラベル主見出し：箔押しステッカー｜100枚 HK$0.78〜、副見出し：無料デザイン・即日発送。ラベル外の画面内に他の文字・乱码・透かし・ブランド名・複数ラベル一切禁止。 前景：クラフト紙の小包とガラス瓶に貼られた箔押しステッカー、ステッカーに実際のユーザー情報が含まれ、プロ4色印刷鮮やかな色彩効果がリアルに表現され、縁のディテールが鮮明。背景：ぼかした手作りスタジオの机、自然な柔らかい暖かいベージュの光。 製品が画面の75%-85%を占める、素材と職人技のディテールが高精細。すべての文字が正確に表示されること。製品には実際のユーザー情報が含まれている必要がある：ステッカーに実際のブランド情報が印刷されている：ブランド名「ZprintPro」、ロゴグラフィック、製品ラベル「有機蜂蜜 250g」、バーコードと製造日、鮮明で読みやすい文字",zprintpro-stickers-foil-stickers-zh-hk.jpg,zprintpro-stickers-foil-stickers-en.jpg,zprintpro-stickers-foil-stickers-ja.jpg,"香港燙金貼紙印刷 HK$0.78-2.80/張 起｜燙金工藝，讓貼紙呈現高級質感。適合高端產品標籤、禮｜ZprintPro智印港","Foil Stickers Printing Hong Kong HK$0.78-2.80/張｜Foil stamping gives stickers premiu｜ZprintPro","香港箔押しステッカー HK$0.78-2.80/張｜箔押し加工でステッカーに高級感。高級製品ラベル、ギ｜ZprintPro",手作工作室桌面,品牌/電商/手作,燙金工藝閃耀奪目
ST-007,security-stickers,stickers,防偽貼紙,Security Stickers,セキュリティステッカー,HK$1.15-4.00/張,FALSE,FALSE,100,防偽貼紙｜100張 HK$1.15起,免費設計・即日交貨,Security Stickers｜From HK$1.15,Free Design · Same Day,セキュリティステッカー｜100枚 HK$1.15〜,無料デザイン・即日発送,"1:1比例，8K超高清电商主图。右上角固定放置单一枚大红色(#DC2626)底色、白色粗体字(PingFang HK Bold)、白色3px描边的爆炸促销标签。标签主标题：防偽貼紙｜100張 HK$1.15起，副标题：免費設計・即日交貨。标签外画面内绝对不出现任何其他文字、乱码、水印、品牌名、多标签。 前景为防偽貼紙贴在牛皮纸包裹和玻璃瓶上，貼紙上有实际用户信息内容，專業四色印刷色彩鮮豔效果真实呈现，边缘细节高清。背景虚化手作工作室桌面，自然柔光暖米调。 产品占画面75%-85%，材质和工艺细节高清呈现。所有中文字符必须笔画完整准确，英文单词拼写正确、无粘连、无乱码。產品上必須有实际用户信息内容：貼紙上印有真实品牌信息：品牌名「ZprintPro」、Logo圖案、產品標籤「有機蜂蜜 250g」、條碼和生產日期，字體清晰不模糊","1:1 ratio, 8K ultra-high-definition e-commerce hero image. Top-right single burst label with deep red (#DC2626) background, white bold text (Inter Bold), white 3px stroke. Label main: Security Stickers｜From HK$1.15, sub: Free Design · Same Day. Absolutely no other text, gibberish, watermarks, brand names, or multiple labels anywhere else in the image. Foreground: Security Stickers applied on kraft paper parcel and glass bottle, stickers with real user info content, professional 4-color printing vibrant colors effect realistically shown, edge details in high definition. Background: blurred craft studio desk, natural soft warm beige light. Product occupies 75%-85% of frame, material and craftsmanship details in high definition. All English words must be spelled correctly, no粘连, no gibberish. Products must display real user info content: Stickers display real brand info: brand name ""ZprintPro"", logo graphic, product label ""Organic Honey 250g"", barcode and production date, crisp clear text","1:1比率、8K超高清Eコマースメイン画像。右上に単一の赤色(#DC2626)背景、白太字(Hiragino Sans W6)、白3px縁取りのバーストラベル。ラベル主見出し：セキュリティステッカー｜100枚 HK$1.15〜、副見出し：無料デザイン・即日発送。ラベル外の画面内に他の文字・乱码・透かし・ブランド名・複数ラベル一切禁止。 前景：クラフト紙の小包とガラス瓶に貼られたセキュリティステッカー、ステッカーに実際のユーザー情報が含まれ、プロ4色印刷鮮やかな色彩効果がリアルに表現され、縁のディテールが鮮明。背景：ぼかした手作りスタジオの机、自然な柔らかい暖かいベージュの光。 製品が画面の75%-85%を占める、素材と職人技のディテールが高精細。すべての文字が正確に表示されること。製品には実際のユーザー情報が含まれている必要がある：ステッカーに実際のブランド情報が印刷されている：ブランド名「ZprintPro」、ロゴグラフィック、製品ラベル「有機蜂蜜 250g」、バーコードと製造日、鮮明で読みやすい文字",zprintpro-stickers-security-stickers-zh-hk.jpg,zprintpro-stickers-security-stickers-en.jpg,zprintpro-stickers-security-stickers-ja.jpg,"香港防偽貼紙印刷 HK$1.15-4.00/張 起｜特殊防偽工藝，包括雷射標籤、易碎紙等，保護品牌免受｜ZprintPro智印港","Security Stickers Printing Hong Kong HK$1.15-4.00/張｜Special anti-counterfeiting process｜ZprintPro","香港セキュリティステッカー HK$1.15-4.00/張｜特殊な偽造防止加工、ホログラムラベル、壊れやすい紙｜ZprintPro",手作工作室桌面,品牌/電商/手作,專業四色印刷色彩鮮豔
ST-008,fluorescent-stickers,stickers,螢光貼紙,Fluorescent Stickers,蛍光ステッカー,HK$0.52-2.00/張,FALSE,FALSE,100,螢光貼紙｜100張 HK$0.52起,免費設計・即日交貨,Fluorescent Stickers｜From HK$0.52,Free Design · Same Day,蛍光ステッカー｜100枚 HK$0.52〜,無料デザイン・即日発送,"1:1比例，8K超高清电商主图。右上角固定放置单一枚大红色(#DC2626)底色、白色粗体字(PingFang HK Bold)、白色3px描边的爆炸促销标签。标签主标题：螢光貼紙｜100張 HK$0.52起，副标题：免費設計・即日交貨。标签外画面内绝对不出现任何其他文字、乱码、水印、品牌名、多标签。 前景为螢光貼紙贴在牛皮纸包裹和玻璃瓶上，貼紙上有实际用户信息内容，光面亮麗通透效果真实呈现，边缘细节高清。背景虚化手作工作室桌面，自然柔光暖米调。 产品占画面75%-85%，材质和工艺细节高清呈现。所有中文字符必须笔画完整准确，英文单词拼写正确、无粘连、无乱码。產品上必須有实际用户信息内容：貼紙上印有真实品牌信息：品牌名「ZprintPro」、Logo圖案、產品標籤「有機蜂蜜 250g」、條碼和生產日期，字體清晰不模糊","1:1 ratio, 8K ultra-high-definition e-commerce hero image. Top-right single burst label with deep red (#DC2626) background, white bold text (Inter Bold), white 3px stroke. Label main: Fluorescent Stickers｜From HK$0.52, sub: Free Design · Same Day. Absolutely no other text, gibberish, watermarks, brand names, or multiple labels anywhere else in the image. Foreground: Fluorescent Stickers applied on kraft paper parcel and glass bottle, stickers with real user info content, professional 4-color printing vibrant colors effect realistically shown, edge details in high definition. Background: blurred craft studio desk, natural soft warm beige light. Product occupies 75%-85% of frame, material and craftsmanship details in high definition. All English words must be spelled correctly, no粘连, no gibberish. Products must display real user info content: Stickers display real brand info: brand name ""ZprintPro"", logo graphic, product label ""Organic Honey 250g"", barcode and production date, crisp clear text","1:1比率、8K超高清Eコマースメイン画像。右上に単一の赤色(#DC2626)背景、白太字(Hiragino Sans W6)、白3px縁取りのバーストラベル。ラベル主見出し：蛍光ステッカー｜100枚 HK$0.52〜、副見出し：無料デザイン・即日発送。ラベル外の画面内に他の文字・乱码・透かし・ブランド名・複数ラベル一切禁止。 前景：クラフト紙の小包とガラス瓶に貼られた蛍光ステッカー、ステッカーに実際のユーザー情報が含まれ、グロス明るく透明効果がリアルに表現され、縁のディテールが鮮明。背景：ぼかした手作りスタジオの机、自然な柔らかい暖かいベージュの光。 製品が画面の75%-85%を占める、素材と職人技のディテールが高精細。すべての文字が正確に表示されること。製品には実際のユーザー情報が含まれている必要がある：ステッカーに実際のブランド情報が印刷されている：ブランド名「ZprintPro」、ロゴグラフィック、製品ラベル「有機蜂蜜 250g」、バーコードと製造日、鮮明で読みやすい文字",zprintpro-stickers-fluorescent-stickers-zh-hk.jpg,zprintpro-stickers-fluorescent-stickers-en.jpg,zprintpro-stickers-fluorescent-stickers-ja.jpg,"香港螢光貼紙印刷 HK$0.52-2.00/張 起｜螢光色彩，在光線下格外醒目。適合促銷標籤、安全標識｜ZprintPro智印港","Fluorescent Stickers Printing Hong Kong HK$0.52-2.00/張｜Fluorescent colors, highly visible ｜ZprintPro","香港蛍光ステッカー HK$0.52-2.00/張｜蛍光色、光の下で非常に目立ちます。プロモーションラ｜ZprintPro",手作工作室桌面,品牌/電商/手作,光面亮麗通透
PB-001,kraft-paper-bags,paper-bags,牛皮紙袋,Kraft Paper Bags,クラフト紙袋,HK$3-8/個,TRUE,FALSE,100,牛皮紙袋｜100個 HK$3起,熱賣中・免費設計,Kraft Paper Bags｜From HK$3,Hot Sale · Free Design,クラフト紙袋｜100個 HK$3〜,人気商品・無料デザイン,"1:1比例，8K超高清电商主图。右上角固定放置单一枚大红色(#DC2626)底色、白色粗体字(PingFang HK Bold)、白色3px描边的爆炸促销标签。标签主标题：牛皮紙袋｜100個 HK$3起，副标题：熱賣中・免費設計。标签外画面内绝对不出现任何其他文字、乱码、水印、品牌名、多标签。 前景为100个牛皮紙袋，紙袋上有实际用户信息内容，FSC環保認證材質，袋内微露礼品或商品，纸袋纹理清晰可见。背景虚化精品店橱窗或婚礼迎宾区，柔和香槟金调。 产品占画面75%-85%，材质和工艺细节高清呈现。所有中文字符必须笔画完整准确，英文单词拼写正确、无粘连、无乱码。產品上必須有实际用户信息内容：紙袋印有真实品牌信息：品牌名「ZprintPro智印港」、燙金Logo、店鋪地址「九龍旺角彌敦道123號」、聯繫電話，印刷清晰精緻","1:1 ratio, 8K ultra-high-definition e-commerce hero image. Top-right single burst label with deep red (#DC2626) background, white bold text (Inter Bold), white 3px stroke. Label main: Kraft Paper Bags｜From HK$3, sub: Hot Sale · Free Design. Absolutely no other text, gibberish, watermarks, brand names, or multiple labels anywhere else in the image. Foreground: 100 Kraft Paper Bags, bags with real user info content, professional 4-color printing vibrant colors, gifts or products slightly visible inside, paper texture clearly shown. Background: blurred boutique window or wedding welcome area, soft champagne gold tone. Product occupies 75%-85% of frame, material and craftsmanship details in high definition. All English words must be spelled correctly, no粘连, no gibberish. Products must display real user info content: Bags display real brand info: brand name ""ZprintPro"", foil-stamped logo, store address ""123 Nathan Road, Mong Kok, Kowloon"", contact phone, crisp premium printing","1:1比率、8K超高清Eコマースメイン画像。右上に単一の赤色(#DC2626)背景、白太字(Hiragino Sans W6)、白3px縁取りのバーストラベル。ラベル主見出し：クラフト紙袋｜100個 HK$3〜、副見出し：人気商品・無料デザイン。ラベル外の画面内に他の文字・乱码・透かし・ブランド名・複数ラベル一切禁止。 前景：クラフト紙袋100個、紙袋に実際のユーザー情報が含まれ、プロ4色印刷鮮やかな色彩、中からギフトや商品が少し見える、紙の質感がはっきり見える。背景：ぼかしたブティックの窓やウェディング受付エリア、柔らかいシャンパンゴールド調。 製品が画面の75%-85%を占める、素材と職人技のディテールが高精細。すべての文字が正確に表示されること。製品には実際のユーザー情報が含まれている必要がある：紙袋に実際のブランド情報が印刷されている：ブランド名「ZprintPro智印港」、箔押しロゴ、店舗住所「九龍旺角彌敦道123號」、連絡先電話、鮮明で高級な印刷",zprintpro-paper-bags-kraft-paper-bags-zh-hk.jpg,zprintpro-paper-bags-kraft-paper-bags-en.jpg,zprintpro-paper-bags-kraft-paper-bags-ja.jpg,"香港牛皮紙袋印刷 HK$3-8/個 起｜環保牛皮紙材質，質樸自然，深受消費者喜愛。適合服裝｜ZprintPro智印港","Kraft Paper Bags Printing Hong Kong HK$3-8/個｜Eco-friendly kraft paper, natural a｜ZprintPro","香港クラフト紙袋 HK$3-8/個｜環境に優しいクラフト紙、質朴で自然、消費者に人気。｜ZprintPro",精品店橱窗或婚礼迎宾区,零售/餐飲/婚禮,FSC環保認證材質
PB-002,white-card-bags,paper-bags,白卡紙袋,White Card Bags,白カード紙袋,HK$5-12/個,TRUE,FALSE,100,白卡紙袋｜100個 HK$5起,熱賣中・免費設計,White Card Bags｜From HK$5,Hot Sale · Free Design,白カード紙袋｜100個 HK$5〜,人気商品・無料デザイン,"1:1比例，8K超高清电商主图。右上角固定放置单一枚大红色(#DC2626)底色、白色粗体字(PingFang HK Bold)、白色3px描边的爆炸促销标签。标签主标题：白卡紙袋｜100個 HK$5起，副标题：熱賣中・免費設計。标签外画面内绝对不出现任何其他文字、乱码、水印、品牌名、多标签。 前景为100个白卡紙袋，紙袋上有实际用户信息内容，光面亮麗通透，袋内微露礼品或商品，纸袋纹理清晰可见。背景虚化精品店橱窗或婚礼迎宾区，柔和香槟金调。 产品占画面75%-85%，材质和工艺细节高清呈现。所有中文字符必须笔画完整准确，英文单词拼写正确、无粘连、无乱码。產品上必須有实际用户信息内容：紙袋印有真实品牌信息：品牌名「ZprintPro智印港」、燙金Logo、店鋪地址「九龍旺角彌敦道123號」、聯繫電話，印刷清晰精緻","1:1 ratio, 8K ultra-high-definition e-commerce hero image. Top-right single burst label with deep red (#DC2626) background, white bold text (Inter Bold), white 3px stroke. Label main: White Card Bags｜From HK$5, sub: Hot Sale · Free Design. Absolutely no other text, gibberish, watermarks, brand names, or multiple labels anywhere else in the image. Foreground: 100 White Card Bags, bags with real user info content, professional 4-color printing vibrant colors, gifts or products slightly visible inside, paper texture clearly shown. Background: blurred boutique window or wedding welcome area, soft champagne gold tone. Product occupies 75%-85% of frame, material and craftsmanship details in high definition. All English words must be spelled correctly, no粘连, no gibberish. Products must display real user info content: Bags display real brand info: brand name ""ZprintPro"", foil-stamped logo, store address ""123 Nathan Road, Mong Kok, Kowloon"", contact phone, crisp premium printing","1:1比率、8K超高清Eコマースメイン画像。右上に単一の赤色(#DC2626)背景、白太字(Hiragino Sans W6)、白3px縁取りのバーストラベル。ラベル主見出し：白カード紙袋｜100個 HK$5〜、副見出し：人気商品・無料デザイン。ラベル外の画面内に他の文字・乱码・透かし・ブランド名・複数ラベル一切禁止。 前景：白カード紙袋100個、紙袋に実際のユーザー情報が含まれ、プロ4色印刷鮮やかな色彩、中からギフトや商品が少し見える、紙の質感がはっきり見える。背景：ぼかしたブティックの窓やウェディング受付エリア、柔らかいシャンパンゴールド調。 製品が画面の75%-85%を占める、素材と職人技のディテールが高精細。すべての文字が正確に表示されること。製品には実際のユーザー情報が含まれている必要がある：紙袋に実際のブランド情報が印刷されている：ブランド名「ZprintPro智印港」、箔押しロゴ、店舗住所「九龍旺角彌敦道123號」、連絡先電話、鮮明で高級な印刷",zprintpro-paper-bags-white-card-bags-zh-hk.jpg,zprintpro-paper-bags-white-card-bags-en.jpg,zprintpro-paper-bags-white-card-bags-ja.jpg,"香港白卡紙袋印刷 HK$5-12/個 起｜白卡紙材質，表面平整光滑，印刷效果佳。適合高端品牌｜ZprintPro智印港","White Card Bags Printing Hong Kong HK$5-12/個｜White card paper, smooth surface, e｜ZprintPro","香港白カード紙袋 HK$5-12/個｜白カード紙、表面が滑らかで印刷効果が抜群。高級ブラ｜ZprintPro",精品店橱窗或婚礼迎宾区,零售/餐飲/婚禮,光面亮麗通透
PB-003,gift-bags,paper-bags,禮品紙袋,Gift Bags,ギフト紙袋,HK$10-20/個,TRUE,FALSE,100,禮品紙袋｜100個 HK$10起,熱賣中・免費設計,Gift Bags｜From HK$10,Hot Sale · Free Design,ギフト紙袋｜100個 HK$10〜,人気商品・無料デザイン,"1:1比例，8K超高清电商主图。右上角固定放置单一枚大红色(#DC2626)底色、白色粗体字(PingFang HK Bold)、白色3px描边的爆炸促销标签。标签主标题：禮品紙袋｜100個 HK$10起，副标题：熱賣中・免費設計。标签外画面内绝对不出现任何其他文字、乱码、水印、品牌名、多标签。 前景为100个禮品紙袋，紙袋上有实际用户信息内容，燙金工藝閃耀奪目，UV光油立體光澤，袋内微露礼品或商品，纸袋纹理清晰可见。背景虚化精品店橱窗或婚礼迎宾区，柔和香槟金调。 产品占画面75%-85%，材质和工艺细节高清呈现。所有中文字符必须笔画完整准确，英文单词拼写正确、无粘连、无乱码。產品上必須有实际用户信息内容：紙袋印有真实品牌信息：品牌名「ZprintPro智印港」、燙金Logo、店鋪地址「九龍旺角彌敦道123號」、聯繫電話，印刷清晰精緻","1:1 ratio, 8K ultra-high-definition e-commerce hero image. Top-right single burst label with deep red (#DC2626) background, white bold text (Inter Bold), white 3px stroke. Label main: Gift Bags｜From HK$10, sub: Hot Sale · Free Design. Absolutely no other text, gibberish, watermarks, brand names, or multiple labels anywhere else in the image. Foreground: 100 Gift Bags, bags with real user info content, UV coating dimensional gloss, gifts or products slightly visible inside, paper texture clearly shown. Background: blurred boutique window or wedding welcome area, soft champagne gold tone. Product occupies 75%-85% of frame, material and craftsmanship details in high definition. All English words must be spelled correctly, no粘连, no gibberish. Products must display real user info content: Bags display real brand info: brand name ""ZprintPro"", foil-stamped logo, store address ""123 Nathan Road, Mong Kok, Kowloon"", contact phone, crisp premium printing","1:1比率、8K超高清Eコマースメイン画像。右上に単一の赤色(#DC2626)背景、白太字(Hiragino Sans W6)、白3px縁取りのバーストラベル。ラベル主見出し：ギフト紙袋｜100個 HK$10〜、副見出し：人気商品・無料デザイン。ラベル外の画面内に他の文字・乱码・透かし・ブランド名・複数ラベル一切禁止。 前景：ギフト紙袋100個、紙袋に実際のユーザー情報が含まれ、UVコーティング立体的な光沢、中からギフトや商品が少し見える、紙の質感がはっきり見える。背景：ぼかしたブティックの窓やウェディング受付エリア、柔らかいシャンパンゴールド調。 製品が画面の75%-85%を占める、素材と職人技のディテールが高精細。すべての文字が正確に表示されること。製品には実際のユーザー情報が含まれている必要がある：紙袋に実際のブランド情報が印刷されている：ブランド名「ZprintPro智印港」、箔押しロゴ、店舗住所「九龍旺角彌敦道123號」、連絡先電話、鮮明で高級な印刷",zprintpro-paper-bags-gift-bags-zh-hk.jpg,zprintpro-paper-bags-gift-bags-en.jpg,zprintpro-paper-bags-gift-bags-ja.jpg,"香港禮品紙袋印刷 HK$10-20/個 起｜精美設計，配合燙金、UV等工藝。送禮必備，提升禮品｜ZprintPro智印港","Gift Bags Printing Hong Kong HK$10-20/個｜Exquisite design with foil stamping｜ZprintPro","香港ギフト紙袋 HK$10-20/個｜精巧なデザイン、箔押し・UVなどの加工付き。ギフト｜ZprintPro",精品店橱窗或婚礼迎宾区,零售/餐飲/婚禮,燙金工藝閃耀奪目，UV光油立體光澤
PB-004,eco-paper-bags,paper-bags,環保紙袋,Eco Paper Bags,エコ紙袋,HK$3-8/個,TRUE,FALSE,100,環保紙袋｜100個 HK$3起,熱賣中・免費設計,Eco Paper Bags｜From HK$3,Hot Sale · Free Design,エコ紙袋｜100個 HK$3〜,人気商品・無料デザイン,"1:1比例，8K超高清电商主图。右上角固定放置单一枚大红色(#DC2626)底色、白色粗体字(PingFang HK Bold)、白色3px描边的爆炸促销标签。标签主标题：環保紙袋｜100個 HK$3起，副标题：熱賣中・免費設計。标签外画面内绝对不出现任何其他文字、乱码、水印、品牌名、多标签。 前景为100个環保紙袋，紙袋上有实际用户信息内容，FSC環保認證材質，袋内微露礼品或商品，纸袋纹理清晰可见。背景虚化精品店橱窗或婚礼迎宾区，柔和香槟金调。 产品占画面75%-85%，材质和工艺细节高清呈现。所有中文字符必须笔画完整准确，英文单词拼写正确、无粘连、无乱码。產品上必須有实际用户信息内容：紙袋印有真实品牌信息：品牌名「ZprintPro智印港」、燙金Logo、店鋪地址「九龍旺角彌敦道123號」、聯繫電話，印刷清晰精緻","1:1 ratio, 8K ultra-high-definition e-commerce hero image. Top-right single burst label with deep red (#DC2626) background, white bold text (Inter Bold), white 3px stroke. Label main: Eco Paper Bags｜From HK$3, sub: Hot Sale · Free Design. Absolutely no other text, gibberish, watermarks, brand names, or multiple labels anywhere else in the image. Foreground: 100 Eco Paper Bags, bags with real user info content, professional 4-color printing vibrant colors, gifts or products slightly visible inside, paper texture clearly shown. Background: blurred boutique window or wedding welcome area, soft champagne gold tone. Product occupies 75%-85% of frame, material and craftsmanship details in high definition. All English words must be spelled correctly, no粘连, no gibberish. Products must display real user info content: Bags display real brand info: brand name ""ZprintPro"", foil-stamped logo, store address ""123 Nathan Road, Mong Kok, Kowloon"", contact phone, crisp premium printing","1:1比率、8K超高清Eコマースメイン画像。右上に単一の赤色(#DC2626)背景、白太字(Hiragino Sans W6)、白3px縁取りのバーストラベル。ラベル主見出し：エコ紙袋｜100個 HK$3〜、副見出し：人気商品・無料デザイン。ラベル外の画面内に他の文字・乱码・透かし・ブランド名・複数ラベル一切禁止。 前景：エコ紙袋100個、紙袋に実際のユーザー情報が含まれ、プロ4色印刷鮮やかな色彩、中からギフトや商品が少し見える、紙の質感がはっきり見える。背景：ぼかしたブティックの窓やウェディング受付エリア、柔らかいシャンパンゴールド調。 製品が画面の75%-85%を占める、素材と職人技のディテールが高精細。すべての文字が正確に表示されること。製品には実際のユーザー情報が含まれている必要がある：紙袋に実際のブランド情報が印刷されている：ブランド名「ZprintPro智印港」、箔押しロゴ、店舗住所「九龍旺角彌敦道123號」、連絡先電話、鮮明で高級な印刷",zprintpro-paper-bags-eco-paper-bags-zh-hk.jpg,zprintpro-paper-bags-eco-paper-bags-en.jpg,zprintpro-paper-bags-eco-paper-bags-ja.jpg,"香港環保紙袋印刷 HK$3-8/個 起｜FSC認證環保紙張，可持續發展。適合注重環保的品牌｜ZprintPro智印港","Eco Paper Bags Printing Hong Kong HK$3-8/個｜FSC-certified eco-friendly paper, s｜ZprintPro","香港エコ紙袋 HK$3-8/個｜FSC認証の環境に優しい紙、持続可能な開発。環境に｜ZprintPro",精品店橱窗或婚礼迎宾区,零售/餐飲/婚禮,FSC環保認證材質
PB-005,handle-bags,paper-bags,手挽紙袋,Handle Bags,手提げ紙袋,HK$3-8/個,FALSE,FALSE,100,手挽紙袋｜100個 HK$3起,免費設計・即日交貨,Handle Bags｜From HK$3,Free Design · Same Day,手提げ紙袋｜100個 HK$3〜,無料デザイン・即日発送,"1:1比例，8K超高清电商主图。右上角固定放置单一枚大红色(#DC2626)底色、白色粗体字(PingFang HK Bold)、白色3px描边的爆炸促销标签。标签主标题：手挽紙袋｜100個 HK$3起，副标题：免費設計・即日交貨。标签外画面内绝对不出现任何其他文字、乱码、水印、品牌名、多标签。 前景为100个手挽紙袋，紙袋上有实际用户信息内容，專業四色印刷色彩鮮豔，袋内微露礼品或商品，纸袋纹理清晰可见。背景虚化精品店橱窗或婚礼迎宾区，柔和香槟金调。 产品占画面75%-85%，材质和工艺细节高清呈现。所有中文字符必须笔画完整准确，英文单词拼写正确、无粘连、无乱码。產品上必須有实际用户信息内容：紙袋印有真实品牌信息：品牌名「ZprintPro智印港」、燙金Logo、店鋪地址「九龍旺角彌敦道123號」、聯繫電話，印刷清晰精緻","1:1 ratio, 8K ultra-high-definition e-commerce hero image. Top-right single burst label with deep red (#DC2626) background, white bold text (Inter Bold), white 3px stroke. Label main: Handle Bags｜From HK$3, sub: Free Design · Same Day. Absolutely no other text, gibberish, watermarks, brand names, or multiple labels anywhere else in the image. Foreground: 100 Handle Bags, bags with real user info content, professional 4-color printing vibrant colors, gifts or products slightly visible inside, paper texture clearly shown. Background: blurred boutique window or wedding welcome area, soft champagne gold tone. Product occupies 75%-85% of frame, material and craftsmanship details in high definition. All English words must be spelled correctly, no粘连, no gibberish. Products must display real user info content: Bags display real brand info: brand name ""ZprintPro"", foil-stamped logo, store address ""123 Nathan Road, Mong Kok, Kowloon"", contact phone, crisp premium printing","1:1比率、8K超高清Eコマースメイン画像。右上に単一の赤色(#DC2626)背景、白太字(Hiragino Sans W6)、白3px縁取りのバーストラベル。ラベル主見出し：手提げ紙袋｜100個 HK$3〜、副見出し：無料デザイン・即日発送。ラベル外の画面内に他の文字・乱码・透かし・ブランド名・複数ラベル一切禁止。 前景：手提げ紙袋100個、紙袋に実際のユーザー情報が含まれ、プロ4色印刷鮮やかな色彩、中からギフトや商品が少し見える、紙の質感がはっきり見える。背景：ぼかしたブティックの窓やウェディング受付エリア、柔らかいシャンパンゴールド調。 製品が画面の75%-85%を占める、素材と職人技のディテールが高精細。すべての文字が正確に表示されること。製品には実際のユーザー情報が含まれている必要がある：紙袋に実際のブランド情報が印刷されている：ブランド名「ZprintPro智印港」、箔押しロゴ、店舗住所「九龍旺角彌敦道123號」、連絡先電話、鮮明で高級な印刷",zprintpro-paper-bags-handle-bags-zh-hk.jpg,zprintpro-paper-bags-handle-bags-en.jpg,zprintpro-paper-bags-handle-bags-ja.jpg,"香港手挽紙袋印刷 HK$3-8/個 起｜堅固手挽設計，承重能力強。適合購物中心、超市。｜ZprintPro智印港","Handle Bags Printing Hong Kong HK$3-8/個｜Sturdy handle design, strong load-b｜ZprintPro","香港手提げ紙袋 HK$3-8/個｜頑丈な持ち手デザイン、強い耐荷重能力。ショッピング｜ZprintPro",精品店橱窗或婚礼迎宾区,零售/餐飲/婚禮,專業四色印刷色彩鮮豔
PB-007,large-bags,paper-bags,大號紙袋,Large Bags,大判紙袋,HK$6-15/個,FALSE,FALSE,100,大號紙袋｜100個 HK$6起,免費設計・即日交貨,Large Bags｜From HK$6,Free Design · Same Day,大判紙袋｜100個 HK$6〜,無料デザイン・即日発送,"1:1比例，8K超高清电商主图。右上角固定放置单一枚大红色(#DC2626)底色、白色粗体字(PingFang HK Bold)、白色3px描边的爆炸促销标签。标签主标题：大號紙袋｜100個 HK$6起，副标题：免費設計・即日交貨。标签外画面内绝对不出现任何其他文字、乱码、水印、品牌名、多标签。 前景为100个大號紙袋，紙袋上有实际用户信息内容，專業四色印刷色彩鮮豔，袋内微露礼品或商品，纸袋纹理清晰可见。背景虚化精品店橱窗或婚礼迎宾区，柔和香槟金调。 产品占画面75%-85%，材质和工艺细节高清呈现。所有中文字符必须笔画完整准确，英文单词拼写正确、无粘连、无乱码。產品上必須有实际用户信息内容：紙袋印有真实品牌信息：品牌名「ZprintPro智印港」、燙金Logo、店鋪地址「九龍旺角彌敦道123號」、聯繫電話，印刷清晰精緻","1:1 ratio, 8K ultra-high-definition e-commerce hero image. Top-right single burst label with deep red (#DC2626) background, white bold text (Inter Bold), white 3px stroke. Label main: Large Bags｜From HK$6, sub: Free Design · Same Day. Absolutely no other text, gibberish, watermarks, brand names, or multiple labels anywhere else in the image. Foreground: 100 Large Bags, bags with real user info content, professional 4-color printing vibrant colors, gifts or products slightly visible inside, paper texture clearly shown. Background: blurred boutique window or wedding welcome area, soft champagne gold tone. Product occupies 75%-85% of frame, material and craftsmanship details in high definition. All English words must be spelled correctly, no粘连, no gibberish. Products must display real user info content: Bags display real brand info: brand name ""ZprintPro"", foil-stamped logo, store address ""123 Nathan Road, Mong Kok, Kowloon"", contact phone, crisp premium printing","1:1比率、8K超高清Eコマースメイン画像。右上に単一の赤色(#DC2626)背景、白太字(Hiragino Sans W6)、白3px縁取りのバーストラベル。ラベル主見出し：大判紙袋｜100個 HK$6〜、副見出し：無料デザイン・即日発送。ラベル外の画面内に他の文字・乱码・透かし・ブランド名・複数ラベル一切禁止。 前景：大判紙袋100個、紙袋に実際のユーザー情報が含まれ、プロ4色印刷鮮やかな色彩、中からギフトや商品が少し見える、紙の質感がはっきり見える。背景：ぼかしたブティックの窓やウェディング受付エリア、柔らかいシャンパンゴールド調。 製品が画面の75%-85%を占める、素材と職人技のディテールが高精細。すべての文字が正確に表示されること。製品には実際のユーザー情報が含まれている必要がある：紙袋に実際のブランド情報が印刷されている：ブランド名「ZprintPro智印港」、箔押しロゴ、店舗住所「九龍旺角彌敦道123號」、連絡先電話、鮮明で高級な印刷",zprintpro-paper-bags-large-bags-zh-hk.jpg,zprintpro-paper-bags-large-bags-en.jpg,zprintpro-paper-bags-large-bags-ja.jpg,"香港大號紙袋印刷 HK$6-15/個 起｜加大尺寸，適合服裝、鞋類等大件商品。｜ZprintPro智印港","Large Bags Printing Hong Kong HK$6-15/個｜Large size, perfect for clothing, s｜ZprintPro","香港大判紙袋 HK$6-15/個｜大きなサイズ、衣類、靴などの大物に最適。｜ZprintPro",精品店橱窗或婚礼迎宾区,零售/餐飲/婚禮,專業四色印刷色彩鮮豔
FL-001,a4-flyers,flyers,A4宣傳單張,A4 Flyers,A4チラシ,HK$0.18-0.65/張,TRUE,FALSE,100,A4宣傳單張｜100張 HK$0.18起,熱賣中・免費設計,A4 Flyers｜From HK$0.18,Hot Sale · Free Design,A4チラシ｜100枚 HK$0.18〜,人気商品・無料デザイン,"1:1比例，8K超高清电商主图。右上角固定放置单一枚大红色(#DC2626)底色、白色粗体字(PingFang HK Bold)、白色3px描边的爆炸促销标签。标签主标题：A4宣傳單張｜100張 HK$0.18起，副标题：熱賣中・免費設計。标签外画面内绝对不出现任何其他文字、乱码、水印、品牌名、多标签。 前景为100张A4宣傳單張，單張上有实际用户信息内容，專業四色印刷色彩鮮豔，展示真实印刷效果。背景虚化旺角街头社区布告栏，暖黄路灯调。 产品占画面75%-85%，材质和工艺细节高清呈现。所有中文字符必须笔画完整准确，英文单词拼写正确、无粘连、无乱码。產品上必須有实际用户信息内容：單張印有真实活動信息：標題「ZprintPro開業大酬賓」、優惠內容「全場8折」、活動時間「2026年5月1-7日」、地址「銅鑼灣軒尼詩道456號」、QR code，排版專業","1:1 ratio, 8K ultra-high-definition e-commerce hero image. Top-right single burst label with deep red (#DC2626) background, white bold text (Inter Bold), white 3px stroke. Label main: A4 Flyers｜From HK$0.18, sub: Hot Sale · Free Design. Absolutely no other text, gibberish, watermarks, brand names, or multiple labels anywhere else in the image. Foreground: 100 A4 Flyers, flyers with real user info content, professional 4-color printing vibrant colors, showing real printing effect. Background: blurred Mong Kok street noticeboard, warm yellow street light. Product occupies 75%-85% of frame, material and craftsmanship details in high definition. All English words must be spelled correctly, no粘连, no gibberish. Products must display real user info content: Flyers display real event info: headline ""ZprintPro Grand Opening Sale"", offer ""20% Off Everything"", dates ""May 1-7, 2026"", address ""456 Hennessy Road, Causeway Bay"", QR code, professional layout","1:1比率、8K超高清Eコマースメイン画像。右上に単一の赤色(#DC2626)背景、白太字(Hiragino Sans W6)、白3px縁取りのバーストラベル。ラベル主見出し：A4チラシ｜100枚 HK$0.18〜、副見出し：人気商品・無料デザイン。ラベル外の画面内に他の文字・乱码・透かし・ブランド名・複数ラベル一切禁止。 前景：A4チラシ100枚、チラシに実際のユーザー情報が含まれ、プロ4色印刷鮮やかな色彩、実際の印刷効果を展示。背景：ぼかしたモンコックの街の掲示板、暖かい黄色の街灯。 製品が画面の75%-85%を占める、素材と職人技のディテールが高精細。すべての文字が正確に表示されること。製品には実際のユーザー情報が含まれている必要がある：チラシに実際のイベント情報が印刷されている：見出し「ZprintPro開業大酬賓」、優惠内容「全場8折」、開催期間「2026年5月1-7日」、住所「銅鑼灣軒尼詩道456號」、QRコード、プロフェッショナルなレイアウト",zprintpro-flyers-a4-flyers-zh-hk.jpg,zprintpro-flyers-a4-flyers-en.jpg,zprintpro-flyers-a4-flyers-ja.jpg,"香港A4宣傳單張印刷 HK$0.18-0.65/張 起｜標準A4尺寸，最常用的宣傳單張規格。157g銅版紙｜ZprintPro智印港","A4 Flyers Printing Hong Kong HK$0.18-0.65/張｜Standard A4 size, most common flyer｜ZprintPro","香港A4チラシ HK$0.18-0.65/張｜標準A4サイズ、最も一般的なチラシ形式。157gコ｜ZprintPro",旺角街头社区布告栏,活動/餐飲/教育,專業四色印刷色彩鮮豔
FL-002,a5-flyers,flyers,A5宣傳單張,A5 Flyers,A5チラシ,HK$0.12-0.40/張,TRUE,FALSE,100,A5宣傳單張｜100張 HK$0.12起,熱賣中・免費設計,A5 Flyers｜From HK$0.12,Hot Sale · Free Design,A5チラシ｜100枚 HK$0.12〜,人気商品・無料デザイン,"1:1比例，8K超高清电商主图。右上角固定放置单一枚大红色(#DC2626)底色、白色粗体字(PingFang HK Bold)、白色3px描边的爆炸促销标签。标签主标题：A5宣傳單張｜100張 HK$0.12起，副标题：熱賣中・免費設計。标签外画面内绝对不出现任何其他文字、乱码、水印、品牌名、多标签。 前景为100张A5宣傳單張，單張上有实际用户信息内容，專業四色印刷色彩鮮豔，展示真实印刷效果。背景虚化旺角街头社区布告栏，暖黄路灯调。 产品占画面75%-85%，材质和工艺细节高清呈现。所有中文字符必须笔画完整准确，英文单词拼写正确、无粘连、无乱码。產品上必須有实际用户信息内容：單張印有真实活動信息：標題「ZprintPro開業大酬賓」、優惠內容「全場8折」、活動時間「2026年5月1-7日」、地址「銅鑼灣軒尼詩道456號」、QR code，排版專業","1:1 ratio, 8K ultra-high-definition e-commerce hero image. Top-right single burst label with deep red (#DC2626) background, white bold text (Inter Bold), white 3px stroke. Label main: A5 Flyers｜From HK$0.12, sub: Hot Sale · Free Design. Absolutely no other text, gibberish, watermarks, brand names, or multiple labels anywhere else in the image. Foreground: 100 A5 Flyers, flyers with real user info content, professional 4-color printing vibrant colors, showing real printing effect. Background: blurred Mong Kok street noticeboard, warm yellow street light. Product occupies 75%-85% of frame, material and craftsmanship details in high definition. All English words must be spelled correctly, no粘连, no gibberish. Products must display real user info content: Flyers display real event info: headline ""ZprintPro Grand Opening Sale"", offer ""20% Off Everything"", dates ""May 1-7, 2026"", address ""456 Hennessy Road, Causeway Bay"", QR code, professional layout","1:1比率、8K超高清Eコマースメイン画像。右上に単一の赤色(#DC2626)背景、白太字(Hiragino Sans W6)、白3px縁取りのバーストラベル。ラベル主見出し：A5チラシ｜100枚 HK$0.12〜、副見出し：人気商品・無料デザイン。ラベル外の画面内に他の文字・乱码・透かし・ブランド名・複数ラベル一切禁止。 前景：A5チラシ100枚、チラシに実際のユーザー情報が含まれ、プロ4色印刷鮮やかな色彩、実際の印刷効果を展示。背景：ぼかしたモンコックの街の掲示板、暖かい黄色の街灯。 製品が画面の75%-85%を占める、素材と職人技のディテールが高精細。すべての文字が正確に表示されること。製品には実際のユーザー情報が含まれている必要がある：チラシに実際のイベント情報が印刷されている：見出し「ZprintPro開業大酬賓」、優惠内容「全場8折」、開催期間「2026年5月1-7日」、住所「銅鑼灣軒尼詩道456號」、QRコード、プロフェッショナルなレイアウト",zprintpro-flyers-a5-flyers-zh-hk.jpg,zprintpro-flyers-a5-flyers-en.jpg,zprintpro-flyers-a5-flyers-ja.jpg,"香港A5宣傳單張印刷 HK$0.12-0.40/張 起｜A5尺寸，經濟實惠，適合大量派發。餐飲外賣、快閃活｜ZprintPro智印港","A5 Flyers Printing Hong Kong HK$0.12-0.40/張｜A5 size, economical, perfect for ma｜ZprintPro","香港A5チラシ HK$0.12-0.40/張｜A5サイズ、経済的、大量配布に最適。フードデリバリ｜ZprintPro",旺角街头社区布告栏,活動/餐飲/教育,專業四色印刷色彩鮮豔
FL-003,double-sided-flyers,flyers,雙面宣傳單張,Double-sided Flyers,両面チラシ,HK$0.22-0.80/張,TRUE,FALSE,100,雙面宣傳單張｜100張 HK$0.22起,熱賣中・免費設計,Double-sided Flyers｜From HK$0.22,Hot Sale · Free Design,両面チラシ｜100枚 HK$0.22〜,人気商品・無料デザイン,"1:1比例，8K超高清电商主图。右上角固定放置单一枚大红色(#DC2626)底色、白色粗体字(PingFang HK Bold)、白色3px描边的爆炸促销标签。标签主标题：雙面宣傳單張｜100張 HK$0.22起，副标题：熱賣中・免費設計。标签外画面内绝对不出现任何其他文字、乱码、水印、品牌名、多标签。 前景为100张雙面宣傳單張，單張上有实际用户信息内容，專業四色印刷色彩鮮豔，展示真实印刷效果。背景虚化旺角街头社区布告栏，暖黄路灯调。 产品占画面75%-85%，材质和工艺细节高清呈现。所有中文字符必须笔画完整准确，英文单词拼写正确、无粘连、无乱码。產品上必須有实际用户信息内容：單張印有真实活動信息：標題「ZprintPro開業大酬賓」、優惠內容「全場8折」、活動時間「2026年5月1-7日」、地址「銅鑼灣軒尼詩道456號」、QR code，排版專業","1:1 ratio, 8K ultra-high-definition e-commerce hero image. Top-right single burst label with deep red (#DC2626) background, white bold text (Inter Bold), white 3px stroke. Label main: Double-sided Flyers｜From HK$0.22, sub: Hot Sale · Free Design. Absolutely no other text, gibberish, watermarks, brand names, or multiple labels anywhere else in the image. Foreground: 100 Double-sided Flyers, flyers with real user info content, professional 4-color printing vibrant colors, showing real printing effect. Background: blurred Mong Kok street noticeboard, warm yellow street light. Product occupies 75%-85% of frame, material and craftsmanship details in high definition. All English words must be spelled correctly, no粘连, no gibberish. Products must display real user info content: Flyers display real event info: headline ""ZprintPro Grand Opening Sale"", offer ""20% Off Everything"", dates ""May 1-7, 2026"", address ""456 Hennessy Road, Causeway Bay"", QR code, professional layout","1:1比率、8K超高清Eコマースメイン画像。右上に単一の赤色(#DC2626)背景、白太字(Hiragino Sans W6)、白3px縁取りのバーストラベル。ラベル主見出し：両面チラシ｜100枚 HK$0.22〜、副見出し：人気商品・無料デザイン。ラベル外の画面内に他の文字・乱码・透かし・ブランド名・複数ラベル一切禁止。 前景：両面チラシ100枚、チラシに実際のユーザー情報が含まれ、プロ4色印刷鮮やかな色彩、実際の印刷効果を展示。背景：ぼかしたモンコックの街の掲示板、暖かい黄色の街灯。 製品が画面の75%-85%を占める、素材と職人技のディテールが高精細。すべての文字が正確に表示されること。製品には実際のユーザー情報が含まれている必要がある：チラシに実際のイベント情報が印刷されている：見出し「ZprintPro開業大酬賓」、優惠内容「全場8折」、開催期間「2026年5月1-7日」、住所「銅鑼灣軒尼詩道456號」、QRコード、プロフェッショナルなレイアウト",zprintpro-flyers-double-sided-flyers-zh-hk.jpg,zprintpro-flyers-double-sided-flyers-en.jpg,zprintpro-flyers-double-sided-flyers-ja.jpg,"香港雙面宣傳單張印刷 HK$0.22-0.80/張 起｜雙面全彩印刷，信息容量翻倍。正面吸引眼球，背面詳細｜ZprintPro智印港","Double-sided Flyers Printing Hong Kong HK$0.22-0.80/張｜Double-sided full color printing, d｜ZprintPro","香港両面チラシ HK$0.22-0.80/張｜両面フルカラー印刷、情報容量が2倍。｜ZprintPro",旺角街头社区布告栏,活動/餐飲/教育,專業四色印刷色彩鮮豔
FL-004,folded-leaflets,flyers,摺疊宣傳單張,Folded Leaflets,折りたたみパンフレット,HK$0.45-1.60/張,FALSE,FALSE,100,摺疊宣傳單張｜100張 HK$0.45起,免費設計・即日交貨,Folded Leaflets｜From HK$0.45,Free Design · Same Day,折りたたみパンフレット｜100枚 HK$0.45〜,無料デザイン・即日発送,"1:1比例，8K超高清电商主图。右上角固定放置单一枚大红色(#DC2626)底色、白色粗体字(PingFang HK Bold)、白色3px描边的爆炸促销标签。标签主标题：摺疊宣傳單張｜100張 HK$0.45起，副标题：免費設計・即日交貨。标签外画面内绝对不出现任何其他文字、乱码、水印、品牌名、多标签。 前景为100张摺疊宣傳單張，單張上有实际用户信息内容，專業四色印刷色彩鮮豔，展示真实印刷效果。背景虚化旺角街头社区布告栏，暖黄路灯调。 产品占画面75%-85%，材质和工艺细节高清呈现。所有中文字符必须笔画完整准确，英文单词拼写正确、无粘连、无乱码。產品上必須有实际用户信息内容：單張印有真实活動信息：標題「ZprintPro開業大酬賓」、優惠內容「全場8折」、活動時間「2026年5月1-7日」、地址「銅鑼灣軒尼詩道456號」、QR code，排版專業","1:1 ratio, 8K ultra-high-definition e-commerce hero image. Top-right single burst label with deep red (#DC2626) background, white bold text (Inter Bold), white 3px stroke. Label main: Folded Leaflets｜From HK$0.45, sub: Free Design · Same Day. Absolutely no other text, gibberish, watermarks, brand names, or multiple labels anywhere else in the image. Foreground: 100 Folded Leaflets, flyers with real user info content, professional 4-color printing vibrant colors, showing real printing effect. Background: blurred Mong Kok street noticeboard, warm yellow street light. Product occupies 75%-85% of frame, material and craftsmanship details in high definition. All English words must be spelled correctly, no粘连, no gibberish. Products must display real user info content: Flyers display real event info: headline ""ZprintPro Grand Opening Sale"", offer ""20% Off Everything"", dates ""May 1-7, 2026"", address ""456 Hennessy Road, Causeway Bay"", QR code, professional layout","1:1比率、8K超高清Eコマースメイン画像。右上に単一の赤色(#DC2626)背景、白太字(Hiragino Sans W6)、白3px縁取りのバーストラベル。ラベル主見出し：折りたたみパンフレット｜100枚 HK$0.45〜、副見出し：無料デザイン・即日発送。ラベル外の画面内に他の文字・乱码・透かし・ブランド名・複数ラベル一切禁止。 前景：折りたたみパンフレット100枚、チラシに実際のユーザー情報が含まれ、プロ4色印刷鮮やかな色彩、実際の印刷効果を展示。背景：ぼかしたモンコックの街の掲示板、暖かい黄色の街灯。 製品が画面の75%-85%を占める、素材と職人技のディテールが高精細。すべての文字が正確に表示されること。製品には実際のユーザー情報が含まれている必要がある：チラシに実際のイベント情報が印刷されている：見出し「ZprintPro開業大酬賓」、優惠内容「全場8折」、開催期間「2026年5月1-7日」、住所「銅鑼灣軒尼詩道456號」、QRコード、プロフェッショナルなレイアウト",zprintpro-flyers-folded-leaflets-zh-hk.jpg,zprintpro-flyers-folded-leaflets-en.jpg,zprintpro-flyers-folded-leaflets-ja.jpg,"香港摺疊宣傳單張印刷 HK$0.45-1.60/張 起｜對摺或三摺設計，可展示更多信息。適合產品目錄、服務｜ZprintPro智印港","Folded Leaflets Printing Hong Kong HK$0.45-1.60/張｜Bi-fold or tri-fold design, can dis｜ZprintPro","香港折りたたみパンフレット HK$0.45-1.60/張｜二つ折りまたは三つ折りデザイン、より多くの情報を表｜ZprintPro",旺角街头社区布告栏,活動/餐飲/教育,專業四色印刷色彩鮮豔
FL-005,thick-paper-flyers,flyers,厚紙宣傳單張,Thick Paper Flyers,厚紙チラシ,HK$0.28-0.95/張,FALSE,FALSE,100,厚紙宣傳單張｜100張 HK$0.28起,免費設計・即日交貨,Thick Paper Flyers｜From HK$0.28,Free Design · Same Day,厚紙チラシ｜100枚 HK$0.28〜,無料デザイン・即日発送,"1:1比例，8K超高清电商主图。右上角固定放置单一枚大红色(#DC2626)底色、白色粗体字(PingFang HK Bold)、白色3px描边的爆炸促销标签。标签主标题：厚紙宣傳單張｜100張 HK$0.28起，副标题：免費設計・即日交貨。标签外画面内绝对不出现任何其他文字、乱码、水印、品牌名、多标签。 前景为100张厚紙宣傳單張，單張上有实际用户信息内容，厚實紙質手感極佳，展示真实印刷效果。背景虚化旺角街头社区布告栏，暖黄路灯调。 产品占画面75%-85%，材质和工艺细节高清呈现。所有中文字符必须笔画完整准确，英文单词拼写正确、无粘连、无乱码。產品上必須有实际用户信息内容：單張印有真实活動信息：標題「ZprintPro開業大酬賓」、優惠內容「全場8折」、活動時間「2026年5月1-7日」、地址「銅鑼灣軒尼詩道456號」、QR code，排版專業","1:1 ratio, 8K ultra-high-definition e-commerce hero image. Top-right single burst label with deep red (#DC2626) background, white bold text (Inter Bold), white 3px stroke. Label main: Thick Paper Flyers｜From HK$0.28, sub: Free Design · Same Day. Absolutely no other text, gibberish, watermarks, brand names, or multiple labels anywhere else in the image. Foreground: 100 Thick Paper Flyers, flyers with real user info content, professional 4-color printing vibrant colors, showing real printing effect. Background: blurred Mong Kok street noticeboard, warm yellow street light. Product occupies 75%-85% of frame, material and craftsmanship details in high definition. All English words must be spelled correctly, no粘连, no gibberish. Products must display real user info content: Flyers display real event info: headline ""ZprintPro Grand Opening Sale"", offer ""20% Off Everything"", dates ""May 1-7, 2026"", address ""456 Hennessy Road, Causeway Bay"", QR code, professional layout","1:1比率、8K超高清Eコマースメイン画像。右上に単一の赤色(#DC2626)背景、白太字(Hiragino Sans W6)、白3px縁取りのバーストラベル。ラベル主見出し：厚紙チラシ｜100枚 HK$0.28〜、副見出し：無料デザイン・即日発送。ラベル外の画面内に他の文字・乱码・透かし・ブランド名・複数ラベル一切禁止。 前景：厚紙チラシ100枚、チラシに実際のユーザー情報が含まれ、厚紙優れた手触り、実際の印刷効果を展示。背景：ぼかしたモンコックの街の掲示板、暖かい黄色の街灯。 製品が画面の75%-85%を占める、素材と職人技のディテールが高精細。すべての文字が正確に表示されること。製品には実際のユーザー情報が含まれている必要がある：チラシに実際のイベント情報が印刷されている：見出し「ZprintPro開業大酬賓」、優惠内容「全場8折」、開催期間「2026年5月1-7日」、住所「銅鑼灣軒尼詩道456號」、QRコード、プロフェッショナルなレイアウト",zprintpro-flyers-thick-paper-flyers-zh-hk.jpg,zprintpro-flyers-thick-paper-flyers-en.jpg,zprintpro-flyers-thick-paper-flyers-ja.jpg,"香港厚紙宣傳單張印刷 HK$0.28-0.95/張 起｜200g以上厚紙，質感更佳，不易折損。適合高端產品｜ZprintPro智印港","Thick Paper Flyers Printing Hong Kong HK$0.28-0.95/張｜200g+ thick paper, better texture, ｜ZprintPro","香港厚紙チラシ HK$0.28-0.95/張｜200g以上の厚紙、質感が良く折れにくい。｜ZprintPro",旺角街头社区布告栏,活動/餐飲/教育,厚實紙質手感極佳
FL-007,eco-flyers,flyers,環保宣傳單張,Eco Flyers,エコチラシ,HK$0.22-0.80/張,FALSE,FALSE,100,環保宣傳單張｜100張 HK$0.22起,免費設計・即日交貨,Eco Flyers｜From HK$0.22,Free Design · Same Day,エコチラシ｜100枚 HK$0.22〜,無料デザイン・即日発送,"1:1比例，8K超高清电商主图。右上角固定放置单一枚大红色(#DC2626)底色、白色粗体字(PingFang HK Bold)、白色3px描边的爆炸促销标签。标签主标题：環保宣傳單張｜100張 HK$0.22起，副标题：免費設計・即日交貨。标签外画面内绝对不出现任何其他文字、乱码、水印、品牌名、多标签。 前景为100张環保宣傳單張，單張上有实际用户信息内容，FSC環保認證材質，展示真实印刷效果。背景虚化旺角街头社区布告栏，暖黄路灯调。 产品占画面75%-85%，材质和工艺细节高清呈现。所有中文字符必须笔画完整准确，英文单词拼写正确、无粘连、无乱码。產品上必須有实际用户信息内容：單張印有真实活動信息：標題「ZprintPro開業大酬賓」、優惠內容「全場8折」、活動時間「2026年5月1-7日」、地址「銅鑼灣軒尼詩道456號」、QR code，排版專業","1:1 ratio, 8K ultra-high-definition e-commerce hero image. Top-right single burst label with deep red (#DC2626) background, white bold text (Inter Bold), white 3px stroke. Label main: Eco Flyers｜From HK$0.22, sub: Free Design · Same Day. Absolutely no other text, gibberish, watermarks, brand names, or multiple labels anywhere else in the image. Foreground: 100 Eco Flyers, flyers with real user info content, professional 4-color printing vibrant colors, showing real printing effect. Background: blurred Mong Kok street noticeboard, warm yellow street light. Product occupies 75%-85% of frame, material and craftsmanship details in high definition. All English words must be spelled correctly, no粘连, no gibberish. Products must display real user info content: Flyers display real event info: headline ""ZprintPro Grand Opening Sale"", offer ""20% Off Everything"", dates ""May 1-7, 2026"", address ""456 Hennessy Road, Causeway Bay"", QR code, professional layout","1:1比率、8K超高清Eコマースメイン画像。右上に単一の赤色(#DC2626)背景、白太字(Hiragino Sans W6)、白3px縁取りのバーストラベル。ラベル主見出し：エコチラシ｜100枚 HK$0.22〜、副見出し：無料デザイン・即日発送。ラベル外の画面内に他の文字・乱码・透かし・ブランド名・複数ラベル一切禁止。 前景：エコチラシ100枚、チラシに実際のユーザー情報が含まれ、プロ4色印刷鮮やかな色彩、実際の印刷効果を展示。背景：ぼかしたモンコックの街の掲示板、暖かい黄色の街灯。 製品が画面の75%-85%を占める、素材と職人技のディテールが高精細。すべての文字が正確に表示されること。製品には実際のユーザー情報が含まれている必要がある：チラシに実際のイベント情報が印刷されている：見出し「ZprintPro開業大酬賓」、優惠内容「全場8折」、開催期間「2026年5月1-7日」、住所「銅鑼灣軒尼詩道456號」、QRコード、プロフェッショナルなレイアウト",zprintpro-flyers-eco-flyers-zh-hk.jpg,zprintpro-flyers-eco-flyers-en.jpg,zprintpro-flyers-eco-flyers-ja.jpg,"香港環保宣傳單張印刷 HK$0.22-0.80/張 起｜環保紙張印刷，展現企業責任。適合環保主題活動。｜ZprintPro智印港","Eco Flyers Printing Hong Kong HK$0.22-0.80/張｜Eco-friendly paper printing, showin｜ZprintPro","香港エコチラシ HK$0.22-0.80/張｜環境に優しい紙の印刷、企業の責任を示す。｜ZprintPro",旺角街头社区布告栏,活動/餐飲/教育,FSC環保認證材質
FL-008,same-day-flyers,flyers,即日宣傳單張,Same-day Flyers,即日チラシ,HK$0.32-1.20/張,TRUE,FALSE,100,即日宣傳單張｜100張 HK$0.32起,熱賣中・免費設計,Same-day Flyers｜From HK$0.32,Hot Sale · Free Design,即日チラシ｜100枚 HK$0.32〜,人気商品・無料デザイン,"1:1比例，8K超高清电商主图。右上角固定放置单一枚大红色(#DC2626)底色、白色粗体字(PingFang HK Bold)、白色3px描边的爆炸促销标签。标签主标题：即日宣傳單張｜100張 HK$0.32起，副标题：熱賣中・免費設計。标签外画面内绝对不出现任何其他文字、乱码、水印、品牌名、多标签。 前景为100张即日宣傳單張，單張上有实际用户信息内容，專業四色印刷色彩鮮豔，展示真实印刷效果。背景虚化旺角街头社区布告栏，暖黄路灯调。 产品占画面75%-85%，材质和工艺细节高清呈现。所有中文字符必须笔画完整准确，英文单词拼写正确、无粘连、无乱码。產品上必須有实际用户信息内容：單張印有真实活動信息：標題「ZprintPro開業大酬賓」、優惠內容「全場8折」、活動時間「2026年5月1-7日」、地址「銅鑼灣軒尼詩道456號」、QR code，排版專業","1:1 ratio, 8K ultra-high-definition e-commerce hero image. Top-right single burst label with deep red (#DC2626) background, white bold text (Inter Bold), white 3px stroke. Label main: Same-day Flyers｜From HK$0.32, sub: Hot Sale · Free Design. Absolutely no other text, gibberish, watermarks, brand names, or multiple labels anywhere else in the image. Foreground: 100 Same-day Flyers, flyers with real user info content, professional 4-color printing vibrant colors, showing real printing effect. Background: blurred Mong Kok street noticeboard, warm yellow street light. Product occupies 75%-85% of frame, material and craftsmanship details in high definition. All English words must be spelled correctly, no粘连, no gibberish. Products must display real user info content: Flyers display real event info: headline ""ZprintPro Grand Opening Sale"", offer ""20% Off Everything"", dates ""May 1-7, 2026"", address ""456 Hennessy Road, Causeway Bay"", QR code, professional layout","1:1比率、8K超高清Eコマースメイン画像。右上に単一の赤色(#DC2626)背景、白太字(Hiragino Sans W6)、白3px縁取りのバーストラベル。ラベル主見出し：即日チラシ｜100枚 HK$0.32〜、副見出し：人気商品・無料デザイン。ラベル外の画面内に他の文字・乱码・透かし・ブランド名・複数ラベル一切禁止。 前景：即日チラシ100枚、チラシに実際のユーザー情報が含まれ、プロ4色印刷鮮やかな色彩、実際の印刷効果を展示。背景：ぼかしたモンコックの街の掲示板、暖かい黄色の街灯。 製品が画面の75%-85%を占める、素材と職人技のディテールが高精細。すべての文字が正確に表示されること。製品には実際のユーザー情報が含まれている必要がある：チラシに実際のイベント情報が印刷されている：見出し「ZprintPro開業大酬賓」、優惠内容「全場8折」、開催期間「2026年5月1-7日」、住所「銅鑼灣軒尼詩道456號」、QRコード、プロフェッショナルなレイアウト",zprintpro-flyers-same-day-flyers-zh-hk.jpg,zprintpro-flyers-same-day-flyers-en.jpg,zprintpro-flyers-same-day-flyers-ja.jpg,"香港即日宣傳單張印刷 HK$0.32-1.20/張 起｜緊急活動首選，最快當天交貨。即日印刷、即日快遞出貨｜ZprintPro智印港","Same-day Flyers Printing Hong Kong HK$0.32-1.20/張｜First choice for emergency events, ｜ZprintPro","香港即日チラシ HK$0.32-1.20/張｜緊急イベントの第一選択、最短当日印刷・宅配便発送。｜ZprintPro",旺角街头社区布告栏,活動/餐飲/教育,專業四色印刷色彩鮮豔
PO-001,a2-posters,posters,A2海報印刷,A2 Posters,A2ポスター,HK$10-35/張,TRUE,FALSE,100,A2海報印刷｜100張 HK$10起,熱賣中・免費設計,A2 Posters｜From HK$10,Hot Sale · Free Design,A2ポスター｜100枚 HK$10〜,人気商品・無料デザイン,"1:1比例，8K超高清电商主图。右上角固定放置单一枚大红色(#DC2626)底色、白色粗体字(PingFang HK Bold)、白色3px描边的爆炸促销标签。标签主标题：A2海報印刷｜100張 HK$10起，副标题：熱賣中・免費設計。标签外画面内绝对不出现任何其他文字、乱码、水印、品牌名、多标签。 前景为一张A2海報印刷展示在木纹展板或X展架上，海報上有实际用户信息内容，專業四色印刷色彩鮮豔，边角微翘展示真实材质。背景虚化旺角街头或展會現場，自然暖光。 产品占画面75%-85%，材质和工艺细节高清呈现。所有中文字符必须笔画完整准确，英文单词拼写正确、无粘连、无乱码。產品上必須有实际用户信息内容：海報展示真实活動畫面：主標題「香港書展2026」、副標題「閱讀·連繫·未來」、日期「7月15-21日」、地點「灣仔會展中心」、主辦單位Logo，色彩鮮豔","1:1 ratio, 8K ultra-high-definition e-commerce hero image. Top-right single burst label with deep red (#DC2626) background, white bold text (Inter Bold), white 3px stroke. Label main: A2 Posters｜From HK$10, sub: Hot Sale · Free Design. Absolutely no other text, gibberish, watermarks, brand names, or multiple labels anywhere else in the image. Foreground: one A2 Posters displayed on wood display board or X-stand, poster with real user info content, professional 4-color printing vibrant colors, slightly curled edges showing real material. Background: blurred Mong Kok street or exhibition venue, natural warm light. Product occupies 75%-85% of frame, material and craftsmanship details in high definition. All English words must be spelled correctly, no粘连, no gibberish. Products must display real user info content: Poster displays real event graphics: main title ""Hong Kong Book Fair 2026"", subtitle ""Read. Connect. Future."", dates ""July 15-21"", venue ""HKCEC Wan Chai"", organizer logo, vibrant colors","1:1比率、8K超高清Eコマースメイン画像。右上に単一の赤色(#DC2626)背景、白太字(Hiragino Sans W6)、白3px縁取りのバーストラベル。ラベル主見出し：A2ポスター｜100枚 HK$10〜、副見出し：人気商品・無料デザイン。ラベル外の画面内に他の文字・乱码・透かし・ブランド名・複数ラベル一切禁止。 前景：木製展示ボードまたはXスタンドに展示されたA2ポスター1枚、ポスターに実際のユーザー情報が含まれ、プロ4色印刷鮮やかな色彩、わずかにめくれた縁で実際の素材を見せる。背景：ぼかしたモンコックの街や展示会場、自然な暖かい光。 製品が画面の75%-85%を占める、素材と職人技のディテールが高精細。すべての文字が正確に表示されること。製品には実際のユーザー情報が含まれている必要がある：ポスターに実際のイベントグラフィックが表示されている：メインタイトル「香港書展2026」、サブタイトル「閱讀·連繫·未來」、開催日「7月15-21日」、会場「灣仔會展中心」、主催者ロゴ、鮮やかな色彩",zprintpro-posters-a2-posters-zh-hk.jpg,zprintpro-posters-a2-posters-en.jpg,zprintpro-posters-a2-posters-ja.jpg,"香港A2海報印刷印刷 HK$10-35/張 起｜標準A2尺寸，活動宣傳、產品推廣首選。157g銅版｜ZprintPro智印港","A2 Posters Printing Hong Kong HK$10-35/張｜Standard A2 size, first choice for ｜ZprintPro","香港A2ポスター HK$10-35/張｜標準A2サイズ、イベント宣伝の第一選択。157gコ｜ZprintPro",旺角街头或展會現場,活動/零售/教育,專業四色印刷色彩鮮豔
PO-002,a1-posters,posters,A1大幅海報,A1 Large Posters,A1大型ポスター,HK$20-70/張,TRUE,FALSE,100,A1大幅海報｜100張 HK$20起,熱賣中・免費設計,A1 Large Posters｜From HK$20,Hot Sale · Free Design,A1大型ポスター｜100枚 HK$20〜,人気商品・無料デザイン,"1:1比例，8K超高清电商主图。右上角固定放置单一枚大红色(#DC2626)底色、白色粗体字(PingFang HK Bold)、白色3px描边的爆炸促销标签。标签主标题：A1大幅海報｜100張 HK$20起，副标题：熱賣中・免費設計。标签外画面内绝对不出现任何其他文字、乱码、水印、品牌名、多标签。 前景为一张A1大幅海報展示在木纹展板或X展架上，海報上有实际用户信息内容，專業四色印刷色彩鮮豔，边角微翘展示真实材质。背景虚化旺角街头或展會現場，自然暖光。 产品占画面75%-85%，材质和工艺细节高清呈现。所有中文字符必须笔画完整准确，英文单词拼写正确、无粘连、无乱码。產品上必須有实际用户信息内容：海報展示真实活動畫面：主標題「香港書展2026」、副標題「閱讀·連繫·未來」、日期「7月15-21日」、地點「灣仔會展中心」、主辦單位Logo，色彩鮮豔","1:1 ratio, 8K ultra-high-definition e-commerce hero image. Top-right single burst label with deep red (#DC2626) background, white bold text (Inter Bold), white 3px stroke. Label main: A1 Large Posters｜From HK$20, sub: Hot Sale · Free Design. Absolutely no other text, gibberish, watermarks, brand names, or multiple labels anywhere else in the image. Foreground: one A1 Large Posters displayed on wood display board or X-stand, poster with real user info content, professional 4-color printing vibrant colors, slightly curled edges showing real material. Background: blurred Mong Kok street or exhibition venue, natural warm light. Product occupies 75%-85% of frame, material and craftsmanship details in high definition. All English words must be spelled correctly, no粘连, no gibberish. Products must display real user info content: Poster displays real event graphics: main title ""Hong Kong Book Fair 2026"", subtitle ""Read. Connect. Future."", dates ""July 15-21"", venue ""HKCEC Wan Chai"", organizer logo, vibrant colors","1:1比率、8K超高清Eコマースメイン画像。右上に単一の赤色(#DC2626)背景、白太字(Hiragino Sans W6)、白3px縁取りのバーストラベル。ラベル主見出し：A1大型ポスター｜100枚 HK$20〜、副見出し：人気商品・無料デザイン。ラベル外の画面内に他の文字・乱码・透かし・ブランド名・複数ラベル一切禁止。 前景：木製展示ボードまたはXスタンドに展示されたA1大型ポスター1枚、ポスターに実際のユーザー情報が含まれ、プロ4色印刷鮮やかな色彩、わずかにめくれた縁で実際の素材を見せる。背景：ぼかしたモンコックの街や展示会場、自然な暖かい光。 製品が画面の75%-85%を占める、素材と職人技のディテールが高精細。すべての文字が正確に表示されること。製品には実際のユーザー情報が含まれている必要がある：ポスターに実際のイベントグラフィックが表示されている：メインタイトル「香港書展2026」、サブタイトル「閱讀·連繫·未來」、開催日「7月15-21日」、会場「灣仔會展中心」、主催者ロゴ、鮮やかな色彩",zprintpro-posters-a1-posters-zh-hk.jpg,zprintpro-posters-a1-posters-en.jpg,zprintpro-posters-a1-posters-ja.jpg,"香港A1大幅海報印刷 HK$20-70/張 起｜A1大尺寸，視覺衝擊力強。適合展覽、會場佈置。｜ZprintPro智印港","A1 Large Posters Printing Hong Kong HK$20-70/張｜A1 large size, strong visual impact｜ZprintPro","香港A1大型ポスター HK$20-70/張｜A1大きなサイズ、強い視覚的インパクト。展示会、会｜ZprintPro",旺角街头或展會現場,活動/零售/教育,專業四色印刷色彩鮮豔
PO-003,outdoor-posters,posters,戶外海報,Outdoor Posters,屋外ポスター,HK$16-55/張,TRUE,FALSE,100,戶外海報｜100張 HK$16起,熱賣中・免費設計,Outdoor Posters｜From HK$16,Hot Sale · Free Design,屋外ポスター｜100枚 HK$16〜,人気商品・無料デザイン,"1:1比例，8K超高清电商主图。右上角固定放置单一枚大红色(#DC2626)底色、白色粗体字(PingFang HK Bold)、白色3px描边的爆炸促销标签。标签主标题：戶外海報｜100張 HK$16起，副标题：熱賣中・免費設計。标签外画面内绝对不出现任何其他文字、乱码、水印、品牌名、多标签。 前景为一张戶外海報展示在木纹展板或X展架上，海報上有实际用户信息内容，防水材質耐用可靠，边角微翘展示真实材质。背景虚化旺角街头或展會現場，自然暖光。 产品占画面75%-85%，材质和工艺细节高清呈现。所有中文字符必须笔画完整准确，英文单词拼写正确、无粘连、无乱码。產品上必須有实际用户信息内容：海報展示真实活動畫面：主標題「香港書展2026」、副標題「閱讀·連繫·未來」、日期「7月15-21日」、地點「灣仔會展中心」、主辦單位Logo，色彩鮮豔","1:1 ratio, 8K ultra-high-definition e-commerce hero image. Top-right single burst label with deep red (#DC2626) background, white bold text (Inter Bold), white 3px stroke. Label main: Outdoor Posters｜From HK$16, sub: Hot Sale · Free Design. Absolutely no other text, gibberish, watermarks, brand names, or multiple labels anywhere else in the image. Foreground: one Outdoor Posters displayed on wood display board or X-stand, poster with real user info content, UV coating dimensional gloss, slightly curled edges showing real material. Background: blurred Mong Kok street or exhibition venue, natural warm light. Product occupies 75%-85% of frame, material and craftsmanship details in high definition. All English words must be spelled correctly, no粘连, no gibberish. Products must display real user info content: Poster displays real event graphics: main title ""Hong Kong Book Fair 2026"", subtitle ""Read. Connect. Future."", dates ""July 15-21"", venue ""HKCEC Wan Chai"", organizer logo, vibrant colors","1:1比率、8K超高清Eコマースメイン画像。右上に単一の赤色(#DC2626)背景、白太字(Hiragino Sans W6)、白3px縁取りのバーストラベル。ラベル主見出し：屋外ポスター｜100枚 HK$16〜、副見出し：人気商品・無料デザイン。ラベル外の画面内に他の文字・乱码・透かし・ブランド名・複数ラベル一切禁止。 前景：木製展示ボードまたはXスタンドに展示された屋外ポスター1枚、ポスターに実際のユーザー情報が含まれ、UVコーティング立体的な光沢，防水素材耐久性あり、わずかにめくれた縁で実際の素材を見せる。背景：ぼかしたモンコックの街や展示会場、自然な暖かい光。 製品が画面の75%-85%を占める、素材と職人技のディテールが高精細。すべての文字が正確に表示されること。製品には実際のユーザー情報が含まれている必要がある：ポスターに実際のイベントグラフィックが表示されている：メインタイトル「香港書展2026」、サブタイトル「閱讀·連繫·未來」、開催日「7月15-21日」、会場「灣仔會展中心」、主催者ロゴ、鮮やかな色彩",zprintpro-posters-outdoor-posters-zh-hk.jpg,zprintpro-posters-outdoor-posters-en.jpg,zprintpro-posters-outdoor-posters-ja.jpg,"香港戶外海報印刷 HK$16-55/張 起｜防水防曬材質，戶外使用不褪色。適合戶外廣告、建築圍｜ZprintPro智印港","Outdoor Posters Printing Hong Kong HK$16-55/張｜Waterproof and UV-resistant materia｜ZprintPro","香港屋外ポスター HK$16-55/張｜防水・UV耐性素材、屋外使用でも色褪せません。｜ZprintPro",旺角街头或展會現場,活動/零售/教育,防水材質耐用可靠
PO-004,display-posters,posters,展架海報,Display Posters,展示用ポスター,HK$32-100/套,FALSE,FALSE,100,展架海報｜100張 HK$32起,免費設計・即日交貨,Display Posters｜From HK$32,Free Design · Same Day,展示用ポスター｜100枚 HK$32〜,無料デザイン・即日発送,"1:1比例，8K超高清电商主图。右上角固定放置单一枚大红色(#DC2626)底色、白色粗体字(PingFang HK Bold)、白色3px描边的爆炸促销标签。标签主标题：展架海報｜100張 HK$32起，副标题：免費設計・即日交貨。标签外画面内绝对不出现任何其他文字、乱码、水印、品牌名、多标签。 前景为一张展架海報展示在木纹展板或X展架上，海報上有实际用户信息内容，專業四色印刷色彩鮮豔，边角微翘展示真实材质。背景虚化旺角街头或展會現場，自然暖光。 产品占画面75%-85%，材质和工艺细节高清呈现。所有中文字符必须笔画完整准确，英文单词拼写正确、无粘连、无乱码。產品上必須有实际用户信息内容：海報展示真实活動畫面：主標題「香港書展2026」、副標題「閱讀·連繫·未來」、日期「7月15-21日」、地點「灣仔會展中心」、主辦單位Logo，色彩鮮豔","1:1 ratio, 8K ultra-high-definition e-commerce hero image. Top-right single burst label with deep red (#DC2626) background, white bold text (Inter Bold), white 3px stroke. Label main: Display Posters｜From HK$32, sub: Free Design · Same Day. Absolutely no other text, gibberish, watermarks, brand names, or multiple labels anywhere else in the image. Foreground: one Display Posters displayed on wood display board or X-stand, poster with real user info content, professional 4-color printing vibrant colors, slightly curled edges showing real material. Background: blurred Mong Kok street or exhibition venue, natural warm light. Product occupies 75%-85% of frame, material and craftsmanship details in high definition. All English words must be spelled correctly, no粘连, no gibberish. Products must display real user info content: Poster displays real event graphics: main title ""Hong Kong Book Fair 2026"", subtitle ""Read. Connect. Future."", dates ""July 15-21"", venue ""HKCEC Wan Chai"", organizer logo, vibrant colors","1:1比率、8K超高清Eコマースメイン画像。右上に単一の赤色(#DC2626)背景、白太字(Hiragino Sans W6)、白3px縁取りのバーストラベル。ラベル主見出し：展示用ポスター｜100枚 HK$32〜、副見出し：無料デザイン・即日発送。ラベル外の画面内に他の文字・乱码・透かし・ブランド名・複数ラベル一切禁止。 前景：木製展示ボードまたはXスタンドに展示された展示用ポスター1枚、ポスターに実際のユーザー情報が含まれ、プロ4色印刷鮮やかな色彩、わずかにめくれた縁で実際の素材を見せる。背景：ぼかしたモンコックの街や展示会場、自然な暖かい光。 製品が画面の75%-85%を占める、素材と職人技のディテールが高精細。すべての文字が正確に表示されること。製品には実際のユーザー情報が含まれている必要がある：ポスターに実際のイベントグラフィックが表示されている：メインタイトル「香港書展2026」、サブタイトル「閱讀·連繫·未來」、開催日「7月15-21日」、会場「灣仔會展中心」、主催者ロゴ、鮮やかな色彩",zprintpro-posters-display-posters-zh-hk.jpg,zprintpro-posters-display-posters-en.jpg,zprintpro-posters-display-posters-ja.jpg,"香港展架海報印刷 HK$32-100/套 起｜配合X展架或易拉寶使用，便攜易裝。展會、路演必備。｜ZprintPro智印港","Display Posters Printing Hong Kong HK$32-100/套｜Compatible with X-stands or roll-up｜ZprintPro","香港展示用ポスター HK$32-100/套｜Xスタンドまたはロールアップバナーと互換、持ち運び｜ZprintPro",旺角街头或展會現場,活動/零售/教育,專業四色印刷色彩鮮豔
PO-005,art-posters,posters,藝術海報,Art Posters,アートポスター,HK$26-85/張,FALSE,FALSE,100,藝術海報｜100張 HK$26起,免費設計・即日交貨,Art Posters｜From HK$26,Free Design · Same Day,アートポスター｜100枚 HK$26〜,無料デザイン・即日発送,"1:1比例，8K超高清电商主图。右上角固定放置单一枚大红色(#DC2626)底色、白色粗体字(PingFang HK Bold)、白色3px描边的爆炸促销标签。标签主标题：藝術海報｜100張 HK$26起，副标题：免費設計・即日交貨。标签外画面内绝对不出现任何其他文字、乱码、水印、品牌名、多标签。 前景为一张藝術海報展示在木纹展板或X展架上，海報上有实际用户信息内容，專業四色印刷色彩鮮豔，边角微翘展示真实材质。背景虚化旺角街头或展會現場，自然暖光。 产品占画面75%-85%，材质和工艺细节高清呈现。所有中文字符必须笔画完整准确，英文单词拼写正确、无粘连、无乱码。產品上必須有实际用户信息内容：海報展示真实活動畫面：主標題「香港書展2026」、副標題「閱讀·連繫·未來」、日期「7月15-21日」、地點「灣仔會展中心」、主辦單位Logo，色彩鮮豔","1:1 ratio, 8K ultra-high-definition e-commerce hero image. Top-right single burst label with deep red (#DC2626) background, white bold text (Inter Bold), white 3px stroke. Label main: Art Posters｜From HK$26, sub: Free Design · Same Day. Absolutely no other text, gibberish, watermarks, brand names, or multiple labels anywhere else in the image. Foreground: one Art Posters displayed on wood display board or X-stand, poster with real user info content, professional 4-color printing vibrant colors, slightly curled edges showing real material. Background: blurred Mong Kok street or exhibition venue, natural warm light. Product occupies 75%-85% of frame, material and craftsmanship details in high definition. All English words must be spelled correctly, no粘连, no gibberish. Products must display real user info content: Poster displays real event graphics: main title ""Hong Kong Book Fair 2026"", subtitle ""Read. Connect. Future."", dates ""July 15-21"", venue ""HKCEC Wan Chai"", organizer logo, vibrant colors","1:1比率、8K超高清Eコマースメイン画像。右上に単一の赤色(#DC2626)背景、白太字(Hiragino Sans W6)、白3px縁取りのバーストラベル。ラベル主見出し：アートポスター｜100枚 HK$26〜、副見出し：無料デザイン・即日発送。ラベル外の画面内に他の文字・乱码・透かし・ブランド名・複数ラベル一切禁止。 前景：木製展示ボードまたはXスタンドに展示されたアートポスター1枚、ポスターに実際のユーザー情報が含まれ、プロ4色印刷鮮やかな色彩、わずかにめくれた縁で実際の素材を見せる。背景：ぼかしたモンコックの街や展示会場、自然な暖かい光。 製品が画面の75%-85%を占める、素材と職人技のディテールが高精細。すべての文字が正確に表示されること。製品には実際のユーザー情報が含まれている必要がある：ポスターに実際のイベントグラフィックが表示されている：メインタイトル「香港書展2026」、サブタイトル「閱讀·連繫·未來」、開催日「7月15-21日」、会場「灣仔會展中心」、主催者ロゴ、鮮やかな色彩",zprintpro-posters-art-posters-zh-hk.jpg,zprintpro-posters-art-posters-en.jpg,zprintpro-posters-art-posters-ja.jpg,"香港藝術海報印刷 HK$26-85/張 起｜高級藝術紙張，色彩還原度高。適合藝術展覽、攝影作品｜ZprintPro智印港","Art Posters Printing Hong Kong HK$26-85/張｜Premium art paper, high color accur｜ZprintPro","香港アートポスター HK$26-85/張｜高級アート紙、高い色再現性。美術展、写真作品に最適｜ZprintPro",旺角街头或展會現場,活動/零售/教育,專業四色印刷色彩鮮豔
PO-006,adhesive-posters,posters,背膠海報,Adhesive Posters,粘着ポスター,HK$13-42/張,FALSE,FALSE,100,背膠海報｜100張 HK$13起,免費設計・即日交貨,Adhesive Posters｜From HK$13,Free Design · Same Day,粘着ポスター｜100枚 HK$13〜,無料デザイン・即日発送,"1:1比例，8K超高清电商主图。右上角固定放置单一枚大红色(#DC2626)底色、白色粗体字(PingFang HK Bold)、白色3px描边的爆炸促销标签。标签主标题：背膠海報｜100張 HK$13起，副标题：免費設計・即日交貨。标签外画面内绝对不出现任何其他文字、乱码、水印、品牌名、多标签。 前景为一张背膠海報展示在木纹展板或X展架上，海報上有实际用户信息内容，專業四色印刷色彩鮮豔，边角微翘展示真实材质。背景虚化旺角街头或展會現場，自然暖光。 产品占画面75%-85%，材质和工艺细节高清呈现。所有中文字符必须笔画完整准确，英文单词拼写正确、无粘连、无乱码。產品上必須有实际用户信息内容：海報展示真实活動畫面：主標題「香港書展2026」、副標題「閱讀·連繫·未來」、日期「7月15-21日」、地點「灣仔會展中心」、主辦單位Logo，色彩鮮豔","1:1 ratio, 8K ultra-high-definition e-commerce hero image. Top-right single burst label with deep red (#DC2626) background, white bold text (Inter Bold), white 3px stroke. Label main: Adhesive Posters｜From HK$13, sub: Free Design · Same Day. Absolutely no other text, gibberish, watermarks, brand names, or multiple labels anywhere else in the image. Foreground: one Adhesive Posters displayed on wood display board or X-stand, poster with real user info content, professional 4-color printing vibrant colors, slightly curled edges showing real material. Background: blurred Mong Kok street or exhibition venue, natural warm light. Product occupies 75%-85% of frame, material and craftsmanship details in high definition. All English words must be spelled correctly, no粘连, no gibberish. Products must display real user info content: Poster displays real event graphics: main title ""Hong Kong Book Fair 2026"", subtitle ""Read. Connect. Future."", dates ""July 15-21"", venue ""HKCEC Wan Chai"", organizer logo, vibrant colors","1:1比率、8K超高清Eコマースメイン画像。右上に単一の赤色(#DC2626)背景、白太字(Hiragino Sans W6)、白3px縁取りのバーストラベル。ラベル主見出し：粘着ポスター｜100枚 HK$13〜、副見出し：無料デザイン・即日発送。ラベル外の画面内に他の文字・乱码・透かし・ブランド名・複数ラベル一切禁止。 前景：木製展示ボードまたはXスタンドに展示された粘着ポスター1枚、ポスターに実際のユーザー情報が含まれ、プロ4色印刷鮮やかな色彩、わずかにめくれた縁で実際の素材を見せる。背景：ぼかしたモンコックの街や展示会場、自然な暖かい光。 製品が画面の75%-85%を占める、素材と職人技のディテールが高精細。すべての文字が正確に表示されること。製品には実際のユーザー情報が含まれている必要がある：ポスターに実際のイベントグラフィックが表示されている：メインタイトル「香港書展2026」、サブタイトル「閱讀·連繫·未來」、開催日「7月15-21日」、会場「灣仔會展中心」、主催者ロゴ、鮮やかな色彩",zprintpro-posters-adhesive-posters-zh-hk.jpg,zprintpro-posters-adhesive-posters-en.jpg,zprintpro-posters-adhesive-posters-ja.jpg,"香港背膠海報印刷 HK$13-42/張 起｜自帶背膠，可直接粘貼。適合店鋪櫥窗、牆面裝飾。｜ZprintPro智印港","Adhesive Posters Printing Hong Kong HK$13-42/張｜Self-adhesive, can be directly appl｜ZprintPro","香港粘着ポスター HK$13-42/張｜自己粘着、直接貼付可能。店舗の窓、壁の装飾に最適。｜ZprintPro",旺角街头或展會現場,活動/零售/教育,專業四色印刷色彩鮮豔
PK-001,gift-boxes,packaging,禮品盒定制,Gift Boxes,ギフトボックス,HK$4-25/個,TRUE,FALSE,100,禮品盒定制｜100個 HK$4起,熱賣中・免費設計,Gift Boxes｜From HK$4,Hot Sale · Free Design,ギフトボックス｜100個 HK$4〜,人気商品・無料デザイン,"1:1比例，8K超高清电商主图。右上角固定放置单一枚大红色(#DC2626)底色、白色粗体字(PingFang HK Bold)、白色3px描边的爆炸促销标签。标签主标题：禮品盒定制｜100個 HK$4起，副标题：熱賣中・免費設計。标签外画面内绝对不出现任何其他文字、乱码、水印、品牌名、多标签。 前景为100个禮品盒定制，包装盒上有实际用户信息内容，盒盖微开露出内衬或产品，燙金工藝閃耀奪目，UV光油立體光澤。背景虚化香港本地工厂发货区或电商打包台，暖黄工业灯光。 产品占画面75%-85%，材质和工艺细节高清呈现。所有中文字符必须笔画完整准确，英文单词拼写正确、无粘连、无乱码。產品上必須有实际用户信息内容：包裝盒印有真实產品信息：品牌名「ZprintPro」、產品名「精選茶葉禮盒」、成分表、淨含量「200g」、生產日期、條碼和環保標誌，設計精美","1:1 ratio, 8K ultra-high-definition e-commerce hero image. Top-right single burst label with deep red (#DC2626) background, white bold text (Inter Bold), white 3px stroke. Label main: Gift Boxes｜From HK$4, sub: Hot Sale · Free Design. Absolutely no other text, gibberish, watermarks, brand names, or multiple labels anywhere else in the image. Foreground: 100 Gift Boxes, boxes with real user info content, lid slightly open revealing inner lining or product, UV coating dimensional gloss. Background: blurred Hong Kong local factory dispatch area or e-commerce packing table, warm yellow industrial light. Product occupies 75%-85% of frame, material and craftsmanship details in high definition. All English words must be spelled correctly, no粘连, no gibberish. Products must display real user info content: Boxes display real product info: brand ""ZprintPro"", product name ""Premium Tea Gift Box"", ingredient list, net weight ""200g"", production date, barcode and eco label, exquisite design","1:1比率、8K超高清Eコマースメイン画像。右上に単一の赤色(#DC2626)背景、白太字(Hiragino Sans W6)、白3px縁取りのバーストラベル。ラベル主見出し：ギフトボックス｜100個 HK$4〜、副見出し：人気商品・無料デザイン。ラベル外の画面内に他の文字・乱码・透かし・ブランド名・複数ラベル一切禁止。 前景：ギフトボックス100個、包装盒に実際のユーザー情報が含まれ、蓋が少し開いて内装または製品が見える、UVコーティング立体的な光沢。背景：ぼかした香港の地元工場の発送エリアやEC梱包テーブル、暖かい黄色の工業用照明。 製品が画面の75%-85%を占める、素材と職人技のディテールが高精細。すべての文字が正確に表示されること。製品には実際のユーザー情報が含まれている必要がある：包装盒に実際の製品情報が印刷されている：ブランド名「ZprintPro」、製品名「精選茶葉禮盒」、成分表、内容量「200g」、製造日、バーコードとエコラベル、精巧なデザイン",zprintpro-packaging-gift-boxes-zh-hk.jpg,zprintpro-packaging-gift-boxes-en.jpg,zprintpro-packaging-gift-boxes-ja.jpg,"香港禮品盒定制印刷 HK$4-25/個 起｜精緻禮品盒，配合燙金、UV等工藝。送禮首選，提升產｜ZprintPro智印港","Gift Boxes Printing Hong Kong HK$4-25/個｜Exquisite gift boxes with foil stam｜ZprintPro","香港ギフトボックス HK$4-25/個｜精巧なギフトボックス、箔押し・UVなどの加工付き。｜ZprintPro",香港本地工厂发货区或电商打包台,電商/品牌/食品,燙金工藝閃耀奪目，UV光油立體光澤
PK-002,cosmetic-boxes,packaging,化妝品盒,Cosmetic Boxes,化粧品箱,HK$6-32/個,TRUE,FALSE,100,化妝品盒｜100個 HK$6起,熱賣中・免費設計,Cosmetic Boxes｜From HK$6,Hot Sale · Free Design,化粧品箱｜100個 HK$6〜,人気商品・無料デザイン,"1:1比例，8K超高清电商主图。右上角固定放置单一枚大红色(#DC2626)底色、白色粗体字(PingFang HK Bold)、白色3px描边的爆炸促销标签。标签主标题：化妝品盒｜100個 HK$6起，副标题：熱賣中・免費設計。标签外画面内绝对不出现任何其他文字、乱码、水印、品牌名、多标签。 前景为100个化妝品盒，包装盒上有实际用户信息内容，盒盖微开露出内衬或产品，專業四色印刷色彩鮮豔。背景虚化香港本地工厂发货区或电商打包台，暖黄工业灯光。 产品占画面75%-85%，材质和工艺细节高清呈现。所有中文字符必须笔画完整准确，英文单词拼写正确、无粘连、无乱码。產品上必須有实际用户信息内容：包裝盒印有真实產品信息：品牌名「ZprintPro」、產品名「精選茶葉禮盒」、成分表、淨含量「200g」、生產日期、條碼和環保標誌，設計精美","1:1 ratio, 8K ultra-high-definition e-commerce hero image. Top-right single burst label with deep red (#DC2626) background, white bold text (Inter Bold), white 3px stroke. Label main: Cosmetic Boxes｜From HK$6, sub: Hot Sale · Free Design. Absolutely no other text, gibberish, watermarks, brand names, or multiple labels anywhere else in the image. Foreground: 100 Cosmetic Boxes, boxes with real user info content, lid slightly open revealing inner lining or product, professional 4-color printing vibrant colors. Background: blurred Hong Kong local factory dispatch area or e-commerce packing table, warm yellow industrial light. Product occupies 75%-85% of frame, material and craftsmanship details in high definition. All English words must be spelled correctly, no粘连, no gibberish. Products must display real user info content: Boxes display real product info: brand ""ZprintPro"", product name ""Premium Tea Gift Box"", ingredient list, net weight ""200g"", production date, barcode and eco label, exquisite design","1:1比率、8K超高清Eコマースメイン画像。右上に単一の赤色(#DC2626)背景、白太字(Hiragino Sans W6)、白3px縁取りのバーストラベル。ラベル主見出し：化粧品箱｜100個 HK$6〜、副見出し：人気商品・無料デザイン。ラベル外の画面内に他の文字・乱码・透かし・ブランド名・複数ラベル一切禁止。 前景：化粧品箱100個、包装盒に実際のユーザー情報が含まれ、蓋が少し開いて内装または製品が見える、プロ4色印刷鮮やかな色彩。背景：ぼかした香港の地元工場の発送エリアやEC梱包テーブル、暖かい黄色の工業用照明。 製品が画面の75%-85%を占める、素材と職人技のディテールが高精細。すべての文字が正確に表示されること。製品には実際のユーザー情報が含まれている必要がある：包装盒に実際の製品情報が印刷されている：ブランド名「ZprintPro」、製品名「精選茶葉禮盒」、成分表、内容量「200g」、製造日、バーコードとエコラベル、精巧なデザイン",zprintpro-packaging-cosmetic-boxes-zh-hk.jpg,zprintpro-packaging-cosmetic-boxes-en.jpg,zprintpro-packaging-cosmetic-boxes-ja.jpg,"香港化妝品盒印刷 HK$6-32/個 起｜專為化妝品設計，內托可定制。適合護膚品、彩妝品牌。｜ZprintPro智印港","Cosmetic Boxes Printing Hong Kong HK$6-32/個｜Specially designed for cosmetics, c｜ZprintPro","香港化粧品箱 HK$6-32/個｜化粧品専用設計、カスタマイズ可能な内側トレイ。｜ZprintPro",香港本地工厂发货区或电商打包台,電商/品牌/食品,專業四色印刷色彩鮮豔
PK-003,food-boxes,packaging,食品包裝盒,Food Boxes,食品包装箱,HK$2.5-18/個,TRUE,FALSE,100,食品包裝盒｜100個 HK$2.5起,熱賣中・免費設計,Food Boxes｜From HK$2.5,Hot Sale · Free Design,食品包装箱｜100個 HK$2.5〜,人気商品・無料デザイン,"1:1比例，8K超高清电商主图。右上角固定放置单一枚大红色(#DC2626)底色、白色粗体字(PingFang HK Bold)、白色3px描边的爆炸促销标签。标签主标题：食品包裝盒｜100個 HK$2.5起，副标题：熱賣中・免費設計。标签外画面内绝对不出现任何其他文字、乱码、水印、品牌名、多标签。 前景为100个食品包裝盒，包装盒上有实际用户信息内容，盒盖微开露出内衬或产品，FSC環保認證材質。背景虚化香港本地工厂发货区或电商打包台，暖黄工业灯光。 产品占画面75%-85%，材质和工艺细节高清呈现。所有中文字符必须笔画完整准确，英文单词拼写正确、无粘连、无乱码。產品上必須有实际用户信息内容：包裝盒印有真实產品信息：品牌名「ZprintPro」、產品名「精選茶葉禮盒」、成分表、淨含量「200g」、生產日期、條碼和環保標誌，設計精美","1:1 ratio, 8K ultra-high-definition e-commerce hero image. Top-right single burst label with deep red (#DC2626) background, white bold text (Inter Bold), white 3px stroke. Label main: Food Boxes｜From HK$2.5, sub: Hot Sale · Free Design. Absolutely no other text, gibberish, watermarks, brand names, or multiple labels anywhere else in the image. Foreground: 100 Food Boxes, boxes with real user info content, lid slightly open revealing inner lining or product, professional 4-color printing vibrant colors. Background: blurred Hong Kong local factory dispatch area or e-commerce packing table, warm yellow industrial light. Product occupies 75%-85% of frame, material and craftsmanship details in high definition. All English words must be spelled correctly, no粘连, no gibberish. Products must display real user info content: Boxes display real product info: brand ""ZprintPro"", product name ""Premium Tea Gift Box"", ingredient list, net weight ""200g"", production date, barcode and eco label, exquisite design","1:1比率、8K超高清Eコマースメイン画像。右上に単一の赤色(#DC2626)背景、白太字(Hiragino Sans W6)、白3px縁取りのバーストラベル。ラベル主見出し：食品包装箱｜100個 HK$2.5〜、副見出し：人気商品・無料デザイン。ラベル外の画面内に他の文字・乱码・透かし・ブランド名・複数ラベル一切禁止。 前景：食品包装箱100個、包装盒に実際のユーザー情報が含まれ、蓋が少し開いて内装または製品が見える、プロ4色印刷鮮やかな色彩。背景：ぼかした香港の地元工場の発送エリアやEC梱包テーブル、暖かい黄色の工業用照明。 製品が画面の75%-85%を占める、素材と職人技のディテールが高精細。すべての文字が正確に表示されること。製品には実際のユーザー情報が含まれている必要がある：包装盒に実際の製品情報が印刷されている：ブランド名「ZprintPro」、製品名「精選茶葉禮盒」、成分表、内容量「200g」、製造日、バーコードとエコラベル、精巧なデザイン",zprintpro-packaging-food-boxes-zh-hk.jpg,zprintpro-packaging-food-boxes-en.jpg,zprintpro-packaging-food-boxes-ja.jpg,"香港食品包裝盒印刷 HK$2.5-18/個 起｜食品級材質，安全環保。適合糕點、茶葉、保健品。｜ZprintPro智印港","Food Boxes Printing Hong Kong HK$2.5-18/個｜Food-grade material, safe and eco-f｜ZprintPro","香港食品包装箱 HK$2.5-18/個｜食品グレード素材、安全で環境に優しい。｜ZprintPro",香港本地工厂发货区或电商打包台,電商/品牌/食品,FSC環保認證材質
PK-004,mailer-boxes,packaging,快遞盒/飛機盒,Mailer Boxes,発送箱,HK$1.8-10/個,FALSE,FALSE,100,快遞盒/飛機盒｜100個 HK$1.8起,免費設計・即日交貨,Mailer Boxes｜From HK$1.8,Free Design · Same Day,発送箱｜100個 HK$1.8〜,無料デザイン・即日発送,"1:1比例，8K超高清电商主图。右上角固定放置单一枚大红色(#DC2626)底色、白色粗体字(PingFang HK Bold)、白色3px描边的爆炸促销标签。标签主标题：快遞盒/飛機盒｜100個 HK$1.8起，副标题：免費設計・即日交貨。标签外画面内绝对不出现任何其他文字、乱码、水印、品牌名、多标签。 前景为100个快遞盒/飛機盒，包装盒上有实际用户信息内容，盒盖微开露出内衬或产品，專業四色印刷色彩鮮豔。背景虚化香港本地工厂发货区或电商打包台，暖黄工业灯光。 产品占画面75%-85%，材质和工艺细节高清呈现。所有中文字符必须笔画完整准确，英文单词拼写正确、无粘连、无乱码。產品上必須有实际用户信息内容：包裝盒印有真实產品信息：品牌名「ZprintPro」、產品名「精選茶葉禮盒」、成分表、淨含量「200g」、生產日期、條碼和環保標誌，設計精美","1:1 ratio, 8K ultra-high-definition e-commerce hero image. Top-right single burst label with deep red (#DC2626) background, white bold text (Inter Bold), white 3px stroke. Label main: Mailer Boxes｜From HK$1.8, sub: Free Design · Same Day. Absolutely no other text, gibberish, watermarks, brand names, or multiple labels anywhere else in the image. Foreground: 100 Mailer Boxes, boxes with real user info content, lid slightly open revealing inner lining or product, professional 4-color printing vibrant colors. Background: blurred Hong Kong local factory dispatch area or e-commerce packing table, warm yellow industrial light. Product occupies 75%-85% of frame, material and craftsmanship details in high definition. All English words must be spelled correctly, no粘连, no gibberish. Products must display real user info content: Boxes display real product info: brand ""ZprintPro"", product name ""Premium Tea Gift Box"", ingredient list, net weight ""200g"", production date, barcode and eco label, exquisite design","1:1比率、8K超高清Eコマースメイン画像。右上に単一の赤色(#DC2626)背景、白太字(Hiragino Sans W6)、白3px縁取りのバーストラベル。ラベル主見出し：発送箱｜100個 HK$1.8〜、副見出し：無料デザイン・即日発送。ラベル外の画面内に他の文字・乱码・透かし・ブランド名・複数ラベル一切禁止。 前景：発送箱100個、包装盒に実際のユーザー情報が含まれ、蓋が少し開いて内装または製品が見える、プロ4色印刷鮮やかな色彩。背景：ぼかした香港の地元工場の発送エリアやEC梱包テーブル、暖かい黄色の工業用照明。 製品が画面の75%-85%を占める、素材と職人技のディテールが高精細。すべての文字が正確に表示されること。製品には実際のユーザー情報が含まれている必要がある：包装盒に実際の製品情報が印刷されている：ブランド名「ZprintPro」、製品名「精選茶葉禮盒」、成分表、内容量「200g」、製造日、バーコードとエコラベル、精巧なデザイン",zprintpro-packaging-mailer-boxes-zh-hk.jpg,zprintpro-packaging-mailer-boxes-en.jpg,zprintpro-packaging-mailer-boxes-ja.jpg,"香港快遞盒/飛機盒印刷 HK$1.8-10/個 起｜堅固耐用，電商發貨首選。可印品牌Logo，提升開箱｜ZprintPro智印港","Mailer Boxes Printing Hong Kong HK$1.8-10/個｜Sturdy and durable, first choice fo｜ZprintPro","香港発送箱 HK$1.8-10/個｜頑丈で耐久性があり、EC発送の第一選択。｜ZprintPro",香港本地工厂发货区或电商打包台,電商/品牌/食品,專業四色印刷色彩鮮豔
PK-005,folding-boxes,packaging,折疊盒,Folding Boxes,折りたたみ箱,HK$2.5-15/個,FALSE,FALSE,100,折疊盒｜100個 HK$2.5起,免費設計・即日交貨,Folding Boxes｜From HK$2.5,Free Design · Same Day,折りたたみ箱｜100個 HK$2.5〜,無料デザイン・即日発送,"1:1比例，8K超高清电商主图。右上角固定放置单一枚大红色(#DC2626)底色、白色粗体字(PingFang HK Bold)、白色3px描边的爆炸促销标签。标签主标题：折疊盒｜100個 HK$2.5起，副标题：免費設計・即日交貨。标签外画面内绝对不出现任何其他文字、乱码、水印、品牌名、多标签。 前景为100个折疊盒，包装盒上有实际用户信息内容，盒盖微开露出内衬或产品，專業四色印刷色彩鮮豔。背景虚化香港本地工厂发货区或电商打包台，暖黄工业灯光。 产品占画面75%-85%，材质和工艺细节高清呈现。所有中文字符必须笔画完整准确，英文单词拼写正确、无粘连、无乱码。產品上必須有实际用户信息内容：包裝盒印有真实產品信息：品牌名「ZprintPro」、產品名「精選茶葉禮盒」、成分表、淨含量「200g」、生產日期、條碼和環保標誌，設計精美","1:1 ratio, 8K ultra-high-definition e-commerce hero image. Top-right single burst label with deep red (#DC2626) background, white bold text (Inter Bold), white 3px stroke. Label main: Folding Boxes｜From HK$2.5, sub: Free Design · Same Day. Absolutely no other text, gibberish, watermarks, brand names, or multiple labels anywhere else in the image. Foreground: 100 Folding Boxes, boxes with real user info content, lid slightly open revealing inner lining or product, professional 4-color printing vibrant colors. Background: blurred Hong Kong local factory dispatch area or e-commerce packing table, warm yellow industrial light. Product occupies 75%-85% of frame, material and craftsmanship details in high definition. All English words must be spelled correctly, no粘连, no gibberish. Products must display real user info content: Boxes display real product info: brand ""ZprintPro"", product name ""Premium Tea Gift Box"", ingredient list, net weight ""200g"", production date, barcode and eco label, exquisite design","1:1比率、8K超高清Eコマースメイン画像。右上に単一の赤色(#DC2626)背景、白太字(Hiragino Sans W6)、白3px縁取りのバーストラベル。ラベル主見出し：折りたたみ箱｜100個 HK$2.5〜、副見出し：無料デザイン・即日発送。ラベル外の画面内に他の文字・乱码・透かし・ブランド名・複数ラベル一切禁止。 前景：折りたたみ箱100個、包装盒に実際のユーザー情報が含まれ、蓋が少し開いて内装または製品が見える、プロ4色印刷鮮やかな色彩。背景：ぼかした香港の地元工場の発送エリアやEC梱包テーブル、暖かい黄色の工業用照明。 製品が画面の75%-85%を占める、素材と職人技のディテールが高精細。すべての文字が正確に表示されること。製品には実際のユーザー情報が含まれている必要がある：包装盒に実際の製品情報が印刷されている：ブランド名「ZprintPro」、製品名「精選茶葉禮盒」、成分表、内容量「200g」、製造日、バーコードとエコラベル、精巧なデザイン",zprintpro-packaging-folding-boxes-zh-hk.jpg,zprintpro-packaging-folding-boxes-en.jpg,zprintpro-packaging-folding-boxes-ja.jpg,"香港折疊盒印刷 HK$2.5-15/個 起｜可折疊設計，節省倉儲空間。適合大量存貨的電商賣家。｜ZprintPro智印港","Folding Boxes Printing Hong Kong HK$2.5-15/個｜Foldable design, saves warehouse sp｜ZprintPro","香港折りたたみ箱 HK$2.5-15/個｜折りたたみ可能なデザイン、倉庫スペースを節約。｜ZprintPro",香港本地工厂发货区或电商打包台,電商/品牌/食品,專業四色印刷色彩鮮豔
PK-006,rigid-boxes,packaging,精裝盒,Rigid Boxes,上製本箱,HK$8-42/個,FALSE,FALSE,100,精裝盒｜100個 HK$8起,免費設計・即日交貨,Rigid Boxes｜From HK$8,Free Design · Same Day,上製本箱｜100個 HK$8〜,無料デザイン・即日発送,"1:1比例，8K超高清电商主图。右上角固定放置单一枚大红色(#DC2626)底色、白色粗体字(PingFang HK Bold)、白色3px描边的爆炸促销标签。标签主标题：精裝盒｜100個 HK$8起，副标题：免費設計・即日交貨。标签外画面内绝对不出现任何其他文字、乱码、水印、品牌名、多标签。 前景为100个精裝盒，包装盒上有实际用户信息内容，盒盖微开露出内衬或产品，硬殼精裝高檔耐用。背景虚化香港本地工厂发货区或电商打包台，暖黄工业灯光。 产品占画面75%-85%，材质和工艺细节高清呈现。所有中文字符必须笔画完整准确，英文单词拼写正确、无粘连、无乱码。產品上必須有实际用户信息内容：包裝盒印有真实產品信息：品牌名「ZprintPro」、產品名「精選茶葉禮盒」、成分表、淨含量「200g」、生產日期、條碼和環保標誌，設計精美","1:1 ratio, 8K ultra-high-definition e-commerce hero image. Top-right single burst label with deep red (#DC2626) background, white bold text (Inter Bold), white 3px stroke. Label main: Rigid Boxes｜From HK$8, sub: Free Design · Same Day. Absolutely no other text, gibberish, watermarks, brand names, or multiple labels anywhere else in the image. Foreground: 100 Rigid Boxes, boxes with real user info content, lid slightly open revealing inner lining or product, professional 4-color printing vibrant colors. Background: blurred Hong Kong local factory dispatch area or e-commerce packing table, warm yellow industrial light. Product occupies 75%-85% of frame, material and craftsmanship details in high definition. All English words must be spelled correctly, no粘连, no gibberish. Products must display real user info content: Boxes display real product info: brand ""ZprintPro"", product name ""Premium Tea Gift Box"", ingredient list, net weight ""200g"", production date, barcode and eco label, exquisite design","1:1比率、8K超高清Eコマースメイン画像。右上に単一の赤色(#DC2626)背景、白太字(Hiragino Sans W6)、白3px縁取りのバーストラベル。ラベル主見出し：上製本箱｜100個 HK$8〜、副見出し：無料デザイン・即日発送。ラベル外の画面内に他の文字・乱码・透かし・ブランド名・複数ラベル一切禁止。 前景：上製本箱100個、包装盒に実際のユーザー情報が含まれ、蓋が少し開いて内装または製品が見える、プロ4色印刷鮮やかな色彩。背景：ぼかした香港の地元工場の発送エリアやEC梱包テーブル、暖かい黄色の工業用照明。 製品が画面の75%-85%を占める、素材と職人技のディテールが高精細。すべての文字が正確に表示されること。製品には実際のユーザー情報が含まれている必要がある：包装盒に実際の製品情報が印刷されている：ブランド名「ZprintPro」、製品名「精選茶葉禮盒」、成分表、内容量「200g」、製造日、バーコードとエコラベル、精巧なデザイン",zprintpro-packaging-rigid-boxes-zh-hk.jpg,zprintpro-packaging-rigid-boxes-en.jpg,zprintpro-packaging-rigid-boxes-ja.jpg,"香港精裝盒印刷 HK$8-42/個 起｜硬殼精裝，高檔奢華。適合高端產品、限量版商品。｜ZprintPro智印港","Rigid Boxes Printing Hong Kong HK$8-42/個｜Hardcover rigid construction, luxur｜ZprintPro","香港上製本箱 HK$8-42/個｜硬い上製本構造、豪華でプレミアム。｜ZprintPro",香港本地工厂发货区或电商打包台,電商/品牌/食品,硬殼精裝高檔耐用
RP-001,foil-red-packets,red-packets,燙金利是封,Foil Red Packets,箔押しポチ袋,HK$1.10-4.80/個,TRUE,FALSE,100,燙金利是封｜100個 HK$1.10起,熱賣中・免費設計,Foil Red Packets｜From HK$1.10,Hot Sale · Free Design,箔押しポチ袋｜100枚 HK$1.10〜,人気商品・無料デザイン,"1:1比例，8K超高清电商主图。右上角固定放置单一枚大红色(#DC2626)底色、白色粗体字(PingFang HK Bold)、白色3px描边的爆炸促销标签。标签主标题：燙金利是封｜100個 HK$1.10起，副标题：熱賣中・免費設計。标签外画面内绝对不出现任何其他文字、乱码、水印、品牌名、多标签。 前景为100个红色燙金利是封，利是封上有实际用户信息内容，燙金工藝閃耀奪目，喜庆红色纸张质感可见。背景虚化春节装饰桌面或企业前台，喜庆暖黄灯光。 产品占画面75%-85%，材质和工艺细节高清呈现。所有中文字符必须笔画完整准确，英文单词拼写正确、无粘连、无乱码。產品上必須有实际用户信息内容：利是封印有真实祝福信息：公司名「滙豐銀行」、燙金「福」字、吉祥語「恭喜發財」、年份「2026」，紅色紙張喜慶質感","1:1 ratio, 8K ultra-high-definition e-commerce hero image. Top-right single burst label with deep red (#DC2626) background, white bold text (Inter Bold), white 3px stroke. Label main: Foil Red Packets｜From HK$1.10, sub: Hot Sale · Free Design. Absolutely no other text, gibberish, watermarks, brand names, or multiple labels anywhere else in the image. Foreground: 100 red Foil Red Packets, red packets with real user info content, professional 4-color printing vibrant colors, festive red paper texture visible. Background: blurred Chinese New Year decorated desk or corporate reception, festive warm yellow light. Product occupies 75%-85% of frame, material and craftsmanship details in high definition. All English words must be spelled correctly, no粘连, no gibberish. Products must display real user info content: Red packets display real blessing info: company name ""HSBC"", foil-stamped ""福"" character, greeting ""恭喜發財"", year ""2026"", festive red paper texture","1:1比率、8K超高清Eコマースメイン画像。右上に単一の赤色(#DC2626)背景、白太字(Hiragino Sans W6)、白3px縁取りのバーストラベル。ラベル主見出し：箔押しポチ袋｜100枚 HK$1.10〜、副見出し：人気商品・無料デザイン。ラベル外の画面内に他の文字・乱码・透かし・ブランド名・複数ラベル一切禁止。 前景：赤い箔押しポチ袋100枚、ポチ袋に実際のユーザー情報が含まれ、プロ4色印刷鮮やかな色彩、お祭り気分の赤い紙の質感が見える。背景：ぼかした春節の飾り付けの机や企業の受付、お祝いの暖かい黄色の灯り。 製品が画面の75%-85%を占める、素材と職人技のディテールが高精細。すべての文字が正確に表示されること。製品には実際のユーザー情報が含まれている必要がある：ポチ袋に実際の祝福メッセージが印刷されている：会社名「滙豐銀行」、箔押し「福」字、吉祥語「恭喜發財」、年「2026」、お祝いの赤い紙の質感",zprintpro-red-packets-foil-red-packets-zh-hk.jpg,zprintpro-red-packets-foil-red-packets-en.jpg,zprintpro-red-packets-foil-red-packets-ja.jpg,"香港燙金利是封印刷 HK$1.10-4.80/個 起｜傳統燙金工藝，喜慶大方。多種吉祥圖案可選，也可定制｜ZprintPro智印港","Foil Red Packets Printing Hong Kong HK$1.10-4.80/個｜Traditional foil stamping, festive ｜ZprintPro","香港箔押しポチ袋 HK$1.10-4.80/個｜伝統的な箔押し加工、縁起が良く上品。複数の縁起の良｜ZprintPro",春节装饰桌面或企业前台,企業/節日營銷,燙金工藝閃耀奪目
RP-002,embossed-red-packets,red-packets,浮雕利是封,Embossed Red Packets,エンボスポチ袋,HK$3.00-9.50/個,TRUE,FALSE,100,浮雕利是封｜100個 HK$3.00起,熱賣中・免費設計,Embossed Red Packets｜From HK$3.00,Hot Sale · Free Design,エンボスポチ袋｜100枚 HK$3.00〜,人気商品・無料デザイン,"1:1比例，8K超高清电商主图。右上角固定放置单一枚大红色(#DC2626)底色、白色粗体字(PingFang HK Bold)、白色3px描边的爆炸促销标签。标签主标题：浮雕利是封｜100個 HK$3.00起，副标题：熱賣中・免費設計。标签外画面内绝对不出现任何其他文字、乱码、水印、品牌名、多标签。 前景为100个红色浮雕利是封，利是封上有实际用户信息内容，浮雕立體觸感，喜庆红色纸张质感可见。背景虚化春节装饰桌面或企业前台，喜庆暖黄灯光。 产品占画面75%-85%，材质和工艺细节高清呈现。所有中文字符必须笔画完整准确，英文单词拼写正确、无粘连、无乱码。產品上必須有实际用户信息内容：利是封印有真实祝福信息：公司名「滙豐銀行」、燙金「福」字、吉祥語「恭喜發財」、年份「2026」，紅色紙張喜慶質感","1:1 ratio, 8K ultra-high-definition e-commerce hero image. Top-right single burst label with deep red (#DC2626) background, white bold text (Inter Bold), white 3px stroke. Label main: Embossed Red Packets｜From HK$3.00, sub: Hot Sale · Free Design. Absolutely no other text, gibberish, watermarks, brand names, or multiple labels anywhere else in the image. Foreground: 100 red Embossed Red Packets, red packets with real user info content, professional 4-color printing vibrant colors, festive red paper texture visible. Background: blurred Chinese New Year decorated desk or corporate reception, festive warm yellow light. Product occupies 75%-85% of frame, material and craftsmanship details in high definition. All English words must be spelled correctly, no粘连, no gibberish. Products must display real user info content: Red packets display real blessing info: company name ""HSBC"", foil-stamped ""福"" character, greeting ""恭喜發財"", year ""2026"", festive red paper texture","1:1比率、8K超高清Eコマースメイン画像。右上に単一の赤色(#DC2626)背景、白太字(Hiragino Sans W6)、白3px縁取りのバーストラベル。ラベル主見出し：エンボスポチ袋｜100枚 HK$3.00〜、副見出し：人気商品・無料デザイン。ラベル外の画面内に他の文字・乱码・透かし・ブランド名・複数ラベル一切禁止。 前景：赤いエンボスポチ袋100枚、ポチ袋に実際のユーザー情報が含まれ、プロ4色印刷鮮やかな色彩、お祭り気分の赤い紙の質感が見える。背景：ぼかした春節の飾り付けの机や企業の受付、お祝いの暖かい黄色の灯り。 製品が画面の75%-85%を占める、素材と職人技のディテールが高精細。すべての文字が正確に表示されること。製品には実際のユーザー情報が含まれている必要がある：ポチ袋に実際の祝福メッセージが印刷されている：会社名「滙豐銀行」、箔押し「福」字、吉祥語「恭喜發財」、年「2026」、お祝いの赤い紙の質感",zprintpro-red-packets-embossed-red-packets-zh-hk.jpg,zprintpro-red-packets-embossed-red-packets-en.jpg,zprintpro-red-packets-embossed-red-packets-ja.jpg,"香港浮雕利是封印刷 HK$3.00-9.50/個 起｜浮雕工藝，立體觸感，高檔奢華。展現品牌誠意，適合V｜ZprintPro智印港","Embossed Red Packets Printing Hong Kong HK$3.00-9.50/個｜Embossed craftsmanship, dimensional｜ZprintPro","香港エンボスポチ袋 HK$3.00-9.50/個｜エンボス加工、立体的な触感、豪華な質感。｜ZprintPro",春节装饰桌面或企业前台,企業/節日營銷,浮雕立體觸感
RP-003,custom-red-packets,red-packets,定制利是封,Custom Red Packets,オリジナルポチ袋,HK$1.90-6.40/個,TRUE,FALSE,100,定制利是封｜100個 HK$1.90起,熱賣中・免費設計,Custom Red Packets｜From HK$1.90,Hot Sale · Free Design,オリジナルポチ袋｜100枚 HK$1.90〜,人気商品・無料デザイン,"1:1比例，8K超高清电商主图。右上角固定放置单一枚大红色(#DC2626)底色、白色粗体字(PingFang HK Bold)、白色3px描边的爆炸促销标签。标签主标题：定制利是封｜100個 HK$1.90起，副标题：熱賣中・免費設計。标签外画面内绝对不出现任何其他文字、乱码、水印、品牌名、多标签。 前景为100个红色定制利是封，利是封上有实际用户信息内容，專業四色印刷色彩鮮豔，喜庆红色纸张质感可见。背景虚化春节装饰桌面或企业前台，喜庆暖黄灯光。 产品占画面75%-85%，材质和工艺细节高清呈现。所有中文字符必须笔画完整准确，英文单词拼写正确、无粘连、无乱码。產品上必須有实际用户信息内容：利是封印有真实祝福信息：公司名「滙豐銀行」、燙金「福」字、吉祥語「恭喜發財」、年份「2026」，紅色紙張喜慶質感","1:1 ratio, 8K ultra-high-definition e-commerce hero image. Top-right single burst label with deep red (#DC2626) background, white bold text (Inter Bold), white 3px stroke. Label main: Custom Red Packets｜From HK$1.90, sub: Hot Sale · Free Design. Absolutely no other text, gibberish, watermarks, brand names, or multiple labels anywhere else in the image. Foreground: 100 red Custom Red Packets, red packets with real user info content, professional 4-color printing vibrant colors, festive red paper texture visible. Background: blurred Chinese New Year decorated desk or corporate reception, festive warm yellow light. Product occupies 75%-85% of frame, material and craftsmanship details in high definition. All English words must be spelled correctly, no粘连, no gibberish. Products must display real user info content: Red packets display real blessing info: company name ""HSBC"", foil-stamped ""福"" character, greeting ""恭喜發財"", year ""2026"", festive red paper texture","1:1比率、8K超高清Eコマースメイン画像。右上に単一の赤色(#DC2626)背景、白太字(Hiragino Sans W6)、白3px縁取りのバーストラベル。ラベル主見出し：オリジナルポチ袋｜100枚 HK$1.90〜、副見出し：人気商品・無料デザイン。ラベル外の画面内に他の文字・乱码・透かし・ブランド名・複数ラベル一切禁止。 前景：赤いオリジナルポチ袋100枚、ポチ袋に実際のユーザー情報が含まれ、プロ4色印刷鮮やかな色彩、お祭り気分の赤い紙の質感が見える。背景：ぼかした春節の飾り付けの机や企業の受付、お祝いの暖かい黄色の灯り。 製品が画面の75%-85%を占める、素材と職人技のディテールが高精細。すべての文字が正確に表示されること。製品には実際のユーザー情報が含まれている必要がある：ポチ袋に実際の祝福メッセージが印刷されている：会社名「滙豐銀行」、箔押し「福」字、吉祥語「恭喜發財」、年「2026」、お祝いの赤い紙の質感",zprintpro-red-packets-custom-red-packets-zh-hk.jpg,zprintpro-red-packets-custom-red-packets-en.jpg,zprintpro-red-packets-custom-red-packets-ja.jpg,"香港定制利是封印刷 HK$1.90-6.40/個 起｜專屬設計，印上公司Logo和祝福語。強化品牌印象，｜ZprintPro智印港","Custom Red Packets Printing Hong Kong HK$1.90-6.40/個｜Exclusive design with company logo ｜ZprintPro","香港オリジナルポチ袋 HK$1.90-6.40/個｜独占的なデザイン、会社ロゴと祝福の言葉。ブランドイ｜ZprintPro",春节装饰桌面或企业前台,企業/節日營銷,專業四色印刷色彩鮮豔
RP-004,cartoon-red-packets,red-packets,卡通利是封,Cartoon Red Packets,キャラクターポチ袋,HK$1.10-3.80/個,FALSE,FALSE,100,卡通利是封｜100個 HK$1.10起,免費設計・即日交貨,Cartoon Red Packets｜From HK$1.10,Free Design · Same Day,キャラクターポチ袋｜100枚 HK$1.10〜,無料デザイン・即日発送,"1:1比例，8K超高清电商主图。右上角固定放置单一枚大红色(#DC2626)底色、白色粗体字(PingFang HK Bold)、白色3px描边的爆炸促销标签。标签主标题：卡通利是封｜100個 HK$1.10起，副标题：免費設計・即日交貨。标签外画面内绝对不出现任何其他文字、乱码、水印、品牌名、多标签。 前景为100个红色卡通利是封，利是封上有实际用户信息内容，專業四色印刷色彩鮮豔，喜庆红色纸张质感可见。背景虚化春节装饰桌面或企业前台，喜庆暖黄灯光。 产品占画面75%-85%，材质和工艺细节高清呈现。所有中文字符必须笔画完整准确，英文单词拼写正确、无粘连、无乱码。產品上必須有实际用户信息内容：利是封印有真实祝福信息：公司名「滙豐銀行」、燙金「福」字、吉祥語「恭喜發財」、年份「2026」，紅色紙張喜慶質感","1:1 ratio, 8K ultra-high-definition e-commerce hero image. Top-right single burst label with deep red (#DC2626) background, white bold text (Inter Bold), white 3px stroke. Label main: Cartoon Red Packets｜From HK$1.10, sub: Free Design · Same Day. Absolutely no other text, gibberish, watermarks, brand names, or multiple labels anywhere else in the image. Foreground: 100 red Cartoon Red Packets, red packets with real user info content, professional 4-color printing vibrant colors, festive red paper texture visible. Background: blurred Chinese New Year decorated desk or corporate reception, festive warm yellow light. Product occupies 75%-85% of frame, material and craftsmanship details in high definition. All English words must be spelled correctly, no粘连, no gibberish. Products must display real user info content: Red packets display real blessing info: company name ""HSBC"", foil-stamped ""福"" character, greeting ""恭喜發財"", year ""2026"", festive red paper texture","1:1比率、8K超高清Eコマースメイン画像。右上に単一の赤色(#DC2626)背景、白太字(Hiragino Sans W6)、白3px縁取りのバーストラベル。ラベル主見出し：キャラクターポチ袋｜100枚 HK$1.10〜、副見出し：無料デザイン・即日発送。ラベル外の画面内に他の文字・乱码・透かし・ブランド名・複数ラベル一切禁止。 前景：赤いキャラクターポチ袋100枚、ポチ袋に実際のユーザー情報が含まれ、プロ4色印刷鮮やかな色彩、お祭り気分の赤い紙の質感が見える。背景：ぼかした春節の飾り付けの机や企業の受付、お祝いの暖かい黄色の灯り。 製品が画面の75%-85%を占める、素材と職人技のディテールが高精細。すべての文字が正確に表示されること。製品には実際のユーザー情報が含まれている必要がある：ポチ袋に実際の祝福メッセージが印刷されている：会社名「滙豐銀行」、箔押し「福」字、吉祥語「恭喜發財」、年「2026」、お祝いの赤い紙の質感",zprintpro-red-packets-cartoon-red-packets-zh-hk.jpg,zprintpro-red-packets-cartoon-red-packets-en.jpg,zprintpro-red-packets-cartoon-red-packets-ja.jpg,"香港卡通利是封印刷 HK$1.10-3.80/個 起｜可愛卡通設計，深受年輕人喜愛。適合親子品牌、教育機｜ZprintPro智印港","Cartoon Red Packets Printing Hong Kong HK$1.10-3.80/個｜Cute cartoon design, loved by young｜ZprintPro","香港キャラクターポチ袋 HK$1.10-3.80/個｜かわいいキャラクターデザイン、若者に人気。｜ZprintPro",春节装饰桌面或企业前台,企業/節日營銷,專業四色印刷色彩鮮豔
RP-005,eco-red-packets,red-packets,環保利是封,Eco Red Packets,エコポチ袋,HK$1.90-5.20/個,FALSE,FALSE,100,環保利是封｜100個 HK$1.90起,免費設計・即日交貨,Eco Red Packets｜From HK$1.90,Free Design · Same Day,エコポチ袋｜100枚 HK$1.90〜,無料デザイン・即日発送,"1:1比例，8K超高清电商主图。右上角固定放置单一枚大红色(#DC2626)底色、白色粗体字(PingFang HK Bold)、白色3px描边的爆炸促销标签。标签主标题：環保利是封｜100個 HK$1.90起，副标题：免費設計・即日交貨。标签外画面内绝对不出现任何其他文字、乱码、水印、品牌名、多标签。 前景为100个红色環保利是封，利是封上有实际用户信息内容，FSC環保認證材質，喜庆红色纸张质感可见。背景虚化春节装饰桌面或企业前台，喜庆暖黄灯光。 产品占画面75%-85%，材质和工艺细节高清呈现。所有中文字符必须笔画完整准确，英文单词拼写正确、无粘连、无乱码。產品上必須有实际用户信息内容：利是封印有真实祝福信息：公司名「滙豐銀行」、燙金「福」字、吉祥語「恭喜發財」、年份「2026」，紅色紙張喜慶質感","1:1 ratio, 8K ultra-high-definition e-commerce hero image. Top-right single burst label with deep red (#DC2626) background, white bold text (Inter Bold), white 3px stroke. Label main: Eco Red Packets｜From HK$1.90, sub: Free Design · Same Day. Absolutely no other text, gibberish, watermarks, brand names, or multiple labels anywhere else in the image. Foreground: 100 red Eco Red Packets, red packets with real user info content, professional 4-color printing vibrant colors, festive red paper texture visible. Background: blurred Chinese New Year decorated desk or corporate reception, festive warm yellow light. Product occupies 75%-85% of frame, material and craftsmanship details in high definition. All English words must be spelled correctly, no粘连, no gibberish. Products must display real user info content: Red packets display real blessing info: company name ""HSBC"", foil-stamped ""福"" character, greeting ""恭喜發財"", year ""2026"", festive red paper texture","1:1比率、8K超高清Eコマースメイン画像。右上に単一の赤色(#DC2626)背景、白太字(Hiragino Sans W6)、白3px縁取りのバーストラベル。ラベル主見出し：エコポチ袋｜100枚 HK$1.90〜、副見出し：無料デザイン・即日発送。ラベル外の画面内に他の文字・乱码・透かし・ブランド名・複数ラベル一切禁止。 前景：赤いエコポチ袋100枚、ポチ袋に実際のユーザー情報が含まれ、プロ4色印刷鮮やかな色彩、お祭り気分の赤い紙の質感が見える。背景：ぼかした春節の飾り付けの机や企業の受付、お祝いの暖かい黄色の灯り。 製品が画面の75%-85%を占める、素材と職人技のディテールが高精細。すべての文字が正確に表示されること。製品には実際のユーザー情報が含まれている必要がある：ポチ袋に実際の祝福メッセージが印刷されている：会社名「滙豐銀行」、箔押し「福」字、吉祥語「恭喜發財」、年「2026」、お祝いの赤い紙の質感",zprintpro-red-packets-eco-red-packets-zh-hk.jpg,zprintpro-red-packets-eco-red-packets-en.jpg,zprintpro-red-packets-eco-red-packets-ja.jpg,"香港環保利是封印刷 HK$1.90-5.20/個 起｜採用環保紙張和油墨，可持續發展理念。適合注重環保的｜ZprintPro智印港","Eco Red Packets Printing Hong Kong HK$1.90-5.20/個｜Eco-friendly paper and ink, sustain｜ZprintPro","香港エコポチ袋 HK$1.90-5.20/個｜環境に優しい紙とインク、持続可能な開発の理念。｜ZprintPro",春节装饰桌面或企业前台,企業/節日營銷,FSC環保認證材質
RP-006,large-red-packets,red-packets,大號利是封,Large Red Packets,大判ポチ袋,HK$2.20-7.50/個,FALSE,FALSE,100,大號利是封｜100個 HK$2.20起,免費設計・即日交貨,Large Red Packets｜From HK$2.20,Free Design · Same Day,大判ポチ袋｜100枚 HK$2.20〜,無料デザイン・即日発送,"1:1比例，8K超高清电商主图。右上角固定放置单一枚大红色(#DC2626)底色、白色粗体字(PingFang HK Bold)、白色3px描边的爆炸促销标签。标签主标题：大號利是封｜100個 HK$2.20起，副标题：免費設計・即日交貨。标签外画面内绝对不出现任何其他文字、乱码、水印、品牌名、多标签。 前景为100个红色大號利是封，利是封上有实际用户信息内容，專業四色印刷色彩鮮豔，喜庆红色纸张质感可见。背景虚化春节装饰桌面或企业前台，喜庆暖黄灯光。 产品占画面75%-85%，材质和工艺细节高清呈现。所有中文字符必须笔画完整准确，英文单词拼写正确、无粘连、无乱码。產品上必須有实际用户信息内容：利是封印有真实祝福信息：公司名「滙豐銀行」、燙金「福」字、吉祥語「恭喜發財」、年份「2026」，紅色紙張喜慶質感","1:1 ratio, 8K ultra-high-definition e-commerce hero image. Top-right single burst label with deep red (#DC2626) background, white bold text (Inter Bold), white 3px stroke. Label main: Large Red Packets｜From HK$2.20, sub: Free Design · Same Day. Absolutely no other text, gibberish, watermarks, brand names, or multiple labels anywhere else in the image. Foreground: 100 red Large Red Packets, red packets with real user info content, professional 4-color printing vibrant colors, festive red paper texture visible. Background: blurred Chinese New Year decorated desk or corporate reception, festive warm yellow light. Product occupies 75%-85% of frame, material and craftsmanship details in high definition. All English words must be spelled correctly, no粘连, no gibberish. Products must display real user info content: Red packets display real blessing info: company name ""HSBC"", foil-stamped ""福"" character, greeting ""恭喜發財"", year ""2026"", festive red paper texture","1:1比率、8K超高清Eコマースメイン画像。右上に単一の赤色(#DC2626)背景、白太字(Hiragino Sans W6)、白3px縁取りのバーストラベル。ラベル主見出し：大判ポチ袋｜100枚 HK$2.20〜、副見出し：無料デザイン・即日発送。ラベル外の画面内に他の文字・乱码・透かし・ブランド名・複数ラベル一切禁止。 前景：赤い大判ポチ袋100枚、ポチ袋に実際のユーザー情報が含まれ、プロ4色印刷鮮やかな色彩、お祭り気分の赤い紙の質感が見える。背景：ぼかした春節の飾り付けの机や企業の受付、お祝いの暖かい黄色の灯り。 製品が画面の75%-85%を占める、素材と職人技のディテールが高精細。すべての文字が正確に表示されること。製品には実際のユーザー情報が含まれている必要がある：ポチ袋に実際の祝福メッセージが印刷されている：会社名「滙豐銀行」、箔押し「福」字、吉祥語「恭喜發財」、年「2026」、お祝いの赤い紙の質感",zprintpro-red-packets-large-red-packets-zh-hk.jpg,zprintpro-red-packets-large-red-packets-en.jpg,zprintpro-red-packets-large-red-packets-ja.jpg,"香港大號利是封印刷 HK$2.20-7.50/個 起｜加大尺寸，可放入更多鈔票或禮品卡。實用大氣，送禮更｜ZprintPro智印港","Large Red Packets Printing Hong Kong HK$2.20-7.50/個｜Larger size, can hold more cash or ｜ZprintPro","香港大判ポチ袋 HK$2.20-7.50/個｜大きなサイズ、より多くの現金やギフトカードを入れら｜ZprintPro",春节装饰桌面或企业前台,企業/節日營銷,專業四色印刷色彩鮮豔
CL-001,wall-calendars,calendars,掛牆年曆,Wall Calendars,壁掛けカレンダー,HK$12-40/本,TRUE,FALSE,100,掛牆年曆｜100本 HK$12起,熱賣中・免費設計,Wall Calendars｜From HK$12,Hot Sale · Free Design,壁掛けカレンダー｜100冊 HK$12〜,人気商品・無料デザイン,"1:1比例，8K超高清电商主图。右上角固定放置单一枚大红色(#DC2626)底色、白色粗体字(PingFang HK Bold)、白色3px描边的爆炸促销标签。标签主标题：掛牆年曆｜100本 HK$12起，副标题：熱賣中・免費設計。标签外画面内绝对不出现任何其他文字、乱码、水印、品牌名、多标签。 前景为掛牆年曆立于桌面，年曆上有实际用户信息内容，翻开状态展示一月月份，光面亮麗通透。背景虚化家庭客厅或企业前台，暖白自然光。 产品占画面75%-85%，材质和工艺细节高清呈现。所有中文字符必须笔画完整准确，英文单词拼写正确、无粘连、无乱码。產品上必須有实际用户信息内容：年曆印有真实日期和品牌信息：品牌名「智印港」、年份「2026」、月份「一月」、農曆日期、香港公眾假期標註，日期數字清晰可讀","1:1 ratio, 8K ultra-high-definition e-commerce hero image. Top-right single burst label with deep red (#DC2626) background, white bold text (Inter Bold), white 3px stroke. Label main: Wall Calendars｜From HK$12, sub: Hot Sale · Free Design. Absolutely no other text, gibberish, watermarks, brand names, or multiple labels anywhere else in the image. Foreground: Wall Calendars standing on desk, calendar with real user info content, opened showing January, professional 4-color printing vibrant colors. Background: blurred home living room or corporate reception, warm white natural light. Product occupies 75%-85% of frame, material and craftsmanship details in high definition. All English words must be spelled correctly, no粘连, no gibberish. Products must display real user info content: Calendar displays real dates and brand info: brand ""ZprintPro"", year ""2026"", month ""January"", lunar dates, Hong Kong public holidays marked, clear readable date numbers","1:1比率、8K超高清Eコマースメイン画像。右上に単一の赤色(#DC2626)背景、白太字(Hiragino Sans W6)、白3px縁取りのバーストラベル。ラベル主見出し：壁掛けカレンダー｜100冊 HK$12〜、副見出し：人気商品・無料デザイン。ラベル外の画面内に他の文字・乱码・透かし・ブランド名・複数ラベル一切禁止。 前景：机に立てかけられた壁掛けカレンダー、カレンダーに実際のユーザー情報が含まれ、開いて1月を展示、プロ4色印刷鮮やかな色彩。背景：ぼかした家庭のリビングルームや企業の受付、暖かい白い自然光。 製品が画面の75%-85%を占める、素材と職人技のディテールが高精細。すべての文字が正確に表示されること。製品には実際のユーザー情報が含まれている必要がある：カレンダーに実際の日付とブランド情報が印刷されている：ブランド名「智印港」、年「2026」、月「1月」、旧暦の日付、香港の祝日マーク、鮮明で読みやすい日付数字",zprintpro-calendars-wall-calendars-zh-hk.jpg,zprintpro-calendars-wall-calendars-en.jpg,zprintpro-calendars-wall-calendars-ja.jpg,"香港掛牆年曆印刷 HK$12-40/本 起｜標準A3或A2掛牆年曆，13頁設計（封面+12個月｜ZprintPro智印港","Wall Calendars Printing Hong Kong HK$12-40/本｜Standard A3 or A2 wall calendars, 1｜ZprintPro","香港壁掛けカレンダー HK$12-40/本｜標準A3またはA2壁掛けカレンダー、13ページデザ｜ZprintPro",家庭客厅或企业前台,企業/家庭,光面亮麗通透
CL-002,desk-calendars,calendars,座檯年曆,Desk Calendars,卓上カレンダー,HK$16-50/本,TRUE,FALSE,100,座檯年曆｜100本 HK$16起,熱賣中・免費設計,Desk Calendars｜From HK$16,Hot Sale · Free Design,卓上カレンダー｜100冊 HK$16〜,人気商品・無料デザイン,"1:1比例，8K超高清电商主图。右上角固定放置单一枚大红色(#DC2626)底色、白色粗体字(PingFang HK Bold)、白色3px描边的爆炸促销标签。标签主标题：座檯年曆｜100本 HK$16起，副标题：熱賣中・免費設計。标签外画面内绝对不出现任何其他文字、乱码、水印、品牌名、多标签。 前景为座檯年曆立于桌面，年曆上有实际用户信息内容，翻开状态展示一月月份，專業四色印刷色彩鮮豔。背景虚化家庭客厅或企业前台，暖白自然光。 产品占画面75%-85%，材质和工艺细节高清呈现。所有中文字符必须笔画完整准确，英文单词拼写正确、无粘连、无乱码。產品上必須有实际用户信息内容：年曆印有真实日期和品牌信息：品牌名「智印港」、年份「2026」、月份「一月」、農曆日期、香港公眾假期標註，日期數字清晰可讀","1:1 ratio, 8K ultra-high-definition e-commerce hero image. Top-right single burst label with deep red (#DC2626) background, white bold text (Inter Bold), white 3px stroke. Label main: Desk Calendars｜From HK$16, sub: Hot Sale · Free Design. Absolutely no other text, gibberish, watermarks, brand names, or multiple labels anywhere else in the image. Foreground: Desk Calendars standing on desk, calendar with real user info content, opened showing January, professional 4-color printing vibrant colors. Background: blurred home living room or corporate reception, warm white natural light. Product occupies 75%-85% of frame, material and craftsmanship details in high definition. All English words must be spelled correctly, no粘连, no gibberish. Products must display real user info content: Calendar displays real dates and brand info: brand ""ZprintPro"", year ""2026"", month ""January"", lunar dates, Hong Kong public holidays marked, clear readable date numbers","1:1比率、8K超高清Eコマースメイン画像。右上に単一の赤色(#DC2626)背景、白太字(Hiragino Sans W6)、白3px縁取りのバーストラベル。ラベル主見出し：卓上カレンダー｜100冊 HK$16〜、副見出し：人気商品・無料デザイン。ラベル外の画面内に他の文字・乱码・透かし・ブランド名・複数ラベル一切禁止。 前景：机に立てかけられた卓上カレンダー、カレンダーに実際のユーザー情報が含まれ、開いて1月を展示、プロ4色印刷鮮やかな色彩。背景：ぼかした家庭のリビングルームや企業の受付、暖かい白い自然光。 製品が画面の75%-85%を占める、素材と職人技のディテールが高精細。すべての文字が正確に表示されること。製品には実際のユーザー情報が含まれている必要がある：カレンダーに実際の日付とブランド情報が印刷されている：ブランド名「智印港」、年「2026」、月「1月」、旧暦の日付、香港の祝日マーク、鮮明で読みやすい日付数字",zprintpro-calendars-desk-calendars-zh-hk.jpg,zprintpro-calendars-desk-calendars-en.jpg,zprintpro-calendars-desk-calendars-ja.jpg,"香港座檯年曆印刷 HK$16-50/本 起｜三角形座檯設計，穩固美觀。適合辦公桌擺放，每日品牌｜ZprintPro智印港","Desk Calendars Printing Hong Kong HK$16-50/本｜Triangular desk design, stable and ｜ZprintPro","香港卓上カレンダー HK$16-50/本｜三角形の卓上デザイン、安定して美しい。オフィスデス｜ZprintPro",家庭客厅或企业前台,企業/家庭,專業四色印刷色彩鮮豔
CL-003,custom-calendars,calendars,定制年曆,Custom Calendars,オリジナルカレンダー,HK$20-65/本,TRUE,FALSE,100,定制年曆｜100本 HK$20起,熱賣中・免費設計,Custom Calendars｜From HK$20,Hot Sale · Free Design,オリジナルカレンダー｜100冊 HK$20〜,人気商品・無料デザイン,"1:1比例，8K超高清电商主图。右上角固定放置单一枚大红色(#DC2626)底色、白色粗体字(PingFang HK Bold)、白色3px描边的爆炸促销标签。标签主标题：定制年曆｜100本 HK$20起，副标题：熱賣中・免費設計。标签外画面内绝对不出现任何其他文字、乱码、水印、品牌名、多标签。 前景为定制年曆立于桌面，年曆上有实际用户信息内容，翻开状态展示一月月份，專業四色印刷色彩鮮豔。背景虚化家庭客厅或企业前台，暖白自然光。 产品占画面75%-85%，材质和工艺细节高清呈现。所有中文字符必须笔画完整准确，英文单词拼写正确、无粘连、无乱码。產品上必須有实际用户信息内容：年曆印有真实日期和品牌信息：品牌名「智印港」、年份「2026」、月份「一月」、農曆日期、香港公眾假期標註，日期數字清晰可讀","1:1 ratio, 8K ultra-high-definition e-commerce hero image. Top-right single burst label with deep red (#DC2626) background, white bold text (Inter Bold), white 3px stroke. Label main: Custom Calendars｜From HK$20, sub: Hot Sale · Free Design. Absolutely no other text, gibberish, watermarks, brand names, or multiple labels anywhere else in the image. Foreground: Custom Calendars standing on desk, calendar with real user info content, opened showing January, professional 4-color printing vibrant colors. Background: blurred home living room or corporate reception, warm white natural light. Product occupies 75%-85% of frame, material and craftsmanship details in high definition. All English words must be spelled correctly, no粘连, no gibberish. Products must display real user info content: Calendar displays real dates and brand info: brand ""ZprintPro"", year ""2026"", month ""January"", lunar dates, Hong Kong public holidays marked, clear readable date numbers","1:1比率、8K超高清Eコマースメイン画像。右上に単一の赤色(#DC2626)背景、白太字(Hiragino Sans W6)、白3px縁取りのバーストラベル。ラベル主見出し：オリジナルカレンダー｜100冊 HK$20〜、副見出し：人気商品・無料デザイン。ラベル外の画面内に他の文字・乱码・透かし・ブランド名・複数ラベル一切禁止。 前景：机に立てかけられたオリジナルカレンダー、カレンダーに実際のユーザー情報が含まれ、開いて1月を展示、プロ4色印刷鮮やかな色彩。背景：ぼかした家庭のリビングルームや企業の受付、暖かい白い自然光。 製品が画面の75%-85%を占める、素材と職人技のディテールが高精細。すべての文字が正確に表示されること。製品には実際のユーザー情報が含まれている必要がある：カレンダーに実際の日付とブランド情報が印刷されている：ブランド名「智印港」、年「2026」、月「1月」、旧暦の日付、香港の祝日マーク、鮮明で読みやすい日付数字",zprintpro-calendars-custom-calendars-zh-hk.jpg,zprintpro-calendars-custom-calendars-en.jpg,zprintpro-calendars-custom-calendars-ja.jpg,"香港定制年曆印刷 HK$20-65/本 起｜專屬設計，每頁可印公司產品或服務。企業禮品首選，送｜ZprintPro智印港","Custom Calendars Printing Hong Kong HK$20-65/本｜Exclusive design, each page can fea｜ZprintPro","香港オリジナルカレンダー HK$20-65/本｜独占的なデザイン、各ページに会社の製品やサービスを｜ZprintPro",家庭客厅或企业前台,企業/家庭,專業四色印刷色彩鮮豔
CL-004,mini-calendars,calendars,迷你年曆,Mini Calendars,ミニカレンダー,HK$6-20/本,FALSE,FALSE,100,迷你年曆｜100本 HK$6起,免費設計・即日交貨,Mini Calendars｜From HK$6,Free Design · Same Day,ミニカレンダー｜100冊 HK$6〜,無料デザイン・即日発送,"1:1比例，8K超高清电商主图。右上角固定放置单一枚大红色(#DC2626)底色、白色粗体字(PingFang HK Bold)、白色3px描边的爆炸促销标签。标签主标题：迷你年曆｜100本 HK$6起，副标题：免費設計・即日交貨。标签外画面内绝对不出现任何其他文字、乱码、水印、品牌名、多标签。 前景为迷你年曆立于桌面，年曆上有实际用户信息内容，翻开状态展示一月月份，專業四色印刷色彩鮮豔。背景虚化家庭客厅或企业前台，暖白自然光。 产品占画面75%-85%，材质和工艺细节高清呈现。所有中文字符必须笔画完整准确，英文单词拼写正确、无粘连、无乱码。產品上必須有实际用户信息内容：年曆印有真实日期和品牌信息：品牌名「智印港」、年份「2026」、月份「一月」、農曆日期、香港公眾假期標註，日期數字清晰可讀","1:1 ratio, 8K ultra-high-definition e-commerce hero image. Top-right single burst label with deep red (#DC2626) background, white bold text (Inter Bold), white 3px stroke. Label main: Mini Calendars｜From HK$6, sub: Free Design · Same Day. Absolutely no other text, gibberish, watermarks, brand names, or multiple labels anywhere else in the image. Foreground: Mini Calendars standing on desk, calendar with real user info content, opened showing January, professional 4-color printing vibrant colors. Background: blurred home living room or corporate reception, warm white natural light. Product occupies 75%-85% of frame, material and craftsmanship details in high definition. All English words must be spelled correctly, no粘连, no gibberish. Products must display real user info content: Calendar displays real dates and brand info: brand ""ZprintPro"", year ""2026"", month ""January"", lunar dates, Hong Kong public holidays marked, clear readable date numbers","1:1比率、8K超高清Eコマースメイン画像。右上に単一の赤色(#DC2626)背景、白太字(Hiragino Sans W6)、白3px縁取りのバーストラベル。ラベル主見出し：ミニカレンダー｜100冊 HK$6〜、副見出し：無料デザイン・即日発送。ラベル外の画面内に他の文字・乱码・透かし・ブランド名・複数ラベル一切禁止。 前景：机に立てかけられたミニカレンダー、カレンダーに実際のユーザー情報が含まれ、開いて1月を展示、プロ4色印刷鮮やかな色彩。背景：ぼかした家庭のリビングルームや企業の受付、暖かい白い自然光。 製品が画面の75%-85%を占める、素材と職人技のディテールが高精細。すべての文字が正確に表示されること。製品には実際のユーザー情報が含まれている必要がある：カレンダーに実際の日付とブランド情報が印刷されている：ブランド名「智印港」、年「2026」、月「1月」、旧暦の日付、香港の祝日マーク、鮮明で読みやすい日付数字",zprintpro-calendars-mini-calendars-zh-hk.jpg,zprintpro-calendars-mini-calendars-en.jpg,zprintpro-calendars-mini-calendars-ja.jpg,"香港迷你年曆印刷 HK$6-20/本 起｜小巧便攜，可放入錢包或口袋。創意禮品，年輕人喜愛。｜ZprintPro智印港","Mini Calendars Printing Hong Kong HK$6-20/本｜Compact and portable, fits in walle｜ZprintPro","香港ミニカレンダー HK$6-20/本｜コンパクトで持ち運び可能、財布やポケットに入ります｜ZprintPro",家庭客厅或企业前台,企業/家庭,專業四色印刷色彩鮮豔
CL-005,photo-frame-calendars,calendars,相框年曆,Photo Frame Calendars,フォトフレームカレンダー,HK$24-80/本,FALSE,FALSE,100,相框年曆｜100本 HK$24起,免費設計・即日交貨,Photo Frame Calendars｜From HK$24,Free Design · Same Day,フォトフレームカレンダー｜100冊 HK$24〜,無料デザイン・即日発送,"1:1比例，8K超高清电商主图。右上角固定放置单一枚大红色(#DC2626)底色、白色粗体字(PingFang HK Bold)、白色3px描边的爆炸促销标签。标签主标题：相框年曆｜100本 HK$24起，副标题：免費設計・即日交貨。标签外画面内绝对不出现任何其他文字、乱码、水印、品牌名、多标签。 前景为相框年曆立于桌面，年曆上有实际用户信息内容，翻开状态展示一月月份，專業四色印刷色彩鮮豔。背景虚化家庭客厅或企业前台，暖白自然光。 产品占画面75%-85%，材质和工艺细节高清呈现。所有中文字符必须笔画完整准确，英文单词拼写正确、无粘连、无乱码。產品上必須有实际用户信息内容：年曆印有真实日期和品牌信息：品牌名「智印港」、年份「2026」、月份「一月」、農曆日期、香港公眾假期標註，日期數字清晰可讀","1:1 ratio, 8K ultra-high-definition e-commerce hero image. Top-right single burst label with deep red (#DC2626) background, white bold text (Inter Bold), white 3px stroke. Label main: Photo Frame Calendars｜From HK$24, sub: Free Design · Same Day. Absolutely no other text, gibberish, watermarks, brand names, or multiple labels anywhere else in the image. Foreground: Photo Frame Calendars standing on desk, calendar with real user info content, opened showing January, professional 4-color printing vibrant colors. Background: blurred home living room or corporate reception, warm white natural light. Product occupies 75%-85% of frame, material and craftsmanship details in high definition. All English words must be spelled correctly, no粘连, no gibberish. Products must display real user info content: Calendar displays real dates and brand info: brand ""ZprintPro"", year ""2026"", month ""January"", lunar dates, Hong Kong public holidays marked, clear readable date numbers","1:1比率、8K超高清Eコマースメイン画像。右上に単一の赤色(#DC2626)背景、白太字(Hiragino Sans W6)、白3px縁取りのバーストラベル。ラベル主見出し：フォトフレームカレンダー｜100冊 HK$24〜、副見出し：無料デザイン・即日発送。ラベル外の画面内に他の文字・乱码・透かし・ブランド名・複数ラベル一切禁止。 前景：机に立てかけられたフォトフレームカレンダー、カレンダーに実際のユーザー情報が含まれ、開いて1月を展示、プロ4色印刷鮮やかな色彩。背景：ぼかした家庭のリビングルームや企業の受付、暖かい白い自然光。 製品が画面の75%-85%を占める、素材と職人技のディテールが高精細。すべての文字が正確に表示されること。製品には実際のユーザー情報が含まれている必要がある：カレンダーに実際の日付とブランド情報が印刷されている：ブランド名「智印港」、年「2026」、月「1月」、旧暦の日付、香港の祝日マーク、鮮明で読みやすい日付数字",zprintpro-calendars-photo-frame-calendars-zh-hk.jpg,zprintpro-calendars-photo-frame-calendars-en.jpg,zprintpro-calendars-photo-frame-calendars-ja.jpg,"香港相框年曆印刷 HK$24-80/本 起｜結合相框功能，可替換照片。實用美觀，家庭必備。｜ZprintPro智印港","Photo Frame Calendars Printing Hong Kong HK$24-80/本｜Combined photo frame function, phot｜ZprintPro","香港フォトフレームカレンダー HK$24-80/本｜フォトフレーム機能付き、写真を交換可能。｜ZprintPro",家庭客厅或企业前台,企業/家庭,專業四色印刷色彩鮮豔
CL-006,magnetic-calendars,calendars,磁石年曆,Magnetic Calendars,マグネットカレンダー,HK$10-30/本,FALSE,FALSE,100,磁石年曆｜100本 HK$10起,免費設計・即日交貨,Magnetic Calendars｜From HK$10,Free Design · Same Day,マグネットカレンダー｜100冊 HK$10〜,無料デザイン・即日発送,"1:1比例，8K超高清电商主图。右上角固定放置单一枚大红色(#DC2626)底色、白色粗体字(PingFang HK Bold)、白色3px描边的爆炸促销标签。标签主标题：磁石年曆｜100本 HK$10起，副标题：免費設計・即日交貨。标签外画面内绝对不出现任何其他文字、乱码、水印、品牌名、多标签。 前景为磁石年曆立于桌面，年曆上有实际用户信息内容，翻开状态展示一月月份，磁吸設計方便實用，光面亮麗通透。背景虚化家庭客厅或企业前台，暖白自然光。 产品占画面75%-85%，材质和工艺细节高清呈现。所有中文字符必须笔画完整准确，英文单词拼写正确、无粘连、无乱码。產品上必須有实际用户信息内容：年曆印有真实日期和品牌信息：品牌名「智印港」、年份「2026」、月份「一月」、農曆日期、香港公眾假期標註，日期數字清晰可讀","1:1 ratio, 8K ultra-high-definition e-commerce hero image. Top-right single burst label with deep red (#DC2626) background, white bold text (Inter Bold), white 3px stroke. Label main: Magnetic Calendars｜From HK$10, sub: Free Design · Same Day. Absolutely no other text, gibberish, watermarks, brand names, or multiple labels anywhere else in the image. Foreground: Magnetic Calendars standing on desk, calendar with real user info content, opened showing January, professional 4-color printing vibrant colors. Background: blurred home living room or corporate reception, warm white natural light. Product occupies 75%-85% of frame, material and craftsmanship details in high definition. All English words must be spelled correctly, no粘连, no gibberish. Products must display real user info content: Calendar displays real dates and brand info: brand ""ZprintPro"", year ""2026"", month ""January"", lunar dates, Hong Kong public holidays marked, clear readable date numbers","1:1比率、8K超高清Eコマースメイン画像。右上に単一の赤色(#DC2626)背景、白太字(Hiragino Sans W6)、白3px縁取りのバーストラベル。ラベル主見出し：マグネットカレンダー｜100冊 HK$10〜、副見出し：無料デザイン・即日発送。ラベル外の画面内に他の文字・乱码・透かし・ブランド名・複数ラベル一切禁止。 前景：机に立てかけられたマグネットカレンダー、カレンダーに実際のユーザー情報が含まれ、開いて1月を展示、プロ4色印刷鮮やかな色彩。背景：ぼかした家庭のリビングルームや企業の受付、暖かい白い自然光。 製品が画面の75%-85%を占める、素材と職人技のディテールが高精細。すべての文字が正確に表示されること。製品には実際のユーザー情報が含まれている必要がある：カレンダーに実際の日付とブランド情報が印刷されている：ブランド名「智印港」、年「2026」、月「1月」、旧暦の日付、香港の祝日マーク、鮮明で読みやすい日付数字",zprintpro-calendars-magnetic-calendars-zh-hk.jpg,zprintpro-calendars-magnetic-calendars-en.jpg,zprintpro-calendars-magnetic-calendars-ja.jpg,"香港磁石年曆印刷 HK$10-30/本 起｜磁石背膠，可貼於冰箱等金屬表面。每日多次接觸，品牌｜ZprintPro智印港","Magnetic Calendars Printing Hong Kong HK$10-30/本｜Magnetic backing, can stick to refr｜ZprintPro","香港マグネットカレンダー HK$10-30/本｜マグネット背面、冷蔵庫などの金属面に貼付可能。｜ZprintPro",家庭客厅或企业前台,企業/家庭,磁吸設計方便實用，光面亮麗通透
MN-001,pvc-menus,menus,PVC餐牌,PVC Menus,PVCメニュー,HK$8-32/張,TRUE,FALSE,100,PVC餐牌｜100張 HK$8起,熱賣中・免費設計,PVC Menus｜From HK$8,Hot Sale · Free Design,PVCメニュー｜100枚 HK$8〜,人気商品・無料デザイン,"1:1比例，8K超高清电商主图。右上角固定放置单一枚大红色(#DC2626)底色、白色粗体字(PingFang HK Bold)、白色3px描边的爆炸促销标签。标签主标题：PVC餐牌｜100張 HK$8起，副标题：熱賣中・免費設計。标签外画面内绝对不出现任何其他文字、乱码、水印、品牌名、多标签。 前景为PVC餐牌立于餐厅桌面，餐牌上有实际用户信息内容，防水材質耐用可靠，菜单内容清晰可见。背景虚化茶餐厅或高级餐厅桌面，暖黄吊灯调。 产品占画面75%-85%，材质和工艺细节高清呈现。所有中文字符必须笔画完整准确，英文单词拼写正确、无粘连、无乱码。產品上必須有实际用户信息内容：餐牌印有真实菜品信息：餐廳名「龍記茶餐廳」、招牌菜「招牌奶茶 $28」、「黯然銷魂飯 $58」、地址「旺角西洋菜街78號」，配真實菜品圖片","1:1 ratio, 8K ultra-high-definition e-commerce hero image. Top-right single burst label with deep red (#DC2626) background, white bold text (Inter Bold), white 3px stroke. Label main: PVC Menus｜From HK$8, sub: Hot Sale · Free Design. Absolutely no other text, gibberish, watermarks, brand names, or multiple labels anywhere else in the image. Foreground: PVC Menus standing on restaurant table, menu with real user info content, professional 4-color printing vibrant colors, menu content clearly visible. Background: blurred café or fine dining table, warm yellow pendant light. Product occupies 75%-85% of frame, material and craftsmanship details in high definition. All English words must be spelled correctly, no粘连, no gibberish. Products must display real user info content: Menu displays real dish info: restaurant name ""Lung Kee Café"", signature items ""Signature Milk Tea $28"", ""Baked Pork Chop Rice $58"", address ""78 Sai Yeung Choi Street, Mong Kok"", with real food photos","1:1比率、8K超高清Eコマースメイン画像。右上に単一の赤色(#DC2626)背景、白太字(Hiragino Sans W6)、白3px縁取りのバーストラベル。ラベル主見出し：PVCメニュー｜100枚 HK$8〜、副見出し：人気商品・無料デザイン。ラベル外の画面内に他の文字・乱码・透かし・ブランド名・複数ラベル一切禁止。 前景：レストランのテーブルに立てかけられたPVCメニュー、メニューに実際のユーザー情報が含まれ、防水素材耐久性あり、メニュー内容がはっきり見える。背景：ぼかしたカフェや高級レストランのテーブル、暖かい黄色のペンダントライト。 製品が画面の75%-85%を占める、素材と職人技のディテールが高精細。すべての文字が正確に表示されること。製品には実際のユーザー情報が含まれている必要がある：メニューに実際の料理情報が印刷されている：レストラン名「龍記茶餐廳」、看板メニュー「招牌奶茶 $28」、「黯然銷魂飯 $58」、住所「旺角西洋菜街78號」、実際の料理写真付き",zprintpro-menus-pvc-menus-zh-hk.jpg,zprintpro-menus-pvc-menus-en.jpg,zprintpro-menus-pvc-menus-ja.jpg,"香港PVC餐牌印刷 HK$8-32/張 起｜防水防油PVC材質，易清潔耐用。餐廳、咖啡店首選。｜ZprintPro智印港","PVC Menus Printing Hong Kong HK$8-32/張｜Waterproof and oil-resistant PVC ma｜ZprintPro","香港PVCメニュー HK$8-32/張｜防水・耐油性PVC素材、お手入れ簡単で耐久性あり。｜ZprintPro",茶餐厅或高级餐厅桌面,餐飲/酒店,防水材質耐用可靠
MN-002,laminated-menus,menus,過膠餐牌,Laminated Menus,ラミネートメニュー,HK$5-22/張,TRUE,FALSE,100,過膠餐牌｜100張 HK$5起,熱賣中・免費設計,Laminated Menus｜From HK$5,Hot Sale · Free Design,ラミネートメニュー｜100枚 HK$5〜,人気商品・無料デザイン,"1:1比例，8K超高清电商主图。右上角固定放置单一枚大红色(#DC2626)底色、白色粗体字(PingFang HK Bold)、白色3px描边的爆炸促销标签。标签主标题：過膠餐牌｜100張 HK$5起，副标题：熱賣中・免費設計。标签外画面内绝对不出现任何其他文字、乱码、水印、品牌名、多标签。 前景为過膠餐牌立于餐厅桌面，餐牌上有实际用户信息内容，防水材質耐用可靠，菜单内容清晰可见。背景虚化茶餐厅或高级餐厅桌面，暖黄吊灯调。 产品占画面75%-85%，材质和工艺细节高清呈现。所有中文字符必须笔画完整准确，英文单词拼写正确、无粘连、无乱码。產品上必須有实际用户信息内容：餐牌印有真实菜品信息：餐廳名「龍記茶餐廳」、招牌菜「招牌奶茶 $28」、「黯然銷魂飯 $58」、地址「旺角西洋菜街78號」，配真實菜品圖片","1:1 ratio, 8K ultra-high-definition e-commerce hero image. Top-right single burst label with deep red (#DC2626) background, white bold text (Inter Bold), white 3px stroke. Label main: Laminated Menus｜From HK$5, sub: Hot Sale · Free Design. Absolutely no other text, gibberish, watermarks, brand names, or multiple labels anywhere else in the image. Foreground: Laminated Menus standing on restaurant table, menu with real user info content, professional 4-color printing vibrant colors, menu content clearly visible. Background: blurred café or fine dining table, warm yellow pendant light. Product occupies 75%-85% of frame, material and craftsmanship details in high definition. All English words must be spelled correctly, no粘连, no gibberish. Products must display real user info content: Menu displays real dish info: restaurant name ""Lung Kee Café"", signature items ""Signature Milk Tea $28"", ""Baked Pork Chop Rice $58"", address ""78 Sai Yeung Choi Street, Mong Kok"", with real food photos","1:1比率、8K超高清Eコマースメイン画像。右上に単一の赤色(#DC2626)背景、白太字(Hiragino Sans W6)、白3px縁取りのバーストラベル。ラベル主見出し：ラミネートメニュー｜100枚 HK$5〜、副見出し：人気商品・無料デザイン。ラベル外の画面内に他の文字・乱码・透かし・ブランド名・複数ラベル一切禁止。 前景：レストランのテーブルに立てかけられたラミネートメニュー、メニューに実際のユーザー情報が含まれ、防水素材耐久性あり、メニュー内容がはっきり見える。背景：ぼかしたカフェや高級レストランのテーブル、暖かい黄色のペンダントライト。 製品が画面の75%-85%を占める、素材と職人技のディテールが高精細。すべての文字が正確に表示されること。製品には実際のユーザー情報が含まれている必要がある：メニューに実際の料理情報が印刷されている：レストラン名「龍記茶餐廳」、看板メニュー「招牌奶茶 $28」、「黯然銷魂飯 $58」、住所「旺角西洋菜街78號」、実際の料理写真付き",zprintpro-menus-laminated-menus-zh-hk.jpg,zprintpro-menus-laminated-menus-en.jpg,zprintpro-menus-laminated-menus-ja.jpg,"香港過膠餐牌印刷 HK$5-22/張 起｜紙質過膠處理，防水耐用且成本較低。經濟實惠之選。｜ZprintPro智印港","Laminated Menus Printing Hong Kong HK$5-22/張｜Paper with lamination, waterproof a｜ZprintPro","香港ラミネートメニュー HK$5-22/張｜ラミネート加工紙、防水で耐久性がありコストも低い。｜ZprintPro",茶餐厅或高级餐厅桌面,餐飲/酒店,防水材質耐用可靠
MN-003,hardcover-menus,menus,精裝餐牌,Hardcover Menus,高級メニュー,HK$28-120/本,TRUE,FALSE,100,精裝餐牌｜100張 HK$28起,熱賣中・免費設計,Hardcover Menus｜From HK$28,Hot Sale · Free Design,高級メニュー｜100枚 HK$28〜,人気商品・無料デザイン,"1:1比例，8K超高清电商主图。右上角固定放置单一枚大红色(#DC2626)底色、白色粗体字(PingFang HK Bold)、白色3px描边的爆炸促销标签。标签主标题：精裝餐牌｜100張 HK$28起，副标题：熱賣中・免費設計。标签外画面内绝对不出现任何其他文字、乱码、水印、品牌名、多标签。 前景为精裝餐牌立于餐厅桌面，餐牌上有实际用户信息内容，硬殼精裝高檔耐用，菜单内容清晰可见。背景虚化茶餐厅或高级餐厅桌面，暖黄吊灯调。 产品占画面75%-85%，材质和工艺细节高清呈现。所有中文字符必须笔画完整准确，英文单词拼写正确、无粘连、无乱码。產品上必須有实际用户信息内容：餐牌印有真实菜品信息：餐廳名「龍記茶餐廳」、招牌菜「招牌奶茶 $28」、「黯然銷魂飯 $58」、地址「旺角西洋菜街78號」，配真實菜品圖片","1:1 ratio, 8K ultra-high-definition e-commerce hero image. Top-right single burst label with deep red (#DC2626) background, white bold text (Inter Bold), white 3px stroke. Label main: Hardcover Menus｜From HK$28, sub: Hot Sale · Free Design. Absolutely no other text, gibberish, watermarks, brand names, or multiple labels anywhere else in the image. Foreground: Hardcover Menus standing on restaurant table, menu with real user info content, professional 4-color printing vibrant colors, menu content clearly visible. Background: blurred café or fine dining table, warm yellow pendant light. Product occupies 75%-85% of frame, material and craftsmanship details in high definition. All English words must be spelled correctly, no粘连, no gibberish. Products must display real user info content: Menu displays real dish info: restaurant name ""Lung Kee Café"", signature items ""Signature Milk Tea $28"", ""Baked Pork Chop Rice $58"", address ""78 Sai Yeung Choi Street, Mong Kok"", with real food photos","1:1比率、8K超高清Eコマースメイン画像。右上に単一の赤色(#DC2626)背景、白太字(Hiragino Sans W6)、白3px縁取りのバーストラベル。ラベル主見出し：高級メニュー｜100枚 HK$28〜、副見出し：人気商品・無料デザイン。ラベル外の画面内に他の文字・乱码・透かし・ブランド名・複数ラベル一切禁止。 前景：レストランのテーブルに立てかけられた高級メニュー、メニューに実際のユーザー情報が含まれ、プロ4色印刷鮮やかな色彩、メニュー内容がはっきり見える。背景：ぼかしたカフェや高級レストランのテーブル、暖かい黄色のペンダントライト。 製品が画面の75%-85%を占める、素材と職人技のディテールが高精細。すべての文字が正確に表示されること。製品には実際のユーザー情報が含まれている必要がある：メニューに実際の料理情報が印刷されている：レストラン名「龍記茶餐廳」、看板メニュー「招牌奶茶 $28」、「黯然銷魂飯 $58」、住所「旺角西洋菜街78號」、実際の料理写真付き",zprintpro-menus-hardcover-menus-zh-hk.jpg,zprintpro-menus-hardcover-menus-en.jpg,zprintpro-menus-hardcover-menus-ja.jpg,"香港精裝餐牌印刷 HK$28-120/本 起｜硬殼精裝，高檔大氣。適合高級餐廳、酒店。｜ZprintPro智印港","Hardcover Menus Printing Hong Kong HK$28-120/本｜Hardcover binding, elegant and gran｜ZprintPro","香港高級メニュー HK$28-120/本｜上製本装丁、エレガントで格式高い。高級レストラン、｜ZprintPro",茶餐厅或高级餐厅桌面,餐飲/酒店,硬殼精裝高檔耐用
MN-004,drink-menus,menus,酒水牌,Drink Menus,ドリンクメニュー,HK$12-48/張,FALSE,FALSE,100,酒水牌｜100張 HK$12起,免費設計・即日交貨,Drink Menus｜From HK$12,Free Design · Same Day,ドリンクメニュー｜100枚 HK$12〜,無料デザイン・即日発送,"1:1比例，8K超高清电商主图。右上角固定放置单一枚大红色(#DC2626)底色、白色粗体字(PingFang HK Bold)、白色3px描边的爆炸促销标签。标签主标题：酒水牌｜100張 HK$12起，副标题：免費設計・即日交貨。标签外画面内绝对不出现任何其他文字、乱码、水印、品牌名、多标签。 前景为酒水牌立于餐厅桌面，餐牌上有实际用户信息内容，專業四色印刷色彩鮮豔，菜单内容清晰可见。背景虚化茶餐厅或高级餐厅桌面，暖黄吊灯调。 产品占画面75%-85%，材质和工艺细节高清呈现。所有中文字符必须笔画完整准确，英文单词拼写正确、无粘连、无乱码。產品上必須有实际用户信息内容：餐牌印有真实菜品信息：餐廳名「龍記茶餐廳」、招牌菜「招牌奶茶 $28」、「黯然銷魂飯 $58」、地址「旺角西洋菜街78號」，配真實菜品圖片","1:1 ratio, 8K ultra-high-definition e-commerce hero image. Top-right single burst label with deep red (#DC2626) background, white bold text (Inter Bold), white 3px stroke. Label main: Drink Menus｜From HK$12, sub: Free Design · Same Day. Absolutely no other text, gibberish, watermarks, brand names, or multiple labels anywhere else in the image. Foreground: Drink Menus standing on restaurant table, menu with real user info content, professional 4-color printing vibrant colors, menu content clearly visible. Background: blurred café or fine dining table, warm yellow pendant light. Product occupies 75%-85% of frame, material and craftsmanship details in high definition. All English words must be spelled correctly, no粘连, no gibberish. Products must display real user info content: Menu displays real dish info: restaurant name ""Lung Kee Café"", signature items ""Signature Milk Tea $28"", ""Baked Pork Chop Rice $58"", address ""78 Sai Yeung Choi Street, Mong Kok"", with real food photos","1:1比率、8K超高清Eコマースメイン画像。右上に単一の赤色(#DC2626)背景、白太字(Hiragino Sans W6)、白3px縁取りのバーストラベル。ラベル主見出し：ドリンクメニュー｜100枚 HK$12〜、副見出し：無料デザイン・即日発送。ラベル外の画面内に他の文字・乱码・透かし・ブランド名・複数ラベル一切禁止。 前景：レストランのテーブルに立てかけられたドリンクメニュー、メニューに実際のユーザー情報が含まれ、プロ4色印刷鮮やかな色彩、メニュー内容がはっきり見える。背景：ぼかしたカフェや高級レストランのテーブル、暖かい黄色のペンダントライト。 製品が画面の75%-85%を占める、素材と職人技のディテールが高精細。すべての文字が正確に表示されること。製品には実際のユーザー情報が含まれている必要がある：メニューに実際の料理情報が印刷されている：レストラン名「龍記茶餐廳」、看板メニュー「招牌奶茶 $28」、「黯然銷魂飯 $58」、住所「旺角西洋菜街78號」、実際の料理写真付き",zprintpro-menus-drink-menus-zh-hk.jpg,zprintpro-menus-drink-menus-en.jpg,zprintpro-menus-drink-menus-ja.jpg,"香港酒水牌印刷 HK$12-48/張 起｜專為酒水設計，可立式或手持。酒吧、餐廳必備。｜ZprintPro智印港","Drink Menus Printing Hong Kong HK$12-48/張｜Specially designed for drinks, can ｜ZprintPro","香港ドリンクメニュー HK$12-48/張｜ドリンク専用設計、立てかけまたは手持ち可能。｜ZprintPro",茶餐厅或高级餐厅桌面,餐飲/酒店,專業四色印刷色彩鮮豔
MN-005,disposable-menus,menus,一次性餐牌,Disposable Menus,使い捨てメニュー,HK$0.22-1.20/張,FALSE,FALSE,100,一次性餐牌｜100張 HK$0.22起,免費設計・即日交貨,Disposable Menus｜From HK$0.22,Free Design · Same Day,使い捨てメニュー｜100枚 HK$0.22〜,無料デザイン・即日発送,"1:1比例，8K超高清电商主图。右上角固定放置单一枚大红色(#DC2626)底色、白色粗体字(PingFang HK Bold)、白色3px描边的爆炸促销标签。标签主标题：一次性餐牌｜100張 HK$0.22起，副标题：免費設計・即日交貨。标签外画面内绝对不出现任何其他文字、乱码、水印、品牌名、多标签。 前景为一次性餐牌立于餐厅桌面，餐牌上有实际用户信息内容，專業四色印刷色彩鮮豔，菜单内容清晰可见。背景虚化茶餐厅或高级餐厅桌面，暖黄吊灯调。 产品占画面75%-85%，材质和工艺细节高清呈现。所有中文字符必须笔画完整准确，英文单词拼写正确、无粘连、无乱码。產品上必須有实际用户信息内容：餐牌印有真实菜品信息：餐廳名「龍記茶餐廳」、招牌菜「招牌奶茶 $28」、「黯然銷魂飯 $58」、地址「旺角西洋菜街78號」，配真實菜品圖片","1:1 ratio, 8K ultra-high-definition e-commerce hero image. Top-right single burst label with deep red (#DC2626) background, white bold text (Inter Bold), white 3px stroke. Label main: Disposable Menus｜From HK$0.22, sub: Free Design · Same Day. Absolutely no other text, gibberish, watermarks, brand names, or multiple labels anywhere else in the image. Foreground: Disposable Menus standing on restaurant table, menu with real user info content, professional 4-color printing vibrant colors, menu content clearly visible. Background: blurred café or fine dining table, warm yellow pendant light. Product occupies 75%-85% of frame, material and craftsmanship details in high definition. All English words must be spelled correctly, no粘连, no gibberish. Products must display real user info content: Menu displays real dish info: restaurant name ""Lung Kee Café"", signature items ""Signature Milk Tea $28"", ""Baked Pork Chop Rice $58"", address ""78 Sai Yeung Choi Street, Mong Kok"", with real food photos","1:1比率、8K超高清Eコマースメイン画像。右上に単一の赤色(#DC2626)背景、白太字(Hiragino Sans W6)、白3px縁取りのバーストラベル。ラベル主見出し：使い捨てメニュー｜100枚 HK$0.22〜、副見出し：無料デザイン・即日発送。ラベル外の画面内に他の文字・乱码・透かし・ブランド名・複数ラベル一切禁止。 前景：レストランのテーブルに立てかけられた使い捨てメニュー、メニューに実際のユーザー情報が含まれ、プロ4色印刷鮮やかな色彩、メニュー内容がはっきり見える。背景：ぼかしたカフェや高級レストランのテーブル、暖かい黄色のペンダントライト。 製品が画面の75%-85%を占める、素材と職人技のディテールが高精細。すべての文字が正確に表示されること。製品には実際のユーザー情報が含まれている必要がある：メニューに実際の料理情報が印刷されている：レストラン名「龍記茶餐廳」、看板メニュー「招牌奶茶 $28」、「黯然銷魂飯 $58」、住所「旺角西洋菜街78號」、実際の料理写真付き",zprintpro-menus-disposable-menus-zh-hk.jpg,zprintpro-menus-disposable-menus-en.jpg,zprintpro-menus-disposable-menus-ja.jpg,"香港一次性餐牌印刷 HK$0.22-1.20/張 起｜經濟紙質，適合快餐店、外賣店。可頻繁更換內容。｜ZprintPro智印港","Disposable Menus Printing Hong Kong HK$0.22-1.20/張｜Economical paper, perfect for fast ｜ZprintPro","香港使い捨てメニュー HK$0.22-1.20/張｜経済的な紙、ファストフードやテイクアウト店に最適。｜ZprintPro",茶餐厅或高级餐厅桌面,餐飲/酒店,專業四色印刷色彩鮮豔
BN-001,outdoor-vinyl-banners,banners,戶外燈布噴繪,Outdoor Vinyl Banners,屋外バナー,HK$12-55/平方米,TRUE,FALSE,100,戶外燈布噴繪｜100套 HK$12起,熱賣中・免費設計,Outdoor Vinyl Banners｜From HK$12,Hot Sale · Free Design,屋外バナー｜100セット HK$12〜,人気商品・無料デザイン,"1:1比例，8K超高清电商主图。右上角固定放置单一枚大红色(#DC2626)底色、白色粗体字(PingFang HK Bold)、白色3px描边的爆炸促销标签。标签主标题：戶外燈布噴繪｜100套 HK$12起，副标题：熱賣中・免費設計。标签外画面内绝对不出现任何其他文字、乱码、水印、品牌名、多标签。 前景为戶外燈布噴繪完整展开展示，橫額上有实际用户信息内容，防水材質耐用可靠，品牌画面清晰可见。背景虚化展会入口或户外市集，自然日光。 产品占画面75%-85%，材质和工艺细节高清呈现。所有中文字符必须笔画完整准确，英文单词拼写正确、无粘连、无乱码。產品上必須有实际用户信息内容：橫額展示真实品牌畫面：品牌名「ZprintPro智印港」、服務項目「專業印刷·免費設計」、聯繫電話「+852 2345 6789」、網址「www.zprintpro.com」，畫面清晰銳利","1:1 ratio, 8K ultra-high-definition e-commerce hero image. Top-right single burst label with deep red (#DC2626) background, white bold text (Inter Bold), white 3px stroke. Label main: Outdoor Vinyl Banners｜From HK$12, sub: Hot Sale · Free Design. Absolutely no other text, gibberish, watermarks, brand names, or multiple labels anywhere else in the image. Foreground: Outdoor Vinyl Banners fully displayed, banner with real user info content, UV coating dimensional gloss, brand graphics clearly visible. Background: blurred exhibition entrance or outdoor market, natural daylight. Product occupies 75%-85% of frame, material and craftsmanship details in high definition. All English words must be spelled correctly, no粘连, no gibberish. Products must display real user info content: Banner displays real brand graphics: brand name ""ZprintPro"", services ""Professional Printing · Free Design"", phone ""+852 2345 6789"", website ""www.zprintpro.com"", sharp crisp graphics","1:1比率、8K超高清Eコマースメイン画像。右上に単一の赤色(#DC2626)背景、白太字(Hiragino Sans W6)、白3px縁取りのバーストラベル。ラベル主見出し：屋外バナー｜100セット HK$12〜、副見出し：人気商品・無料デザイン。ラベル外の画面内に他の文字・乱码・透かし・ブランド名・複数ラベル一切禁止。 前景：完全に展開された屋外バナー、バナーに実際のユーザー情報が含まれ、UVコーティング立体的な光沢，防水素材耐久性あり、ブランドグラフィックがはっきり見える。背景：ぼかした展示会の入り口や屋外マーケット、自然な日光。 製品が画面の75%-85%を占める、素材と職人技のディテールが高精細。すべての文字が正確に表示されること。製品には実際のユーザー情報が含まれている必要がある：バナーに実際のブランドグラフィックが表示されている：ブランド名「ZprintPro智印港」、サービス「專業印刷·免費設計」、電話「+852 2345 6789」、ウェブサイト「www.zprintpro.com」、鮮明なグラフィック",zprintpro-banners-outdoor-vinyl-banners-zh-hk.jpg,zprintpro-banners-outdoor-vinyl-banners-en.jpg,zprintpro-banners-outdoor-vinyl-banners-ja.jpg,"香港戶外燈布噴繪印刷 HK$12-55/平方米 起｜大型戶外燈布，防水防曬，耐候性強。適合戶外廣告牌、｜ZprintPro智印港","Outdoor Vinyl Banners Printing Hong Kong HK$12-55/平方米｜Large outdoor vinyl banners, waterp｜ZprintPro","香港屋外バナー HK$12-55/平方米｜大型屋外ビニールバナー、防水・UV耐性、強い耐候性｜ZprintPro",展会入口或户外市集,活動/戶外廣告,防水材質耐用可靠
BN-002,roll-up-banners,banners,易拉寶,Roll-up Banners,ロールアップバナー,HK$85-300/套,TRUE,FALSE,100,易拉寶｜100套 HK$85起,熱賣中・免費設計,Roll-up Banners｜From HK$85,Hot Sale · Free Design,ロールアップバナー｜100セット HK$85〜,人気商品・無料デザイン,"1:1比例，8K超高清电商主图。右上角固定放置单一枚大红色(#DC2626)底色、白色粗体字(PingFang HK Bold)、白色3px描边的爆炸促销标签。标签主标题：易拉寶｜100套 HK$85起，副标题：熱賣中・免費設計。标签外画面内绝对不出现任何其他文字、乱码、水印、品牌名、多标签。 前景为易拉寶完整展开展示，橫額上有实际用户信息内容，專業四色印刷色彩鮮豔，品牌画面清晰可见。背景虚化展会入口或户外市集，自然日光。 产品占画面75%-85%，材质和工艺细节高清呈现。所有中文字符必须笔画完整准确，英文单词拼写正确、无粘连、无乱码。產品上必須有实际用户信息内容：橫額展示真实品牌畫面：品牌名「ZprintPro智印港」、服務項目「專業印刷·免費設計」、聯繫電話「+852 2345 6789」、網址「www.zprintpro.com」，畫面清晰銳利","1:1 ratio, 8K ultra-high-definition e-commerce hero image. Top-right single burst label with deep red (#DC2626) background, white bold text (Inter Bold), white 3px stroke. Label main: Roll-up Banners｜From HK$85, sub: Hot Sale · Free Design. Absolutely no other text, gibberish, watermarks, brand names, or multiple labels anywhere else in the image. Foreground: Roll-up Banners fully displayed, banner with real user info content, professional 4-color printing vibrant colors, brand graphics clearly visible. Background: blurred exhibition entrance or outdoor market, natural daylight. Product occupies 75%-85% of frame, material and craftsmanship details in high definition. All English words must be spelled correctly, no粘连, no gibberish. Products must display real user info content: Banner displays real brand graphics: brand name ""ZprintPro"", services ""Professional Printing · Free Design"", phone ""+852 2345 6789"", website ""www.zprintpro.com"", sharp crisp graphics","1:1比率、8K超高清Eコマースメイン画像。右上に単一の赤色(#DC2626)背景、白太字(Hiragino Sans W6)、白3px縁取りのバーストラベル。ラベル主見出し：ロールアップバナー｜100セット HK$85〜、副見出し：人気商品・無料デザイン。ラベル外の画面内に他の文字・乱码・透かし・ブランド名・複数ラベル一切禁止。 前景：完全に展開されたロールアップバナー、バナーに実際のユーザー情報が含まれ、プロ4色印刷鮮やかな色彩、ブランドグラフィックがはっきり見える。背景：ぼかした展示会の入り口や屋外マーケット、自然な日光。 製品が画面の75%-85%を占める、素材と職人技のディテールが高精細。すべての文字が正確に表示されること。製品には実際のユーザー情報が含まれている必要がある：バナーに実際のブランドグラフィックが表示されている：ブランド名「ZprintPro智印港」、サービス「專業印刷·免費設計」、電話「+852 2345 6789」、ウェブサイト「www.zprintpro.com」、鮮明なグラフィック",zprintpro-banners-roll-up-banners-zh-hk.jpg,zprintpro-banners-roll-up-banners-en.jpg,zprintpro-banners-roll-up-banners-ja.jpg,"香港易拉寶印刷 HK$85-300/套 起｜便攜易拉寶展架，安裝簡便。展會、路演必備。｜ZprintPro智印港","Roll-up Banners Printing Hong Kong HK$85-300/套｜Portable roll-up banner stands, eas｜ZprintPro","香港ロールアップバナー HK$85-300/套｜ポータブルロールアップバナースタンド、設置簡単。展｜ZprintPro",展会入口或户外市集,活動/戶外廣告,專業四色印刷色彩鮮豔
BN-003,adhesive-banners,banners,背膠噴繪,Adhesive Banners,粘着バナー,HK$10-45/平方米,TRUE,FALSE,100,背膠噴繪｜100套 HK$10起,熱賣中・免費設計,Adhesive Banners｜From HK$10,Hot Sale · Free Design,粘着バナー｜100セット HK$10〜,人気商品・無料デザイン,"1:1比例，8K超高清电商主图。右上角固定放置单一枚大红色(#DC2626)底色、白色粗体字(PingFang HK Bold)、白色3px描边的爆炸促销标签。标签主标题：背膠噴繪｜100套 HK$10起，副标题：熱賣中・免費設計。标签外画面内绝对不出现任何其他文字、乱码、水印、品牌名、多标签。 前景为背膠噴繪完整展开展示，橫額上有实际用户信息内容，專業四色印刷色彩鮮豔，品牌画面清晰可见。背景虚化展会入口或户外市集，自然日光。 产品占画面75%-85%，材质和工艺细节高清呈现。所有中文字符必须笔画完整准确，英文单词拼写正确、无粘连、无乱码。產品上必須有实际用户信息内容：橫額展示真实品牌畫面：品牌名「ZprintPro智印港」、服務項目「專業印刷·免費設計」、聯繫電話「+852 2345 6789」、網址「www.zprintpro.com」，畫面清晰銳利","1:1 ratio, 8K ultra-high-definition e-commerce hero image. Top-right single burst label with deep red (#DC2626) background, white bold text (Inter Bold), white 3px stroke. Label main: Adhesive Banners｜From HK$10, sub: Hot Sale · Free Design. Absolutely no other text, gibberish, watermarks, brand names, or multiple labels anywhere else in the image. Foreground: Adhesive Banners fully displayed, banner with real user info content, professional 4-color printing vibrant colors, brand graphics clearly visible. Background: blurred exhibition entrance or outdoor market, natural daylight. Product occupies 75%-85% of frame, material and craftsmanship details in high definition. All English words must be spelled correctly, no粘连, no gibberish. Products must display real user info content: Banner displays real brand graphics: brand name ""ZprintPro"", services ""Professional Printing · Free Design"", phone ""+852 2345 6789"", website ""www.zprintpro.com"", sharp crisp graphics","1:1比率、8K超高清Eコマースメイン画像。右上に単一の赤色(#DC2626)背景、白太字(Hiragino Sans W6)、白3px縁取りのバーストラベル。ラベル主見出し：粘着バナー｜100セット HK$10〜、副見出し：人気商品・無料デザイン。ラベル外の画面内に他の文字・乱码・透かし・ブランド名・複数ラベル一切禁止。 前景：完全に展開された粘着バナー、バナーに実際のユーザー情報が含まれ、プロ4色印刷鮮やかな色彩、ブランドグラフィックがはっきり見える。背景：ぼかした展示会の入り口や屋外マーケット、自然な日光。 製品が画面の75%-85%を占める、素材と職人技のディテールが高精細。すべての文字が正確に表示されること。製品には実際のユーザー情報が含まれている必要がある：バナーに実際のブランドグラフィックが表示されている：ブランド名「ZprintPro智印港」、サービス「專業印刷·免費設計」、電話「+852 2345 6789」、ウェブサイト「www.zprintpro.com」、鮮明なグラフィック",zprintpro-banners-adhesive-banners-zh-hk.jpg,zprintpro-banners-adhesive-banners-en.jpg,zprintpro-banners-adhesive-banners-ja.jpg,"香港背膠噴繪印刷 HK$10-45/平方米 起｜自帶背膠，可直接粘貼於牆面或玻璃。適合店鋪裝飾、活｜ZprintPro智印港","Adhesive Banners Printing Hong Kong HK$10-45/平方米｜Self-adhesive, can be directly appl｜ZprintPro","香港粘着バナー HK$10-45/平方米｜自己粘着、壁やガラスに直接貼付可能。｜ZprintPro",展会入口或户外市集,活動/戶外廣告,專業四色印刷色彩鮮豔
BN-004,vehicle-wraps,banners,車身廣告,Vehicle Wraps,カーラッピング,HK$28-120/平方米,FALSE,FALSE,100,車身廣告｜100套 HK$28起,免費設計・即日交貨,Vehicle Wraps｜From HK$28,Free Design · Same Day,カーラッピング｜100セット HK$28〜,無料デザイン・即日発送,"1:1比例，8K超高清电商主图。右上角固定放置单一枚大红色(#DC2626)底色、白色粗体字(PingFang HK Bold)、白色3px描边的爆炸促销标签。标签主标题：車身廣告｜100套 HK$28起，副标题：免費設計・即日交貨。标签外画面内绝对不出现任何其他文字、乱码、水印、品牌名、多标签。 前景为車身廣告完整展开展示，橫額上有实际用户信息内容，光面亮麗通透，品牌画面清晰可见。背景虚化展会入口或户外市集，自然日光。 产品占画面75%-85%，材质和工艺细节高清呈现。所有中文字符必须笔画完整准确，英文单词拼写正确、无粘连、无乱码。產品上必須有实际用户信息内容：橫額展示真实品牌畫面：品牌名「ZprintPro智印港」、服務項目「專業印刷·免費設計」、聯繫電話「+852 2345 6789」、網址「www.zprintpro.com」，畫面清晰銳利","1:1 ratio, 8K ultra-high-definition e-commerce hero image. Top-right single burst label with deep red (#DC2626) background, white bold text (Inter Bold), white 3px stroke. Label main: Vehicle Wraps｜From HK$28, sub: Free Design · Same Day. Absolutely no other text, gibberish, watermarks, brand names, or multiple labels anywhere else in the image. Foreground: Vehicle Wraps fully displayed, banner with real user info content, professional 4-color printing vibrant colors, brand graphics clearly visible. Background: blurred exhibition entrance or outdoor market, natural daylight. Product occupies 75%-85% of frame, material and craftsmanship details in high definition. All English words must be spelled correctly, no粘连, no gibberish. Products must display real user info content: Banner displays real brand graphics: brand name ""ZprintPro"", services ""Professional Printing · Free Design"", phone ""+852 2345 6789"", website ""www.zprintpro.com"", sharp crisp graphics","1:1比率、8K超高清Eコマースメイン画像。右上に単一の赤色(#DC2626)背景、白太字(Hiragino Sans W6)、白3px縁取りのバーストラベル。ラベル主見出し：カーラッピング｜100セット HK$28〜、副見出し：無料デザイン・即日発送。ラベル外の画面内に他の文字・乱码・透かし・ブランド名・複数ラベル一切禁止。 前景：完全に展開されたカーラッピング、バナーに実際のユーザー情報が含まれ、プロ4色印刷鮮やかな色彩、ブランドグラフィックがはっきり見える。背景：ぼかした展示会の入り口や屋外マーケット、自然な日光。 製品が画面の75%-85%を占める、素材と職人技のディテールが高精細。すべての文字が正確に表示されること。製品には実際のユーザー情報が含まれている必要がある：バナーに実際のブランドグラフィックが表示されている：ブランド名「ZprintPro智印港」、サービス「專業印刷·免費設計」、電話「+852 2345 6789」、ウェブサイト「www.zprintpro.com」、鮮明なグラフィック",zprintpro-banners-vehicle-wraps-zh-hk.jpg,zprintpro-banners-vehicle-wraps-en.jpg,zprintpro-banners-vehicle-wraps-ja.jpg,"香港車身廣告印刷 HK$28-120/平方米 起｜專用車身貼紙，耐候性強，移除不留痕。流動廣告，曝光｜ZprintPro智印港","Vehicle Wraps Printing Hong Kong HK$28-120/平方米｜Specialized vehicle wrap vinyl, str｜ZprintPro","香港カーラッピング HK$28-120/平方米｜専用車体ラップビニール、強い耐候性、剥がしても残り｜ZprintPro",展会入口或户外市集,活動/戶外廣告,光面亮麗通透
BN-005,mesh-banners,banners,網格布噴繪,Mesh Banners,メッシュバナー,HK$16-75/平方米,FALSE,FALSE,100,網格布噴繪｜100套 HK$16起,免費設計・即日交貨,Mesh Banners｜From HK$16,Free Design · Same Day,メッシュバナー｜100セット HK$16〜,無料デザイン・即日発送,"1:1比例，8K超高清电商主图。右上角固定放置单一枚大红色(#DC2626)底色、白色粗体字(PingFang HK Bold)、白色3px描边的爆炸促销标签。标签主标题：網格布噴繪｜100套 HK$16起，副标题：免費設計・即日交貨。标签外画面内绝对不出现任何其他文字、乱码、水印、品牌名、多标签。 前景为網格布噴繪完整展开展示，橫額上有实际用户信息内容，光面亮麗通透，品牌画面清晰可见。背景虚化展会入口或户外市集，自然日光。 产品占画面75%-85%，材质和工艺细节高清呈现。所有中文字符必须笔画完整准确，英文单词拼写正确、无粘连、无乱码。產品上必須有实际用户信息内容：橫額展示真实品牌畫面：品牌名「ZprintPro智印港」、服務項目「專業印刷·免費設計」、聯繫電話「+852 2345 6789」、網址「www.zprintpro.com」，畫面清晰銳利","1:1 ratio, 8K ultra-high-definition e-commerce hero image. Top-right single burst label with deep red (#DC2626) background, white bold text (Inter Bold), white 3px stroke. Label main: Mesh Banners｜From HK$16, sub: Free Design · Same Day. Absolutely no other text, gibberish, watermarks, brand names, or multiple labels anywhere else in the image. Foreground: Mesh Banners fully displayed, banner with real user info content, professional 4-color printing vibrant colors, brand graphics clearly visible. Background: blurred exhibition entrance or outdoor market, natural daylight. Product occupies 75%-85% of frame, material and craftsmanship details in high definition. All English words must be spelled correctly, no粘连, no gibberish. Products must display real user info content: Banner displays real brand graphics: brand name ""ZprintPro"", services ""Professional Printing · Free Design"", phone ""+852 2345 6789"", website ""www.zprintpro.com"", sharp crisp graphics","1:1比率、8K超高清Eコマースメイン画像。右上に単一の赤色(#DC2626)背景、白太字(Hiragino Sans W6)、白3px縁取りのバーストラベル。ラベル主見出し：メッシュバナー｜100セット HK$16〜、副見出し：無料デザイン・即日発送。ラベル外の画面内に他の文字・乱码・透かし・ブランド名・複数ラベル一切禁止。 前景：完全に展開されたメッシュバナー、バナーに実際のユーザー情報が含まれ、グロス明るく透明、ブランドグラフィックがはっきり見える。背景：ぼかした展示会の入り口や屋外マーケット、自然な日光。 製品が画面の75%-85%を占める、素材と職人技のディテールが高精細。すべての文字が正確に表示されること。製品には実際のユーザー情報が含まれている必要がある：バナーに実際のブランドグラフィックが表示されている：ブランド名「ZprintPro智印港」、サービス「專業印刷·免費設計」、電話「+852 2345 6789」、ウェブサイト「www.zprintpro.com」、鮮明なグラフィック",zprintpro-banners-mesh-banners-zh-hk.jpg,zprintpro-banners-mesh-banners-en.jpg,zprintpro-banners-mesh-banners-ja.jpg,"香港網格布噴繪印刷 HK$16-75/平方米 起｜網格設計，透光透風。適合大型戶外廣告、建築圍板。｜ZprintPro智印港","Mesh Banners Printing Hong Kong HK$16-75/平方米｜Mesh design, light and air permeabl｜ZprintPro","香港メッシュバナー HK$16-75/平方米｜メッシュデザイン、光と空気を通す。大型屋外広告に最｜ZprintPro",展会入口或户外市集,活動/戶外廣告,光面亮麗通透
BK-001,catalog-printing,books,畫冊印刷,Catalog Printing,カタログ印刷,HK$24-120/本,TRUE,FALSE,100,畫冊印刷｜100本 HK$24起,熱賣中・免費設計,Catalog Printing｜From HK$24,Hot Sale · Free Design,カタログ印刷｜100冊 HK$24〜,人気商品・無料デザイン,"1:1比例，8K超高清电商主图。右上角固定放置单一枚大红色(#DC2626)底色、白色粗体字(PingFang HK Bold)、白色3px描边的爆炸促销标签。标签主标题：畫冊印刷｜100本 HK$24起，副标题：熱賣中・免費設計。标签外画面内绝对不出现任何其他文字、乱码、水印、品牌名、多标签。 前景为100本畫冊印刷堆叠展示，書籍上有实际用户信息内容，專業四色印刷色彩鮮豔，翻开状态展示内页。背景虚化书店书架或企业会议室，暖白阅读灯光。 产品占画面75%-85%，材质和工艺细节高清呈现。所有中文字符必须笔画完整准确，英文单词拼写正确、无粘连、无乱码。產品上必須有实际用户信息内容：書籍封面印有真实出版信息：書名「香港印刷工藝全書」、作者「張偉明」、出版社「智印港出版」、ISBN條碼，書脊印有書名，排版專業","1:1 ratio, 8K ultra-high-definition e-commerce hero image. Top-right single burst label with deep red (#DC2626) background, white bold text (Inter Bold), white 3px stroke. Label main: Catalog Printing｜From HK$24, sub: Hot Sale · Free Design. Absolutely no other text, gibberish, watermarks, brand names, or multiple labels anywhere else in the image. Foreground: 100 Catalog Printing stacked, books with real user info content, professional 4-color printing vibrant colors, opened state showing inner pages. Background: blurred bookstore shelf or corporate meeting room, warm white reading light. Product occupies 75%-85% of frame, material and craftsmanship details in high definition. All English words must be spelled correctly, no粘连, no gibberish. Products must display real user info content: Book cover displays real publishing info: title ""The Complete Guide to HK Printing"", author ""Alex Cheung"", publisher ""ZprintPro Press"", ISBN barcode, spine printed with title, professional typography","1:1比率、8K超高清Eコマースメイン画像。右上に単一の赤色(#DC2626)背景、白太字(Hiragino Sans W6)、白3px縁取りのバーストラベル。ラベル主見出し：カタログ印刷｜100冊 HK$24〜、副見出し：人気商品・無料デザイン。ラベル外の画面内に他の文字・乱码・透かし・ブランド名・複数ラベル一切禁止。 前景：積み重ねられたカタログ印刷100冊、書籍に実際のユーザー情報が含まれ、プロ4色印刷鮮やかな色彩、開いた状態で内側のページを展示。背景：ぼかした書店の棚や企業の会議室、暖かい白い読書灯。 製品が画面の75%-85%を占める、素材と職人技のディテールが高精細。すべての文字が正確に表示されること。製品には実際のユーザー情報が含まれている必要がある：書籍の表紙に実際の出版情報が印刷されている：書名「香港印刷工藝全書」、著者「張偉明」、出版社「智印港出版」、ISBNバーコード、背表紙に書名、プロフェッショナルな組版",zprintpro-books-catalog-printing-zh-hk.jpg,zprintpro-books-catalog-printing-en.jpg,zprintpro-books-catalog-printing-ja.jpg,"香港畫冊印刷印刷 HK$24-120/本 起｜高級畫冊，色彩還原度高。適合產品目錄、企業年報、藝｜ZprintPro智印港","Catalog Printing Printing Hong Kong HK$24-120/本｜Premium catalogs with high color ac｜ZprintPro","香港カタログ印刷 HK$24-120/本｜高級カタログ、高い色再現性。製品カタログ、年次報告｜ZprintPro",书店书架或企业会议室,企業/教育/出版,專業四色印刷色彩鮮豔
BK-002,saddle-stitch-booklets,books,騎馬釘小冊子,Saddle Stitch Booklets,中綴じ冊子,HK$6-32/本,TRUE,FALSE,100,騎馬釘小冊子｜100本 HK$6起,熱賣中・免費設計,Saddle Stitch Booklets｜From HK$6,Hot Sale · Free Design,中綴じ冊子｜100冊 HK$6〜,人気商品・無料デザイン,"1:1比例，8K超高清电商主图。右上角固定放置单一枚大红色(#DC2626)底色、白色粗体字(PingFang HK Bold)、白色3px描边的爆炸促销标签。标签主标题：騎馬釘小冊子｜100本 HK$6起，副标题：熱賣中・免費設計。标签外画面内绝对不出现任何其他文字、乱码、水印、品牌名、多标签。 前景为100本騎馬釘小冊子堆叠展示，書籍上有实际用户信息内容，專業四色印刷色彩鮮豔，翻开状态展示内页。背景虚化书店书架或企业会议室，暖白阅读灯光。 产品占画面75%-85%，材质和工艺细节高清呈现。所有中文字符必须笔画完整准确，英文单词拼写正确、无粘连、无乱码。產品上必須有实际用户信息内容：書籍封面印有真实出版信息：書名「香港印刷工藝全書」、作者「張偉明」、出版社「智印港出版」、ISBN條碼，書脊印有書名，排版專業","1:1 ratio, 8K ultra-high-definition e-commerce hero image. Top-right single burst label with deep red (#DC2626) background, white bold text (Inter Bold), white 3px stroke. Label main: Saddle Stitch Booklets｜From HK$6, sub: Hot Sale · Free Design. Absolutely no other text, gibberish, watermarks, brand names, or multiple labels anywhere else in the image. Foreground: 100 Saddle Stitch Booklets stacked, books with real user info content, professional 4-color printing vibrant colors, opened state showing inner pages. Background: blurred bookstore shelf or corporate meeting room, warm white reading light. Product occupies 75%-85% of frame, material and craftsmanship details in high definition. All English words must be spelled correctly, no粘连, no gibberish. Products must display real user info content: Book cover displays real publishing info: title ""The Complete Guide to HK Printing"", author ""Alex Cheung"", publisher ""ZprintPro Press"", ISBN barcode, spine printed with title, professional typography","1:1比率、8K超高清Eコマースメイン画像。右上に単一の赤色(#DC2626)背景、白太字(Hiragino Sans W6)、白3px縁取りのバーストラベル。ラベル主見出し：中綴じ冊子｜100冊 HK$6〜、副見出し：人気商品・無料デザイン。ラベル外の画面内に他の文字・乱码・透かし・ブランド名・複数ラベル一切禁止。 前景：積み重ねられた中綴じ冊子100冊、書籍に実際のユーザー情報が含まれ、プロ4色印刷鮮やかな色彩、開いた状態で内側のページを展示。背景：ぼかした書店の棚や企業の会議室、暖かい白い読書灯。 製品が画面の75%-85%を占める、素材と職人技のディテールが高精細。すべての文字が正確に表示されること。製品には実際のユーザー情報が含まれている必要がある：書籍の表紙に実際の出版情報が印刷されている：書名「香港印刷工藝全書」、著者「張偉明」、出版社「智印港出版」、ISBNバーコード、背表紙に書名、プロフェッショナルな組版",zprintpro-books-saddle-stitch-booklets-zh-hk.jpg,zprintpro-books-saddle-stitch-booklets-en.jpg,zprintpro-books-saddle-stitch-booklets-ja.jpg,"香港騎馬釘小冊子印刷 HK$6-32/本 起｜經濟裝訂方式，適合頁數較少的冊子。產品說明書、活動｜ZprintPro智印港","Saddle Stitch Booklets Printing Hong Kong HK$6-32/本｜Economical binding method, perfect ｜ZprintPro","香港中綴じ冊子 HK$6-32/本｜経済的な製本方法、ページ数の少ない冊子に最適。｜ZprintPro",书店书架或企业会议室,企業/教育/出版,專業四色印刷色彩鮮豔
BK-003,perfect-bound-books,books,無線膠裝書籍,Perfect Bound Books,無線綴じ本,HK$16-80/本,TRUE,FALSE,100,無線膠裝書籍｜100本 HK$16起,熱賣中・免費設計,Perfect Bound Books｜From HK$16,Hot Sale · Free Design,無線綴じ本｜100冊 HK$16〜,人気商品・無料デザイン,"1:1比例，8K超高清电商主图。右上角固定放置单一枚大红色(#DC2626)底色、白色粗体字(PingFang HK Bold)、白色3px描边的爆炸促销标签。标签主标题：無線膠裝書籍｜100本 HK$16起，副标题：熱賣中・免費設計。标签外画面内绝对不出现任何其他文字、乱码、水印、品牌名、多标签。 前景为100本無線膠裝書籍堆叠展示，書籍上有实际用户信息内容，專業四色印刷色彩鮮豔，翻开状态展示内页。背景虚化书店书架或企业会议室，暖白阅读灯光。 产品占画面75%-85%，材质和工艺细节高清呈现。所有中文字符必须笔画完整准确，英文单词拼写正确、无粘连、无乱码。產品上必須有实际用户信息内容：書籍封面印有真实出版信息：書名「香港印刷工藝全書」、作者「張偉明」、出版社「智印港出版」、ISBN條碼，書脊印有書名，排版專業","1:1 ratio, 8K ultra-high-definition e-commerce hero image. Top-right single burst label with deep red (#DC2626) background, white bold text (Inter Bold), white 3px stroke. Label main: Perfect Bound Books｜From HK$16, sub: Hot Sale · Free Design. Absolutely no other text, gibberish, watermarks, brand names, or multiple labels anywhere else in the image. Foreground: 100 Perfect Bound Books stacked, books with real user info content, professional 4-color printing vibrant colors, opened state showing inner pages. Background: blurred bookstore shelf or corporate meeting room, warm white reading light. Product occupies 75%-85% of frame, material and craftsmanship details in high definition. All English words must be spelled correctly, no粘连, no gibberish. Products must display real user info content: Book cover displays real publishing info: title ""The Complete Guide to HK Printing"", author ""Alex Cheung"", publisher ""ZprintPro Press"", ISBN barcode, spine printed with title, professional typography","1:1比率、8K超高清Eコマースメイン画像。右上に単一の赤色(#DC2626)背景、白太字(Hiragino Sans W6)、白3px縁取りのバーストラベル。ラベル主見出し：無線綴じ本｜100冊 HK$16〜、副見出し：人気商品・無料デザイン。ラベル外の画面内に他の文字・乱码・透かし・ブランド名・複数ラベル一切禁止。 前景：積み重ねられた無線綴じ本100冊、書籍に実際のユーザー情報が含まれ、プロ4色印刷鮮やかな色彩、開いた状態で内側のページを展示。背景：ぼかした書店の棚や企業の会議室、暖かい白い読書灯。 製品が画面の75%-85%を占める、素材と職人技のディテールが高精細。すべての文字が正確に表示されること。製品には実際のユーザー情報が含まれている必要がある：書籍の表紙に実際の出版情報が印刷されている：書名「香港印刷工藝全書」、著者「張偉明」、出版社「智印港出版」、ISBNバーコード、背表紙に書名、プロフェッショナルな組版",zprintpro-books-perfect-bound-books-zh-hk.jpg,zprintpro-books-perfect-bound-books-en.jpg,zprintpro-books-perfect-bound-books-ja.jpg,"香港無線膠裝書籍印刷 HK$16-80/本 起｜平整書脊，可印刷書名。適合頁數較多的書籍、雜誌。｜ZprintPro智印港","Perfect Bound Books Printing Hong Kong HK$16-80/本｜Flat spine, can print book title. P｜ZprintPro","香港無線綴じ本 HK$16-80/本｜平らな背表紙、書名を印刷可能。ページ数の多い本や雑｜ZprintPro",书店书架或企业会议室,企業/教育/出版,專業四色印刷色彩鮮豔
BK-004,hardcover-books,books,精裝書籍,Hardcover Books,上製本,HK$40-240/本,FALSE,FALSE,100,精裝書籍｜100本 HK$40起,免費設計・即日交貨,Hardcover Books｜From HK$40,Free Design · Same Day,上製本｜100冊 HK$40〜,無料デザイン・即日発送,"1:1比例，8K超高清电商主图。右上角固定放置单一枚大红色(#DC2626)底色、白色粗体字(PingFang HK Bold)、白色3px描边的爆炸促销标签。标签主标题：精裝書籍｜100本 HK$40起，副标题：免費設計・即日交貨。标签外画面内绝对不出现任何其他文字、乱码、水印、品牌名、多标签。 前景为100本精裝書籍堆叠展示，書籍上有实际用户信息内容，硬殼精裝高檔耐用，翻开状态展示内页。背景虚化书店书架或企业会议室，暖白阅读灯光。 产品占画面75%-85%，材质和工艺细节高清呈现。所有中文字符必须笔画完整准确，英文单词拼写正确、无粘连、无乱码。產品上必須有实际用户信息内容：書籍封面印有真实出版信息：書名「香港印刷工藝全書」、作者「張偉明」、出版社「智印港出版」、ISBN條碼，書脊印有書名，排版專業","1:1 ratio, 8K ultra-high-definition e-commerce hero image. Top-right single burst label with deep red (#DC2626) background, white bold text (Inter Bold), white 3px stroke. Label main: Hardcover Books｜From HK$40, sub: Free Design · Same Day. Absolutely no other text, gibberish, watermarks, brand names, or multiple labels anywhere else in the image. Foreground: 100 Hardcover Books stacked, books with real user info content, professional 4-color printing vibrant colors, opened state showing inner pages. Background: blurred bookstore shelf or corporate meeting room, warm white reading light. Product occupies 75%-85% of frame, material and craftsmanship details in high definition. All English words must be spelled correctly, no粘连, no gibberish. Products must display real user info content: Book cover displays real publishing info: title ""The Complete Guide to HK Printing"", author ""Alex Cheung"", publisher ""ZprintPro Press"", ISBN barcode, spine printed with title, professional typography","1:1比率、8K超高清Eコマースメイン画像。右上に単一の赤色(#DC2626)背景、白太字(Hiragino Sans W6)、白3px縁取りのバーストラベル。ラベル主見出し：上製本｜100冊 HK$40〜、副見出し：無料デザイン・即日発送。ラベル外の画面内に他の文字・乱码・透かし・ブランド名・複数ラベル一切禁止。 前景：積み重ねられた上製本100冊、書籍に実際のユーザー情報が含まれ、プロ4色印刷鮮やかな色彩、開いた状態で内側のページを展示。背景：ぼかした書店の棚や企業の会議室、暖かい白い読書灯。 製品が画面の75%-85%を占める、素材と職人技のディテールが高精細。すべての文字が正確に表示されること。製品には実際のユーザー情報が含まれている必要がある：書籍の表紙に実際の出版情報が印刷されている：書名「香港印刷工藝全書」、著者「張偉明」、出版社「智印港出版」、ISBNバーコード、背表紙に書名、プロフェッショナルな組版",zprintpro-books-hardcover-books-zh-hk.jpg,zprintpro-books-hardcover-books-en.jpg,zprintpro-books-hardcover-books-ja.jpg,"香港精裝書籍印刷 HK$40-240/本 起｜硬殼精裝，高檔耐用。適合珍藏版書籍、企業年鑑。｜ZprintPro智印港","Hardcover Books Printing Hong Kong HK$40-240/本｜Hardcover binding, luxurious and du｜ZprintPro","香港上製本 HK$40-240/本｜上製本装丁、豪華で耐久性あり。愛蔵版、企業年鑑に最｜ZprintPro",书店书架或企业会议室,企業/教育/出版,硬殼精裝高檔耐用
BK-005,spiral-notebooks,books,線圈筆記本,Spiral Notebooks,リングノート,HK$8-40/本,FALSE,FALSE,100,線圈筆記本｜100本 HK$8起,免費設計・即日交貨,Spiral Notebooks｜From HK$8,Free Design · Same Day,リングノート｜100冊 HK$8〜,無料デザイン・即日発送,"1:1比例，8K超高清电商主图。右上角固定放置单一枚大红色(#DC2626)底色、白色粗体字(PingFang HK Bold)、白色3px描边的爆炸促销标签。标签主标题：線圈筆記本｜100本 HK$8起，副标题：免費設計・即日交貨。标签外画面内绝对不出现任何其他文字、乱码、水印、品牌名、多标签。 前景为100本線圈筆記本堆叠展示，書籍上有实际用户信息内容，專業四色印刷色彩鮮豔，翻开状态展示内页。背景虚化书店书架或企业会议室，暖白阅读灯光。 产品占画面75%-85%，材质和工艺细节高清呈现。所有中文字符必须笔画完整准确，英文单词拼写正确、无粘连、无乱码。產品上必須有实际用户信息内容：書籍封面印有真实出版信息：書名「香港印刷工藝全書」、作者「張偉明」、出版社「智印港出版」、ISBN條碼，書脊印有書名，排版專業","1:1 ratio, 8K ultra-high-definition e-commerce hero image. Top-right single burst label with deep red (#DC2626) background, white bold text (Inter Bold), white 3px stroke. Label main: Spiral Notebooks｜From HK$8, sub: Free Design · Same Day. Absolutely no other text, gibberish, watermarks, brand names, or multiple labels anywhere else in the image. Foreground: 100 Spiral Notebooks stacked, books with real user info content, professional 4-color printing vibrant colors, opened state showing inner pages. Background: blurred bookstore shelf or corporate meeting room, warm white reading light. Product occupies 75%-85% of frame, material and craftsmanship details in high definition. All English words must be spelled correctly, no粘连, no gibberish. Products must display real user info content: Book cover displays real publishing info: title ""The Complete Guide to HK Printing"", author ""Alex Cheung"", publisher ""ZprintPro Press"", ISBN barcode, spine printed with title, professional typography","1:1比率、8K超高清Eコマースメイン画像。右上に単一の赤色(#DC2626)背景、白太字(Hiragino Sans W6)、白3px縁取りのバーストラベル。ラベル主見出し：リングノート｜100冊 HK$8〜、副見出し：無料デザイン・即日発送。ラベル外の画面内に他の文字・乱码・透かし・ブランド名・複数ラベル一切禁止。 前景：積み重ねられたリングノート100冊、書籍に実際のユーザー情報が含まれ、プロ4色印刷鮮やかな色彩、開いた状態で内側のページを展示。背景：ぼかした書店の棚や企業の会議室、暖かい白い読書灯。 製品が画面の75%-85%を占める、素材と職人技のディテールが高精細。すべての文字が正確に表示されること。製品には実際のユーザー情報が含まれている必要がある：書籍の表紙に実際の出版情報が印刷されている：書名「香港印刷工藝全書」、著者「張偉明」、出版社「智印港出版」、ISBNバーコード、背表紙に書名、プロフェッショナルな組版",zprintpro-books-spiral-notebooks-zh-hk.jpg,zprintpro-books-spiral-notebooks-en.jpg,zprintpro-books-spiral-notebooks-ja.jpg,"香港線圈筆記本印刷 HK$8-40/本 起｜線圈裝訂，可180度平攤。適合筆記本、工作手冊。｜ZprintPro智印港","Spiral Notebooks Printing Hong Kong HK$8-40/本｜Spiral binding, can lay flat at 180｜ZprintPro","香港リングノート HK$8-40/本｜スパイラル製本、180度に開く。ノート、ワークブッ｜ZprintPro",书店书架或企业会议室,企業/教育/出版,專業四色印刷色彩鮮豔
EV-001,business-envelopes,envelopes,公司信封,Business Envelopes,ビジネス封筒,HK$0.22-1.80/個,TRUE,FALSE,100,公司信封｜100個 HK$0.22起,熱賣中・免費設計,Business Envelopes｜From HK$0.22,Hot Sale · Free Design,ビジネス封筒｜100枚 HK$0.22〜,人気商品・無料デザイン,"1:1比例，8K超高清电商主图。右上角固定放置单一枚大红色(#DC2626)底色、白色粗体字(PingFang HK Bold)、白色3px描边的爆炸促销标签。标签主标题：公司信封｜100個 HK$0.22起，副标题：熱賣中・免費設計。标签外画面内绝对不出现任何其他文字、乱码、水印、品牌名、多标签。 前景为100个公司信封，信封上有实际用户信息内容，專業四色印刷色彩鮮豔，部分信件微微抽出。背景虚化现代办公室或家庭书桌，自然光暖米调。 产品占画面75%-85%，材质和工艺细节高清呈现。所有中文字符必须笔画完整准确，英文单词拼写正确、无粘连、无乱码。產品上必須有实际用户信息内容：信封印有真实收件人信息：姓名「張偉明 先生」、地址「九龍旺角彌敦道123號智印中心15樓」、郵編「KLN 1234」、公司名「智印港有限公司」，地址字跡清晰","1:1 ratio, 8K ultra-high-definition e-commerce hero image. Top-right single burst label with deep red (#DC2626) background, white bold text (Inter Bold), white 3px stroke. Label main: Business Envelopes｜From HK$0.22, sub: Hot Sale · Free Design. Absolutely no other text, gibberish, watermarks, brand names, or multiple labels anywhere else in the image. Foreground: 100 Business Envelopes, envelopes with real user info content, professional 4-color printing vibrant colors, some letters slightly pulled out. Background: blurred modern office or home desk, natural warm beige light. Product occupies 75%-85% of frame, material and craftsmanship details in high definition. All English words must be spelled correctly, no粘连, no gibberish. Products must display real user info content: Envelopes display real recipient info: name ""Mr. Alex Cheung"", address ""15/F Zprint Centre, 123 Nathan Road, Mong Kok, Kowloon"", postcode ""KLN 1234"", company ""ZprintPro Ltd."", clear legible address","1:1比率、8K超高清Eコマースメイン画像。右上に単一の赤色(#DC2626)背景、白太字(Hiragino Sans W6)、白3px縁取りのバーストラベル。ラベル主見出し：ビジネス封筒｜100枚 HK$0.22〜、副見出し：人気商品・無料デザイン。ラベル外の画面内に他の文字・乱码・透かし・ブランド名・複数ラベル一切禁止。 前景：ビジネス封筒100枚、封筒に実際のユーザー情報が含まれ、プロ4色印刷鮮やかな色彩、一部の手紙が少し引き出されている。背景：ぼかしたモダンなオフィスや家庭の机、自然な暖かいベージュの光。 製品が画面の75%-85%を占める、素材と職人技のディテールが高精細。すべての文字が正確に表示されること。製品には実際のユーザー情報が含まれている必要がある：封筒に実際の宛先情報が印刷されている：名前「張偉明 先生」、住所「九龍旺角彌敦道123號智印中心15樓」、郵便番号「KLN 1234」、会社名「智印港有限公司」、鮮明で読みやすい住所",zprintpro-envelopes-business-envelopes-zh-hk.jpg,zprintpro-envelopes-business-envelopes-en.jpg,zprintpro-envelopes-business-envelopes-ja.jpg,"香港公司信封印刷 HK$0.22-1.80/個 起｜定制公司信封，印上Logo和地址。專業形象，商務必｜ZprintPro智印港","Business Envelopes Printing Hong Kong HK$0.22-1.80/個｜Custom business envelopes with logo｜ZprintPro","香港ビジネス封筒 HK$0.22-1.80/個｜カスタムビジネス封筒、ロゴと住所を印刷。プロフェッ｜ZprintPro",现代办公室或家庭书桌,企業/婚禮/法律,專業四色印刷色彩鮮豔
EV-002,colored-envelopes,envelopes,彩色信封,Colored Envelopes,カラー封筒,HK$0.38-2.60/個,TRUE,FALSE,100,彩色信封｜100個 HK$0.38起,熱賣中・免費設計,Colored Envelopes｜From HK$0.38,Hot Sale · Free Design,カラー封筒｜100枚 HK$0.38〜,人気商品・無料デザイン,"1:1比例，8K超高清电商主图。右上角固定放置单一枚大红色(#DC2626)底色、白色粗体字(PingFang HK Bold)、白色3px描边的爆炸促销标签。标签主标题：彩色信封｜100個 HK$0.38起，副标题：熱賣中・免費設計。标签外画面内绝对不出现任何其他文字、乱码、水印、品牌名、多标签。 前景为100个彩色信封，信封上有实际用户信息内容，專業四色印刷色彩鮮豔，部分信件微微抽出。背景虚化现代办公室或家庭书桌，自然光暖米调。 产品占画面75%-85%，材质和工艺细节高清呈现。所有中文字符必须笔画完整准确，英文单词拼写正确、无粘连、无乱码。產品上必須有实际用户信息内容：信封印有真实收件人信息：姓名「張偉明 先生」、地址「九龍旺角彌敦道123號智印中心15樓」、郵編「KLN 1234」、公司名「智印港有限公司」，地址字跡清晰","1:1 ratio, 8K ultra-high-definition e-commerce hero image. Top-right single burst label with deep red (#DC2626) background, white bold text (Inter Bold), white 3px stroke. Label main: Colored Envelopes｜From HK$0.38, sub: Hot Sale · Free Design. Absolutely no other text, gibberish, watermarks, brand names, or multiple labels anywhere else in the image. Foreground: 100 Colored Envelopes, envelopes with real user info content, professional 4-color printing vibrant colors, some letters slightly pulled out. Background: blurred modern office or home desk, natural warm beige light. Product occupies 75%-85% of frame, material and craftsmanship details in high definition. All English words must be spelled correctly, no粘连, no gibberish. Products must display real user info content: Envelopes display real recipient info: name ""Mr. Alex Cheung"", address ""15/F Zprint Centre, 123 Nathan Road, Mong Kok, Kowloon"", postcode ""KLN 1234"", company ""ZprintPro Ltd."", clear legible address","1:1比率、8K超高清Eコマースメイン画像。右上に単一の赤色(#DC2626)背景、白太字(Hiragino Sans W6)、白3px縁取りのバーストラベル。ラベル主見出し：カラー封筒｜100枚 HK$0.38〜、副見出し：人気商品・無料デザイン。ラベル外の画面内に他の文字・乱码・透かし・ブランド名・複数ラベル一切禁止。 前景：カラー封筒100枚、封筒に実際のユーザー情報が含まれ、プロ4色印刷鮮やかな色彩、一部の手紙が少し引き出されている。背景：ぼかしたモダンなオフィスや家庭の机、自然な暖かいベージュの光。 製品が画面の75%-85%を占める、素材と職人技のディテールが高精細。すべての文字が正確に表示されること。製品には実際のユーザー情報が含まれている必要がある：封筒に実際の宛先情報が印刷されている：名前「張偉明 先生」、住所「九龍旺角彌敦道123號智印中心15樓」、郵便番号「KLN 1234」、会社名「智印港有限公司」、鮮明で読みやすい住所",zprintpro-envelopes-colored-envelopes-zh-hk.jpg,zprintpro-envelopes-colored-envelopes-en.jpg,zprintpro-envelopes-colored-envelopes-ja.jpg,"香港彩色信封印刷 HK$0.38-2.60/個 起｜彩色印刷，視覺吸引力強。適合邀請函、賀卡、營銷郵件｜ZprintPro智印港","Colored Envelopes Printing Hong Kong HK$0.38-2.60/個｜Colorful printing, strong visual ap｜ZprintPro","香港カラー封筒 HK$0.38-2.60/個｜カラフルな印刷、強い視覚的アピール。招待状、グリー｜ZprintPro",现代办公室或家庭书桌,企業/婚禮/法律,專業四色印刷色彩鮮豔
EV-003,large-envelopes,envelopes,大號信封,Large Envelopes,大判封筒,HK$0.60-3.40/個,TRUE,FALSE,100,大號信封｜100個 HK$0.60起,熱賣中・免費設計,Large Envelopes｜From HK$0.60,Hot Sale · Free Design,大判封筒｜100枚 HK$0.60〜,人気商品・無料デザイン,"1:1比例，8K超高清电商主图。右上角固定放置单一枚大红色(#DC2626)底色、白色粗体字(PingFang HK Bold)、白色3px描边的爆炸促销标签。标签主标题：大號信封｜100個 HK$0.60起，副标题：熱賣中・免費設計。标签外画面内绝对不出现任何其他文字、乱码、水印、品牌名、多标签。 前景为100个大號信封，信封上有实际用户信息内容，專業四色印刷色彩鮮豔，部分信件微微抽出。背景虚化现代办公室或家庭书桌，自然光暖米调。 产品占画面75%-85%，材质和工艺细节高清呈现。所有中文字符必须笔画完整准确，英文单词拼写正确、无粘连、无乱码。產品上必須有实际用户信息内容：信封印有真实收件人信息：姓名「張偉明 先生」、地址「九龍旺角彌敦道123號智印中心15樓」、郵編「KLN 1234」、公司名「智印港有限公司」，地址字跡清晰","1:1 ratio, 8K ultra-high-definition e-commerce hero image. Top-right single burst label with deep red (#DC2626) background, white bold text (Inter Bold), white 3px stroke. Label main: Large Envelopes｜From HK$0.60, sub: Hot Sale · Free Design. Absolutely no other text, gibberish, watermarks, brand names, or multiple labels anywhere else in the image. Foreground: 100 Large Envelopes, envelopes with real user info content, professional 4-color printing vibrant colors, some letters slightly pulled out. Background: blurred modern office or home desk, natural warm beige light. Product occupies 75%-85% of frame, material and craftsmanship details in high definition. All English words must be spelled correctly, no粘连, no gibberish. Products must display real user info content: Envelopes display real recipient info: name ""Mr. Alex Cheung"", address ""15/F Zprint Centre, 123 Nathan Road, Mong Kok, Kowloon"", postcode ""KLN 1234"", company ""ZprintPro Ltd."", clear legible address","1:1比率、8K超高清Eコマースメイン画像。右上に単一の赤色(#DC2626)背景、白太字(Hiragino Sans W6)、白3px縁取りのバーストラベル。ラベル主見出し：大判封筒｜100枚 HK$0.60〜、副見出し：人気商品・無料デザイン。ラベル外の画面内に他の文字・乱码・透かし・ブランド名・複数ラベル一切禁止。 前景：大判封筒100枚、封筒に実際のユーザー情報が含まれ、プロ4色印刷鮮やかな色彩、一部の手紙が少し引き出されている。背景：ぼかしたモダンなオフィスや家庭の机、自然な暖かいベージュの光。 製品が画面の75%-85%を占める、素材と職人技のディテールが高精細。すべての文字が正確に表示されること。製品には実際のユーザー情報が含まれている必要がある：封筒に実際の宛先情報が印刷されている：名前「張偉明 先生」、住所「九龍旺角彌敦道123號智印中心15樓」、郵便番号「KLN 1234」、会社名「智印港有限公司」、鮮明で読みやすい住所",zprintpro-envelopes-large-envelopes-zh-hk.jpg,zprintpro-envelopes-large-envelopes-en.jpg,zprintpro-envelopes-large-envelopes-ja.jpg,"香港大號信封印刷 HK$0.60-3.40/個 起｜A4尺寸大信封，可裝入文件、合同。辦公室必備。｜ZprintPro智印港","Large Envelopes Printing Hong Kong HK$0.60-3.40/個｜A4 size large envelopes, can hold d｜ZprintPro","香港大判封筒 HK$0.60-3.40/個｜A4サイズの大きな封筒、書類や契約書を入れられます｜ZprintPro",现代办公室或家庭书桌,企業/婚禮/法律,專業四色印刷色彩鮮豔
EV-004,pearl-envelopes,envelopes,珠光信封,Pearl Envelopes,パール封筒,HK$1.15-5.20/個,FALSE,FALSE,100,珠光信封｜100個 HK$1.15起,免費設計・即日交貨,Pearl Envelopes｜From HK$1.15,Free Design · Same Day,パール封筒｜100枚 HK$1.15〜,無料デザイン・即日発送,"1:1比例，8K超高清电商主图。右上角固定放置单一枚大红色(#DC2626)底色、白色粗体字(PingFang HK Bold)、白色3px描边的爆炸促销标签。标签主标题：珠光信封｜100個 HK$1.15起，副标题：免費設計・即日交貨。标签外画面内绝对不出现任何其他文字、乱码、水印、品牌名、多标签。 前景为100个珠光信封，信封上有实际用户信息内容，光面亮麗通透，部分信件微微抽出。背景虚化现代办公室或家庭书桌，自然光暖米调。 产品占画面75%-85%，材质和工艺细节高清呈现。所有中文字符必须笔画完整准确，英文单词拼写正确、无粘连、无乱码。產品上必須有实际用户信息内容：信封印有真实收件人信息：姓名「張偉明 先生」、地址「九龍旺角彌敦道123號智印中心15樓」、郵編「KLN 1234」、公司名「智印港有限公司」，地址字跡清晰","1:1 ratio, 8K ultra-high-definition e-commerce hero image. Top-right single burst label with deep red (#DC2626) background, white bold text (Inter Bold), white 3px stroke. Label main: Pearl Envelopes｜From HK$1.15, sub: Free Design · Same Day. Absolutely no other text, gibberish, watermarks, brand names, or multiple labels anywhere else in the image. Foreground: 100 Pearl Envelopes, envelopes with real user info content, professional 4-color printing vibrant colors, some letters slightly pulled out. Background: blurred modern office or home desk, natural warm beige light. Product occupies 75%-85% of frame, material and craftsmanship details in high definition. All English words must be spelled correctly, no粘连, no gibberish. Products must display real user info content: Envelopes display real recipient info: name ""Mr. Alex Cheung"", address ""15/F Zprint Centre, 123 Nathan Road, Mong Kok, Kowloon"", postcode ""KLN 1234"", company ""ZprintPro Ltd."", clear legible address","1:1比率、8K超高清Eコマースメイン画像。右上に単一の赤色(#DC2626)背景、白太字(Hiragino Sans W6)、白3px縁取りのバーストラベル。ラベル主見出し：パール封筒｜100枚 HK$1.15〜、副見出し：無料デザイン・即日発送。ラベル外の画面内に他の文字・乱码・透かし・ブランド名・複数ラベル一切禁止。 前景：パール封筒100枚、封筒に実際のユーザー情報が含まれ、プロ4色印刷鮮やかな色彩、一部の手紙が少し引き出されている。背景：ぼかしたモダンなオフィスや家庭の机、自然な暖かいベージュの光。 製品が画面の75%-85%を占める、素材と職人技のディテールが高精細。すべての文字が正確に表示されること。製品には実際のユーザー情報が含まれている必要がある：封筒に実際の宛先情報が印刷されている：名前「張偉明 先生」、住所「九龍旺角彌敦道123號智印中心15樓」、郵便番号「KLN 1234」、会社名「智印港有限公司」、鮮明で読みやすい住所",zprintpro-envelopes-pearl-envelopes-zh-hk.jpg,zprintpro-envelopes-pearl-envelopes-en.jpg,zprintpro-envelopes-pearl-envelopes-ja.jpg,"香港珠光信封印刷 HK$1.15-5.20/個 起｜珠光紙張，閃耀質感。適合婚禮邀請、高端活動。｜ZprintPro智印港","Pearl Envelopes Printing Hong Kong HK$1.15-5.20/個｜Pearl paper, shimmering quality. Pe｜ZprintPro","香港パール封筒 HK$1.15-5.20/個｜パール紙、輝く質感。結婚式の招待状、高級イベントに｜ZprintPro",现代办公室或家庭书桌,企業/婚禮/法律,光面亮麗通透
ED-001,exercise-books,educational,作業簿印刷,Exercise Books,ワークブック印刷,HK$4-16/本,TRUE,FALSE,100,作業簿印刷｜100本 HK$4起,熱賣中・免費設計,Exercise Books｜From HK$4,Hot Sale · Free Design,ワークブック印刷｜100冊 HK$4〜,人気商品・無料デザイン,"1:1比例，8K超高清电商主图。右上角固定放置单一枚大红色(#DC2626)底色、白色粗体字(PingFang HK Bold)、白色3px描边的爆炸促销标签。标签主标题：作業簿印刷｜100本 HK$4起，副标题：熱賣中・免費設計。标签外画面内绝对不出现任何其他文字、乱码、水印、品牌名、多标签。 前景为作業簿印刷，教育用品上有实际用户信息内容，專業四色印刷色彩鮮豔，摆放于课桌。背景虚化香港中小学教室或补习社，自然光。 产品占画面75%-85%，材质和工艺细节高清呈现。所有中文字符必须笔画完整准确，英文单词拼写正确、无粘连、无乱码。產品上必須有实际用户信息内容：印有真实學校信息：學校名「聖保羅書院」、學生姓名「陳小明」、班級「5A」、科目「數學」，封面設計簡潔專業","1:1 ratio, 8K ultra-high-definition e-commerce hero image. Top-right single burst label with deep red (#DC2626) background, white bold text (Inter Bold), white 3px stroke. Label main: Exercise Books｜From HK$4, sub: Hot Sale · Free Design. Absolutely no other text, gibberish, watermarks, brand names, or multiple labels anywhere else in the image. Foreground: Exercise Books, educational items with real user info content, professional 4-color printing vibrant colors, placed on school desk. Background: blurred Hong Kong primary/secondary classroom or tutorial center, natural light. Product occupies 75%-85% of frame, material and craftsmanship details in high definition. All English words must be spelled correctly, no粘连, no gibberish. Products must display real user info content: Displays real school info: school name 'St. Pauls College', student name 'Alex Chan', class '5A', subject 'Mathematics', clean professional cover design","1:1比率、8K超高清Eコマースメイン画像。右上に単一の赤色(#DC2626)背景、白太字(Hiragino Sans W6)、白3px縁取りのバーストラベル。ラベル主見出し：ワークブック印刷｜100冊 HK$4〜、副見出し：人気商品・無料デザイン。ラベル外の画面内に他の文字・乱码・透かし・ブランド名・複数ラベル一切禁止。 前景：ワークブック印刷、教育用品に実際のユーザー情報が含まれ、プロ4色印刷鮮やかな色彩、学校の机の上に置かれている。背景：ぼかした香港の小中学校や塾の教室、自然光。 製品が画面の75%-85%を占める、素材と職人技のディテールが高精細。すべての文字が正確に表示されること。製品には実際のユーザー情報が含まれている必要がある：実際の学校情報が印刷されている：学校名「聖保羅書院」、生徒名「陳小明」、クラス「5A」、科目「數學」、シンプルでプロフェッショナルな表紙デザイン",zprintpro-educational-exercise-books-zh-hk.jpg,zprintpro-educational-exercise-books-en.jpg,zprintpro-educational-exercise-books-ja.jpg,"香港作業簿印刷印刷 HK$4-16/本 起｜學校作業簿，可定制封面和內頁格式。適合中小學、補習｜ZprintPro智印港","Exercise Books Printing Hong Kong HK$4-16/本｜School exercise books, customizable｜ZprintPro","香港ワークブック印刷 HK$4-16/本｜学校のワークブック、カスタマイズ可能な表紙と内側ペ｜ZprintPro",香港中小学教室或补习社,學校/補習社,專業四色印刷色彩鮮豔
ED-002,certificates,educational,證書印刷,Certificates,賞状印刷,HK$8-40/張,TRUE,FALSE,100,證書印刷｜100本 HK$8起,熱賣中・免費設計,Certificates｜From HK$8,Hot Sale · Free Design,賞状印刷｜100冊 HK$8〜,人気商品・無料デザイン,"1:1比例，8K超高清电商主图。右上角固定放置单一枚大红色(#DC2626)底色、白色粗体字(PingFang HK Bold)、白色3px描边的爆炸促销标签。标签主标题：證書印刷｜100本 HK$8起，副标题：熱賣中・免費設計。标签外画面内绝对不出现任何其他文字、乱码、水印、品牌名、多标签。 前景为證書印刷，教育用品上有实际用户信息内容，燙金工藝閃耀奪目，摆放于课桌。背景虚化香港中小学教室或补习社，自然光。 产品占画面75%-85%，材质和工艺细节高清呈现。所有中文字符必须笔画完整准确，英文单词拼写正确、无粘连、无乱码。產品上必須有实际用户信息内容：印有真实學校信息：學校名「聖保羅書院」、學生姓名「陳小明」、班級「5A」、科目「數學」，封面設計簡潔專業","1:1 ratio, 8K ultra-high-definition e-commerce hero image. Top-right single burst label with deep red (#DC2626) background, white bold text (Inter Bold), white 3px stroke. Label main: Certificates｜From HK$8, sub: Hot Sale · Free Design. Absolutely no other text, gibberish, watermarks, brand names, or multiple labels anywhere else in the image. Foreground: Certificates, educational items with real user info content, professional 4-color printing vibrant colors, placed on school desk. Background: blurred Hong Kong primary/secondary classroom or tutorial center, natural light. Product occupies 75%-85% of frame, material and craftsmanship details in high definition. All English words must be spelled correctly, no粘连, no gibberish. Products must display real user info content: Displays real school info: school name 'St. Pauls College', student name 'Alex Chan', class '5A', subject 'Mathematics', clean professional cover design","1:1比率、8K超高清Eコマースメイン画像。右上に単一の赤色(#DC2626)背景、白太字(Hiragino Sans W6)、白3px縁取りのバーストラベル。ラベル主見出し：賞状印刷｜100冊 HK$8〜、副見出し：人気商品・無料デザイン。ラベル外の画面内に他の文字・乱码・透かし・ブランド名・複数ラベル一切禁止。 前景：賞状印刷、教育用品に実際のユーザー情報が含まれ、プロ4色印刷鮮やかな色彩、学校の机の上に置かれている。背景：ぼかした香港の小中学校や塾の教室、自然光。 製品が画面の75%-85%を占める、素材と職人技のディテールが高精細。すべての文字が正確に表示されること。製品には実際のユーザー情報が含まれている必要がある：実際の学校情報が印刷されている：学校名「聖保羅書院」、生徒名「陳小明」、クラス「5A」、科目「數學」、シンプルでプロフェッショナルな表紙デザイン",zprintpro-educational-certificates-zh-hk.jpg,zprintpro-educational-certificates-en.jpg,zprintpro-educational-certificates-ja.jpg,"香港證書印刷印刷 HK$8-40/張 起｜精美證書，配合燙金、壓紋等工藝。畢業證書、獎狀、資｜ZprintPro智印港","Certificates Printing Hong Kong HK$8-40/張｜Exquisite certificates with foil st｜ZprintPro","香港賞状印刷 HK$8-40/張｜精巧な賞状、箔押し・エンボスなどの加工付き。卒業証｜ZprintPro",香港中小学教室或补习社,學校/補習社,燙金工藝閃耀奪目
ED-003,school-flyers,educational,學校單張,School Flyers,学校チラシ,HK$0.2-0.8/張,TRUE,FALSE,100,學校單張｜100本 HK$0.2起,熱賣中・免費設計,School Flyers｜From HK$0.2,Hot Sale · Free Design,学校チラシ｜100冊 HK$0.2〜,人気商品・無料デザイン,"1:1比例，8K超高清电商主图。右上角固定放置单一枚大红色(#DC2626)底色、白色粗体字(PingFang HK Bold)、白色3px描边的爆炸促销标签。标签主标题：學校單張｜100本 HK$0.2起，副标题：熱賣中・免費設計。标签外画面内绝对不出现任何其他文字、乱码、水印、品牌名、多标签。 前景为學校單張，教育用品上有实际用户信息内容，專業四色印刷色彩鮮豔，摆放于课桌。背景虚化香港中小学教室或补习社，自然光。 产品占画面75%-85%，材质和工艺细节高清呈现。所有中文字符必须笔画完整准确，英文单词拼写正确、无粘连、无乱码。產品上必須有实际用户信息内容：印有真实學校信息：學校名「聖保羅書院」、學生姓名「陳小明」、班級「5A」、科目「數學」，封面設計簡潔專業","1:1 ratio, 8K ultra-high-definition e-commerce hero image. Top-right single burst label with deep red (#DC2626) background, white bold text (Inter Bold), white 3px stroke. Label main: School Flyers｜From HK$0.2, sub: Hot Sale · Free Design. Absolutely no other text, gibberish, watermarks, brand names, or multiple labels anywhere else in the image. Foreground: School Flyers, educational items with real user info content, professional 4-color printing vibrant colors, placed on school desk. Background: blurred Hong Kong primary/secondary classroom or tutorial center, natural light. Product occupies 75%-85% of frame, material and craftsmanship details in high definition. All English words must be spelled correctly, no粘连, no gibberish. Products must display real user info content: Displays real school info: school name 'St. Pauls College', student name 'Alex Chan', class '5A', subject 'Mathematics', clean professional cover design","1:1比率、8K超高清Eコマースメイン画像。右上に単一の赤色(#DC2626)背景、白太字(Hiragino Sans W6)、白3px縁取りのバーストラベル。ラベル主見出し：学校チラシ｜100冊 HK$0.2〜、副見出し：人気商品・無料デザイン。ラベル外の画面内に他の文字・乱码・透かし・ブランド名・複数ラベル一切禁止。 前景：学校チラシ、教育用品に実際のユーザー情報が含まれ、プロ4色印刷鮮やかな色彩、学校の机の上に置かれている。背景：ぼかした香港の小中学校や塾の教室、自然光。 製品が画面の75%-85%を占める、素材と職人技のディテールが高精細。すべての文字が正確に表示されること。製品には実際のユーザー情報が含まれている必要がある：実際の学校情報が印刷されている：学校名「聖保羅書院」、生徒名「陳小明」、クラス「5A」、科目「數學」、シンプルでプロフェッショナルな表紙デザイン",zprintpro-educational-school-flyers-zh-hk.jpg,zprintpro-educational-school-flyers-en.jpg,zprintpro-educational-school-flyers-ja.jpg,"香港學校單張印刷 HK$0.2-0.8/張 起｜學校通告、活動宣傳單張。經濟實惠，大量印刷。｜ZprintPro智印港","School Flyers Printing Hong Kong HK$0.2-0.8/張｜School notices, event promotional f｜ZprintPro","香港学校チラシ HK$0.2-0.8/張｜学校の通知、イベント宣伝チラシ。経済的、大量印刷。｜ZprintPro",香港中小学教室或补习社,學校/補習社,專業四色印刷色彩鮮豔
ED-004,textbooks,educational,教科書印刷,Textbooks,教科書印刷,HK$24-120/本,FALSE,FALSE,100,教科書印刷｜100本 HK$24起,免費設計・即日交貨,Textbooks｜From HK$24,Free Design · Same Day,教科書印刷｜100冊 HK$24〜,無料デザイン・即日発送,"1:1比例，8K超高清电商主图。右上角固定放置单一枚大红色(#DC2626)底色、白色粗体字(PingFang HK Bold)、白色3px描边的爆炸促销标签。标签主标题：教科書印刷｜100本 HK$24起，副标题：免費設計・即日交貨。标签外画面内绝对不出现任何其他文字、乱码、水印、品牌名、多标签。 前景为教科書印刷，教育用品上有实际用户信息内容，專業四色印刷色彩鮮豔，摆放于课桌。背景虚化香港中小学教室或补习社，自然光。 产品占画面75%-85%，材质和工艺细节高清呈现。所有中文字符必须笔画完整准确，英文单词拼写正确、无粘连、无乱码。產品上必須有实际用户信息内容：印有真实學校信息：學校名「聖保羅書院」、學生姓名「陳小明」、班級「5A」、科目「數學」，封面設計簡潔專業","1:1 ratio, 8K ultra-high-definition e-commerce hero image. Top-right single burst label with deep red (#DC2626) background, white bold text (Inter Bold), white 3px stroke. Label main: Textbooks｜From HK$24, sub: Free Design · Same Day. Absolutely no other text, gibberish, watermarks, brand names, or multiple labels anywhere else in the image. Foreground: Textbooks, educational items with real user info content, professional 4-color printing vibrant colors, placed on school desk. Background: blurred Hong Kong primary/secondary classroom or tutorial center, natural light. Product occupies 75%-85% of frame, material and craftsmanship details in high definition. All English words must be spelled correctly, no粘连, no gibberish. Products must display real user info content: Displays real school info: school name 'St. Pauls College', student name 'Alex Chan', class '5A', subject 'Mathematics', clean professional cover design","1:1比率、8K超高清Eコマースメイン画像。右上に単一の赤色(#DC2626)背景、白太字(Hiragino Sans W6)、白3px縁取りのバーストラベル。ラベル主見出し：教科書印刷｜100冊 HK$24〜、副見出し：無料デザイン・即日発送。ラベル外の画面内に他の文字・乱码・透かし・ブランド名・複数ラベル一切禁止。 前景：教科書印刷、教育用品に実際のユーザー情報が含まれ、プロ4色印刷鮮やかな色彩、学校の机の上に置かれている。背景：ぼかした香港の小中学校や塾の教室、自然光。 製品が画面の75%-85%を占める、素材と職人技のディテールが高精細。すべての文字が正確に表示されること。製品には実際のユーザー情報が含まれている必要がある：実際の学校情報が印刷されている：学校名「聖保羅書院」、生徒名「陳小明」、クラス「5A」、科目「數學」、シンプルでプロフェッショナルな表紙デザイン",zprintpro-educational-textbooks-zh-hk.jpg,zprintpro-educational-textbooks-en.jpg,zprintpro-educational-textbooks-ja.jpg,"香港教科書印刷印刷 HK$24-120/本 起｜教材、教科書印刷。專業排版，品質保證。｜ZprintPro智印港","Textbooks Printing Hong Kong HK$24-120/本｜Teaching materials, textbook printi｜ZprintPro","香港教科書印刷 HK$24-120/本｜教材、教科書の印刷。プロの組版、品質保証。｜ZprintPro",香港中小学教室或补习社,學校/補習社,專業四色印刷色彩鮮豔
PKG-007,magnetic-closure-gift-box,packaging,磁吸翻蓋禮盒印刷,Magnetic Closure Gift Box,マグネット蓋ギフトボックス,HK$15-80/個,TRUE,TRUE,100,磁吸翻蓋禮盒印刷｜100個 HK$15起,熱賣中・免費設計,Magnetic Closure Gift Box｜From HK$15,Hot Sale · Free Design,マグネット蓋ギフトボックス｜100個 HK$15〜,人気商品・無料デザイン,"1:1比例，8K超高清电商主图。右上角固定放置单一枚大红色(#DC2626)底色、白色粗体字(PingFang HK Bold)、白色3px描边的爆炸促销标签。标签主标题：磁吸翻蓋禮盒印刷｜100個 HK$15起，副标题：熱賣中・免費設計。标签外画面内绝对不出现任何其他文字、乱码、水印、品牌名、多标签。 前景为100个磁吸翻蓋禮盒印刷，包装盒上有实际用户信息内容，盒盖微开露出内衬或产品，燙金工藝閃耀奪目，UV光油立體光澤。背景虚化香港本地工厂发货区或电商打包台，暖黄工业灯光。 产品占画面75%-85%，材质和工艺细节高清呈现。所有中文字符必须笔画完整准确，英文单词拼写正确、无粘连、无乱码。產品上必須有实际用户信息内容：包裝盒印有真实產品信息：品牌名「ZprintPro」、產品名「精選茶葉禮盒」、成分表、淨含量「200g」、生產日期、條碼和環保標誌，設計精美","1:1 ratio, 8K ultra-high-definition e-commerce hero image. Top-right single burst label with deep red (#DC2626) background, white bold text (Inter Bold), white 3px stroke. Label main: Magnetic Closure Gift Box｜From HK$15, sub: Hot Sale · Free Design. Absolutely no other text, gibberish, watermarks, brand names, or multiple labels anywhere else in the image. Foreground: 100 Magnetic Closure Gift Box, boxes with real user info content, lid slightly open revealing inner lining or product, UV coating dimensional gloss. Background: blurred Hong Kong local factory dispatch area or e-commerce packing table, warm yellow industrial light. Product occupies 75%-85% of frame, material and craftsmanship details in high definition. All English words must be spelled correctly, no粘连, no gibberish. Products must display real user info content: Boxes display real product info: brand ""ZprintPro"", product name ""Premium Tea Gift Box"", ingredient list, net weight ""200g"", production date, barcode and eco label, exquisite design","1:1比率、8K超高清Eコマースメイン画像。右上に単一の赤色(#DC2626)背景、白太字(Hiragino Sans W6)、白3px縁取りのバーストラベル。ラベル主見出し：マグネット蓋ギフトボックス｜100個 HK$15〜、副見出し：人気商品・無料デザイン。ラベル外の画面内に他の文字・乱码・透かし・ブランド名・複数ラベル一切禁止。 前景：マグネット蓋ギフトボックス100個、包装盒に実際のユーザー情報が含まれ、蓋が少し開いて内装または製品が見える、UVコーティング立体的な光沢。背景：ぼかした香港の地元工場の発送エリアやEC梱包テーブル、暖かい黄色の工業用照明。 製品が画面の75%-85%を占める、素材と職人技のディテールが高精細。すべての文字が正確に表示されること。製品には実際のユーザー情報が含まれている必要がある：包装盒に実際の製品情報が印刷されている：ブランド名「ZprintPro」、製品名「精選茶葉禮盒」、成分表、内容量「200g」、製造日、バーコードとエコラベル、精巧なデザイン",zprintpro-packaging-magnetic-closure-gift-box-zh-hk.jpg,zprintpro-packaging-magnetic-closure-gift-box-en.jpg,zprintpro-packaging-magnetic-closure-gift-box-ja.jpg,"香港磁吸翻蓋禮盒印刷印刷 HK$15-80/個 起｜高檔磁吸翻蓋硬盒，適合奢侈品、化妝品、電子產品包裝｜ZprintPro智印港","Magnetic Closure Gift Box Printing Hong Kong HK$15-80/個｜Premium magnetic closure rigid boxe｜ZprintPro","香港マグネット蓋ギフトボックス HK$15-80/個｜高級マグネット蓋硬箱。高級品、化粧品、電子機器の包｜ZprintPro",香港本地工厂发货区或电商打包台,電商/品牌/食品,燙金工藝閃耀奪目，UV光油立體光澤
PKG-008,electronics-packaging-box,packaging,電子產品包裝盒定制,Electronics Packaging Box,電子機器包装箱,HK$8-50/個,TRUE,TRUE,200,電子產品包裝盒定制｜200個 HK$8起,熱賣中・免費設計,Electronics Packaging Box｜From HK$8,Hot Sale · Free Design,電子機器包装箱｜200個 HK$8〜,人気商品・無料デザイン,"1:1比例，8K超高清电商主图。右上角固定放置单一枚大红色(#DC2626)底色、白色粗体字(PingFang HK Bold)、白色3px描边的爆炸促销标签。标签主标题：電子產品包裝盒定制｜200個 HK$8起，副标题：熱賣中・免費設計。标签外画面内绝对不出现任何其他文字、乱码、水印、品牌名、多标签。 前景为200个電子產品包裝盒定制，包装盒上有实际用户信息内容，盒盖微开露出内衬或产品，FSC環保認證材質。背景虚化香港本地工厂发货区或电商打包台，暖黄工业灯光。 产品占画面75%-85%，材质和工艺细节高清呈现。所有中文字符必须笔画完整准确，英文单词拼写正确、无粘连、无乱码。產品上必須有实际用户信息内容：包裝盒印有真实產品信息：品牌名「ZprintPro」、產品名「精選茶葉禮盒」、成分表、淨含量「200g」、生產日期、條碼和環保標誌，設計精美","1:1 ratio, 8K ultra-high-definition e-commerce hero image. Top-right single burst label with deep red (#DC2626) background, white bold text (Inter Bold), white 3px stroke. Label main: Electronics Packaging Box｜From HK$8, sub: Hot Sale · Free Design. Absolutely no other text, gibberish, watermarks, brand names, or multiple labels anywhere else in the image. Foreground: 200 Electronics Packaging Box, boxes with real user info content, lid slightly open revealing inner lining or product, professional 4-color printing vibrant colors. Background: blurred Hong Kong local factory dispatch area or e-commerce packing table, warm yellow industrial light. Product occupies 75%-85% of frame, material and craftsmanship details in high definition. All English words must be spelled correctly, no粘连, no gibberish. Products must display real user info content: Boxes display real product info: brand ""ZprintPro"", product name ""Premium Tea Gift Box"", ingredient list, net weight ""200g"", production date, barcode and eco label, exquisite design","1:1比率、8K超高清Eコマースメイン画像。右上に単一の赤色(#DC2626)背景、白太字(Hiragino Sans W6)、白3px縁取りのバーストラベル。ラベル主見出し：電子機器包装箱｜200個 HK$8〜、副見出し：人気商品・無料デザイン。ラベル外の画面内に他の文字・乱码・透かし・ブランド名・複数ラベル一切禁止。 前景：電子機器包装箱200個、包装盒に実際のユーザー情報が含まれ、蓋が少し開いて内装または製品が見える、プロ4色印刷鮮やかな色彩。背景：ぼかした香港の地元工場の発送エリアやEC梱包テーブル、暖かい黄色の工業用照明。 製品が画面の75%-85%を占める、素材と職人技のディテールが高精細。すべての文字が正確に表示されること。製品には実際のユーザー情報が含まれている必要がある：包装盒に実際の製品情報が印刷されている：ブランド名「ZprintPro」、製品名「精選茶葉禮盒」、成分表、内容量「200g」、製造日、バーコードとエコラベル、精巧なデザイン",zprintpro-packaging-electronics-packaging-box-zh-hk.jpg,zprintpro-packaging-electronics-packaging-box-en.jpg,zprintpro-packaging-electronics-packaging-box-ja.jpg,"香港電子產品包裝盒定制印刷 HK$8-50/個 起｜手機、耳機、充電器等3C產品包裝盒。EVA內托、吸｜ZprintPro智印港","Electronics Packaging Box Printing Hong Kong HK$8-50/個｜Packaging boxes for phones, earphon｜ZprintPro","香港電子機器包装箱 HK$8-50/個｜スマホ、イヤホン、充電器等のパッケージ箱。EVAフ｜ZprintPro",香港本地工厂发货区或电商打包台,電商/品牌/食品,FSC環保認證材質
PKG-009,kraft-paper-packaging-box,packaging,牛皮紙盒印刷定制,Kraft Paper Packaging Box,クラフト紙箱印刷,HK$5-30/個,TRUE,FALSE,300,牛皮紙盒印刷定制｜300個 HK$5起,熱賣中・免費設計,Kraft Paper Packaging Box｜From HK$5,Hot Sale · Free Design,クラフト紙箱印刷｜300個 HK$5〜,人気商品・無料デザイン,"1:1比例，8K超高清电商主图。右上角固定放置单一枚大红色(#DC2626)底色、白色粗体字(PingFang HK Bold)、白色3px描边的爆炸促销标签。标签主标题：牛皮紙盒印刷定制｜300個 HK$5起，副标题：熱賣中・免費設計。标签外画面内绝对不出现任何其他文字、乱码、水印、品牌名、多标签。 前景为300个牛皮紙盒印刷定制，包装盒上有实际用户信息内容，盒盖微开露出内衬或产品，FSC環保認證材質。背景虚化香港本地工厂发货区或电商打包台，暖黄工业灯光。 产品占画面75%-85%，材质和工艺细节高清呈现。所有中文字符必须笔画完整准确，英文单词拼写正确、无粘连、无乱码。產品上必須有实际用户信息内容：包裝盒印有真实產品信息：品牌名「ZprintPro」、產品名「精選茶葉禮盒」、成分表、淨含量「200g」、生產日期、條碼和環保標誌，設計精美","1:1 ratio, 8K ultra-high-definition e-commerce hero image. Top-right single burst label with deep red (#DC2626) background, white bold text (Inter Bold), white 3px stroke. Label main: Kraft Paper Packaging Box｜From HK$5, sub: Hot Sale · Free Design. Absolutely no other text, gibberish, watermarks, brand names, or multiple labels anywhere else in the image. Foreground: 300 Kraft Paper Packaging Box, boxes with real user info content, lid slightly open revealing inner lining or product, professional 4-color printing vibrant colors. Background: blurred Hong Kong local factory dispatch area or e-commerce packing table, warm yellow industrial light. Product occupies 75%-85% of frame, material and craftsmanship details in high definition. All English words must be spelled correctly, no粘连, no gibberish. Products must display real user info content: Boxes display real product info: brand ""ZprintPro"", product name ""Premium Tea Gift Box"", ingredient list, net weight ""200g"", production date, barcode and eco label, exquisite design","1:1比率、8K超高清Eコマースメイン画像。右上に単一の赤色(#DC2626)背景、白太字(Hiragino Sans W6)、白3px縁取りのバーストラベル。ラベル主見出し：クラフト紙箱印刷｜300個 HK$5〜、副見出し：人気商品・無料デザイン。ラベル外の画面内に他の文字・乱码・透かし・ブランド名・複数ラベル一切禁止。 前景：クラフト紙箱印刷300個、包装盒に実際のユーザー情報が含まれ、蓋が少し開いて内装または製品が見える、プロ4色印刷鮮やかな色彩。背景：ぼかした香港の地元工場の発送エリアやEC梱包テーブル、暖かい黄色の工業用照明。 製品が画面の75%-85%を占める、素材と職人技のディテールが高精細。すべての文字が正確に表示されること。製品には実際のユーザー情報が含まれている必要がある：包装盒に実際の製品情報が印刷されている：ブランド名「ZprintPro」、製品名「精選茶葉禮盒」、成分表、内容量「200g」、製造日、バーコードとエコラベル、精巧なデザイン",zprintpro-packaging-kraft-paper-packaging-box-zh-hk.jpg,zprintpro-packaging-kraft-paper-packaging-box-en.jpg,zprintpro-packaging-kraft-paper-packaging-box-ja.jpg,"香港牛皮紙盒印刷定制印刷 HK$5-30/個 起｜環保牛皮紙盒，適合食品、茶葉、手工皂包裝。可印刷L｜ZprintPro智印港","Kraft Paper Packaging Box Printing Hong Kong HK$5-30/個｜Eco-friendly kraft paper boxes for ｜ZprintPro","香港クラフト紙箱印刷 HK$5-30/個｜環境に優しいクラフト紙箱。食品、お茶、手作り石鹸の｜ZprintPro",香港本地工厂发货区或电商打包台,電商/品牌/食品,FSC環保認證材質
PKG-010,drawer-slide-gift-box,packaging,抽屜禮盒滑軌盒印刷,Drawer Slide Gift Box,引き出し式ギフトボックス,HK$12-60/個,FALSE,TRUE,200,抽屜禮盒滑軌盒印刷｜200個 HK$12起,新品上市・免費設計,Drawer Slide Gift Box｜From HK$12,New Arrival · Free Design,引き出し式ギフトボックス｜200個 HK$12〜,新発売・無料デザイン,"1:1比例，8K超高清电商主图。右上角固定放置单一枚大红色(#DC2626)底色、白色粗体字(PingFang HK Bold)、白色3px描边的爆炸促销标签。标签主标题：抽屜禮盒滑軌盒印刷｜200個 HK$12起，副标题：新品上市・免費設計。标签外画面内绝对不出现任何其他文字、乱码、水印、品牌名、多标签。 前景为200个抽屜禮盒滑軌盒印刷，包装盒上有实际用户信息内容，盒盖微开露出内衬或产品，專業四色印刷色彩鮮豔。背景虚化香港本地工厂发货区或电商打包台，暖黄工业灯光。 产品占画面75%-85%，材质和工艺细节高清呈现。所有中文字符必须笔画完整准确，英文单词拼写正确、无粘连、无乱码。產品上必須有实际用户信息内容：包裝盒印有真实產品信息：品牌名「ZprintPro」、產品名「精選茶葉禮盒」、成分表、淨含量「200g」、生產日期、條碼和環保標誌，設計精美","1:1 ratio, 8K ultra-high-definition e-commerce hero image. Top-right single burst label with deep red (#DC2626) background, white bold text (Inter Bold), white 3px stroke. Label main: Drawer Slide Gift Box｜From HK$12, sub: New Arrival · Free Design. Absolutely no other text, gibberish, watermarks, brand names, or multiple labels anywhere else in the image. Foreground: 200 Drawer Slide Gift Box, boxes with real user info content, lid slightly open revealing inner lining or product, professional 4-color printing vibrant colors. Background: blurred Hong Kong local factory dispatch area or e-commerce packing table, warm yellow industrial light. Product occupies 75%-85% of frame, material and craftsmanship details in high definition. All English words must be spelled correctly, no粘连, no gibberish. Products must display real user info content: Boxes display real product info: brand ""ZprintPro"", product name ""Premium Tea Gift Box"", ingredient list, net weight ""200g"", production date, barcode and eco label, exquisite design","1:1比率、8K超高清Eコマースメイン画像。右上に単一の赤色(#DC2626)背景、白太字(Hiragino Sans W6)、白3px縁取りのバーストラベル。ラベル主見出し：引き出し式ギフトボックス｜200個 HK$12〜、副見出し：新発売・無料デザイン。ラベル外の画面内に他の文字・乱码・透かし・ブランド名・複数ラベル一切禁止。 前景：引き出し式ギフトボックス200個、包装盒に実際のユーザー情報が含まれ、蓋が少し開いて内装または製品が見える、プロ4色印刷鮮やかな色彩。背景：ぼかした香港の地元工場の発送エリアやEC梱包テーブル、暖かい黄色の工業用照明。 製品が画面の75%-85%を占める、素材と職人技のディテールが高精細。すべての文字が正確に表示されること。製品には実際のユーザー情報が含まれている必要がある：包装盒に実際の製品情報が印刷されている：ブランド名「ZprintPro」、製品名「精選茶葉禮盒」、成分表、内容量「200g」、製造日、バーコードとエコラベル、精巧なデザイン",zprintpro-packaging-drawer-slide-gift-box-zh-hk.jpg,zprintpro-packaging-drawer-slide-gift-box-en.jpg,zprintpro-packaging-drawer-slide-gift-box-ja.jpg,"香港抽屜禮盒滑軌盒印刷印刷 HK$12-60/個 起｜精緻抽屜式禮盒，絲帶拉手設計。適合茶葉、月餅、珠寶｜ZprintPro智印港","Drawer Slide Gift Box Printing Hong Kong HK$12-60/個｜Exquisite drawer-style gift boxes w｜ZprintPro","香港引き出し式ギフトボックス HK$12-60/個｜精巧な引き出し式ギフトボックス。リボン引手付き。お｜ZprintPro",香港本地工厂发货区或电商打包台,電商/品牌/食品,專業四色印刷色彩鮮豔
ST-009,fruit-food-label-stickers,stickers,水果貼紙食品標籤印刷,Fruit & Food Label Stickers,フルーツ・食品ラベルシール,HK$0.22-1.20/張,TRUE,TRUE,500,水果貼紙食品標籤印刷｜500張 HK$0.22起,熱賣中・免費設計,Fruit & Food Label Stickers｜From HK$0.22,Hot Sale · Free Design,フルーツ・食品ラベルシール｜500枚 HK$0.22〜,人気商品・無料デザイン,"1:1比例，8K超高清电商主图。右上角固定放置单一枚大红色(#DC2626)底色、白色粗体字(PingFang HK Bold)、白色3px描边的爆炸促销标签。标签主标题：水果貼紙食品標籤印刷｜500張 HK$0.22起，副标题：熱賣中・免費設計。标签外画面内绝对不出现任何其他文字、乱码、水印、品牌名、多标签。 前景为水果貼紙食品標籤印刷贴在牛皮纸包裹和玻璃瓶上，貼紙上有实际用户信息内容，防水材質耐用可靠效果真实呈现，边缘细节高清。背景虚化手作工作室桌面，自然柔光暖米调。 产品占画面75%-85%，材质和工艺细节高清呈现。所有中文字符必须笔画完整准确，英文单词拼写正确、无粘连、无乱码。產品上必須有实际用户信息内容：貼紙上印有真实品牌信息：品牌名「ZprintPro」、Logo圖案、產品標籤「有機蜂蜜 250g」、條碼和生產日期，字體清晰不模糊","1:1 ratio, 8K ultra-high-definition e-commerce hero image. Top-right single burst label with deep red (#DC2626) background, white bold text (Inter Bold), white 3px stroke. Label main: Fruit & Food Label Stickers｜From HK$0.22, sub: Hot Sale · Free Design. Absolutely no other text, gibberish, watermarks, brand names, or multiple labels anywhere else in the image. Foreground: Fruit & Food Label Stickers applied on kraft paper parcel and glass bottle, stickers with real user info content, professional 4-color printing vibrant colors effect realistically shown, edge details in high definition. Background: blurred craft studio desk, natural soft warm beige light. Product occupies 75%-85% of frame, material and craftsmanship details in high definition. All English words must be spelled correctly, no粘连, no gibberish. Products must display real user info content: Stickers display real brand info: brand name ""ZprintPro"", logo graphic, product label ""Organic Honey 250g"", barcode and production date, crisp clear text","1:1比率、8K超高清Eコマースメイン画像。右上に単一の赤色(#DC2626)背景、白太字(Hiragino Sans W6)、白3px縁取りのバーストラベル。ラベル主見出し：フルーツ・食品ラベルシール｜500枚 HK$0.22〜、副見出し：人気商品・無料デザイン。ラベル外の画面内に他の文字・乱码・透かし・ブランド名・複数ラベル一切禁止。 前景：クラフト紙の小包とガラス瓶に貼られたフルーツ・食品ラベルシール、ステッカーに実際のユーザー情報が含まれ、プロ4色印刷鮮やかな色彩効果がリアルに表現され、縁のディテールが鮮明。背景：ぼかした手作りスタジオの机、自然な柔らかい暖かいベージュの光。 製品が画面の75%-85%を占める、素材と職人技のディテールが高精細。すべての文字が正確に表示されること。製品には実際のユーザー情報が含まれている必要がある：ステッカーに実際のブランド情報が印刷されている：ブランド名「ZprintPro」、ロゴグラフィック、製品ラベル「有機蜂蜜 250g」、バーコードと製造日、鮮明で読みやすい文字",zprintpro-stickers-fruit-food-label-stickers-zh-hk.jpg,zprintpro-stickers-fruit-food-label-stickers-en.jpg,zprintpro-stickers-fruit-food-label-stickers-ja.jpg,"香港水果貼紙食品標籤印刷印刷 HK$0.22-1.20/張 起｜防水防油的水果貼紙和食品標籤，適合生鮮、烘焙、飲料｜ZprintPro智印港","Fruit & Food Label Stickers Printing Hong Kong HK$0.22-1.20/張｜Waterproof and oil-resistant fruit ｜ZprintPro","香港フルーツ・食品ラベルシール HK$0.22-1.20/張｜耐水耐油のフルーツシールと食品ラベル。生鮮食品、ベ｜ZprintPro",手作工作室桌面,品牌/電商/手作,防水材質耐用可靠
