产品名称(ZH)	产品名称(EN)	产品名称(JA)	Slug	权重分	SEO标题(ZH)	SEO标题(EN)	SEO标题(JA)	SEO关键词(ZH)	SEO关键词(EN)	SEO关键词(JA)	SEO描述(ZH)	SEO描述(EN)	SEO描述(JA)	H1标题(ZH)	H1标题(EN)	H1标题(JA)	正文内容优化(ZH)	正文内容优化(EN)	正文内容优化(JA)	FAQ问题1(ZH)	FAQ答案1(ZH)	FAQ问题2(ZH)	FAQ答案2(ZH)	FAQ问题3(ZH)	FAQ答案3(ZH)	图片文件名建议	图片Alt标签(ZH)	图片Alt标签(EN)	图片Alt标签(JA)	内部链接建议
防水貼紙	Waterproof Stickers	防水ステッカー	waterproof-stickers	50	防水貼紙 | 防水 PVC 異形切割 | 10個起 HK$0.22起 | 智印港	Custom Waterproof Stickers | Free US Ship | ZprintPro	防水ステッカー | PVC ダイカット | 10枚〜¥41〜 | ZprintPro	防水貼紙,防水 貼紙 印刷,防水 pvc 貼紙,貼紙印刷,不干膠印刷,透明貼紙,異形貼紙,標籤貼紙,定制貼紙,小批量貼紙,防水不干膠,卷筒標籤,1000張貼紙,100張貼紙,A4貼紙,Etsy貼紙,FDA貼紙,QR Code 貼紙,expiry date 貼紙,不殘膠,不留膠,可掃描貼紙,可移除貼紙,圓形貼紙,婚禮貼紙,學生貼紙,客製貼紙,成分標示,成分標示貼紙,標籤貼紙印刷,活動互動,物流追蹤,玻璃貼紙,生日貼紙,經濟貼紙,迎賓牌貼紙,透明貼紙印刷,防水標籤,食品級貼紙,高透貼紙	waterproof stickers,custom waterproof stickers,waterproof sticker printing,vinyl stickers waterproof,die cut stickers outdoor,PVC stickers durable,waterproof stickers free shipping,bulk waterproof stickers,stickers USD,bespoke stickers UK,sticker printing,custom stickers,vinyl stickers,die-cut stickers,transparent stickers,removable stickers,bulk stickers,label printing,product stickers,1000 stickers,A4 sticker,Etsy sticker,QR code sticker,expiry date sticker,no residue,scannable sticker,removable sticker,round sticker,wedding sticker,student sticker,custom sticker,ingredient label,ingredient label sticker,label sticker printing,event interaction,logistics tracking,glass sticker,birthday sticker,die-cut sticker,economy sticker,welcome sign sticker,transparent sticker printing,food-grade sticker,high-transparent sticker,pet food label,pet brand label,custom pet label,pet portrait,pet memorial,pet lover gift,dog mom gift,cat dad gift,pet treat label	防水ステッカー,防水ステッカー 印刷,waterproof stickers,ステッカー印刷,オリジナルステッカー,小ロットステッカー,ダイカットステッカー,透明ステッカー,商品ラベル,カスタムステッカー,剥がせるステッカー,ロゴステッカー,1000枚ステッカー,A4 ステッカー,Etsy ステッカー,QR コードステッカー,賞味期限ステッカー,ノーリボン残留,残留なし,スキャン可能ステッカー,円形ステッカー,ウェディングステッカー,学生ステッカー,成分表示,成分表示ステッカー,ラベルステッカー印刷,イベント双方向,物流追跡,ガラスステッカー,誕生日ステッカー,エコノミーステッカー,ウェルカムステッカー,透明ステッカー印刷,食品グレードステッカー,高透明ステッカー	防水貼紙/防水貼紙 100 張起。採用 防水 PVC/銅版紙/透明料 高品質材質，支援 圓/方/異形 多種規格，提供 4 色 CMYK 全彩印刷、logo 圖案自由設計。3-5 個工作天交貨，港九新界免費速遞，順豐速遞上門。專業團隊、價格透明，企業活動、店舖推廣首選。	Waterproof Stickers custom printing, PVC UV-resistant material. Free design mockup, 100 MOQ, Free Shipping $99+. 4-day USA delivery for DTC brands. | ZprintPro	防水ステッカーの防水ステッカーは ZprintPro にお任せ。防水 PVC/コート/透明 高品質用紙、丸/角/型抜き 各種対応。4色 CMYK 印刷、デザイン自由。100枚〜、3-5営業日で全国配送。30秒無料見積もり、深夜対応OK。自社工場直結の安心感。	防水貼紙 | PVC/PP合成紙 異形切割	Waterproof Stickers | Outdoor PVC | ZprintPro	高品質・短納期・グローバル配送。ZprintPro がプロフェッショナル印刷サービスを提供。	防水貼紙是產品標籤和戶外廣告的首選。採用合成紙或PET材質配合防水膠水，即使浸泡雨水、接觸油污、曝曬紫外線也不會褪色或脫落。在香港潮濕的氣候中，防水貼紙尤為重要。智印港使用進口日本合成紙，配合特製膠水，即使放置在冰箱、浴室或戶外環境中，也能保持粘性和色彩鮮豔度。支持印刷即日速遞送貨。	Waterproof stickers are the top choice for product labels and outdoor advertising. Made with synthetic paper or PET material and waterproof adhesive, they withstand rain, oil, and UV exposure. ZprintPro uses imported Japanese synthetic paper with specially formulated adhesive. Same-day rush delivery available.	防水ステッカーは製品ラベルや屋外広告の首选です。合成紙やPET素材に防水粘着剤を使用し、雨水、油、紫外線にも耐えます。ZprintProは輸入の日本製合成紙と特製粘着剤を使用。急行・即日配送も対応します。	防水貼紙真的可以泡水嗎？	是的。我們的防水貼紙採用合成紙配合防水膠水，可以承受短時間浸泡。適合冰箱、浴室等潮濕環境。	防水貼紙的最小訂購量是多少？	一般為100張起訂。部分特殊工藝需500張起。	防水貼紙可以模切成任意形狀嗎？	可以。我們支持圓形、方形、異形等各種模切形狀，甚至複雜鏤空設計。	hk-printing-waterproof-stickers.jpg	PVC waterproof stickers with excellent water	Custom Waterproof Stickers for pet food and brand labels — ZprintPro	 and abrasion resistance. Perfect for outdoor use	貼紙→/product/waterproof-stickers/ | 即日印刷→/product/same-day-flyers/ | 聯繫我們→/contact/
透明貼紙	Transparent Stickers	透明ステッカー	transparent-stickers	50	透明貼紙 | 防水 PVC 異形切割 | 10個起 HK$0.38起 | 智印港	Custom Transparent Stickers | Free US Ship | ZprintPro	透明ステッカー | 防水 PVC | 10枚〜 ¥51〜 | ZprintPro	透明貼紙,透明貼,貼紙印刷,不干膠印刷,防水貼紙,異形貼紙,標籤貼紙,定制貼紙,小批量貼紙,防水不干膠,卷筒標籤,1000張貼紙,100張貼紙,A4貼紙,Etsy貼紙,FDA貼紙,QR Code 貼紙,expiry date 貼紙,不殘膠,不留膠,可掃描貼紙,可移除貼紙,圓形貼紙,婚禮貼紙,學生貼紙,客製貼紙,成分標示,成分標示貼紙,標籤貼紙印刷,活動互動,物流追蹤,玻璃貼紙,生日貼紙,經濟貼紙,迎賓牌貼紙,透明貼紙印刷,防水標籤,食品級貼紙,高透貼紙	transparent stickers,custom transparent stickers,transparent stickers printing online,transparent stickers free shipping,transparent stickers USD,bulk transparent stickers,transparent stickers DHL,bespoke transparent stickers,transparent stickers wholesale,transparent stickers pricing,sticker printing,custom stickers,waterproof stickers,vinyl stickers,die-cut stickers,removable stickers,bulk stickers,label printing,product stickers,1000 stickers,A4 sticker,Etsy sticker,QR code sticker,expiry date sticker,no residue,scannable sticker,removable sticker,round sticker,wedding sticker,student sticker,custom sticker,ingredient label,ingredient label sticker,label sticker printing,event interaction,logistics tracking,glass sticker,birthday sticker,die-cut sticker,economy sticker,welcome sign sticker,transparent sticker printing,food-grade sticker,high-transparent sticker,pet food label,pet brand label,custom pet label,pet portrait,pet memorial,pet lover gift,dog mom gift,cat dad gift,pet treat label	透明ステッカー,透明ステッカー 印刷,transparent stickers,ステッカー印刷,防水ステッカー,オリジナルステッカー,小ロットステッカー,ダイカットステッカー,商品ラベル,カスタムステッカー,剥がせるステッカー,ロゴステッカー,1000枚ステッカー,A4 ステッカー,Etsy ステッカー,QR コードステッカー,賞味期限ステッカー,ノーリボン残留,残留なし,スキャン可能ステッカー,円形ステッカー,ウェディングステッカー,学生ステッカー,成分表示,成分表示ステッカー,ラベルステッカー印刷,イベント双方向,物流追跡,ガラスステッカー,誕生日ステッカー,エコノミーステッカー,ウェルカムステッカー,透明ステッカー印刷,食品グレードステッカー,高透明ステッカー	透明貼紙/透明貼紙 100 張起。採用 防水 PVC/銅版紙/透明料 高品質材質，支援 圓/方/異形 多種規格，提供 4 色 CMYK 全彩印刷、logo 圖案自由設計。3-5 個工作天交貨，港九新界免費速遞，順豐速遞上門。專業團隊、價格透明，企業活動、店舖推廣首選。	Transparent Stickers custom printing, clear PET material. Free design mockup, 100 MOQ, Free Shipping $99+. 4-day USA delivery for product labels. | ZprintPro	透明ステッカーの透明ステッカーは ZprintPro にお任せ。防水 PVC/コート/透明 高品質用紙、丸/角/型抜き 各種対応。4色 CMYK 印刷、デザイン自由。100枚〜、3-5営業日で全国配送。30秒無料見積もり、深夜対応OK。自社工場直結の安心感。	透明貼紙	Transparent Stickers 100+ | ZprintPro	Transparent PET material creates invisible effect when applied. Perfect for cosmetics	透明PET材質，貼合後呈現無感效果，完美展現產品本身，支持印刷即日速遞送貨。適合化妝品、食品包裝、玻璃貼飾。智印港提供專業的透明貼紙服務，採用高品質材料和先進印刷技術，確保每一件產品都達到最高標準。我們支持靈活起訂量和快速交貨，滿足香港企業的各種印刷需求。			這款貼紙的最小訂購量是多少？	一般為100張起訂，部分特殊工藝需500張起。	貼紙可以模切成任意形狀嗎？	可以。我們支持圓形、方形、異形等各種模切形狀。	貼紙的交貨時間多久？	標準3-5個工作日，急件可安排即日交貨。	hk-printing-transparent-stickers.jpg	透明貼紙 / 不干膠 | 香港透明貼紙印刷 透明 PET | 智印港	Custom Transparent Stickers for pet food and brand labels — ZprintPro	透明ステッカー / 防水 | 香港の透明ステッカー印刷 | ZprintPro	貼紙→/product/waterproof-stickers/ | 即日印刷→/product/same-day-flyers/ | 聯繫我們→/contact/
可移貼紙(無殘膠)	Removable Stickers	はがせるステッカー	removable-stickers	50	可移貼紙 | 防水 PVC 異形切割 | 10個起 HK$0.45起 | 智印港	Custom Removable Stickers | Free Ship $99+ | ZprintPro	再剥離ステッカー | 防水 PVC ダイカット | ZprintPro	可移貼紙,不殘膠貼紙,貼紙印刷,不干膠印刷,防水貼紙,透明貼紙,異形貼紙,標籤貼紙,定制貼紙,小批量貼紙,防水不干膠,卷筒標籤,1000張貼紙,100張貼紙,A4貼紙,Etsy貼紙,FDA貼紙,QR Code 貼紙,expiry date 貼紙,不殘膠,不留膠,可掃描貼紙,可移除貼紙,圓形貼紙,婚禮貼紙,學生貼紙,客製貼紙,成分標示,成分標示貼紙,標籤貼紙印刷,活動互動,物流追蹤,玻璃貼紙,生日貼紙,經濟貼紙,迎賓牌貼紙,透明貼紙印刷,防水標籤,食品級貼紙,高透貼紙	removable stickers,no residue stickers,repositionable stickers,window decals removable,wall stickers removable,temporary stickers,rental equipment tags,removable adhesive labels,stickers free shipping,bulk removable stickers,sticker printing,custom stickers,waterproof stickers,vinyl stickers,die-cut stickers,transparent stickers,bulk stickers,label printing,product stickers,1000 stickers,A4 sticker,Etsy sticker,QR code sticker,expiry date sticker,no residue,scannable sticker,removable sticker,round sticker,wedding sticker,student sticker,custom sticker,ingredient label,ingredient label sticker,label sticker printing,event interaction,logistics tracking,glass sticker,birthday sticker,die-cut sticker,economy sticker,welcome sign sticker,transparent sticker printing,food-grade sticker,high-transparent sticker,pet food label,pet brand label,custom pet label,pet portrait,pet memorial,pet lover gift,dog mom gift,cat dad gift,pet treat label	再剥離ステッカー,再剥離ステッカー 印刷,removable stickers,ステッカー印刷,防水ステッカー,オリジナルステッカー,小ロットステッカー,ダイカットステッカー,透明ステッカー,商品ラベル,カスタムステッカー,剥がせるステッカー,ロゴステッカー,1000枚ステッカー,A4 ステッカー,Etsy ステッカー,QR コードステッカー,賞味期限ステッカー,ノーリボン残留,残留なし,スキャン可能ステッカー,円形ステッカー,ウェディングステッカー,学生ステッカー,成分表示,成分表示ステッカー,ラベルステッカー印刷,イベント双方向,物流追跡,ガラスステッカー,誕生日ステッカー,エコノミーステッカー,ウェルカムステッカー,透明ステッカー印刷,食品グレードステッカー,高透明ステッカー	可移貼紙/不殘膠貼紙 100 張起。採用 防水 PVC/銅版紙/透明料 高品質材質，支援 圓/方/異形 多種規格，提供 4 色 CMYK 全彩印刷、logo 圖案自由設計。3-5 個工作天交貨，港九新界免費速遞，順豐速遞上門。專業團隊、價格透明，企業活動、店舖推廣首選。	Removable stickers that peel off cleanly. Vinyl or PP, repositionable adhesive. 100-MOQ, 90-day removal | Free Design | 100 MOQ | Free Shipping $99+	再剥離ステッカーの再剥離ステッカーは ZprintPro にお任せ。防水 PVC/コート/透明 高品質用紙、丸/角/型抜き 各種対応。4色 CMYK 印刷、デザイン自由。100枚〜、3-5営業日で全国配送。30秒無料見積もり、深夜対応OK。自社工場直結の安心感。	特殊背膠設計，移除後不留殘膠，保護貼附表面。適合車窗、玻璃櫥窗、短期展覽。智印港提供專業可移貼紙(無殘膠)服務，香港本地印刷，品質保證，價格透明。	Removable Stickers 100+ | No Residue | ZprintPro	高品質・短納期・グローバル配送。ZprintPro がプロフェッショナル印刷サービスを提供。	特殊背膠設計，移除後不留殘膠，保護貼附表面。適合車窗、玻璃櫥窗、短期展覽。智印港提供專業的可移貼紙(無殘膠)服務，採用高品質材料和先進印刷技術，確保每一件產品都達到最高標準。我們支持靈活起訂量和快速交貨，滿足香港企業的各種印刷需求。			這款貼紙的最小訂購量是多少？	一般為100張起訂，部分特殊工藝需500張起。	貼紙可以模切成任意形狀嗎？	可以。我們支持圓形、方形、異形等各種模切形狀。	貼紙的交貨時間多久？	標準3-5個工作日，急件可安排即日交貨。	hk-printing-removable-stickers.jpg	可移貼紙(無殘膠) / 不干膠 | 香港可移貼紙(無殘膠)印刷 PP 合成紙／PET 透明膜 | 智印港	Custom Removable Stickers for pet food and brand labels — ZprintPro	再剥離ステッカー / 防水 | 再剥離ステッカー印刷 防水PVC | ZprintPro	貼紙→/product/waterproof-stickers/ | 即日印刷→/product/same-day-flyers/ | 聯繫我們→/contact/
小批量貼紙	Small Batch Stickers	小ロットステッカー	small-batch-stickers	50	小批量貼紙 10 張起 HK$0.45 | 防水 PVC 異形切割 | 智印港	Small Batch Stickers 50 pcs from $0.045 | ZprintPro	小ロットステッカー 10 枚〜 $0.045 | 防水PVC | ZprintPro	小批量貼紙,貼紙印刷,貼紙訂製,印貼紙,不干膠印刷,防水貼紙,透明貼紙,異形貼紙,標籤貼紙,定制貼紙,防水不干膠,卷筒標籤,1000張貼紙,100張貼紙,A4貼紙,Etsy貼紙,FDA貼紙,QR Code 貼紙,expiry date 貼紙,不殘膠,不留膠,可掃描貼紙,可移除貼紙,圓形貼紙,婚禮貼紙,學生貼紙,客製貼紙,成分標示,成分標示貼紙,標籤貼紙印刷,活動互動,物流追蹤,玻璃貼紙,生日貼紙,經濟貼紙,迎賓牌貼紙,透明貼紙印刷,防水標籤,食品級貼紙,高透貼紙	small batch stickers,custom stickers small quantity,50 stickers minimum,startup stickers,indie brand stickers,creator stickers,holographic stickers,foil stickers small,stickers free shipping,bulk custom stickers,sticker printing,custom stickers,waterproof stickers,vinyl stickers,die-cut stickers,transparent stickers,removable stickers,bulk stickers,label printing,product stickers,1000 stickers,A4 sticker,Etsy sticker,QR code sticker,expiry date sticker,no residue,scannable sticker,removable sticker,round sticker,wedding sticker,student sticker,custom sticker,ingredient label,ingredient label sticker,label sticker printing,event interaction,logistics tracking,glass sticker,birthday sticker,die-cut sticker,economy sticker,welcome sign sticker,transparent sticker printing,food-grade sticker,high-transparent sticker,pet food label,pet brand label,custom pet label,pet portrait,pet memorial,pet lover gift,dog mom gift,cat dad gift,pet treat label	小ロットステッカー,小ロットステッカー 印刷,small batch stickers,ステッカー印刷,防水ステッカー,オリジナルステッカー,ダイカットステッカー,透明ステッカー,商品ラベル,カスタムステッカー,剥がせるステッカー,ロゴステッカー,1000枚ステッカー,A4 ステッカー,Etsy ステッカー,QR コードステッカー,賞味期限ステッカー,ノーリボン残留,残留なし,スキャン可能ステッカー,円形ステッカー,ウェディングステッカー,学生ステッカー,成分表示,成分表示ステッカー,ラベルステッカー印刷,イベント双方向,物流追跡,ガラスステッカー,誕生日ステッカー,エコノミーステッカー,ウェルカムステッカー,透明ステッカー印刷,食品グレードステッカー,高透明ステッカー	小批量貼紙印刷 50 張起印 HK$0.45/張, 無開版費。防水 PVC / 透明 BOPP / 銅版紙 3 大材質, 異形切割 + 燙金 + UV 表面處理。3-5 天交貨, 免費 2 小時數碼打稿, 港九新界 HK$500 免費順豐。30 秒 AI 報價, WhatsApp +86 198 8085 1334 2 小時內回覆。	Custom small batch stickers from 50 pcs at $0.045/pc. No setup fees, free 2-hour digital proof, 4-day USA delivery. Waterproof PVC / BOPP / coated paper, die-cut any shape, foil + UV finish. Free US shipping $99+. 30s AI quote, WhatsApp 2h reply.	オリジナル小ロットステッカー 50 枚〜 $0.045/枚〜。版代・型代ゼロ、2 時間無料デジタル校正、防水 PVC / BOPP 透明 / コート紙 3 素材、ダイカット + 箔押し + UV 加工。4 日米国配送, 99 ドル以上送料無料。30 秒 AI 見積もり、LINE 2 時間返信。	最低A4尺寸起印，無需大量庫存壓力。適合初創品牌、活動宣傳、個人創作。智印港提供專業小批量貼紙服務，香港本地印刷，品質保證，價格透明。	Small Batch Stickers 50+ | No Setup | ZprintPro	高品質・短納期・グローバル配送。ZprintPro がプロフェッショナル印刷サービスを提供。	最低A4尺寸起印，無需大量庫存壓力。適合初創品牌、活動宣傳、個人創作。智印港提供專業的小批量貼紙服務，採用高品質材料和先進印刷技術，確保每一件產品都達到最高標準。我們支持靈活起訂量和快速交貨，滿足香港企業的各種印刷需求。			這款貼紙的最小訂購量是多少？	一般為100張起訂，部分特殊工藝需500張起。	貼紙可以模切成任意形狀嗎？	可以。我們支持圓形、方形、異形等各種模切形狀。	貼紙的交貨時間多久？	標準3-5個工作日，急件可安排即日交貨。	hk-printing-small-batch-stickers.jpg	小批量貼紙 / 不干膠 | 香港小批量貼紙印刷 PVC 防水／PP 合成紙 | 智印港	Custom Small Batch Stickers for pet food and brand labels — ZprintPro	小ロットステッカー / ラベル印刷 | 香港の小ロットステッカー印刷 | ZprintPro	貼紙→/product/waterproof-stickers/ | 即日印刷→/product/same-day-flyers/ | 聯繫我們→/contact/
異形模切貼紙	Die-cut Stickers	型抜きステッカー	die-cut-stickers	50	異形模切貼紙 透明・模切・10起印・HK$0.58起 | 智印港	Custom Die-Cut Stickers | Free Shipping $99+ | ZprintPro	ダイカットステッカー | 防水 PVC ダイカット | ZprintPro	異形模切貼紙,貼紙印刷,貼紙訂製,異形貼紙,不干膠印刷,防水貼紙,透明貼紙,標籤貼紙,定制貼紙,小批量貼紙,防水不干膠,卷筒標籤,1000張貼紙,100張貼紙,A4貼紙,Etsy貼紙,FDA貼紙,QR Code 貼紙,expiry date 貼紙,不殘膠,不留膠,可掃描貼紙,可移除貼紙,圓形貼紙,婚禮貼紙,學生貼紙,客製貼紙,成分標示,成分標示貼紙,標籤貼紙印刷,活動互動,物流追蹤,玻璃貼紙,生日貼紙,經濟貼紙,迎賓牌貼紙,透明貼紙印刷,防水標籤,食品級貼紙,高透貼紙	die cut stickers,custom shape stickers,die cut vinyl stickers,kiss cut stickers,logo stickers custom,holographic die cut,foil die cut stickers,stickers free shipping,bulk die cut stickers,bespoke sticker shapes,sticker printing,custom stickers,waterproof stickers,vinyl stickers,die-cut stickers,transparent stickers,removable stickers,bulk stickers,label printing,product stickers,1000 stickers,A4 sticker,Etsy sticker,QR code sticker,expiry date sticker,no residue,scannable sticker,removable sticker,round sticker,wedding sticker,student sticker,custom sticker,ingredient label,ingredient label sticker,label sticker printing,event interaction,logistics tracking,glass sticker,birthday sticker,die-cut sticker,economy sticker,welcome sign sticker,transparent sticker printing,food-grade sticker,high-transparent sticker,pet food label,pet brand label,custom pet label,pet portrait,pet memorial,pet lover gift,dog mom gift,cat dad gift,pet treat label	ダイカットステッカー,ダイカットステッカー 印刷,die cut stickers,ステッカー印刷,防水ステッカー,オリジナルステッカー,小ロットステッカー,透明ステッカー,商品ラベル,カスタムステッカー,剥がせるステッカー,ロゴステッカー,1000枚ステッカー,A4 ステッカー,Etsy ステッカー,QR コードステッカー,賞味期限ステッカー,ノーリボン残留,残留なし,スキャン可能ステッカー,円形ステッカー,ウェディングステッカー,学生ステッカー,成分表示,成分表示ステッカー,ラベルステッカー印刷,イベント双方向,物流追跡,ガラスステッカー,誕生日ステッカー,エコノミーステッカー,ウェルカムステッカー,透明ステッカー印刷,食品グレードステッカー,高透明ステッカー	異形模切貼紙/貼紙印刷 100 張起。採用 防水 PVC/銅版紙/透明料 高品質材質，支援 圓/方/異形 多種規格，提供 4 色 CMYK 全彩印刷、logo 圖案自由設計。3-5 個工作天交貨，港九新界免費速遞，順豐速遞上門。專業團隊、價格透明，企業活動、店舖推廣首選。	Die-Cut Stickers custom printing, any shape cutting. Free design mockup, 100 MOQ, free shipping $99+. Fast 4-day USA delivery for creative brands. | ZprintPro	ダイカットステッカーのダイカットステッカーは ZprintPro にお任せ。防水 PVC/コート/透明 高品質用紙、丸/角/型抜き 各種対応。4色 CMYK 印刷、デザイン自由。100枚〜、3-5営業日で全国配送。30秒無料見積もり、深夜対応OK。自社工場直結の安心感。	任意形狀模切，讓創意不受限製。可切出Logo形狀、卡通形象等獨特輪廓。智印港提供專業異形模切貼紙服務，香港本地印刷，品質保證，價格透明。	Die-Cut Stickers 100+ | Custom Shape | ZprintPro	高品質・短納期・グローバル配送。ZprintPro がプロフェッショナル印刷サービスを提供。	任意形狀模切，讓創意不受限制。可切出Logo形狀、卡通形象等獨特輪廓。智印港提供專業的異形模切貼紙服務，採用高品質材料和先進印刷技術，確保每一件產品都達到最高標準。我們支持靈活起訂量和快速交貨，滿足香港企業的各種印刷需求。			這款貼紙的最小訂購量是多少？	一般為100張起訂，部分特殊工藝需500張起。	貼紙可以模切成任意形狀嗎？	可以。我們支持圓形、方形、異形等各種模切形狀。	貼紙的交貨時間多久？	標準3-5個工作日，急件可安排即日交貨。	hk-printing-die-cut-stickers.jpg	異形模切貼紙 / 不干膠 | 香港異形模切貼紙印刷 PVC／PP 合成紙／透明 PET | 智印港	Custom Die-Cut Stickers for pet food and brand labels — ZprintPro	型抜きステッカー / 防水 | 香港の型抜きステッカー印刷 | ZprintPro	貼紙→/product/waterproof-stickers/ | 即日印刷→/product/same-day-flyers/ | 聯繫我們→/contact/
燙金貼紙	Foil Stickers	箔押しステッカー	foil-stickers	50	燙金貼紙 | 防水 PVC 異形切割 | 10個起 HK$0.78起 | 智印港	Custom Foil Stickers | Free Shipping $99+ | ZprintPro	箔押しステッカー | 防水 PVC ダイカット | ZprintPro	燙金貼紙,貼紙印刷,不干膠印刷,防水貼紙,透明貼紙,異形貼紙,標籤貼紙,定制貼紙,小批量貼紙,防水不干膠,卷筒標籤,1000張貼紙,100張貼紙,A4貼紙,Etsy貼紙,FDA貼紙,QR Code 貼紙,expiry date 貼紙,不殘膠,不留膠,可掃描貼紙,可移除貼紙,圓形貼紙,婚禮貼紙,學生貼紙,客製貼紙,成分標示,成分標示貼紙,標籤貼紙印刷,活動互動,物流追蹤,玻璃貼紙,生日貼紙,經濟貼紙,迎賓牌貼紙,透明貼紙印刷,防水標籤,食品級貼紙,高透貼紙	foil stickers,gold foil stickers,silver foil stickers,rose gold foil,holographic foil stickers,metallic stickers,luxury stickers,foil labels custom,stickers free shipping,bulk foil stickers,sticker printing,custom stickers,waterproof stickers,vinyl stickers,die-cut stickers,transparent stickers,removable stickers,bulk stickers,label printing,product stickers,1000 stickers,A4 sticker,Etsy sticker,QR code sticker,expiry date sticker,no residue,scannable sticker,removable sticker,round sticker,wedding sticker,student sticker,custom sticker,ingredient label,ingredient label sticker,label sticker printing,event interaction,logistics tracking,glass sticker,birthday sticker,die-cut sticker,economy sticker,welcome sign sticker,transparent sticker printing,food-grade sticker,high-transparent sticker,pet food label,pet brand label,custom pet label,pet portrait,pet memorial,pet lover gift,dog mom gift,cat dad gift,pet treat label	箔押しステッカー,箔押しステッカー 印刷,foil stickers,ステッカー印刷,防水ステッカー,オリジナルステッカー,小ロットステッカー,ダイカットステッカー,透明ステッカー,商品ラベル,カスタムステッカー,剥がせるステッカー,ロゴステッカー,1000枚ステッカー,A4 ステッカー,Etsy ステッカー,QR コードステッカー,賞味期限ステッカー,ノーリボン残留,残留なし,スキャン可能ステッカー,円形ステッカー,ウェディングステッカー,学生ステッカー,成分表示,成分表示ステッカー,ラベルステッカー印刷,イベント双方向,物流追跡,ガラスステッカー,誕生日ステッカー,エコノミーステッカー,ウェルカムステッカー,透明ステッカー印刷,食品グレードステッカー,高透明ステッカー	燙金貼紙/燙金貼紙 100 張起。採用 防水 PVC/銅版紙/透明料 高品質材質，支援 圓/方/異形 多種規格，提供 4 色 CMYK 全彩印刷、logo 圖案自由設計。3-5 個工作天交貨，港九新界免費速遞，順豐速遞上門。專業團隊、價格透明，企業活動、店舖推廣首選。	Foil stickers with metallic shine. Gold, silver, rose gold, copper, holographic. Hot stamp foil. 100-MOQ | Free Design | 100 MOQ | Free Shipping $99+	箔押しステッカーの箔押しステッカーは ZprintPro にお任せ。防水 PVC/コート/透明 高品質用紙、丸/角/型抜き 各種対応。4色 CMYK 印刷、デザイン自由。100枚〜、3-5営業日で全国配送。30秒無料見積もり、深夜対応OK。自社工場直結の安心感。	燙金工藝，讓貼紙呈現高級質感。適合高端產品標籤、禮品包裝、VIP標識。智印港提供專業燙金貼紙服務，香港本地印刷，品質保證，價格透明。	Foil Stickers 100+ | Hot Stamp | ZprintPro	高品質・短納期・グローバル配送。ZprintPro がプロフェッショナル印刷サービスを提供。	燙金工藝，讓貼紙呈現高級質感。適合高端產品標籤、禮品包裝、VIP標識。智印港提供專業的燙金貼紙服務，採用高品質材料和先進印刷技術，確保每一件產品都達到最高標準。我們支持靈活起訂量和快速交貨，滿足香港企業的各種印刷需求。			這款貼紙的最小訂購量是多少？	一般為100張起訂，部分特殊工藝需500張起。	貼紙可以模切成任意形狀嗎？	可以。我們支持圓形、方形、異形等各種模切形狀。	貼紙的交貨時間多久？	標準3-5個工作日，急件可安排即日交貨。	hk-printing-foil-stickers.jpg	燙金貼紙 / 不干膠 | 香港燙金貼紙印刷 銅版紙／合成紙 | 智印港	Custom Foil Stickers for pet food and brand labels — ZprintPro	箔押しステッカー / 防水 | 箔押しステッカー印刷 防水PVC | ZprintPro	貼紙→/product/waterproof-stickers/ | 即日印刷→/product/same-day-flyers/ | 聯繫我們→/contact/
防偽貼紙	Security Stickers	セキュリティステッカー	security-stickers	50	防偽貼紙 | 防水 PVC 異形切割 | 10個起 HK$1.15起 | 智印港	Custom Security Stickers | Free Shipping $99+ | ZprintPro	セキュリティステッカー | 防水 PVC ダイカット | ZprintPro	防偽貼紙,貼紙印刷,不干膠印刷,防水貼紙,透明貼紙,異形貼紙,標籤貼紙,定制貼紙,小批量貼紙,防水不干膠,卷筒標籤,1000張貼紙,100張貼紙,A4貼紙,Etsy貼紙,FDA貼紙,QR Code 貼紙,expiry date 貼紙,不殘膠,不留膠,可掃描貼紙,可移除貼紙,圓形貼紙,婚禮貼紙,學生貼紙,客製貼紙,成分標示,成分標示貼紙,標籤貼紙印刷,活動互動,物流追蹤,玻璃貼紙,生日貼紙,經濟貼紙,迎賓牌貼紙,透明貼紙印刷,防水標籤,食品級貼紙,高透貼紙	security stickers,tamper evident stickers,void release labels,anti counterfeit stickers,security seals,QR code security,pharma security labels,electronics warranty seals,stickers free shipping,bulk security stickers,sticker printing,custom stickers,waterproof stickers,vinyl stickers,die-cut stickers,transparent stickers,removable stickers,bulk stickers,label printing,product stickers,1000 stickers,A4 sticker,Etsy sticker,QR code sticker,expiry date sticker,no residue,scannable sticker,removable sticker,round sticker,wedding sticker,student sticker,custom sticker,ingredient label,ingredient label sticker,label sticker printing,event interaction,logistics tracking,glass sticker,birthday sticker,die-cut sticker,economy sticker,welcome sign sticker,transparent sticker printing,food-grade sticker,high-transparent sticker,pet food label,pet brand label,custom pet label,pet portrait,pet memorial,pet lover gift,dog mom gift,cat dad gift,pet treat label	セキュリティステッカー,セキュリティステッカー 印刷,security stickers,ステッカー印刷,防水ステッカー,オリジナルステッカー,小ロットステッカー,ダイカットステッカー,透明ステッカー,商品ラベル,カスタムステッカー,剥がせるステッカー,ロゴステッカー,1000枚ステッカー,A4 ステッカー,Etsy ステッカー,QR コードステッカー,賞味期限ステッカー,ノーリボン残留,残留なし,スキャン可能ステッカー,円形ステッカー,ウェディングステッカー,学生ステッカー,成分表示,成分表示ステッカー,ラベルステッカー印刷,イベント双方向,物流追跡,ガラスステッカー,誕生日ステッカー,エコノミーステッカー,ウェルカムステッカー,透明ステッカー印刷,食品グレードステッカー,高透明ステッカー	防偽貼紙/防偽貼紙 100 張起。採用 防水 PVC/銅版紙/透明料 高品質材質，支援 圓/方/異形 多種規格，提供 4 色 CMYK 全彩印刷、logo 圖案自由設計。3-5 個工作天交貨，港九新界免費速遞，順豐速遞上門。專業團隊、價格透明，企業活動、店舖推廣首選。	Security Stickers, VOID tamper-evident material. Free Design, 100 MOQ, Free Shipping $99+. 4-day USA delivery for asset tracking. | ZprintPro	セキュリティステッカーのセキュリティステッカーは ZprintPro にお任せ。防水 PVC/コート/透明 高品質用紙、丸/角/型抜き 各種対応。4色 CMYK 印刷、デザイン自由。100枚〜、3-5営業日で全国配送。30秒無料見積もり、深夜対応OK。自社工場直結の安心感。	特殊防偽工藝，包括雷射標籤、易碎紙等，保護品牌免受假冒。智印港提供專業防偽貼紙服務，香港本地印刷，品質保證，價格透明。	Security Stickers | Anti-Counterfeit | ZprintPro	高品質・短納期・グローバル配送。ZprintPro がプロフェッショナル印刷サービスを提供。	特殊防偽工藝，包括雷射標籤、易碎紙等，保護品牌免受假冒。智印港提供專業的防偽貼紙服務，採用高品質材料和先進印刷技術，確保每一件產品都達到最高標準。我們支持靈活起訂量和快速交貨，滿足香港企業的各種印刷需求。			這款貼紙的最小訂購量是多少？	一般為100張起訂，部分特殊工藝需500張起。	貼紙可以模切成任意形狀嗎？	可以。我們支持圓形、方形、異形等各種模切形狀。	貼紙的交貨時間多久？	標準3-5個工作日，急件可安排即日交貨。	hk-printing-security-stickers.jpg	防偽貼紙 / 不干膠 | 香港防偽貼紙印刷 易碎紙／VOID／合成紙＋全息膜等（依方案） | 智印港	Custom Security Stickers for pet food and brand labels — ZprintPro	セキュリティステッカー / 防水 | セキュリティステッカー印刷 防水PVC | ZprintPro	貼紙→/product/waterproof-stickers/ | 即日印刷→/product/same-day-flyers/ | 聯繫我們→/contact/
螢光貼紙	Fluorescent Stickers	蛍光ステッカー	fluorescent-stickers	50	螢光貼紙 | 防水 PVC 異形切割 | 10個起 HK$0.52起 | 智印港	Custom Fluorescent Stickers | Free US Ship | ZprintPro	蛍光ステッカー | PVC ダイカット | 10枚〜¥60〜 | ZprintPro	螢光貼紙,貼紙印刷,不干膠印刷,防水貼紙,透明貼紙,異形貼紙,標籤貼紙,定制貼紙,小批量貼紙,防水不干膠,卷筒標籤,1000張貼紙,100張貼紙,A4貼紙,Etsy貼紙,FDA貼紙,QR Code 貼紙,expiry date 貼紙,不殘膠,不留膠,可掃描貼紙,可移除貼紙,圓形貼紙,婚禮貼紙,學生貼紙,客製貼紙,成分標示,成分標示貼紙,標籤貼紙印刷,活動互動,物流追蹤,玻璃貼紙,生日貼紙,經濟貼紙,迎賓牌貼紙,透明貼紙印刷,防水標籤,食品級貼紙,高透貼紙	fluorescent stickers,neon stickers,UV glow stickers,blacklight stickers,fluorescent pink stickers,safety stickers neon,event stickers neon,club stickers UV,stickers free shipping,bulk fluorescent stickers,sticker printing,custom stickers,waterproof stickers,vinyl stickers,die-cut stickers,transparent stickers,removable stickers,bulk stickers,label printing,product stickers,1000 stickers,A4 sticker,Etsy sticker,QR code sticker,expiry date sticker,no residue,scannable sticker,removable sticker,round sticker,wedding sticker,student sticker,custom sticker,ingredient label,ingredient label sticker,label sticker printing,event interaction,logistics tracking,glass sticker,birthday sticker,die-cut sticker,economy sticker,welcome sign sticker,transparent sticker printing,food-grade sticker,high-transparent sticker,pet food label,pet brand label,custom pet label,pet portrait,pet memorial,pet lover gift,dog mom gift,cat dad gift,pet treat label	蛍光ステッカー,蛍光ステッカー 印刷,fluorescent stickers,ステッカー印刷,防水ステッカー,オリジナルステッカー,小ロットステッカー,ダイカットステッカー,透明ステッカー,商品ラベル,カスタムステッカー,剥がせるステッカー,ロゴステッカー,1000枚ステッカー,A4 ステッカー,Etsy ステッカー,QR コードステッカー,賞味期限ステッカー,ノーリボン残留,残留なし,スキャン可能ステッカー,円形ステッカー,ウェディングステッカー,学生ステッカー,成分表示,成分表示ステッカー,ラベルステッカー印刷,イベント双方向,物流追跡,ガラスステッカー,誕生日ステッカー,エコノミーステッカー,ウェルカムステッカー,透明ステッカー印刷,食品グレードステッカー,高透明ステッカー	螢光貼紙/螢光貼紙 100 張起。採用 防水 PVC/銅版紙/透明料 高品質材質，支援 圓/方/異形 多種規格，提供 4 色 CMYK 全彩印刷、logo 圖案自由設計。3-5 個工作天交貨，港九新界免費速遞，順豐速遞上門。專業團隊、價格透明，企業活動、店舖推廣首選。	Fluorescent Stickers custom printing, UV-reactive neon colors. Free design mockup, 100 MOQ, Free Shipping $99+. 4-day USA delivery for events. | ZprintPro	蛍光ステッカーの蛍光ステッカーは ZprintPro にお任せ。防水 PVC/コート/透明 高品質用紙、丸/角/型抜き 各種対応。4色 CMYK 印刷、デザイン自由。100枚〜、3-5営業日で全国配送。30秒無料見積もり、深夜対応OK。自社工場直結の安心感。	螢光色彩，在光線下格外醒目。適合促銷標籤、安全標識、活動裝飾。智印港提供專業螢光貼紙服務，香港本地印刷，品質保證，價格透明。	Fluorescent Stickers 100+ | Neon UV | ZprintPro	高品質・短納期・グローバル配送。ZprintPro がプロフェッショナル印刷サービスを提供。	螢光色彩，在光線下格外醒目。適合促銷標籤、安全標識、活動裝飾。智印港提供專業的螢光貼紙服務，採用高品質材料和先進印刷技術，確保每一件產品都達到最高標準。我們支持靈活起訂量和快速交貨，滿足香港企業的各種印刷需求。			這款貼紙的最小訂購量是多少？	一般為100張起訂，部分特殊工藝需500張起。	貼紙可以模切成任意形狀嗎？	可以。我們支持圓形、方形、異形等各種模切形狀。	貼紙的交貨時間多久？	標準3-5個工作日，急件可安排即日交貨。	hk-printing-fluorescent-stickers.jpg	螢光貼紙 / 不干膠 | 香港螢光貼紙印刷 螢光 PVC 膜／螢光紙 | 智印港	Custom Fluorescent Stickers for pet food and brand labels — ZprintPro	蛍光ステッカー / 防水 | 香港の蛍光ステッカー印刷 | ZprintPro	貼紙→/product/waterproof-stickers/ | 即日印刷→/product/same-day-flyers/ | 聯繫我們→/contact/
牛皮紙袋	Kraft Paper Bags	クラフト紙袋	kraft-paper-bags	50	牛皮紙袋 | 100%環保 多尺寸 | 100個起 HK$8起 | 智印港	Custom Kraft Paper Bags | Free Shipping $99+ | ZprintPro	クラフト紙袋 箔押し・ラミネート・100枚〜 | ZprintPro	牛皮紙袋,紙袋印刷,紙袋訂製,印刷紙袋,手提紙袋,購物紙袋,環保紙袋,婚禮紙袋,禮品紙袋,定製LOGO紙袋,精品紙袋,白卡紙袋,100個起,100個起印,2小時取件,48小時出貨,50個起,A4文件袋,C6紙袋,C7禮品袋,HK$1.5起,HK$2起,伴手禮紙袋,保密檔案袋,免費打樣,免費設計,全港順豐直送,公司抬頭,印紙袋,可封口袋,可水洗手提袋,品牌周邊,喜糖紙袋,喜糖袋印刷,夜市袋子,婚禮手提袋,專業紙袋印刷服務,小批量紙袋,市集手提袋,帆布袋印刷,平價紙袋印刷,快速紙袋印刷,手抽袋印刷,手挽紙袋,手提袋定製,托特包定製,承重手提袋,旺角急印,檔案袋印刷,深圳聯動生產,無紡布袋印刷,燙金LOGO,燙金紙袋,燙金絲帶孔,環保袋定製,精品店紙袋,紙袋印製,紙袋工廠,紙袋製作,紙袋訂做,迷你紙袋,透明窗手抽袋,食品級袋子	kraft paper bags,custom kraft paper bags,kraft paper bags printing,eco friendly kraft bags,kraft bags with handles,brown paper bags wholesale,kraft paper bags free shipping,bulk kraft bags,kraft bags USD,bespoke paper bags,paper bag printing,shopping bags,eco bags,gift bags,custom paper bags,handle bags,white card bags,large paper bags,recycled bags,100pcs MOQ,2h pickup,48h turnaround,50pcs MOQ,free proof,free design,international express delivery,wedding paper bag,small batch paper bag,affordable paper bag,fast paper bag printing,rope handle bag,foil logo,kraft paper bag,eco paper bag,white card bag,boutique paper bag,paper bag production,paper bag factory,custom paper bag,pet food label,pet brand label,custom pet label,pet portrait,pet memorial,pet lover gift,dog mom gift,cat dad gift,pet treat label	クラフト紙袋,クラフト紙袋 印刷,kraft paper bags,紙袋印刷,ショッピングバッグ,エコバッグ,ギフトバッグ,カスタム紙袋,ハンドルバッグ,大判紙袋,再生紙バッグ,ロゴ入り紙袋,100個〜,2時間受取,48時間出荷,50個〜,無料校正,無料デザイン,DHL Express 直送,ウェディング紙袋,小ロット紙袋,低価格紙袋印刷,快速紙袋印刷,手提げ紙袋,箔押しロゴ,エコ紙袋,ホワイトカード紙袋,ブティック紙袋,紙袋製作,紙袋工場,紙袋オーダー	牛皮紙袋印刷訂製，100個起印，HK$1.8起/個。FSC環保認證紙材，多尺寸多規格，免費刀模設計，支援燙金UV局部。即日交貨，全港送貨，零售餐飲活動品牌推廣。100個起訂, 順豐本地速遞, 立即 WhatsApp 報價。智印港 15+ 年自有品牌。	Custom kraft paper bags for retail and gift shops. 120-300g kraft with cotton rope handles. 100-MOQ | Free Design | 100 MOQ	クラフト紙袋のクラフト紙袋は ZprintPro にお任せ。白カード/クラフト/コート 高品質用紙、マルチサイズ 各種対応。4色 CMYK 印刷、デザイン自由。100個〜、5-7営業日で全国配送。30秒無料見積もり、深夜対応OK。自社工場直結の安心感。	牛皮紙袋	Kraft Paper Bags 100+ | Eco-Friendly | ZprintPro	Eco-friendly kraft paper	環保牛皮紙材質，質樸自然，深受消費者喜愛，支持印刷即日速遞送貨。適合服裝店、禮品店、咖啡店。多種尺寸可選，可定制Logo印刷。智印港提供專業的牛皮紙袋服務，採用高品質材料和先進印刷技術，確保每一件產品都達到最高標準。我們支持靈活起訂量和快速交貨，滿足香港企業的各種印刷需求。			紙袋的最小訂購量是多少？	一般為100個起訂，大批量訂單價格更優惠。	可以定制紙袋的尺寸和顏色嗎？	當然可以。我們支持完全定制尺寸、顏色、手柄類型和印刷內容。	紙袋印刷的交貨時間？	標準5-7個工作日。急件可安排3日快印。	hk-printing-kraft-paper-bags.jpg	牛皮紙袋 / 環保 | 香港牛皮紙袋印刷 牛皮紙 120–200g 級（依報價） | 智印港	Custom Kraft Paper Bags for pet food and brand labels — ZprintPro	クラフト紙袋 / FSC認証 | クラフト紙袋印刷 FSC認証紙 100個〜 | ZprintPro	紙袋→/product/kraft-paper-bags/ | 即日印刷→/product/same-day-flyers/ | 聯繫我們→/contact/
白卡紙袋	White Card Bags	白カード紙袋	white-card-bags	50	白卡紙袋 | 100%環保 多尺寸 | 100個起 HK$12起 | 智印港	Custom White Card Bags | Free Shipping $99+ | ZprintPro	白カード紙袋 | エコ素材 | 100枚〜 ¥360〜 | ZprintPro	白卡紙袋,紙袋訂製,紙袋印刷,手提紙袋,購物紙袋,牛皮紙袋,環保紙袋,婚禮紙袋,禮品紙袋,定製LOGO紙袋,精品紙袋,100個起,100個起印,2小時取件,48小時出貨,50個起,A4文件袋,C6紙袋,C7禮品袋,HK$1.5起,HK$2起,伴手禮紙袋,保密檔案袋,免費打樣,免費設計,全港順豐直送,公司抬頭,印紙袋,可封口袋,可水洗手提袋,品牌周邊,喜糖紙袋,喜糖袋印刷,夜市袋子,婚禮手提袋,專業紙袋印刷服務,小批量紙袋,市集手提袋,帆布袋印刷,平價紙袋印刷,快速紙袋印刷,手抽袋印刷,手挽紙袋,手提袋定製,托特包定製,承重手提袋,旺角急印,檔案袋印刷,深圳聯動生產,無紡布袋印刷,燙金LOGO,燙金紙袋,燙金絲帶孔,環保袋定製,精品店紙袋,紙袋印製,紙袋工廠,紙袋製作,紙袋訂做,迷你紙袋,透明窗手抽袋,食品級袋子	white card bags,custom white card bags,white card bags printing online,white card bags free shipping,white card bags USD,bulk white card bags,white card bags DHL,bespoke white card bags,white card bags wholesale,white card bags pricing,paper bag printing,kraft paper bags,shopping bags,eco bags,gift bags,custom paper bags,handle bags,large paper bags,recycled bags,100pcs MOQ,2h pickup,48h turnaround,50pcs MOQ,free proof,free design,international express delivery,wedding paper bag,small batch paper bag,affordable paper bag,fast paper bag printing,rope handle bag,foil logo,kraft paper bag,eco paper bag,white card bag,boutique paper bag,paper bag production,paper bag factory,custom paper bag,pet food label,pet brand label,custom pet label,pet portrait,pet memorial,pet lover gift,dog mom gift,cat dad gift,pet treat label	白カード紙袋,白カード紙袋 印刷,white card bags,紙袋印刷,ショッピングバッグ,クラフト紙袋,エコバッグ,ギフトバッグ,カスタム紙袋,ハンドルバッグ,大判紙袋,再生紙バッグ,ロゴ入り紙袋,100個〜,2時間受取,48時間出荷,50個〜,無料校正,無料デザイン,DHL Express 直送,ウェディング紙袋,小ロット紙袋,低価格紙袋印刷,快速紙袋印刷,手提げ紙袋,箔押しロゴ,エコ紙袋,ホワイトカード紙袋,ブティック紙袋,紙袋製作,紙袋工場,紙袋オーダー	白卡紙袋/白卡紙袋 100 個起。採用 白卡/牛皮紙/銅版紙 高品質材質，支援 多尺寸 多種規格，提供 4 色 CMYK 全彩印刷、logo 圖案自由設計。5-7 個工作天交貨，港九新界免費速遞，順豐速遞上門。專業團隊、價格透明，企業活動、店舖推廣首選。	Custom white card bags from ZprintPro the US. Premium Custom, 4-color CMYK. 100-MOQ. Free US shipping over $100, DHL Express | Free Design | 100 MOQ	白カード紙袋の白カード紙袋は ZprintPro にお任せ。白カード/クラフト/コート 高品質用紙、マルチサイズ 各種対応。4色 CMYK 印刷、デザイン自由。100個〜、5-7営業日で全国配送。30秒無料見積もり、深夜対応OK。自社工場直結の安心感。	白卡紙袋	White Card Bags 100+ | Premium Custom | ZprintPro	White card paper	白卡紙材質，表面平整光滑，印刷效果佳，支持印刷即日速遞送貨。適合高端品牌、化妝品店。智印港提供專業的白卡紙袋服務，採用高品質材料和先進印刷技術，確保每一件產品都達到最高標準。我們支持靈活起訂量和快速交貨，滿足香港企業的各種印刷需求。			紙袋的最小訂購量是多少？	一般為100個起訂，大批量訂單價格更優惠。	可以定制紙袋的尺寸和顏色嗎？	當然可以。我們支持完全定制尺寸、顏色、手柄類型和印刷內容。	紙袋印刷的交貨時間？	標準5-7個工作日。急件可安排3日快印。	hk-printing-white-card-bags.jpg	白卡紙袋 / 環保 | 香港白卡紙袋印刷 白卡紙 200–300g 級（依報價） | 智印港	Custom White Card Bags for pet food and brand labels — ZprintPro	白カード紙袋 / 高耐久 | 白カード紙袋印刷 高耐久素材 100個〜 | ZprintPro	紙袋→/product/kraft-paper-bags/ | 即日印刷→/product/same-day-flyers/ | 聯繫我們→/contact/
禮品紙袋	Gift Bags	ギフト紙袋	gift-bags	50	禮品紙袋 | 100%環保 多尺寸 | 100個起 HK$20起 | 智印港	Custom Gift Paper Bags | Free Shipping $99+ | ZprintPro	ギフトバッグ 箔押し・ラミネート・100枚〜 | ZprintPro	禮品紙袋,紙袋訂製,禮盒訂製,禮物盒訂製,紙袋印刷,手提紙袋,購物紙袋,牛皮紙袋,環保紙袋,婚禮紙袋,定製LOGO紙袋,精品紙袋,白卡紙袋,100個起,100個起印,2小時取件,48小時出貨,50個起,A4文件袋,C6紙袋,C7禮品袋,HK$1.5起,HK$2起,伴手禮紙袋,保密檔案袋,免費打樣,免費設計,全港順豐直送,公司抬頭,印紙袋,可封口袋,可水洗手提袋,品牌周邊,喜糖紙袋,喜糖袋印刷,夜市袋子,婚禮手提袋,專業紙袋印刷服務,小批量紙袋,市集手提袋,帆布袋印刷,平價紙袋印刷,快速紙袋印刷,手抽袋印刷,手挽紙袋,手提袋定製,托特包定製,承重手提袋,旺角急印,檔案袋印刷,深圳聯動生產,無紡布袋印刷,燙金LOGO,燙金紙袋,燙金絲帶孔,環保袋定製,精品店紙袋,紙袋印製,紙袋工廠,紙袋製作,紙袋訂做,迷你紙袋,透明窗手抽袋,食品級袋子	gift paper bags,custom gift bags,premium gift bags,branded gift bags,ribbon handle gift bags,foil stamped gift bags,gift bags free shipping,bulk gift bags,gift bags USD,bespoke gift packaging,paper bag printing,kraft paper bags,shopping bags,eco bags,gift bags,custom paper bags,handle bags,white card bags,large paper bags,recycled bags,100pcs MOQ,2h pickup,48h turnaround,50pcs MOQ,free proof,free design,international express delivery,wedding paper bag,small batch paper bag,affordable paper bag,fast paper bag printing,rope handle bag,foil logo,kraft paper bag,eco paper bag,white card bag,boutique paper bag,paper bag production,paper bag factory,custom paper bag,pet food label,pet brand label,custom pet label,pet portrait,pet memorial,pet lover gift,dog mom gift,cat dad gift,pet treat label	ギフトバッグ,ギフトバッグ 印刷,gift bags,紙袋印刷,ショッピングバッグ,クラフト紙袋,エコバッグ,カスタム紙袋,ハンドルバッグ,大判紙袋,再生紙バッグ,ロゴ入り紙袋,100個〜,2時間受取,48時間出荷,50個〜,無料校正,無料デザイン,DHL Express 直送,ウェディング紙袋,小ロット紙袋,低価格紙袋印刷,快速紙袋印刷,手提げ紙袋,箔押しロゴ,エコ紙袋,ホワイトカード紙袋,ブティック紙袋,紙袋製作,紙袋工場,紙袋オーダー	禮品紙袋印刷訂製，100個起印，HK$3.5起/個。棉繩緞帶手挽，燙金UV壓凹工藝，支援多尺寸客製LOGO。適合品牌活動週年慶贈品，即日交貨，全港免費送貨。100張起印, 順豐本地速遞, 立即 WhatsApp 報價。智印港 15+ 年自有品牌。	Premium gift paper bags for boutiques and brands. 210-300g art card, ribbon or cotton handles, foil stamping. 100-MOQ | Free Design | 100 MOQ	ギフトバッグのギフトバッグは ZprintPro にお任せ。白カード/クラフト/コート 高品質用紙、マルチサイズ 各種対応。4色 CMYK 印刷、デザイン自由。100個〜、5-7営業日で全国配送。30秒無料見積もり、深夜対応OK。自社工場直結の安心感。	禮品紙袋	Gift Paper Bags 100+ | Premium Ribbon | ZprintPro	Exquisite design with foil stamping	精美設計，配合燙金、UV等工藝，支持印刷即日速遞送貨。送禮必備，提升禮品檔次。智印港提供專業的禮品紙袋服務，採用高品質材料和先進印刷技術，確保每一件產品都達到最高標準。我們支持靈活起訂量和快速交貨，滿足香港企業的各種印刷需求。			紙袋的最小訂購量是多少？	一般為100個起訂，大批量訂單價格更優惠。	可以定制紙袋的尺寸和顏色嗎？	當然可以。我們支持完全定制尺寸、顏色、手柄類型和印刷內容。	紙袋印刷的交貨時間？	標準5-7個工作日。急件可安排3日快印。	hk-printing-gift-bags.jpg	禮品紙袋 / 環保 | 香港禮品紙袋印刷 白卡／特種紙／珠光紙（依稿） | 智印港	Custom Gift Paper Bags for pet food and brand labels — ZprintPro	ギフト紙袋 / クラフト紙袋 ハンドル | 香港のギフト紙袋印刷 | ZprintPro	紙袋→/product/kraft-paper-bags/ | 即日印刷→/product/same-day-flyers/ | 聯繫我們→/contact/
環保紙袋	Eco Paper Bags	エコ紙袋	eco-paper-bags	50	環保紙袋 | 100%環保 多尺寸 | 100個起 HK$8起 | 智印港	Custom Eco Paper Bags | Free Shipping $99+ | ZprintPro	エコ紙袋 | エコ素材 多サイズ | 100枚〜 ¥240〜 | ZprintPro	環保紙袋,紙袋印刷,紙袋訂製,手提紙袋,購物紙袋,牛皮紙袋,婚禮紙袋,禮品紙袋,定製LOGO紙袋,精品紙袋,白卡紙袋,100個起,100個起印,2小時取件,48小時出貨,50個起,A4文件袋,C6紙袋,C7禮品袋,HK$1.5起,HK$2起,伴手禮紙袋,保密檔案袋,免費打樣,免費設計,全港順豐直送,公司抬頭,印紙袋,可封口袋,可水洗手提袋,品牌周邊,喜糖紙袋,喜糖袋印刷,夜市袋子,婚禮手提袋,專業紙袋印刷服務,小批量紙袋,市集手提袋,帆布袋印刷,平價紙袋印刷,快速紙袋印刷,手抽袋印刷,手挽紙袋,手提袋定製,托特包定製,承重手提袋,旺角急印,檔案袋印刷,深圳聯動生產,無紡布袋印刷,燙金LOGO,燙金紙袋,燙金絲帶孔,環保袋定製,精品店紙袋,紙袋印製,紙袋工廠,紙袋製作,紙袋訂做,迷你紙袋,透明窗手抽袋,食品級袋子	eco paper bags,eco friendly paper bags,recycled paper bags,FSC paper bags,sustainable gift bags,kraft paper bags eco,compostable bags,eco bags free shipping,bulk eco bags,bespoke eco packaging,paper bag printing,kraft paper bags,shopping bags,eco bags,gift bags,custom paper bags,handle bags,white card bags,large paper bags,recycled bags,100pcs MOQ,2h pickup,48h turnaround,50pcs MOQ,free proof,free design,international express delivery,wedding paper bag,small batch paper bag,affordable paper bag,fast paper bag printing,rope handle bag,foil logo,kraft paper bag,eco paper bag,white card bag,boutique paper bag,paper bag production,paper bag factory,custom paper bag,pet food label,pet brand label,custom pet label,pet portrait,pet memorial,pet lover gift,dog mom gift,cat dad gift,pet treat label	エコ紙袋,エコ紙袋 印刷,eco paper bags,紙袋印刷,ショッピングバッグ,クラフト紙袋,エコバッグ,ギフトバッグ,カスタム紙袋,ハンドルバッグ,大判紙袋,再生紙バッグ,ロゴ入り紙袋,100個〜,2時間受取,48時間出荷,50個〜,無料校正,無料デザイン,DHL Express 直送,ウェディング紙袋,小ロット紙袋,低価格紙袋印刷,快速紙袋印刷,手提げ紙袋,箔押しロゴ,ホワイトカード紙袋,ブティック紙袋,紙袋製作,紙袋工場,紙袋オーダー	環保紙袋印刷訂製，100個起印，HK$2.2起/個。FSC再生認證紙材，可完全降解，支援燙金UV印刷。適合ESG品牌碳審計、減塑徵費合規，即日交貨，全港送貨。100張起印, 順豐本地速遞, 立即 WhatsApp 報價。智印港 15+ 年自有品牌。	Eco-friendly paper bags for sustainable brands. 100% recycled or FSC kraft, soy inks, GOTS cotton. 100-MOQ | Free Design | 100 MOQ	エコ紙袋のエコ紙袋は ZprintPro にお任せ。白カード/クラフト/コート 高品質用紙、マルチサイズ 各種対応。4色 CMYK 印刷、デザイン自由。100個〜、5-7営業日で全国配送。30秒無料見積もり、深夜対応OK。自社工場直結の安心感。	FSC認證環保紙張，可持續發展。適合注重環保的品牌。智印港提供專業環保紙袋服務，香港本地印刷，品質保證，價格透明。	Eco Paper Bags 100+ | FSC Recycled | ZprintPro	高品質・短納期・グローバル配送。ZprintPro がプロフェッショナル印刷サービスを提供。	FSC認證環保紙張，可持續發展。適合注重環保的品牌。智印港提供專業的環保紙袋服務，採用高品質材料和先進印刷技術，確保每一件產品都達到最高標準。我們支持靈活起訂量和快速交貨，滿足香港企業的各種印刷需求。			紙袋的最小訂購量是多少？	一般為100個起訂，大批量訂單價格更優惠。	可以定制紙袋的尺寸和顏色嗎？	當然可以。我們支持完全定制尺寸、顏色、手柄類型和印刷內容。	紙袋印刷的交貨時間？	標準5-7個工作日。急件可安排3日快印。	hk-printing-eco-paper-bags.jpg	一般為100個起訂，大批量訂單價格更優惠。	Custom Eco Paper Bags for pet food and brand labels — ZprintPro	當然可以。我們支持完全定制尺寸、顏色、手柄類型和印刷內容。	紙袋→/product/kraft-paper-bags/ | 即日印刷→/product/same-day-flyers/ | 聯繫我們→/contact/
手挽紙袋	Handle Bags	手提げ紙袋	handle-bags	50	環保手挽袋 | 100%環保 多尺寸 | 100個起 HK$8起 | 智印港	Custom Handle Bags | Free Shipping $99+ | ZprintPro	ハンドルバッグ 箔押し・ラミネート・最安値 | ZprintPro	手挽袋,紙袋,紙袋訂製,紙袋印刷,手提紙袋,購物紙袋,牛皮紙袋,環保紙袋,婚禮紙袋,禮品紙袋,定製LOGO紙袋,精品紙袋,白卡紙袋,100個起,100個起印,2小時取件,48小時出貨,50個起,A4文件袋,C6紙袋,C7禮品袋,HK$1.5起,HK$2起,伴手禮紙袋,保密檔案袋,免費打樣,免費設計,全港順豐直送,公司抬頭,印紙袋,可封口袋,可水洗手提袋,品牌周邊,喜糖紙袋,喜糖袋印刷,夜市袋子,婚禮手提袋,專業紙袋印刷服務,小批量紙袋,市集手提袋,帆布袋印刷,平價紙袋印刷,快速紙袋印刷,手抽袋印刷,手挽紙袋,手提袋定製,托特包定製,承重手提袋,旺角急印,檔案袋印刷,深圳聯動生產,無紡布袋印刷,燙金LOGO,燙金紙袋,燙金絲帶孔,環保袋定製,精品店紙袋,紙袋印製,紙袋工廠,紙袋製作,紙袋訂做,迷你紙袋,透明窗手抽袋,食品級袋子	handle paper bags,paper bags with handles,cotton rope handle bags,custom paper bags retail,shopping paper bags,flat handle bags,paper bags free shipping,bulk paper bags,paper bags USD,bespoke shopping bags,paper bag printing,kraft paper bags,shopping bags,eco bags,gift bags,custom paper bags,handle bags,white card bags,large paper bags,recycled bags,100pcs MOQ,2h pickup,48h turnaround,50pcs MOQ,free proof,free design,international express delivery,wedding paper bag,small batch paper bag,affordable paper bag,fast paper bag printing,rope handle bag,foil logo,kraft paper bag,eco paper bag,white card bag,boutique paper bag,paper bag production,paper bag factory,custom paper bag,pet food label,pet brand label,custom pet label,pet portrait,pet memorial,pet lover gift,dog mom gift,cat dad gift,pet treat label	ハンドルバッグ,ハンドルバッグ 印刷,handle bags,紙袋印刷,ショッピングバッグ,クラフト紙袋,エコバッグ,ギフトバッグ,カスタム紙袋,大判紙袋,再生紙バッグ,ロゴ入り紙袋,100個〜,2時間受取,48時間出荷,50個〜,無料校正,無料デザイン,DHL Express 直送,ウェディング紙袋,小ロット紙袋,低価格紙袋印刷,快速紙袋印刷,手提げ紙袋,箔押しロゴ,エコ紙袋,ホワイトカード紙袋,ブティック紙袋,紙袋製作,紙袋工場,紙袋オーダー	手挽袋/紙袋 100 個起。採用 白卡/牛皮紙/銅版紙 高品質材質，支援 多尺寸 多種規格，提供 4 色 CMYK 全彩印刷、logo 圖案自由設計。5-7 個工作天交貨，港九新界免費速遞，順豐速遞上門。專業團隊、價格透明，企業活動、店舖推廣首選。	Custom handle paper bags for retail. 120-200g kraft, cotton rope or flat handles, 4-color CMYK. 100-MOQ | Free Design | 100 MOQ	ハンドルバッグのハンドルバッグは ZprintPro にお任せ。白カード/クラフト/コート 高品質用紙、マルチサイズ 各種対応。4色 CMYK 印刷、デザイン自由。100個〜、5-7営業日で全国配送。30秒無料見積もり、深夜対応OK。自社工場直結の安心感。	堅固手挽設計，承重能力強。適合購物中心、超市。智印港提供專業手挽紙袋服務，香港本地印刷，品質保證，價格透明。	Handle Paper Bags 100+ | Cotton Rope | ZprintPro	高品質・短納期・グローバル配送。ZprintPro がプロフェッショナル印刷サービスを提供。	堅固手挽設計，承重能力強。適合購物中心、超市。智印港提供專業的手挽紙袋服務，採用高品質材料和先進印刷技術，確保每一件產品都達到最高標準。我們支持靈活起訂量和快速交貨，滿足香港企業的各種印刷需求。			紙袋的最小訂購量是多少？	一般為100個起訂，大批量訂單價格更優惠。	可以定制紙袋的尺寸和顏色嗎？	當然可以。我們支持完全定制尺寸、顏色、手柄類型和印刷內容。	紙袋印刷的交貨時間？	標準5-7個工作日。急件可安排3日快印。	hk-printing-handle-bags.jpg	手挽紙袋 / 環保 | 香港手挽紙袋印刷 牛皮／白卡 | 智印港	Custom Handle Bags for pet food and brand labels — ZprintPro	ハンドルバッグ / 高耐久 | ハンドルバッグ印刷 高耐久素材 100個〜 | ZprintPro	紙袋→/product/kraft-paper-bags/ | 即日印刷→/product/same-day-flyers/ | 聯繫我們→/contact/
小號紙袋	Small Bags	小判紙袋	small-bags	50	小號紙袋 | 100%環保 多尺寸 | DHL 2-4天到貨 | 智印港	Custom Small Paper Bags | Free Shipping $99+ | ZprintPro	小型紙袋 | エコ素材 多サイズ | 1時間無料校正 | ZprintPro	小號紙袋,紙袋,紙袋訂製	small paper bags,custom small bags,small bags printing online,small bags free shipping,small bags USD,bulk small bags,small bags DHL,bespoke small bags,small bags wholesale,small bags pricing,pet food label,pet brand label,custom pet label,pet portrait,pet memorial,pet lover gift,dog mom gift,cat dad gift,pet treat label	小型紙袋,小型紙袋 印刷,small bags	小號紙袋/小號紙袋 100 個起。採用 白卡/牛皮紙/銅版紙 高品質材質，支援 多尺寸 多種規格，提供 4 色 CMYK 全彩印刷、logo 圖案自由設計。5-7 個工作天交貨，港九新界免費速遞，順豐速遞上門。專業團隊、價格透明，企業活動、店舖推廣首選。	Custom small bags from ZprintPro the US. Premium Custom, 4-color CMYK. 100-MOQ. Free US shipping over $100, DHL Express | Free Design | 100 MOQ	小型紙袋の小型紙袋は ZprintPro にお任せ。白カード/クラフト/コート 高品質用紙、マルチサイズ 各種対応。4色 CMYK 印刷、デザイン自由。100個〜、5-7営業日で全国配送。30秒無料見積もり、深夜対応OK。自社工場直結の安心感。	小巧尺寸，適合首飾、化妝品等小件商品。智印港提供專業小號紙袋服務，香港本地印刷，品質保證，價格透明。	Small Bags 100+ | Premium Custom | ZprintPro	高品質・短納期・グローバル配送。ZprintPro がプロフェッショナル印刷サービスを提供。	小巧尺寸，適合首飾、化妝品等小件商品。智印港提供專業的小號紙袋服務，採用高品質材料和先進印刷技術，確保每一件產品都達到最高標準。我們支持靈活起訂量和快速交貨，滿足香港企業的各種印刷需求。			紙袋的最小訂購量是多少？	一般為100個起訂，大批量訂單價格更優惠。	可以定制紙袋的尺寸和顏色嗎？	當然可以。我們支持完全定制尺寸、顏色、手柄類型和印刷內容。	紙袋印刷的交貨時間？	標準5-7個工作日。急件可安排3日快印。	hk-printing-small-bags.jpg	紙袋的最小訂購量是多少？	Custom Small Paper Bags for pet food and brand labels — ZprintPro	可以定制紙袋的尺寸和顏色嗎？	紙袋→/product/kraft-paper-bags/ | 即日印刷→/product/same-day-flyers/ | 聯繫我們→/contact/
大號紙袋	Large Bags	大判紙袋	large-bags	50	大號紙袋 | 100%環保 多尺寸 | 100個起 HK$15起 | 智印港	Custom Large Paper Bags | Free Shipping $99+ | ZprintPro	大型紙袋 | エコ素材 多サイズ | 100枚〜 ¥450〜 | ZprintPro	大號紙袋,紙袋批發,紙袋訂製,紙袋印刷,手提紙袋,購物紙袋,牛皮紙袋,環保紙袋,婚禮紙袋,禮品紙袋,定製LOGO紙袋,精品紙袋,白卡紙袋,100個起,100個起印,2小時取件,48小時出貨,50個起,A4文件袋,C6紙袋,C7禮品袋,HK$1.5起,HK$2起,伴手禮紙袋,保密檔案袋,免費打樣,免費設計,全港順豐直送,公司抬頭,印紙袋,可封口袋,可水洗手提袋,品牌周邊,喜糖紙袋,喜糖袋印刷,夜市袋子,婚禮手提袋,專業紙袋印刷服務,小批量紙袋,市集手提袋,帆布袋印刷,平價紙袋印刷,快速紙袋印刷,手抽袋印刷,手挽紙袋,手提袋定製,托特包定製,承重手提袋,旺角急印,檔案袋印刷,深圳聯動生產,無紡布袋印刷,燙金LOGO,燙金紙袋,燙金絲帶孔,環保袋定製,精品店紙袋,紙袋印製,紙袋工廠,紙袋製作,紙袋訂做,迷你紙袋,透明窗手抽袋,食品級袋子	large paper bags,oversized paper bags,heavy duty paper bags,apparel shopping bags,gift hamper bags,twin pack bags,large kraft bags,paper bags free shipping,bulk large bags,bespoke large packaging,paper bag printing,kraft paper bags,shopping bags,eco bags,gift bags,custom paper bags,handle bags,white card bags,recycled bags,100pcs MOQ,2h pickup,48h turnaround,50pcs MOQ,free proof,free design,international express delivery,wedding paper bag,small batch paper bag,affordable paper bag,fast paper bag printing,rope handle bag,foil logo,kraft paper bag,eco paper bag,white card bag,boutique paper bag,paper bag production,paper bag factory,custom paper bag,pet food label,pet brand label,custom pet label,pet portrait,pet memorial,pet lover gift,dog mom gift,cat dad gift,pet treat label	大型紙袋,大型紙袋 印刷,large bags,紙袋印刷,ショッピングバッグ,クラフト紙袋,エコバッグ,ギフトバッグ,カスタム紙袋,ハンドルバッグ,大判紙袋,再生紙バッグ,ロゴ入り紙袋,100個〜,2時間受取,48時間出荷,50個〜,無料校正,無料デザイン,DHL Express 直送,ウェディング紙袋,小ロット紙袋,低価格紙袋印刷,快速紙袋印刷,手提げ紙袋,箔押しロゴ,エコ紙袋,ホワイトカード紙袋,ブティック紙袋,紙袋製作,紙袋工場,紙袋オーダー	大號紙袋/大號紙袋 100 個起。採用 白卡/牛皮紙/銅版紙 高品質材質，支援 多尺寸 多種規格，提供 4 色 CMYK 全彩印刷、logo 圖案自由設計。5-7 個工作天交貨，港九新界免費速遞，順豐速遞上門。專業團隊、價格透明，企業活動、店舖推廣首選。	Large reinforced paper bags for apparel and gifts. 200-300g kraft, 12-20kg load. 100-MOQ. Free US shipping over $100, DHL Express | Free Design | 100 MOQ	大型紙袋の大型紙袋は ZprintPro にお任せ。白カード/クラフト/コート 高品質用紙、マルチサイズ 各種対応。4色 CMYK 印刷、デザイン自由。100個〜、5-7営業日で全国配送。30秒無料見積もり、深夜対応OK。自社工場直結の安心感。	加大尺寸，適合服裝、鞋類等大件商品。智印港提供專業大號紙袋服務，香港本地印刷，品質保證，價格透明。	Large Paper Bags 100+ | Heavy-Duty | ZprintPro	高品質・短納期・グローバル配送。ZprintPro がプロフェッショナル印刷サービスを提供。	加大尺寸，適合服裝、鞋類等大件商品。智印港提供專業的大號紙袋服務，採用高品質材料和先進印刷技術，確保每一件產品都達到最高標準。我們支持靈活起訂量和快速交貨，滿足香港企業的各種印刷需求。			紙袋的最小訂購量是多少？	一般為100個起訂，大批量訂單價格更優惠。	可以定制紙袋的尺寸和顏色嗎？	當然可以。我們支持完全定制尺寸、顏色、手柄類型和印刷內容。	紙袋印刷的交貨時間？	標準5-7個工作日。急件可安排3日快印。	hk-printing-large-bags.jpg	大號紙袋 / 環保 | 香港大號紙袋印刷 FSC 認證紙 | 智印港	Custom Large Paper Bags for pet food and brand labels — ZprintPro	大判紙袋 / 強化素材 | 香港の大判紙袋印刷 | ZprintPro	紙袋→/product/kraft-paper-bags/ | 即日印刷→/product/same-day-flyers/ | 聯繫我們→/contact/
A4傳單印刷	A4 Flyers	A4チラシ	a4-flyers	50	A4 傳單印刷 圓角・覆膜・10起印・HK$0.35起 | 智印港	A4 Flyer Printing | 10 MOQ | Free US Ship | ZprintPro	A4 チラシ | 両面フルカラー | 10枚〜 ¥70〜 | ZprintPro	A4 傳單印刷,傳單印刷,傳單印刷印刷,印刷公司,單張印刷,彩頁印刷,折頁印刷,A4單張,A5單張,DM單,三折頁,宣傳單設計,彩色單張,24小時快印,2小時快印,CSV快印,HK$0.5起,HK$199起,HK$1起,一對一名單,上門快印,上門收件,企業快印,個性化印刷,傳單印刷,免費排版,功課印刷,即日出貨,即日取件,即日快印,即日設計,可變數據印刷,學生快印,專屬客服,快印,快印多少錢,批量合併列印,批量文件,文件快印,旺角快印,易拉架快印,月結印刷,標籤快印,活動印刷,活動名卡,燙金證書,物流標籤快印,獎狀印刷,畢業證打印,當日出貨,發票印刷,裝訂服務,論文打印,證書快印,跨境包裝,邀請卡印刷,銅鑼灣快印,防偽紙,電商快印,香港快印	a4 flyers,custom a4 flyers,a4 flyer printing,double sided flyers,a4 flyers same day,cheap a4 flyers bulk,a4 flyers free shipping,flyers USD,real estate flyers,bespoke flyers UK,flyer printing,leaflet printing,A4 flyers,A5 flyers,custom flyers,bulk flyers,color flyers,folded flyers,promotional flyers,same day flyers,2h express print,from $0.06,free layout,same day shipping,same day pickup,same day design,foil certificate,award certificate printing,same day,security paper,custom holiday card,personalized greeting card,Mother's Day card,wedding invitation,save the date,business holiday card,photo greeting card,foil greeting card,luxury invitation card	A4 チラシ,A4 チラシ 印刷,a4 flyers,チラシ印刷,フライヤー印刷,A4チラシ,A5チラシ,折込チラシ,三つ折り,カラーチラシ,カスタムチラシ,即日チラシ,イベントチラシ,2時間急速印刷,HK$0.5〜,無料レイアウト,当日出荷,当日受取,当日デザイン,箔押し証書,表彰状印刷,偽造防止用紙	A4傳單印刷訂製，10 張起印，HK$0.3起/張。157g銅版紙雙面四色印刷，免費設計打樣。適合餐廳地產活動宣傳，48小時交貨，全港速遞免費。10 張起印, 順豐本地速遞, 立即 WhatsApp 報價。智印港 15+ 年自有品牌。	A4 flyer printing for events. 128g-300g gloss paper, double-sided CMYK. 100-MOQ, same-day 500+. Free US shipping over $100, DHL Express | Free Design | 100 MOQ	A4 チラシのA4 チラシは ZprintPro にお任せ。157g-300g コート紙 高品質用紙、A4/A5/A6/DL 各種対応。4色 CMYK 印刷、デザイン自由。100枚〜、翌日-2営業日で全国配送。30秒無料見積もり、深夜対応OK。自社工場直結の安心感。	A4傳單印刷	A4 Flyers 100+ | Same-Day CMYK | ZprintPro	Standard A4 size	標準A4尺寸，最常用的宣傳單張規格，支持印刷即日速遞送貨。157g銅版紙，四色印刷，色彩鮮豔。適合產品推廣、活動宣傳。智印港提供專業的A4宣傳單張服務，採用高品質材料和先進印刷技術，確保每一件產品都達到最高標準。我們支持靈活起訂量和快速交貨，滿足香港企業的各種印刷需求。			傳單的最小訂購量是多少？	一般為100張起訂，數碼印刷可接受50張小量。	傳單支持雙面印刷嗎？	支持。我們提供單面和雙面印刷選項，雙面印刷可充分利用空間。	傳單的交貨時間多久？	標準3-5個工作日，急件可安排即日交貨。	hk-printing-a4-flyers.jpg	A4傳單印刷 / 雙面四色 | 香港A4傳單印刷印刷 157g銅版紙或128g啞粉紙 | 智印港	A4 Flyers for holiday cards, wedding invitations — ZprintPro	A4チラシ / 両面カラー | A4チラシ印刷 両面4色 100枚〜 即日発送 | ZprintPro	傳單→/product/a4-flyers/ | 即日印刷→/product/same-day-flyers/ | 聯繫我們→/contact/
A5傳單印刷	A5 Flyers	A5チラシ	a5-flyers	50	A5 傳單印刷 圓角・覆膜・10起印・HK$0.25起 | 智印港	A5 Flyers for Holiday Cards | Free US Ship | ZprintPro	A5 チラシ | 両面フルカラー 10枚〜 ¥50〜 | ZprintPro	A5 傳單印刷,傳單印刷,傳單印刷印刷,單張印刷,彩頁印刷,折頁印刷,A4單張,A5單張,DM單,三折頁,宣傳單設計,彩色單張,24小時快印,2小時快印,CSV快印,HK$0.5起,HK$199起,HK$1起,一對一名單,上門快印,上門收件,企業快印,個性化印刷,傳單印刷,免費排版,功課印刷,即日出貨,即日取件,即日快印,即日設計,可變數據印刷,學生快印,專屬客服,快印,快印多少錢,批量合併列印,批量文件,文件快印,旺角快印,易拉架快印,月結印刷,標籤快印,活動印刷,活動名卡,燙金證書,物流標籤快印,獎狀印刷,畢業證打印,當日出貨,發票印刷,裝訂服務,論文打印,證書快印,跨境包裝,邀請卡印刷,銅鑼灣快印,防偽紙,電商快印,香港快印	a5 flyers,custom a5 flyers,a5 flyers printing online,a5 flyers free shipping,a5 flyers USD,bulk a5 flyers,a5 flyers DHL,bespoke a5 flyers,a5 flyers wholesale,a5 flyers pricing,flyer printing,leaflet printing,A4 flyers,A5 flyers,custom flyers,bulk flyers,color flyers,folded flyers,promotional flyers,same day flyers,2h express print,from $0.06,free layout,same day shipping,same day pickup,same day design,foil certificate,award certificate printing,same day,security paper,custom holiday card,personalized greeting card,Mother's Day card,wedding invitation,save the date,business holiday card,photo greeting card,foil greeting card,luxury invitation card	A5 チラシ,A5 チラシ 印刷,a5 flyers,チラシ印刷,フライヤー印刷,A4チラシ,A5チラシ,折込チラシ,三つ折り,カラーチラシ,カスタムチラシ,即日チラシ,イベントチラシ,2時間急速印刷,HK$0.5〜,無料レイアウト,当日出荷,当日受取,当日デザイン,箔押し証書,表彰状印刷,偽造防止用紙	A5傳單印刷訂製，10 張起印，HK$0.18起/張。157g銅版紙雙面四色，免費設計排版。適合餐廳地產活動宣傳，48小時交貨，全港速遞免費。10 張起印, 順豐本地速遞, 立即 WhatsApp 報價。智印港 15+ 年自有品牌。	Custom a5 flyers from ZprintPro the US. Same-Day Printing, 4-color CMYK. 100-MOQ. Free US shipping over $100, DHL Express | Free Design | 100 MOQ	A5 チラシのA5 チラシは ZprintPro にお任せ。157g-300g コート紙 高品質用紙、A4/A5/A6/DL 各種対応。4色 CMYK 印刷、デザイン自由。100枚〜、翌日-2営業日で全国配送。30秒無料見積もり、深夜対応OK。自社工場直結の安心感。	A5傳單印刷	A5 Flyers 100+ | Same-Day Printing | ZprintPro	A5 size	A5尺寸，經濟實惠，適合大量派發，支持印刷即日速遞送貨。餐飲外賣、快閃活動首選。智印港提供專業的A5宣傳單張服務，採用高品質材料和先進印刷技術，確保每一件產品都達到最高標準。我們支持靈活起訂量和快速交貨，滿足香港企業的各種印刷需求。			傳單的最小訂購量是多少？	一般為100張起訂，數碼印刷可接受50張小量。	傳單支持雙面印刷嗎？	支持。我們提供單面和雙面印刷選項，雙面印刷可充分利用空間。	傳單的交貨時間多久？	標準3-5個工作日，急件可安排即日交貨。	hk-printing-a5-flyers.jpg	A5傳單印刷 / 雙面四色 | 香港A5傳單印刷印刷 128g銅版紙或100g書紙 | 智印港	A5 Flyers for holiday cards, wedding invitations — ZprintPro	A5チラシ / 両面カラー | A5チラシ印刷 両面4色 100枚〜 即日発送 | ZprintPro	傳單→/product/a4-flyers/ | 即日印刷→/product/same-day-flyers/ | 聯繫我們→/contact/
雙面傳單印刷	Double-sided Flyers	両面チラシ	double-sided-flyers	50	雙面傳單印刷 圓角・覆膜・10起印・HK$0.40起 | 智印港	Double-Sided Flyers | Free Shipping $99+ | ZprintPro	両面カラー印刷 両面チラシ | 10枚〜 | ¥85〜 | ZprintPro	雙面傳單印刷,傳單印刷,傳單印刷印刷,單張印刷,彩頁印刷,折頁印刷,A4單張,A5單張,DM單,三折頁,宣傳單設計,彩色單張,24小時快印,2小時快印,CSV快印,HK$0.5起,HK$199起,HK$1起,一對一名單,上門快印,上門收件,企業快印,個性化印刷,傳單印刷,免費排版,功課印刷,即日出貨,即日取件,即日快印,即日設計,可變數據印刷,學生快印,專屬客服,快印,快印多少錢,批量合併列印,批量文件,文件快印,旺角快印,易拉架快印,月結印刷,標籤快印,活動印刷,活動名卡,燙金證書,物流標籤快印,獎狀印刷,畢業證打印,當日出貨,發票印刷,裝訂服務,論文打印,證書快印,跨境包裝,邀請卡印刷,銅鑼灣快印,防偽紙,電商快印,香港快印	double-sided flyers,custom double sided flyers,double sided flyers printing online,double-sided flyers free shipping,double-sided flyers USD,bulk double-sided flyers,double-sided flyers DHL,bespoke double-sided flyers,custom double-sided flyers,double sided flyers wholesale,flyer printing,leaflet printing,A4 flyers,A5 flyers,custom flyers,bulk flyers,color flyers,folded flyers,promotional flyers,same day flyers,2h express print,from $0.06,free layout,same day shipping,same day pickup,same day design,foil certificate,award certificate printing,same day,security paper,custom holiday card,personalized greeting card,Mother's Day card,wedding invitation,save the date,business holiday card,photo greeting card,foil greeting card,luxury invitation card	両面カラー印刷,両面チラシ,両面チラシ 印刷,両面フルカラー印刷,double sided flyers,チラシ印刷,フライヤー印刷,A4チラシ,A5チラシ,折込チラシ,三つ折り,カラーチラシ,カスタムチラシ,即日チラシ,イベントチラシ,2時間急速印刷,HK$0.5〜,無料レイアウト,当日出荷,当日受取,当日デザイン,箔押し証書,表彰状印刷,偽造防止用紙	雙面傳單印刷/傳單印刷 100 張起。採用 157g-300g 銅版紙 高品質材質，支援 A4/A5/A6/DL 多種規格，提供 4 色 CMYK 全彩印刷、logo 圖案自由設計。即日-2 個工作天交貨，港九新界免費速遞，順豐速遞上門。專業團隊、價格透明，企業活動、店舖推廣首選。	Custom double-sided flyers from ZprintPro the US. Same-Day Printing, 4-color CMYK. 100-MOQ. Free US shipping over $100, DHL Express | Free Design | 100 MOQ	両面カラー印刷 両面チラシは ZprintPro にお任せ。157g-300g コート紙 高品質用紙、A4/A5/A6/DL 各種対応。4色 CMYK 印刷、デザイン自由。10枚〜、翌日-2営業日で全国配送。30秒無料見積もり、深夜対応OK。自社工場直結の安心感。	雙面傳單印刷	Double-sided Flyers 100+ | ZprintPro	両面カラー印刷 両面チラシ | 100枚〜翌日発送	雙面全彩印刷，信息容量翻倍，支持印刷即日速遞送貨。正面吸引眼球，背面詳細介紹。智印港提供專業的雙面宣傳單張服務，採用高品質材料和先進印刷技術，確保每一件產品都達到最高標準。我們支持靈活起訂量和快速交貨，滿足香港企業的各種印刷需求。			傳單的最小訂購量是多少？	一般為100張起訂，數碼印刷可接受50張小量。	傳單支持雙面印刷嗎？	支持。我們提供單面和雙面印刷選項，雙面印刷可充分利用空間。	傳單的交貨時間多久？	標準3-5個工作日，急件可安排即日交貨。	hk-printing-double-sided-flyers.jpg	雙面傳單印刷 / 雙面四色 | 香港雙面傳單印刷印刷 157g銅版紙或128g啞粉紙 | 智印港	Double-Sided Flyers for holiday cards, wedding invitations — ZprintPro	両面チラシ / 両面カラー | 両面チラシ印刷 両面4色 100枚〜 即日発送 | ZprintPro	傳單→/product/a4-flyers/ | 即日印刷→/product/same-day-flyers/ | 聯繫我們→/contact/
摺疊傳單印刷	Folded Leaflets	折りたたみパンフレット	folded-leaflets	50	摺頁單張 | A4/A5 雙面四色 | 10張起 HK$0.7起 | 智印港	Folded Leaflets | Tri-Fold Design | 10 MOQ | ZprintPro	折りパンフレット | 両面フルカラー 100枚〜 | ZprintPro	摺頁單張,傳單印刷,摺頁,傳單印刷印刷,單張印刷,彩頁印刷,折頁印刷,A4單張,A5單張,DM單,三折頁,宣傳單設計,彩色單張,24小時快印,2小時快印,CSV快印,HK$0.5起,HK$199起,HK$1起,一對一名單,上門快印,上門收件,企業快印,個性化印刷,傳單印刷,免費排版,功課印刷,即日出貨,即日取件,即日快印,即日設計,可變數據印刷,學生快印,專屬客服,快印,快印多少錢,批量合併列印,批量文件,文件快印,旺角快印,易拉架快印,月結印刷,標籤快印,活動印刷,活動名卡,燙金證書,物流標籤快印,獎狀印刷,畢業證打印,當日出貨,發票印刷,裝訂服務,論文打印,證書快印,跨境包裝,邀請卡印刷,銅鑼灣快印,防偽紙,電商快印,香港快印	folded leaflets,custom folded leaflets,folded leaflets printing online,folded leaflets free shipping,folded leaflets USD,bulk folded leaflets,folded leaflets DHL,bespoke folded leaflets,folded leaflets wholesale,folded leaflets pricing,flyer printing,leaflet printing,A4 flyers,A5 flyers,custom flyers,bulk flyers,color flyers,folded flyers,promotional flyers,same day flyers,2h express print,from $0.06,free layout,same day shipping,same day pickup,same day design,foil certificate,award certificate printing,same day,security paper	折りパンフレット,折りパンフレット 印刷,folded leaflets,チラシ印刷,フライヤー印刷,A4チラシ,A5チラシ,折込チラシ,三つ折り,カラーチラシ,カスタムチラシ,即日チラシ,イベントチラシ,2時間急速印刷,HK$0.5〜,無料レイアウト,当日出荷,当日受取,当日デザイン,箔押し証書,表彰状印刷,偽造防止用紙	三摺雙摺宣傳單印刷訂製，10 張起印，HK$0.45起/張。157g-250g銅版紙，免費摺頁設計排版。適合企業簡介產品目錄活動宣傳，3-5天交貨，全港送貨。10 張起印, 順豐本地速遞, 立即 WhatsApp 報價。智印港 15+ 年自有品牌。	Custom folded leaflets from ZprintPro the US. Tri-Fold Design, 4-color CMYK. 100-MOQ. Free US shipping over $100, DHL Express | Free Design | 100 MOQ	折りパンフレットの折りパンフレットは ZprintPro にお任せ。157g-300g コート紙 高品質用紙、A4/A5/A6/DL 各種対応。4色 CMYK 印刷、デザイン自由。100枚〜、翌日-2営業日で全国配送。30秒無料見積もり、深夜対応OK。自社工場直結の安心感。	對摺或三摺設計，可展示更多信息。適合產品目錄、服務介紹。智印港提供專業摺疊傳單印刷服務，香港本地印刷，品質保證，價格透明。	Folded Leaflets 100+ | Tri-Fold Design | ZprintPro	高品質・短納期・グローバル配送。ZprintPro がプロフェッショナル印刷サービスを提供。	對摺或三摺設計，可展示更多信息。適合產品目錄、服務介紹。智印港提供專業的摺疊宣傳單張服務，採用高品質材料和先進印刷技術，確保每一件產品都達到最高標準。我們支持靈活起訂量和快速交貨，滿足香港企業的各種印刷需求。			傳單的最小訂購量是多少？	一般為100張起訂，數碼印刷可接受50張小量。	傳單支持雙面印刷嗎？	支持。我們提供單面和雙面印刷選項，雙面印刷可充分利用空間。	傳單的交貨時間多久？	標準3-5個工作日，急件可安排即日交貨。	hk-printing-folded-leaflets.jpg	一般為100張起訂，數碼印刷可接受50張小量。	Custom folded leaflets with tri-fold design, premium materials — ZprintPro	折りたたみパンフレット / A4・A5 | 香港の折りたたみパンフレット印刷 | ZprintPro	傳單→/product/a4-flyers/ | 即日印刷→/product/same-day-flyers/ | 聯繫我們→/contact/
厚紙傳單印刷	Thick Paper Flyers	厚紙チラシ	thick-paper-flyers	50	厚身單張 | A4/A5 雙面四色 | 10張起 HK$0.45起 | 智印港	Thick Paper Flyers | Free Shipping $99+ | ZprintPro	厚口チラシ | 両面フルカラー 10枚〜 ¥95〜 | ZprintPro	厚身單張,傳單印刷,傳單印刷印刷,單張印刷,彩頁印刷,折頁印刷,A4單張,A5單張,DM單,三折頁,宣傳單設計,彩色單張,24小時快印,2小時快印,CSV快印,HK$0.5起,HK$199起,HK$1起,一對一名單,上門快印,上門收件,企業快印,個性化印刷,傳單印刷,免費排版,功課印刷,即日出貨,即日取件,即日快印,即日設計,可變數據印刷,學生快印,專屬客服,快印,快印多少錢,批量合併列印,批量文件,文件快印,旺角快印,易拉架快印,月結印刷,標籤快印,活動印刷,活動名卡,燙金證書,物流標籤快印,獎狀印刷,畢業證打印,當日出貨,發票印刷,裝訂服務,論文打印,證書快印,跨境包裝,邀請卡印刷,銅鑼灣快印,防偽紙,電商快印,香港快印	thick paper flyers,custom thick paper flyers,thick paper flyers printing online,thick paper flyers free shipping,thick paper flyers USD,bulk thick paper flyers,thick paper flyers DHL,bespoke thick paper flyers,thick paper flyers wholesale,thick paper flyers pricing,flyer printing,leaflet printing,A4 flyers,A5 flyers,custom flyers,bulk flyers,color flyers,folded flyers,promotional flyers,same day flyers,2h express print,from $0.06,free layout,same day shipping,same day pickup,same day design,foil certificate,award certificate printing,same day,security paper,custom holiday card,personalized greeting card,Mother's Day card,wedding invitation,save the date,business holiday card,photo greeting card,foil greeting card,luxury invitation card	厚口チラシ,厚口チラシ 印刷,thick paper flyers,チラシ印刷,フライヤー印刷,A4チラシ,A5チラシ,折込チラシ,三つ折り,カラーチラシ,カスタムチラシ,即日チラシ,イベントチラシ,2時間急速印刷,HK$0.5〜,無料レイアウト,当日出荷,当日受取,当日デザイン,箔押し証書,表彰状印刷,偽造防止用紙	厚身單張/傳單印刷 100 張起。採用 157g-300g 銅版紙 高品質材質，支援 A4/A5/A6/DL 多種規格，提供 4 色 CMYK 全彩印刷、logo 圖案自由設計。即日-2 個工作天交貨，港九新界免費速遞，順豐速遞上門。專業團隊、價格透明，企業活動、店舖推廣首選。	Custom thick paper flyers from ZprintPro the US. Same-Day Printing, 4-color CMYK. 100-MOQ. Free US shipping over $100, DHL Express | Free Design | 100 MOQ	厚口チラシの厚口チラシは ZprintPro にお任せ。157g-300g コート紙 高品質用紙、A4/A5/A6/DL 各種対応。4色 CMYK 印刷、デザイン自由。100枚〜、翌日-2営業日で全国配送。30秒無料見積もり、深夜対応OK。自社工場直結の安心感。	200g以上厚紙，質感更佳，不易折損。適合高端產品宣傳。智印港提供專業厚紙傳單印刷服務，香港本地印刷，品質保證，價格透明。	Thick Paper Flyers 100+ | ZprintPro	高品質・短納期・グローバル配送。ZprintPro がプロフェッショナル印刷サービスを提供。	200g以上厚紙，質感更佳，不易折損。適合高端產品宣傳。智印港提供專業的厚紙宣傳單張服務，採用高品質材料和先進印刷技術，確保每一件產品都達到最高標準。我們支持靈活起訂量和快速交貨，滿足香港企業的各種印刷需求。			傳單的最小訂購量是多少？	一般為100張起訂，數碼印刷可接受50張小量。	傳單支持雙面印刷嗎？	支持。我們提供單面和雙面印刷選項，雙面印刷可充分利用空間。	傳單的交貨時間多久？	標準3-5個工作日，急件可安排即日交貨。	hk-printing-thick-paper-flyers.jpg	厚紙傳單印刷 / 雙面四色 | 香港厚紙傳單印刷印刷 200g或250g銅版紙 | 智印港	Thick Paper Flyers for holiday cards, wedding invitations — ZprintPro	厚口チラシ / 高耐久 | 厚口チラシ印刷 高耐久 100枚〜 即日発送 | ZprintPro	傳單→/product/a4-flyers/ | 即日印刷→/product/same-day-flyers/ | 聯繫我們→/contact/
即日傳單印刷	Same-day Flyers	即日チラシ	same-day-flyers	50	即日印刷 傳單 10張起 HK$1.30起 圓角・覆膜 | 智印港	Same-Day Flyer Printing from $0.16 | 10 MOQ | ZprintPro	即日チラシ印刷｜¥25〜・10枚〜・無料デザイン｜ZprintPro	即日單張,即日印刷,傳單印刷,即日速遞,傳單印刷印刷,單張印刷,彩頁印刷,折頁印刷,A4單張,A5單張,DM單,三折頁,宣傳單設計,彩色單張,24小時快印,2小時快印,CSV快印,HK$0.5起,HK$199起,HK$1起,一對一名單,上門快印,上門收件,企業快印,個性化印刷,傳單印刷,免費排版,功課印刷,即日出貨,即日取件,即日快印,即日設計,可變數據印刷,學生快印,專屬客服,快印,快印多少錢,批量合併列印,批量文件,文件快印,旺角快印,易拉架快印,月結印刷,標籤快印,活動印刷,活動名卡,燙金證書,物流標籤快印,獎狀印刷,畢業證打印,當日出貨,發票印刷,裝訂服務,論文打印,證書快印,跨境包裝,邀請卡印刷,銅鑼灣快印,防偽紙,電商快印,香港快印	same day flyers,custom same day flyers,same day flyers printing online,same-day flyers free shipping,same-day flyers USD,bulk same-day flyers,same-day flyers DHL,bespoke same-day flyers,custom same-day flyers,same day flyers wholesale,flyer printing,leaflet printing,A4 flyers,A5 flyers,custom flyers,bulk flyers,color flyers,folded flyers,promotional flyers,2h express print,from $0.06,free layout,same day shipping,same day pickup,same day design,foil certificate,award certificate printing,same day,security paper,custom holiday card,personalized greeting card,Mother's Day card,wedding invitation,save the date,business holiday card,photo greeting card,foil greeting card,luxury invitation card	即日チラシ,即日チラシ 印刷,same day flyers,チラシ印刷,フライヤー印刷,A4チラシ,A5チラシ,折込チラシ,三つ折り,カラーチラシ,カスタムチラシ,イベントチラシ,2時間急速印刷,即日チラシ 10枚〜,無料レイアウト,当日出荷,当日受取,当日デザイン,箔押し証書,表彰状印刷,偽造防止用紙	即日傳單印刷 10 張起、HK$1.30 起/張，每日 18:00 前落單即日交貨。157-300g 銅版紙全尺寸 A4/A5/A6/DL，雙面四色。免費 2 小時打稿，滿 HK$500 免費順豐。30 秒 AI 報價。	Same-day flyer printing from $0.16, 10 MOQ. 157-300gsm coated stock, A4/A5/A6/DL sizes, 4-color CMYK. Free design proof in 2 hours, DHL 2-4 day USA delivery, free shipping $99+. 30-second AI quote.	即日チラシ印刷 10 枚から、¥25〜。157-300g コート紙、A4/A5/A6/DL 対応、4 色 CMYK フルカラー。無料デザイン校正 2 時間、最短即日発送、日本全国 DHL 2-4 日配送。ISO 9001 認証品質。30 秒 AI 無料見積もり。	即日傳單印刷	Same-day Flyers 10+ | ZprintPro	即日チラシ印刷 | 最短当日発送 | ZprintPro	緊急活動首選，最快當天交貨，支持印刷即日速遞送貨。品質保證，急件不擔心。智印港提供專業的即日宣傳單張服務，採用高品質材料和先進印刷技術，確保每一件產品都達到最高標準。我們支持靈活起訂量和快速交貨，滿足香港企業的各種印刷需求。			傳單的最小訂購量是多少？	一般為100張起訂，數碼印刷可接受50張小量。	傳單支持雙面印刷嗎？	支持。我們提供單面和雙面印刷選項，雙面印刷可充分利用空間。	傳單的交貨時間多久？	標準3-5個工作日，急件可安排即日交貨。	hk-printing-same-day-flyers.jpg	即日傳單印刷 / 雙面四色 | 香港即日傳單印刷印刷 157g銅版紙 | 智印港	Same-day Flyers | A4/A5 double-sided 157gsm coated rush printing | ZprintPro	即日チラシ / 両面カラー | 即日チラシ印刷 当日仕上げ 10枚〜 | ZprintPro	傳單→/product/a4-flyers/ | 即日印刷→/product/same-day-flyers/ | 聯繫我們→/contact/
環保傳單印刷	Eco Flyers	エコチラシ	eco-flyers	50	環保傳單印刷 圓角・覆膜・10起印・HK$0.38起 | 智印港	Eco Flyers | Same-Day Printing | Free US Ship | ZprintPro	エコチラシ | 両面フルカラー 10枚〜 ¥75〜 | ZprintPro	環保傳單印刷,環保印刷,傳單印刷,傳單印刷印刷,單張印刷,彩頁印刷,折頁印刷,A4單張,A5單張,DM單,三折頁,宣傳單設計,彩色單張,24小時快印,2小時快印,CSV快印,HK$0.5起,HK$199起,HK$1起,一對一名單,上門快印,上門收件,企業快印,個性化印刷,傳單印刷,免費排版,功課印刷,即日出貨,即日取件,即日快印,即日設計,可變數據印刷,學生快印,專屬客服,快印,快印多少錢,批量合併列印,批量文件,文件快印,旺角快印,易拉架快印,月結印刷,標籤快印,活動印刷,活動名卡,燙金證書,物流標籤快印,獎狀印刷,畢業證打印,當日出貨,發票印刷,裝訂服務,論文打印,證書快印,跨境包裝,邀請卡印刷,銅鑼灣快印,防偽紙,電商快印,香港快印	eco flyers,custom eco flyers,eco flyers printing online,eco flyers free shipping,eco flyers USD,bulk eco flyers,eco flyers DHL,bespoke eco flyers,eco flyers wholesale,eco flyers pricing,flyer printing,leaflet printing,A4 flyers,A5 flyers,custom flyers,bulk flyers,color flyers,folded flyers,promotional flyers,same day flyers,2h express print,from $0.06,free layout,same day shipping,same day pickup,same day design,foil certificate,award certificate printing,same day,security paper	エコチラシ,エコチラシ 印刷,eco flyers,チラシ印刷,フライヤー印刷,A4チラシ,A5チラシ,折込チラシ,三つ折り,カラーチラシ,カスタムチラシ,即日チラシ,イベントチラシ,2時間急速印刷,HK$0.5〜,無料レイアウト,当日出荷,当日受取,当日デザイン,箔押し証書,表彰状印刷,偽造防止用紙	環保傳單印刷/環保印刷 100 張起。採用 157g-300g 銅版紙 高品質材質，支援 A4/A5/A6/DL 多種規格，提供 4 色 CMYK 全彩印刷、logo 圖案自由設計。即日-2 個工作天交貨，港九新界免費速遞，順豐速遞上門。專業團隊、價格透明，企業活動、店舖推廣首選。	Custom eco flyers from ZprintPro the US. Same-Day Printing, 4-color CMYK. 100-MOQ. Free US shipping over $100, DHL Express | Free Design | 100 MOQ	エコチラシのエコチラシは ZprintPro にお任せ。157g-300g コート紙 高品質用紙、A4/A5/A6/DL 各種対応。4色 CMYK 印刷、デザイン自由。100枚〜、翌日-2営業日で全国配送。30秒無料見積もり、深夜対応OK。自社工場直結の安心感。	環保紙張印刷，展現企業責任。適合環保主題活動。智印港提供專業環保傳單印刷服務，香港本地印刷，品質保證，價格透明。	Eco Flyers 100+ | Same-Day Printing | ZprintPro	高品質・短納期・グローバル配送。ZprintPro がプロフェッショナル印刷サービスを提供。	環保紙張印刷，展現企業責任。適合環保主題活動。智印港提供專業的環保宣傳單張服務，採用高品質材料和先進印刷技術，確保每一件產品都達到最高標準。我們支持靈活起訂量和快速交貨，滿足香港企業的各種印刷需求。			傳單的最小訂購量是多少？	一般為100張起訂，數碼印刷可接受50張小量。	傳單支持雙面印刷嗎？	支持。我們提供單面和雙面印刷選項，雙面印刷可充分利用空間。	傳單的交貨時間多久？	標準3-5個工作日，急件可安排即日交貨。	hk-printing-eco-flyers.jpg	一般為100張起訂，數碼印刷可接受50張小量。	Custom eco flyers with same-day printing, premium materials — ZprintPro	エコチラシ / A4・A5 両面 | 香港のエコチラシ印刷 | ZprintPro	傳單→/product/a4-flyers/ | 即日印刷→/product/same-day-flyers/ | 聯繫我們→/contact/
A2海報印刷	A2 Posters	A2ポスター	a2-posters	50	A2 海報印刷 420×594mm 10張起印 HK$9起 即日交貨 | 智印港	A2 Poster Printing $2.30 | Free Shipping $99+ | ZprintPro	A2 ポスター印刷｜¥300〜・10枚〜・無料デザイン｜ZprintPro	A2 海報印刷,海報印刷,a2 海報 印刷,印海報,A1海報,A2海報,戶外海報,展覽海報,大圖輸出,防水海報,門店海報,POP海報,活動海報,24小時海報印刷,2小時快印,A0海報,HK$20起,促銷海報,功課海報,即日出貨,即日海報印刷,即日設計,夜間快印,婚禮海報印刷,婚禮照片牆,婚紗海報,學生海報印刷,寫真海報,寫真海報印刷,專業海報,旺角海報,易拉架海報,活動海報印刷,海報多少錢,海報排版,海報設計印刷,燙金海報,節日裝飾,簡報海報,緊急海報,美術排版,背膠寫真,背膠海報,菜單印刷,迎賓牌印刷,銅鑼灣快印,餐飲海報印刷,高解析度海報	A2 posters,A2 poster printing,420x594 posters,event posters A2,retail posters,sale posters,A2 posters free shipping,bulk A2 posters,A2 posters USD,bespoke A2 signage,poster printing,A1 posters,outdoor posters,exhibition posters,large format printing,waterproof posters,display posters,event posters,24h poster printing,2h express print,A0 poster,A1 poster,A2 poster,promo poster,homework poster,same day shipping,same day design,wedding poster printing,wedding photo wall,wedding photo poster,student poster printing,photo poster,photo poster printing,event poster printing,poster price,poster layout,poster design printing,festival decoration,presentation poster,welcome sign printing,restaurant poster printing,custom poster printing,wall art print,gallery wall set,home decor print,nursery art,minimalist wall art,boho wall decor,art reproduction,museum quality print	A2 ポスター,A2 ポスター 印刷,a2 posters,ポスター印刷,A1ポスター,A2ポスター,屋外ポスター,展示会ポスター,大判出力,防水ポスター,イベントポスター,店舗ポスター,POPポスター,24時間ポスター印刷,2時間急速印刷,A0 ポスター,A1 ポスター,プロモポスター,宿題ポスター,当日出荷,当日デザイン,ウェディングポスター印刷,ウェディング写真ウォール,ウェディング写真ポスター,学生ポスター印刷,写真ポスター,写真ポスター印刷,イベントポスター印刷,ポスター 価格,ポスター レイアウト,ポスター デザイン印刷,祝日デコレーション,プレゼンポスター,ウェルカムボード印刷,飲食ポスター印刷	A2 海報印刷 1 張起印、HK$9 起/張，200g 銅版紙 / PP 防水合成紙，Giclée 級 1200 DPI。展覽/門店/地產推廣適用，即日打稿 2 小時。滿 HK$500 免費順豐，30 秒 AI 報價。	A2 poster printing from $2.30, 50 MOQ. 200gsm coated or waterproof PP, giclée-quality 1200 DPI. Free design mockup in 2 hours, DHL 2-4 day USA delivery, free shipping $99+. 30-second AI quote.	A2 ポスター印刷 1 枚から、¥300〜。200g コート紙 / 防水 PP 合成紙、1200 DPI 高精彩フルカラー。無料デザイン校正 2 時間、最短即日発送、日本全国 DHL 2-4 日配送。ISO 9001 認証品質。30 秒 AI 無料見積もり。	海報印刷 · A2 大幅 · 印海報 即日	A2 Posters 100+ | Retail & Events | ZprintPro	Standard A2 size	標準A2尺寸，活動宣傳、產品推廣首選，支持印刷即日速遞送貨。157g銅版紙，色彩鮮豔，即日交貨。智印港提供專業的A2海報印刷服務，採用高品質材料和先進印刷技術，確保每一件產品都達到最高標準。我們支持靈活起訂量和快速交貨，滿足香港企業的各種印刷需求。			海報的最大尺寸可以做到多大？	我們支持最大A0尺寸（841×1189mm），更大尺寸可定制拼接。	海報適合戶外使用嗎？	我們提供戶外防水防曬材質，適合長期戶外展示。	海報的交貨時間？	標準3-5個工作日。大幅面海報可能需要額外時間。	hk-printing-a2-posters.jpg	A2海報印刷 / 防水材質 | 香港A2海報印刷 157g 銅版紙（可升 200g／相紙） | 智印港	A2 Posters wall art for home decor, gallery walls — ZprintPro	A2ポスター / 防水 | A2ポスター印刷 防水紙 翌日配送 | ZprintPro	海報→/product/a2-posters/ | 即日印刷→/product/same-day-flyers/ | 聯繫我們→/contact/
A1大幅海報	A1 Large Posters	A1大型ポスター	a1-posters	50	A1 大幅海報 厚紙・1張起印・HK$45起・4小時打稿 | 智印港	A1 Posters Wall Art | Free Shipping $99+ | ZprintPro	A1 ポスター | 防水 翌日配送 | 1枚〜 ¥600〜 | ZprintPro	A1 大幅海報,海報印刷,a2 海報 印刷,印海報,A1海報,A2海報,戶外海報,展覽海報,大圖輸出,防水海報,門店海報,POP海報,活動海報,24小時海報印刷,2小時快印,A0海報,HK$20起,促銷海報,功課海報,即日出貨,即日海報印刷,即日設計,夜間快印,婚禮海報印刷,婚禮照片牆,婚紗海報,學生海報印刷,寫真海報,寫真海報印刷,專業海報,旺角海報,易拉架海報,活動海報印刷,海報多少錢,海報排版,海報設計印刷,燙金海報,節日裝飾,簡報海報,緊急海報,美術排版,背膠寫真,背膠海報,菜單印刷,迎賓牌印刷,銅鑼灣快印,餐飲海報印刷,高解析度海報	A1 posters,A1 poster printing,594x841 posters,large posters,trade show posters,movie posters A1,window posters,A1 posters free shipping,bulk A1 posters,bespoke A1 signage,poster printing,A2 posters,outdoor posters,exhibition posters,large format printing,waterproof posters,display posters,event posters,retail posters,24h poster printing,2h express print,A0 poster,A1 poster,A2 poster,promo poster,homework poster,same day shipping,same day design,wedding poster printing,wedding photo wall,wedding photo poster,student poster printing,photo poster,photo poster printing,event poster printing,poster price,poster layout,poster design printing,festival decoration,presentation poster,welcome sign printing,restaurant poster printing,custom poster printing,wall art print,gallery wall set,home decor print,nursery art,minimalist wall art,boho wall decor,art reproduction,museum quality print	A1 ポスター,A1 ポスター 印刷,a1 posters,ポスター印刷,A1ポスター,A2ポスター,屋外ポスター,展示会ポスター,大判出力,防水ポスター,イベントポスター,店舗ポスター,POPポスター,24時間ポスター印刷,2時間急速印刷,A0 ポスター,A2 ポスター,プロモポスター,宿題ポスター,当日出荷,当日デザイン,ウェディングポスター印刷,ウェディング写真ウォール,ウェディング写真ポスター,学生ポスター印刷,写真ポスター,写真ポスター印刷,イベントポスター印刷,ポスター 価格,ポスター レイアウト,ポスター デザイン印刷,祝日デコレーション,プレゼンポスター,ウェルカムボード印刷,飲食ポスター印刷	A1 大幅海報/海報印刷 1 張起。採用 157g-300g 銅版紙/PP 紙/相紙 高品質材質，支援 A1/A2/A3/A4 多種規格，提供 4 色 CMYK 全彩印刷、logo 圖案自由設計。即日-3 個工作天交貨，港九新界免費速遞，順豐速遞上門。專業團隊、價格透明，企業活動、店舖推廣首選。	A1 posters (594x841mm) for retail and trade shows, from 1 poster (no minimum order). Yupo / eco poster inkjet or photo paper, matte art paper 200-300g. Free US shipping over $100, DHL Express | Free Design	A1 ポスターのA1 ポスターは ZprintPro にお任せ。157g-300g コート紙/PP/写真用紙 高品質用紙、A1/A2/A3/A4 各種対応。4色 CMYK 印刷、デザイン自由。10枚〜、翌日-3営業日で全国配送。30秒無料見積もり、深夜対応OK。自社工場直結の安心感。	A1大幅海報	A1 Posters from 1 | Trade Show | ZprintPro	A1 large size	A1大尺寸，視覺衝擊力強，支持印刷即日速遞送貨。適合展覽、會場佈置。智印港提供專業的A1大幅海報服務，採用高品質材料和先進印刷技術，確保每一件產品都達到最高標準。我們支持靈活起訂量和快速交貨，滿足香港企業的各種印刷需求。			海報的最大尺寸可以做到多大？	我們支持最大A0尺寸（841×1189mm），更大尺寸可定制拼接。	海報適合戶外使用嗎？	我們提供戶外防水防曬材質，適合長期戶外展示。	海報的交貨時間？	標準3-5個工作日。大幅面海報可能需要額外時間。	hk-printing-a1-posters.jpg	A1大幅海報 / 防水材質 | 香港A1大幅海報印刷 157–200g 銅版或相紙 | 智印港	A1 Posters wall art for home decor, gallery walls — ZprintPro	我們支持最大A0尺寸（841×1189mm），更大尺寸可定制拼接。	海報→/product/a2-posters/ | 即日印刷→/product/same-day-flyers/ | 聯繫我們→/contact/
戶外海報	Outdoor Posters	屋外ポスター	outdoor-posters	50	戶外海報 | 防水材質 即日速遞 | 100個起 HK$16起 | 智印港	Outdoor Posters Wall Art | Free Shipping $99+ | ZprintPro	屋外ポスター 防水・ラミネート・100枚〜 | ZprintPro	戶外海報,海報印刷,A1海報,A2海報,展覽海報,大圖輸出,防水海報,門店海報,POP海報,活動海報,24小時海報印刷,2小時快印,A0海報,HK$20起,促銷海報,功課海報,即日出貨,即日海報印刷,即日設計,夜間快印,婚禮海報印刷,婚禮照片牆,婚紗海報,學生海報印刷,寫真海報,寫真海報印刷,專業海報,旺角海報,易拉架海報,活動海報印刷,海報多少錢,海報排版,海報設計印刷,燙金海報,節日裝飾,簡報海報,緊急海報,美術排版,背膠寫真,背膠海報,菜單印刷,迎賓牌印刷,銅鑼灣快印,餐飲海報印刷,高解析度海報	outdoor posters,weatherproof posters,PVC banner posters,vinyl outdoor signs,construction posters,event outdoor signage,UV resistant posters,outdoor posters free shipping,bulk outdoor posters,bespoke outdoor signage,poster printing,A1 posters,A2 posters,exhibition posters,large format printing,waterproof posters,display posters,event posters,retail posters,24h poster printing,2h express print,A0 poster,A1 poster,A2 poster,promo poster,homework poster,same day shipping,same day design,wedding poster printing,wedding photo wall,wedding photo poster,student poster printing,photo poster,photo poster printing,event poster printing,poster price,poster layout,poster design printing,festival decoration,presentation poster,welcome sign printing,restaurant poster printing,custom poster printing,wall art print,gallery wall set,home decor print,nursery art,minimalist wall art,boho wall decor,art reproduction,museum quality print	屋外ポスター,屋外ポスター 印刷,outdoor posters,ポスター印刷,A1ポスター,A2ポスター,展示会ポスター,大判出力,防水ポスター,イベントポスター,店舗ポスター,POPポスター,24時間ポスター印刷,2時間急速印刷,A0 ポスター,A1 ポスター,A2 ポスター,プロモポスター,宿題ポスター,当日出荷,当日デザイン,ウェディングポスター印刷,ウェディング写真ウォール,ウェディング写真ポスター,学生ポスター印刷,写真ポスター,写真ポスター印刷,イベントポスター印刷,ポスター 価格,ポスター レイアウト,ポスター デザイン印刷,祝日デコレーション,プレゼンポスター,ウェルカムボード印刷,飲食ポスター印刷	戶外海報/戶外海報 10 張起。採用 157g-300g 銅版紙/PP 紙/相紙 高品質材質，支援 A1/A2/A3/A4 多種規格，提供 4 色 CMYK 全彩印刷、logo 圖案自由設計。即日-3 個工作天交貨，港九新界免費速遞，順豐速遞上門。專業團隊、價格透明，企業活動、店舖推廣首選。	Outdoor posters for storefronts and events. PVC banner, vinyl, weatherproof. 50-MOQ. Free US shipping over $100, DHL Express | Free Design | 100 MOQ	屋外ポスターの屋外ポスターは ZprintPro にお任せ。157g-300g コート紙/PP/写真用紙 高品質用紙、A1/A2/A3/A4 各種対応。4色 CMYK 印刷、デザイン自由。10枚〜、翌日-3営業日で全国配送。30秒無料見積もり、深夜対応OK。自社工場直結の安心感。	戶外海報	Outdoor Posters 50+ | UV Resistant | ZprintPro	Waterproof and UV-resistant material	防水防曬材質，戶外使用不褪色，支持印刷即日速遞送貨。適合戶外廣告、建築圍板。智印港提供專業的戶外海報服務，採用高品質材料和先進印刷技術，確保每一件產品都達到最高標準。我們支持靈活起訂量和快速交貨，滿足香港企業的各種印刷需求。			海報的最大尺寸可以做到多大？	我們支持最大A0尺寸（841×1189mm），更大尺寸可定制拼接。	海報適合戶外使用嗎？	我們提供戶外防水防曬材質，適合長期戶外展示。	海報的交貨時間？	標準3-5個工作日。大幅面海報可能需要額外時間。	hk-printing-outdoor-posters.jpg	戶外海報 / 防水材質 | 香港戶外海報印刷 戶外 PVC／PET／合成紙 | 智印港	Outdoor Posters wall art for home decor, gallery walls — ZprintPro	屋外ポスター / 防水 | 屋外ポスター印刷 防水・耐光紙 翌日配送 | ZprintPro	海報→/product/a2-posters/ | 即日印刷→/product/same-day-flyers/ | 聯繫我們→/contact/
展架海報	Display Posters	展示用ポスター	display-posters	50	展架海報 | 防水材質 即日速遞 | 100個起 HK$32起 | 智印港	Display Posters Wall Art | Free Shipping $99+ | ZprintPro	ディスプレイポスター印刷 100枚〜・最安 | ZprintPro	展架海報,海報印刷,A1海報,A2海報,戶外海報,展覽海報,大圖輸出,防水海報,門店海報,POP海報,活動海報,24小時海報印刷,2小時快印,A0海報,HK$20起,促銷海報,功課海報,即日出貨,即日海報印刷,即日設計,夜間快印,婚禮海報印刷,婚禮照片牆,婚紗海報,學生海報印刷,寫真海報,寫真海報印刷,專業海報,旺角海報,易拉架海報,活動海報印刷,海報多少錢,海報排版,海報設計印刷,燙金海報,節日裝飾,簡報海報,緊急海報,美術排版,背膠寫真,背膠海報,菜單印刷,迎賓牌印刷,銅鑼灣快印,餐飲海報印刷,高解析度海報	display posters,foam board posters,gator board prints,trade show posters,retail display posters,event booth signs,mounted posters,display posters free shipping,bulk display posters,bespoke display signs,poster printing,A1 posters,A2 posters,outdoor posters,exhibition posters,large format printing,waterproof posters,event posters,retail posters,24h poster printing,2h express print,A0 poster,A1 poster,A2 poster,promo poster,homework poster,same day shipping,same day design,wedding poster printing,wedding photo wall,wedding photo poster,student poster printing,photo poster,photo poster printing,event poster printing,poster price,poster layout,poster design printing,festival decoration,presentation poster,welcome sign printing,restaurant poster printing,custom poster printing,wall art print,gallery wall set,home decor print,nursery art,minimalist wall art,boho wall decor,art reproduction,museum quality print	ディスプレイポスター,ディスプレイポスター 印刷,display posters,ポスター印刷,A1ポスター,A2ポスター,屋外ポスター,展示会ポスター,大判出力,防水ポスター,イベントポスター,店舗ポスター,POPポスター,24時間ポスター印刷,2時間急速印刷,A0 ポスター,A1 ポスター,A2 ポスター,プロモポスター,宿題ポスター,当日出荷,当日デザイン,ウェディングポスター印刷,ウェディング写真ウォール,ウェディング写真ポスター,学生ポスター印刷,写真ポスター,写真ポスター印刷,イベントポスター印刷,ポスター 価格,ポスター レイアウト,ポスター デザイン印刷,祝日デコレーション,プレゼンポスター,ウェルカムボード印刷,飲食ポスター印刷	展架海報/海報印刷 10 張起。採用 157g-300g 銅版紙/PP 紙/相紙 高品質材質，支援 A1/A2/A3/A4 多種規格，提供 4 色 CMYK 全彩印刷、logo 圖案自由設計。即日-3 個工作天交貨，港九新界免費速遞，順豐速遞上門。專業團隊、價格透明，企業活動、店舖推廣首選。	Display posters on foam board or gator board for trade shows. 50-MOQ. Free US shipping over $100, DHL Express | Free Design | 100 MOQ	ディスプレイポスターのディスプレイポスターは ZprintPro にお任せ。157g-300g コート紙/PP/写真用紙 高品質用紙、A1/A2/A3/A4 各種対応。4色 CMYK 印刷、デザイン自由。10枚〜、翌日-3営業日で全国配送。30秒無料見積もり、深夜対応OK。自社工場直結の安心感。	配合X展架或易拉寶使用，便攜易裝。展會、路演必備。智印港提供專業展架海報服務，香港本地印刷，品質保證，價格透明。	Display Posters 50+ | Foam & Gator | ZprintPro	高品質・短納期・グローバル配送。ZprintPro がプロフェッショナル印刷サービスを提供。	配合X展架或易拉寶使用，便攜易裝。展會、路演必備。智印港提供專業的展架海報服務，採用高品質材料和先進印刷技術，確保每一件產品都達到最高標準。我們支持靈活起訂量和快速交貨，滿足香港企業的各種印刷需求。			海報的最大尺寸可以做到多大？	我們支持最大A0尺寸（841×1189mm），更大尺寸可定制拼接。	海報適合戶外使用嗎？	我們提供戶外防水防曬材質，適合長期戶外展示。	海報的交貨時間？	標準3-5個工作日。大幅面海報可能需要額外時間。	hk-printing-display-posters.jpg	我們支持最大A0尺寸（841×1189mm），更大尺寸可定制拼接。	Display Posters wall art for home decor, gallery walls — ZprintPro	我們提供戶外防水防曬材質，適合長期戶外展示。	海報→/product/a2-posters/ | 即日印刷→/product/same-day-flyers/ | 聯繫我們→/contact/
藝術海報	Art Posters	アートポスター	art-posters	50	藝術海報 | 防水材質 即日速遞 | 1個起 HK$26起 | 智印港	Art Posters Wall Art | Free Shipping $99+ | ZprintPro	アートポスター 100枚〜・最安値・無料校正 | ZprintPro	藝術海報,海報印刷,印poster,A1海報,A2海報,戶外海報,展覽海報,大圖輸出,防水海報,門店海報,POP海報,活動海報,24小時海報印刷,2小時快印,A0海報,HK$20起,促銷海報,功課海報,即日出貨,即日海報印刷,即日設計,夜間快印,婚禮海報印刷,婚禮照片牆,婚紗海報,學生海報印刷,寫真海報,寫真海報印刷,專業海報,旺角海報,易拉架海報,活動海報印刷,海報多少錢,海報排版,海報設計印刷,燙金海報,節日裝飾,簡報海報,緊急海報,美術排版,背膠寫真,背膠海報,菜單印刷,迎賓牌印刷,銅鑼灣快印,餐飲海報印刷,高解析度海報	art posters,museum quality prints,archival posters,fine art prints,photography prints,gallery posters,limited edition prints,art posters free shipping,bulk art prints,bespoke art reproductions,poster printing,A1 posters,A2 posters,outdoor posters,exhibition posters,large format printing,waterproof posters,display posters,event posters,retail posters,24h poster printing,2h express print,A0 poster,A1 poster,A2 poster,promo poster,homework poster,same day shipping,same day design,wedding poster printing,wedding photo wall,wedding photo poster,student poster printing,photo poster,photo poster printing,event poster printing,poster price,poster layout,poster design printing,festival decoration,presentation poster,welcome sign printing,restaurant poster printing,custom poster printing,wall art print,gallery wall set,home decor print,nursery art,minimalist wall art,boho wall decor,art reproduction,museum quality print	アートポスター,アートポスター 印刷,art posters,ポスター印刷,A1ポスター,A2ポスター,屋外ポスター,展示会ポスター,大判出力,防水ポスター,イベントポスター,店舗ポスター,POPポスター,24時間ポスター印刷,2時間急速印刷,A0 ポスター,A1 ポスター,A2 ポスター,プロモポスター,宿題ポスター,当日出荷,当日デザイン,ウェディングポスター印刷,ウェディング写真ウォール,ウェディング写真ポスター,学生ポスター印刷,写真ポスター,写真ポスター印刷,イベントポスター印刷,ポスター 価格,ポスター レイアウト,ポスター デザイン印刷,祝日デコレーション,プレゼンポスター,ウェルカムボード印刷,飲食ポスター印刷	藝術海報印刷訂製，1張起印，HK$15起/張。200g美術紙/啞粉紙/RC相紙，Giclée級色彩管理。適合攝影師藝術家畫廊展覽，3-5天交貨，全球配送。1 張起印, 順豐本地速遞, 立即 WhatsApp 報價。智印港 15+ 年自有品牌。	Art Posters custom printing, premium matte art paper. Free design mockup, 50 MOQ, Free Shipping $99+. 4-day USA delivery for artists. | ZprintPro	アートポスターのアートポスターは ZprintPro にお任せ。157g-300g コート紙/PP/写真用紙 高品質用紙、A1/A2/A3/A4 各種対応。4色 CMYK 印刷、デザイン自由。10枚〜、翌日-3営業日で全国配送。30秒無料見積もり、深夜対応OK。自社工場直結の安心感。	高級藝術紙張，色彩還原度高。適合藝術展覽、攝影作品。智印港提供專業藝術海報服務，香港本地印刷，品質保證，價格透明。	Art Posters 25+ | Archival Pigment | ZprintPro	高品質・短納期・グローバル配送。ZprintPro がプロフェッショナル印刷サービスを提供。	高級藝術紙張，色彩還原度高。適合藝術展覽、攝影作品。智印港提供專業的藝術海報服務，採用高品質材料和先進印刷技術，確保每一件產品都達到最高標準。我們支持靈活起訂量和快速交貨，滿足香港企業的各種印刷需求。			海報的最大尺寸可以做到多大？	我們支持最大A0尺寸（841×1189mm），更大尺寸可定制拼接。	海報適合戶外使用嗎？	我們提供戶外防水防曬材質，適合長期戶外展示。	海報的交貨時間？	標準3-5個工作日。大幅面海報可能需要額外時間。	hk-printing-art-posters.jpg	藝術海報 / 防水材質 | 香港藝術海報印刷 PP 合成紙 | 智印港	Art Posters wall art for home decor, gallery walls — ZprintPro	アートポスター / 防水 | アートポスター印刷 防水紙 翌日配送 | ZprintPro	海報→/product/a2-posters/ | 即日印刷→/product/same-day-flyers/ | 聯繫我們→/contact/
背膠海報	Adhesive Posters	粘着ポスター	adhesive-posters	50	背膠海報 | 防水材質 即日速遞 | 100個起 HK$13起 | 智印港	Adhesive Posters Wall Art | Free Ship $99+ | ZprintPro	粘着ポスター | 防水 翌日配送 | 100枚〜 ¥390〜 | ZprintPro	背膠海報,海報印刷,印海報,A1海報,A2海報,戶外海報,展覽海報,大圖輸出,防水海報,門店海報,POP海報,活動海報,24小時海報印刷,2小時快印,A0海報,HK$20起,促銷海報,功課海報,即日出貨,即日海報印刷,即日設計,夜間快印,婚禮海報印刷,婚禮照片牆,婚紗海報,學生海報印刷,寫真海報,寫真海報印刷,專業海報,旺角海報,易拉架海報,活動海報印刷,海報多少錢,海報排版,海報設計印刷,燙金海報,節日裝飾,簡報海報,緊急海報,美術排版,背膠寫真,菜單印刷,迎賓牌印刷,銅鑼灣快印,餐飲海報印刷,高解析度海報	adhesive posters,peel and stick posters,window decals,wall stickers custom,vinyl posters,vehicle decals,removable wall art,adhesive posters free shipping,bulk adhesive prints,bespoke wall murals,poster printing,A1 posters,A2 posters,outdoor posters,exhibition posters,large format printing,waterproof posters,display posters,event posters,retail posters,24h poster printing,2h express print,A0 poster,A1 poster,A2 poster,promo poster,homework poster,same day shipping,same day design,wedding poster printing,wedding photo wall,wedding photo poster,student poster printing,photo poster,photo poster printing,event poster printing,poster price,poster layout,poster design printing,festival decoration,presentation poster,welcome sign printing,restaurant poster printing,custom poster printing,wall art print,gallery wall set,home decor print,nursery art,minimalist wall art,boho wall decor,art reproduction,museum quality print	粘着ポスター,粘着ポスター 印刷,adhesive posters,ポスター印刷,A1ポスター,A2ポスター,屋外ポスター,展示会ポスター,大判出力,防水ポスター,イベントポスター,店舗ポスター,POPポスター,24時間ポスター印刷,2時間急速印刷,A0 ポスター,A1 ポスター,A2 ポスター,プロモポスター,宿題ポスター,当日出荷,当日デザイン,ウェディングポスター印刷,ウェディング写真ウォール,ウェディング写真ポスター,学生ポスター印刷,写真ポスター,写真ポスター印刷,イベントポスター印刷,ポスター 価格,ポスター レイアウト,ポスター デザイン印刷,祝日デコレーション,プレゼンポスター,ウェルカムボード印刷,飲食ポスター印刷	背膠海報/海報印刷 10 張起。採用 157g-300g 銅版紙/PP 紙/相紙 高品質材質，支援 A1/A2/A3/A4 多種規格，提供 4 色 CMYK 全彩印刷、logo 圖案自由設計。即日-3 個工作天交貨，港九新界免費速遞，順豐速遞上門。專業團隊、價格透明，企業活動、店舖推廣首選。	Peel-and-stick adhesive posters for windows, walls, vehicles. Vinyl, clear, fabric. 50-MOQ. Free US shipping over $100, DHL Express | Free Design | 100 MOQ	粘着ポスターの粘着ポスターは ZprintPro にお任せ。157g-300g コート紙/PP/写真用紙 高品質用紙、A1/A2/A3/A4 各種対応。4色 CMYK 印刷、デザイン自由。10枚〜、翌日-3営業日で全国配送。30秒無料見積もり、深夜対応OK。自社工場直結の安心感。	自帶背膠，可直接粘貼。適合店鋪櫥窗、牆面裝飾。智印港提供專業背膠海報服務，香港本地印刷，品質保證，價格透明。	Adhesive Posters 50+ | Vinyl Decals | ZprintPro	高品質・短納期・グローバル配送。ZprintPro がプロフェッショナル印刷サービスを提供。	自帶背膠，可直接粘貼。適合店鋪櫥窗、牆面裝飾。智印港提供專業的背膠海報服務，採用高品質材料和先進印刷技術，確保每一件產品都達到最高標準。我們支持靈活起訂量和快速交貨，滿足香港企業的各種印刷需求。			海報的最大尺寸可以做到多大？	我們支持最大A0尺寸（841×1189mm），更大尺寸可定制拼接。	海報適合戶外使用嗎？	我們提供戶外防水防曬材質，適合長期戶外展示。	海報的交貨時間？	標準3-5個工作日。大幅面海報可能需要額外時間。	hk-printing-adhesive-posters.jpg	背膠海報 / 防水材質 | 香港背膠海報印刷 150g–180g 背膠 PP／鑄造級 PVC | 智印港	Adhesive Posters wall art for home decor, gallery walls — ZprintPro	粘着ポスター / 防水 | 粘着ポスター印刷 防水紙 翌日配送 | ZprintPro	海報→/product/a2-posters/ | 即日印刷→/product/same-day-flyers/ | 聯繫我們→/contact/
禮品盒定制	Gift Boxes	ギフトボックス	gift-boxes	50	禮品盒定制 | 專業印刷 | 智印港	Gift Boxes | Professional Printing | ZprintPro	ギフトボックス | プロ印刷 | ZprintPro	禮品盒定制,香港禮品盒,禮品盒印刷,香港印刷,印刷即日速遞送貨			精緻禮品盒，配合燙金、UV等工藝。送禮首選，提升產品價值。智印港提供專業禮品盒定制服務，香港本地印刷，品質保證，價格透明。	Exquisite gift boxes with foil stamping, UV and other processes. ZprintPro offers professional Gift Boxes services in Hong Kong. High quality, transparent pricing, fast delivery.	精巧なギフトボックス、箔押し・UVなどの加工付き。 ZprintProは香港でギフトボックスサービスを提供。高品質、透明な価格、迅速な納品。	專業禮品盒定制服務 | 智印港			精緻禮品盒，配合燙金、UV等工藝，支持印刷即日速遞送貨。送禮首選，提升產品價值。智印港提供專業的禮品盒定制服務，採用高品質材料和先進印刷技術，確保每一件產品都達到最高標準。我們支持靈活起訂量和快速交貨，滿足香港企業的各種印刷需求。			包裝盒的最小訂購量是多少？	一般為100個起訂，定制盒型需500個起。	可以定制包裝盒的尺寸和結構嗎？	可以。我們支持各種盒型（天地蓋、抽屜盒、書型盒等）的完全定制。	包裝盒打樣需要多長時間？	數碼打樣2-3天，傳統打樣5-7天。	hk-printing-gift-boxes.jpg	香港禮品盒定制印刷 | 精緻禮品盒，配合燙金、UV等工藝。送禮首選，提升產品價值。 | 智印港	Hong Kong Gift Boxes | Exquisite gift boxes with foil stamping, | ZprintPro	香港ギフトボックス | 精巧なギフトボックス、箔押し・UVなどの加工付き。 | ZprintPro	包裝盒→/product/gift-boxes/ | 即日印刷→/product/same-day-flyers/ | 聯繫我們→/contact/
化妝品包裝盒	Cosmetic Packaging Boxes	化粧品パッケージボックス	cosmetic-boxes	50	化妝品包裝盒 4 種盒型 100 個起印 | HK$8起 | 智印港	Custom Cosmetic Boxes | Free Shipping $99+ | ZprintPro	化粧品パッケージボックス 4 種類 100 個〜 | ZprintPro	化妝品包裝盒,化妝品盒,包裝盒印刷,護膚品盒,彩妝盒,美妝品牌,天地蓋盒,磁吸翻蓋盒,抽屜盒,書型盒,化妝品OEM,香港化妝品印刷,瓦楞紙盒,禮品盒,定制包裝,食品盒,快遞盒,紙盒定制,高檔禮盒,100個起印,2天出貨,FSC認證,HK衛生署,QR Code包裝,UV彩盒,中秋禮盒印刷,保健品包裝,免費打樣,免費排版,出口包裝,包裝盒價格,包裝盒快印,即日報價,可降解包裝,婚禮喜糖盒,定製包裝盒,定製包裝箱,定製喜糖盒,小批量包裝盒,小批量彩盒,小批量快印,工業包裝,彩盒印刷,抽屜式彩盒,永續包裝,燙金印刷,燙金禮盒,燙銀印刷,環保包裝盒,瓦楞紙盒印刷,磁吸盒,禮品彩盒,窗口包裝,窗口設計,節慶包裝盒,絲帶設計,經濟包裝,綠色印刷,緊急印刷,美妝包裝,藥品包裝盒,防潮包裝,食品級紙盒,香港本地印刷	cosmetic packaging boxes,cosmetic boxes,makeup boxes,skincare boxes,beauty brand packaging,custom box styles,magnetic closure boxes,drawer boxes,book-style boxes,cosmetic boxes printing,cosmetic OEM,cosmetic packaging USA,packaging box printing,gift boxes,food boxes,mailer boxes,corrugated boxes,custom packaging,rigid boxes,folding cartons,product boxes,100pcs MOQ,2-day turnaround,FSC-certified,FDA compliance,QR code packaging,mid-autumn gift box printing,health supplement packaging,free proof,free layout,export packaging,cosmetic packaging box,instant quote,compostable packaging,small batch packaging box,industrial packaging,color box printing,drawer color box,sustainable packaging,silver foil printing,eco packaging box,corrugated box,corrugated box printing,magnetic box,gift color box,window design,festival packaging box,green printing,rush printing,beauty packaging,pharmaceutical packaging box,moisture-proof packaging,food-grade box,pet food label,pet brand label,custom pet label,pet portrait,pet memorial,pet lover gift,dog mom gift,cat dad gift,pet treat label	化粧品パッケージボックス,化粧品箱,コスメボックス,スキンケアボックス,カスタム箱型,マグネット蓋,引き出し式,ブック型,化粧品OEM,cosmetic packaging,パッケージボックス印刷,化粧箱,食品箱,ギフトボックス,メール便箱,オリジナルパッケージ,組み立て箱,化粧ポーチ,商品箱,カートン箱,100個〜,2日出荷,FSC 認証,日本の食品衛生基準,QR コードパッケージ,中秋ギフトボックス印刷,健康食品パッケージ,無料校正,無料レイアウト,輸出パッケージ,即見積もり,生分解性パッケージ,小ロットパッケージ,工業パッケージ,化粧箱印刷,引き出し式化粧箱,サステナブルパッケージ,銀箔押し,エコパッケージ,段ボール箱,段ボール箱印刷,マグネットボックス,ギフト化粧箱,窓付きデザイン,祝日パッケージボックス,グリーン印刷,特急印刷,美容パッケージ,医薬品パッケージボックス,防湿パッケージ,食品グレード箱	化妝品包裝盒 100 個起印. 4 種盒型 (天地蓋 / 磁吸翻蓋 / 抽屜式 / 書型) + 內托 EVA / 紙漿 / PET 吸塑可定制. 燙金 + 局部 UV + 緞布內襯. 香港 + 跨境美妝電商 + 日本市場. ISO 9001 + FSC 認證, 4 色柯式印刷, 30 秒 AI 即時報價	Cosmetic Boxes, premium rigid paperboard. Free Design, 100 MOQ, Free Shipping $99+. 4-day USA delivery for beauty & skincare brands. | ZprintPro	化粧品パッケージボックス 100 個から対応. 4 種類 (天地蓋 / マグネット蓋 / 引き出し式 / ブック型) + 内装 EVA / 紙 / PET 吸塑カスタム. 箔押し + スポット UV + サテン裏地. 美容・スキンケアブランド、越境 EC、日本市場対応 | 無料デザイン | 100枚〜	化妝品包裝盒 — 4 種盒型 · 內托定制	Cosmetic Packaging Boxes — 4 Box Styles · Custom Inner Tray	化粧品パッケージボックス — 4 種類 · 内装カスタム	專為化妝品設計，內托可定制，支持印刷即日速遞送貨。適合護膚品、彩妝品牌。智印港提供專業的化妝品盒服務，採用高品質材料和先進印刷技術，確保每一件產品都達到最高標準。我們支持靈活起訂量和快速交貨，滿足香港企業的各種印刷需求。			包裝盒的最小訂購量是多少？	一般為100個起訂，定制盒型需500個起。	可以定制包裝盒的尺寸和結構嗎？	可以。我們支持各種盒型（天地蓋、抽屜盒、書型盒等）的完全定制。	包裝盒打樣需要多長時間？	數碼打樣2-3天，傳統打樣5-7天。	hk-printing-cosmetic-boxes.jpg	化妝品包裝盒 4 種盒型 100 個起印 FDA 級安全 燙金 UV	Custom Cosmetic Boxes for pet food and brand labels — ZprintPro	化粧品パッケージボックス 4 種類 100 個〜 FDA対応 箔押し UV	包裝盒→/product/gift-boxes/ | 即日印刷→/product/same-day-flyers/ | 聯繫我們→/contact/
食品包裝盒	Food Boxes	食品包装箱	food-boxes	50	紙質食品包裝印刷 100個起 | 食品紙盒/防油紙卡 | 智印港	Food-Safe Packaging Printing | 100 MOQ | ZprintPro	紙製食品パッケージ印刷 100個〜 | 食品用紙箱 | ZprintPro	食品包裝盒,食品包裝印刷,食品包裝訂製,包裝盒印刷,瓦楞紙盒,禮品盒,定制包裝,化妝品盒,食品盒,快遞盒,天地蓋盒,紙盒定制,高檔禮盒,100個起印,2天出貨,FSC認證,HK衛生署,QR Code包裝,UV彩盒,中秋禮盒印刷,保健品包裝,免費打樣,免費排版,出口包裝,包裝盒價格,包裝盒快印,化妝品包裝盒,即日報價,可降解包裝,婚禮喜糖盒,定製包裝盒,定製包裝箱,定製喜糖盒,小批量包裝盒,小批量彩盒,小批量快印,工業包裝,彩盒印刷,抽屜式彩盒,永續包裝,燙金印刷,燙金禮盒,燙銀印刷,環保包裝盒,瓦楞紙盒印刷,磁吸盒,禮品彩盒,窗口包裝,窗口設計,節慶包裝盒,絲帶設計,經濟包裝,綠色印刷,緊急印刷,美妝包裝,藥品包裝盒,防潮包裝,食品級紙盒,香港本地印刷,FDA食品包装,食品级包装盒,月饼包裝,茶葉禮盒包裝,烘焙包裝,保健品包裝,手搖飲品包裝,跨境食品合规,FDA認證食品级,FSC認證紙	food boxes,custom food boxes,food packaging boxes,food grade boxes,takeout boxes custom,bakery boxes wholesale,food boxes free shipping,bulk food packaging,food boxes USD,bespoke food packaging,packaging box printing,gift boxes,cosmetic boxes,mailer boxes,corrugated boxes,custom packaging,rigid boxes,folding cartons,product boxes,100pcs MOQ,2-day turnaround,FSC-certified,food safety compliance,QR code packaging,mid-autumn gift box printing,health supplement packaging,free proof,free layout,export packaging,cosmetic packaging box,instant quote,compostable packaging,small batch packaging box,industrial packaging,color box printing,drawer color box,sustainable packaging,silver foil printing,eco packaging box,corrugated box,corrugated box printing,magnetic box,gift color box,window design,festival packaging box,green printing,rush printing,beauty packaging,pharmaceutical packaging box,moisture-proof packaging,food-grade box,pet food label,pet brand label,custom pet label,pet portrait,pet memorial,pet lover gift,dog mom gift,cat dad gift,pet treat label,FDA approved food packaging,FDA food grade packaging,mooncake packaging,tea gift box packaging,bakery packaging,supplement packaging,bubble tea packaging,eco food box,cross border food packaging,FSC-certified paper	食品パッケージ,食品パッケージ 印刷,food boxes,パッケージボックス印刷,化粧箱,食品箱,ギフトボックス,メール便箱,オリジナルパッケージ,組み立て箱,化粧ポーチ,商品箱,カートン箱,100個〜,2日出荷,FSC 認証,日本の食品衛生基準,QR コードパッケージ,中秋ギフトボックス印刷,健康食品パッケージ,無料校正,無料レイアウト,輸出パッケージ,化粧品パッケージボックス,即見積もり,生分解性パッケージ,小ロットパッケージ,工業パッケージ,化粧箱印刷,引き出し式化粧箱,サステナブルパッケージ,銀箔押し,エコパッケージ,段ボール箱,段ボール箱印刷,マグネットボックス,ギフト化粧箱,窓付きデザイン,祝日パッケージボックス,グリーン印刷,特急印刷,美容パッケージ,医薬品パッケージボックス,防湿パッケージ,食品グレード箱,FDA食品パッケージ,食品グレード包装,月餅パッケージ,茶葉ギフトボックス,ベーカリーパッケージ,ヘルスケアパッケージ,タピオカパッケージ,エコ食品箱,FSC認証紙	食品包裝印刷訂製：FDA 認可食品級材質 + FSC 認證紙，100 個起印、HK$2.5 起/個，燙金 UV 全工藝支援。糕點/茶葉/保健品品牌首選，3-5 天交貨、免費 2 小時打稿。30 秒 AI 報價，WhatsApp 2 小時內回覆。 FDA食品級 (FDA 21 CFR 176.170), 跨境合規。月饼端午禮盒 / 茶葉禮盒 / 烘焙坊 / 保健品品牌 / 手搖飲品店 適用。	Custom food packaging printing with FDA-safe, FSC-certified materials. 100 MOQ, foil & UV finishes, free 2-hour digital proof, free US shipping $99+. 30-second AI quote. FDA-compliant (FDA 21 CFR 176.170). Mooncake & Dragon Boat Festival gift box, tea gift box, bakery, supplement brand, bubble tea shop all welcome.	食品パッケージ印刷を100個から小ロット対応。FDA適合・FSC認証紙、箔押し・UV加工、無料2時間デジタル校正。日本全国送料無料、DHLで2-4日納品。30秒無料見積もり。 FDA適合 (FDA 21 CFR 176.170 認証)。月餅・端午節ギフトボックス、茶葉ギフト、ベーカリー、ヘルスケアブランド、タピオカ店対応。	紙質食品包裝印刷訂製｜食品紙盒・食品紙袋・防油紙卡｜FDA 食品級	Paper Food Packaging 100+ | Food-Grade Paper Boxes, Bags & Greaseproof Cards	高品質・短納期・グローバル配送。ZprintPro がプロフェッショナル印刷サービスを提供。	食品級材質，安全環保。適合糕點、茶葉、保健品。智印港提供專業的食品包裝盒服務，採用高品質材料和先進印刷技術，確保每一件產品都達到最高標準。我們支持靈活起訂量和快速交貨，滿足香港企業的各種印刷需求。			包裝盒的最小訂購量是多少？	一般為100個起訂，定制盒型需500個起。	可以定制包裝盒的尺寸和結構嗎？	可以。我們支持各種盒型（天地蓋、抽屜盒、書型盒等）的完全定制。	包裝盒打樣需要多長時間？	數碼打樣2-3天，傳統打樣5-7天。	hk-printing-food-boxes.jpg	一般為100個起訂，定制盒型需500個起。	Custom Food Boxes for pet food and brand labels — ZprintPro	食品パッケージ / 食品包裝箱 | 香港の食品パッケージ印刷 | ZprintPro	包裝盒→/product/gift-boxes/ | 即日印刷→/product/same-day-flyers/ | 聯繫我們→/contact/
快遞盒/飛機盒	Mailer Boxes	発送箱	mailer-boxes	50	訂製郵寄盒 | 燙金 UV 100%訂製 | 100個起 HK$3.5起 | 智印港	Custom Mailer Boxes | Free Shipping $99+ | ZprintPro	メーラーボックス | 特注 高級パッケージ | ZprintPro	郵寄盒,包裝盒印刷,瓦楞紙盒,禮品盒,定制包裝,化妝品盒,食品盒,快遞盒,天地蓋盒,紙盒定制,高檔禮盒,100個起印,2天出貨,FSC認證,HK衛生署,QR Code包裝,UV彩盒,中秋禮盒印刷,保健品包裝,免費打樣,免費排版,出口包裝,包裝盒價格,包裝盒快印,化妝品包裝盒,即日報價,可降解包裝,婚禮喜糖盒,定製包裝盒,定製包裝箱,定製喜糖盒,小批量包裝盒,小批量彩盒,小批量快印,工業包裝,彩盒印刷,抽屜式彩盒,永續包裝,燙金印刷,燙金禮盒,燙銀印刷,環保包裝盒,瓦楞紙盒印刷,磁吸盒,禮品彩盒,窗口包裝,窗口設計,節慶包裝盒,絲帶設計,經濟包裝,綠色印刷,緊急印刷,美妝包裝,藥品包裝盒,防潮包裝,食品級紙盒,香港本地印刷	mailer boxes,e-commerce mailers,self locking boxes,corrugated mailers,folding carton mailers,DTC shipping boxes,subscription boxes,mailer boxes free shipping,bulk mailers,bespoke shipping boxes,packaging box printing,gift boxes,cosmetic boxes,food boxes,corrugated boxes,custom packaging,rigid boxes,folding cartons,product boxes,100pcs MOQ,2-day turnaround,FSC-certified,food safety compliance,QR code packaging,mid-autumn gift box printing,health supplement packaging,free proof,free layout,export packaging,cosmetic packaging box,instant quote,compostable packaging,small batch packaging box,industrial packaging,color box printing,drawer color box,sustainable packaging,silver foil printing,eco packaging box,corrugated box,corrugated box printing,magnetic box,gift color box,window design,festival packaging box,green printing,rush printing,beauty packaging,pharmaceutical packaging box,moisture-proof packaging,food-grade box,pet food label,pet brand label,custom pet label,pet portrait,pet memorial,pet lover gift,dog mom gift,cat dad gift,pet treat label	メーラーボックス,メーラーボックス 印刷,mailer boxes,パッケージボックス印刷,化粧箱,食品箱,ギフトボックス,メール便箱,オリジナルパッケージ,組み立て箱,化粧ポーチ,商品箱,カートン箱,100個〜,2日出荷,FSC 認証,日本の食品衛生基準,QR コードパッケージ,中秋ギフトボックス印刷,健康食品パッケージ,無料校正,無料レイアウト,輸出パッケージ,化粧品パッケージボックス,即見積もり,生分解性パッケージ,小ロットパッケージ,工業パッケージ,化粧箱印刷,引き出し式化粧箱,サステナブルパッケージ,銀箔押し,エコパッケージ,段ボール箱,段ボール箱印刷,マグネットボックス,ギフト化粧箱,窓付きデザイン,祝日パッケージボックス,グリーン印刷,特急印刷,美容パッケージ,医薬品パッケージボックス,防湿パッケージ,食品グレード箱	郵寄盒/郵寄盒 100 個起。採用 白卡/牛皮紙/灰板 高品質材質，支援 訂製尺寸 多種規格，提供 4 色 CMYK 全彩印刷、logo 圖案自由設計。7-10 個工作天交貨，港九新界免費速遞，順豐速遞上門。專業團隊、價格透明，企業活動、店舖推廣首選。	Mailer boxes for e-commerce. Self-locking, 70% storage save, kraft or white. 100-MOQ. Free US shipping over $100, DHL Express | Free Design | 100 MOQ	メーラーボックスのメーラーボックスは ZprintPro にお任せ。白カード/クラフト/グレー台紙 高品質用紙、カスタムサイズ 各種対応。4色 CMYK 印刷、デザイン自由。100個〜、7-10営業日で全国配送。30秒無料見積もり、深夜対応OK。自社工場直結の安心感。	快遞盒/飛機盒	Mailer Boxes 100+ | Self-Lock | ZprintPro	Sturdy and durable	堅固耐用，電商發貨首選，支持印刷即日速遞送貨。可印品牌Logo，提升開箱體驗。智印港提供專業的快遞盒/飛機盒服務，採用高品質材料和先進印刷技術，確保每一件產品都達到最高標準。我們支持靈活起訂量和快速交貨，滿足香港企業的各種印刷需求。			包裝盒的最小訂購量是多少？	一般為100個起訂，定制盒型需500個起。	可以定制包裝盒的尺寸和結構嗎？	可以。我們支持各種盒型（天地蓋、抽屜盒、書型盒等）的完全定制。	包裝盒打樣需要多長時間？	數碼打樣2-3天，傳統打樣5-7天。	hk-printing-mailer-boxes.jpg	快遞盒/飛機盒 / 訂製 | 香港快遞盒/飛機盒訂製 E／B 坑瓦楞或白卡裱瓦（依載重） | 智印港	Custom Mailer Boxes for pet food and brand labels — ZprintPro	メーラーボックス / 宅配対応 | メーラーボックス印刷 厚紙 100個〜 日本向け | ZprintPro	包裝盒→/product/gift-boxes/ | 即日印刷→/product/same-day-flyers/ | 聯繫我們→/contact/
折疊盒	Folding Boxes	折りたたみ箱	folding-boxes	50	折疊禮盒 | 燙金 UV 100%訂製 | 100個起 HK$2.5起 | 智印港	Custom Folding Boxes | Free Shipping $99+ | ZprintPro	折り畳み箱 箔押し・ラミネート・100枚〜 | ZprintPro	折疊禮盒,折疊盒,禮盒訂製,包裝盒印刷,瓦楞紙盒,禮品盒,定制包裝,化妝品盒,食品盒,快遞盒,天地蓋盒,紙盒定制,高檔禮盒,100個起印,2天出貨,FSC認證,HK衛生署,QR Code包裝,UV彩盒,中秋禮盒印刷,保健品包裝,免費打樣,免費排版,出口包裝,包裝盒價格,包裝盒快印,化妝品包裝盒,即日報價,可降解包裝,婚禮喜糖盒,定製包裝盒,定製包裝箱,定製喜糖盒,小批量包裝盒,小批量彩盒,小批量快印,工業包裝,彩盒印刷,抽屜式彩盒,永續包裝,燙金印刷,燙金禮盒,燙銀印刷,環保包裝盒,瓦楞紙盒印刷,磁吸盒,禮品彩盒,窗口包裝,窗口設計,節慶包裝盒,絲帶設計,經濟包裝,綠色印刷,緊急印刷,美妝包裝,藥品包裝盒,防潮包裝,食品級紙盒,香港本地印刷	folding boxes,folding cartons,tuck end boxes,auto lock bottom boxes,retail packaging boxes,cosmetic boxes,food boxes folding,folding boxes free shipping,bulk folding boxes,bespoke folding cartons,packaging box printing,gift boxes,food boxes,mailer boxes,corrugated boxes,custom packaging,rigid boxes,product boxes,100pcs MOQ,2-day turnaround,FSC-certified,food safety compliance,QR code packaging,mid-autumn gift box printing,health supplement packaging,free proof,free layout,export packaging,cosmetic packaging box,instant quote,compostable packaging,small batch packaging box,industrial packaging,color box printing,drawer color box,sustainable packaging,silver foil printing,eco packaging box,corrugated box,corrugated box printing,magnetic box,gift color box,window design,festival packaging box,green printing,rush printing,beauty packaging,pharmaceutical packaging box,moisture-proof packaging,food-grade box,pet food label,pet brand label,custom pet label,pet portrait,pet memorial,pet lover gift,dog mom gift,cat dad gift,pet treat label	折り畳み箱,折り畳み箱 印刷,folding boxes,パッケージボックス印刷,化粧箱,食品箱,ギフトボックス,メール便箱,オリジナルパッケージ,組み立て箱,化粧ポーチ,商品箱,カートン箱,100個〜,2日出荷,FSC 認証,日本の食品衛生基準,QR コードパッケージ,中秋ギフトボックス印刷,健康食品パッケージ,無料校正,無料レイアウト,輸出パッケージ,化粧品パッケージボックス,即見積もり,生分解性パッケージ,小ロットパッケージ,工業パッケージ,化粧箱印刷,引き出し式化粧箱,サステナブルパッケージ,銀箔押し,エコパッケージ,段ボール箱,段ボール箱印刷,マグネットボックス,ギフト化粧箱,窓付きデザイン,祝日パッケージボックス,グリーン印刷,特急印刷,美容パッケージ,医薬品パッケージボックス,防湿パッケージ,食品グレード箱	折疊禮盒/折疊盒 100 個起。採用 白卡/牛皮紙/灰板 高品質材質，支援 訂製尺寸 多種規格，提供 4 色 CMYK 全彩印刷、logo 圖案自由設計。7-10 個工作天交貨，港九新界免費速遞，順豐速遞上門。專業團隊、價格透明，企業活動、店舖推廣首選。	Folding Boxes custom printing, eco-friendly kraft paper. Free design mockup, 100 MOQ, Free Shipping $99+. 4-day USA delivery for retail packaging. | ZprintPro	折り畳み箱の折り畳み箱は ZprintPro にお任せ。白カード/クラフト/グレー台紙 高品質用紙、カスタムサイズ 各種対応。4色 CMYK 印刷、デザイン自由。100個〜、7-10営業日で全国配送。30秒無料見積もり、深夜対応OK。自社工場直結の安心感。	可折疊設計，節省倉儲空間。適合大量存貨的電商賣家。智印港提供專業折疊盒服務，香港本地印刷，品質保證，價格透明。	Folding Boxes 100+ | Auto-Lock | ZprintPro	高品質・短納期・グローバル配送。ZprintPro がプロフェッショナル印刷サービスを提供。	可折疊設計，節省倉儲空間。適合大量存貨的電商賣家。智印港提供專業的折疊盒服務，採用高品質材料和先進印刷技術，確保每一件產品都達到最高標準。我們支持靈活起訂量和快速交貨，滿足香港企業的各種印刷需求。			包裝盒的最小訂購量是多少？	一般為100個起訂，定制盒型需500個起。	可以定制包裝盒的尺寸和結構嗎？	可以。我們支持各種盒型（天地蓋、抽屜盒、書型盒等）的完全定制。	包裝盒打樣需要多長時間？	數碼打樣2-3天，傳統打樣5-7天。	hk-printing-folding-boxes.jpg	一般為100個起訂，定制盒型需500個起。	Custom Folding Boxes for pet food and brand labels — ZprintPro	折りたたみ箱 / パッケージボックス | 香港の折りたたみ箱印刷 | ZprintPro	包裝盒→/product/gift-boxes/ | 即日印刷→/product/same-day-flyers/ | 聯繫我們→/contact/
精裝盒	Rigid Boxes	上製本箱	rigid-boxes	50	精裝禮盒 | 燙金 UV 100%訂製 | 100個起 HK$8起 | 智印港	Custom Rigid Boxes | Free Shipping $99+ | ZprintPro	リジッドボックス | 特注 高級パッケージ | ZprintPro	精裝禮盒,精裝盒,禮盒訂製,包裝盒印刷,瓦楞紙盒,禮品盒,定制包裝,化妝品盒,食品盒,快遞盒,天地蓋盒,紙盒定制,高檔禮盒,100個起印,2天出貨,FSC認證,HK衛生署,QR Code包裝,UV彩盒,中秋禮盒印刷,保健品包裝,免費打樣,免費排版,出口包裝,包裝盒價格,包裝盒快印,化妝品包裝盒,即日報價,可降解包裝,婚禮喜糖盒,定製包裝盒,定製包裝箱,定製喜糖盒,小批量包裝盒,小批量彩盒,小批量快印,工業包裝,彩盒印刷,抽屜式彩盒,永續包裝,燙金印刷,燙金禮盒,燙銀印刷,環保包裝盒,瓦楞紙盒印刷,磁吸盒,禮品彩盒,窗口包裝,窗口設計,節慶包裝盒,絲帶設計,經濟包裝,綠色印刷,緊急印刷,美妝包裝,藥品包裝盒,防潮包裝,食品級紙盒,香港本地印刷	rigid boxes,rigid setup boxes,luxury packaging boxes,magnetic closure boxes,leatherette boxes,jewelry boxes,premium gift boxes,rigid boxes free shipping,bulk rigid boxes,bespoke rigid packaging,packaging box printing,gift boxes,cosmetic boxes,food boxes,mailer boxes,corrugated boxes,custom packaging,folding cartons,product boxes,100pcs MOQ,2-day turnaround,FSC-certified,food safety compliance,QR code packaging,mid-autumn gift box printing,health supplement packaging,free proof,free layout,export packaging,cosmetic packaging box,instant quote,compostable packaging,small batch packaging box,industrial packaging,color box printing,drawer color box,sustainable packaging,silver foil printing,eco packaging box,corrugated box,corrugated box printing,magnetic box,gift color box,window design,festival packaging box,green printing,rush printing,beauty packaging,pharmaceutical packaging box,moisture-proof packaging,food-grade box,pet food label,pet brand label,custom pet label,pet portrait,pet memorial,pet lover gift,dog mom gift,cat dad gift,pet treat label	リジッドボックス,リジッドボックス 印刷,rigid boxes,パッケージボックス印刷,化粧箱,食品箱,ギフトボックス,メール便箱,オリジナルパッケージ,組み立て箱,化粧ポーチ,商品箱,カートン箱,100個〜,2日出荷,FSC 認証,日本の食品衛生基準,QR コードパッケージ,中秋ギフトボックス印刷,健康食品パッケージ,無料校正,無料レイアウト,輸出パッケージ,化粧品パッケージボックス,即見積もり,生分解性パッケージ,小ロットパッケージ,工業パッケージ,化粧箱印刷,引き出し式化粧箱,サステナブルパッケージ,銀箔押し,エコパッケージ,段ボール箱,段ボール箱印刷,マグネットボックス,ギフト化粧箱,窓付きデザイン,祝日パッケージボックス,グリーン印刷,特急印刷,美容パッケージ,医薬品パッケージボックス,防湿パッケージ,食品グレード箱	精品盒訂製印刷，100個起印，HK$8起/個。硬殼天地盒磁吸盒，灰板裱藝術紙，燙金UV壓凹工藝。適合化妝品珠寶首飾高端品牌，5-7天交貨，全球配送。100張起印, 順豐本地速遞, 立即 WhatsApp 報價。智印港 15+ 年自有品牌。	Luxury rigid setup boxes. 800-1500gsm greyboard, magnetic closure, leatherette. 250-MOQ. Free US shipping over $100, DHL Express | Free Design | 100 MOQ	リジッドボックスのリジッドボックスは ZprintPro にお任せ。白カード/クラフト/グレー台紙 高品質用紙、カスタムサイズ 各種対応。4色 CMYK 印刷、デザイン自由。100個〜、7-10営業日で全国配送。30秒無料見積もり、深夜対応OK。自社工場直結の安心感。	硬殼精裝，高檔奢華。適合高端產品、限量版商品。智印港提供專業精裝盒服務，香港本地印刷，品質保證，價格透明。	Rigid Boxes 250+ | Magnetic Closure | ZprintPro	高品質・短納期・グローバル配送。ZprintPro がプロフェッショナル印刷サービスを提供。	硬殼精裝，高檔奢華。適合高端產品、限量版商品。智印港提供專業的精裝盒服務，採用高品質材料和先進印刷技術，確保每一件產品都達到最高標準。我們支持靈活起訂量和快速交貨，滿足香港企業的各種印刷需求。			包裝盒的最小訂購量是多少？	一般為100個起訂，定制盒型需500個起。	可以定制包裝盒的尺寸和結構嗎？	可以。我們支持各種盒型（天地蓋、抽屜盒、書型盒等）的完全定制。	包裝盒打樣需要多長時間？	數碼打樣2-3天，傳統打樣5-7天。	hk-printing-rigid-boxes.jpg	一般為100個起訂，定制盒型需500個起。	Custom Rigid Boxes for pet food and brand labels — ZprintPro	上製本箱 / 化粧箱 | 香港の上製本箱印刷 | ZprintPro	包裝盒→/product/gift-boxes/ | 即日印刷→/product/same-day-flyers/ | 聯繫我們→/contact/
燙金利是封	Foil Red Packets	箔押しポチ袋	foil-red-packets	50	燙金利是封 燙金・局部UV・100起印・HK$1.10起 | 智印港	Foil Red Packets Foil + Spot UV + 100 MOQ | ZprintPro	箔押し年賀状 | UV エンボス | 100枚〜 ¥64〜 | ZprintPro	燙金利是封,利是封,燙金,春聯,中秋賀卡,聖誕卡,婚禮請柬,嬰兒滿月卡,感謝卡,燙金紅包,卡通紅包,新年賀卡,100個起,24小時出貨,2小時取件,300g紙,30個起,50個起,80個起,AI檔 印刷,HK$0.4起,HK$0.5起,HK$0.6起,PSD轉印刷,UV喜帖,免設計費 利是封,免費打樣,免費設計,全套婚禮印刷,公司利是封印刷,利是封印刷,利是封印刷 自備設計,利是封多少錢,利是封定製,利是封製作,即日出稿,即日出貨,喜帖 實體打樣,喜帖印刷,喜帖設計印刷,囍帖印刷,婚禮印刷 套餐,婚禮囍帖設計,婚禮套組 多少錢,婚禮座位卡,學校利是封活動,學生利是封,小批量利是封印刷,感謝卡印刷,手工利是封,燙金囍帖,特種紙 囍帖,班級利是封,環保利是封,環保紙 利是封,當日印刷,節日紅包袋,節日賀卡印刷,紅包袋印刷,絲帶孔信封,聖誕賀卡印刷,農曆新年利是封,迎賓牌 印刷,高端喜帖印刷	foil red packets,custom foil red packets,foil red packets printing online,foil red packets free shipping,foil red packets USD,bulk foil red packets,foil red packets DHL,bespoke foil red packets,foil red packets wholesale,foil red packets pricing,red packet printing,CNY red packets,lai see,wedding invitations,Christmas cards,Chinese New Year cards,custom red packets,embossed red packets,greeting cards,100pcs MOQ,24h turnaround,2h pickup,50pcs MOQ,from $0.06,UV wedding card,free proof,free design,same day shipping,wedding card design printing,wedding card design,thank you card printing,foil red packet,foil wedding card,same day print,ribbon hole envelope,custom holiday card,personalized greeting card,Mother's Day card,wedding invitation,save the date,business holiday card,photo greeting card,foil greeting card,luxury invitation card	箔押し年賀状,箔押し年賀状 印刷,foil red packets,紅包印刷,旧正月,結婚式招待状,クリスマスカード,年賀状,箔押し紅包,オリジナル紅包,キャラクター紅包,中華風招待状,挨拶状,100個〜,24時間出荷,2時間受取,50個〜,HK$0.5〜,UV 招待状,無料校正,無料デザイン,当日出荷,招待状デザイン印刷,ウェディング招待状デザイン,サンキューカード印刷,箔押し招待状,当日印刷,リボン穴封筒	燙金利是封/利是封 100 個起。採用 157g 紅金紙/銅版紙 高品質材質，支援 標準/訂製 多種規格，提供 4 色 CMYK 全彩印刷、logo 圖案自由設計。5-7 個工作天交貨，港九新界免費速遞，順豐速遞上門。專業團隊、價格透明，企業活動、店舖推廣首選。	Custom foil red packets from ZprintPro the US. Gold Foil Print, 4-color CMYK. 100-MOQ. Free US shipping over $100, DHL Express | Free Design | 100 MOQ	箔押し年賀状の箔押し年賀状は ZprintPro にお任せ。157g 赤金紙/コート 高品質用紙、標準/カスタム 各種対応。4色 CMYK 印刷、デザイン自由。100個〜、5-7営業日で全国配送。30秒無料見積もり、深夜対応OK。自社工場直結の安心感。	燙金利是封	Foil Red Packets 100+ | ZprintPro	Traditional foil stamping	傳統燙金工藝，喜慶大方，支持印刷即日速遞送貨。多種吉祥圖案可選，也可定制專屬設計。適合企業派發、節日營銷。智印港提供專業的燙金利是封服務，採用高品質材料和先進印刷技術，確保每一件產品都達到最高標準。我們支持靈活起訂量和快速交貨，滿足香港企業的各種印刷需求。			利是封的最小訂購量是多少？	一般為500個起訂，春節旺季建議提前1個月下單。	可以燙金定制公司Logo嗎？	可以。我們提供燙金、燙銀、浮雕等多種工藝的Logo定制。	利是封的交貨時間？	標準7-10個工作日。春節前為旺季，建議提前預訂。	hk-printing-foil-red-packets.jpg	燙金利是封 / 燙金 UV | 香港燙金利是封印刷 120g紅色紙張 | 智印港	Foil Red Packets for holiday cards, wedding invitations — ZprintPro	箔押し年賀状 / 箔押し | 箔押し年賀状印刷 箔押し加工 100個〜 | ZprintPro	即日印刷→/product/same-day-flyers/ | 聯繫我們→/contact/
浮雕利是封	Embossed Red Packets	エンボスポチ袋	embossed-red-packets	50	浮雕利是封 | 燙金 UV 壓紋 | 100個起 HK$3起 | 智印港	Embossed Red Packets | Free Shipping $99+ | ZprintPro	エンボス年賀状 箔押し・100枚〜・最安値 | ZprintPro	浮雕利是封,利是封,燙金,浮雕,春聯,中秋賀卡,聖誕卡,婚禮請柬,嬰兒滿月卡,感謝卡,燙金紅包,卡通紅包,新年賀卡,100個起,24小時出貨,2小時取件,300g紙,30個起,50個起,80個起,AI檔 印刷,HK$0.4起,HK$0.5起,HK$0.6起,PSD轉印刷,UV喜帖,免設計費 利是封,免費打樣,免費設計,全套婚禮印刷,公司利是封印刷,利是封印刷,利是封印刷 自備設計,利是封多少錢,利是封定製,利是封製作,即日出稿,即日出貨,喜帖 實體打樣,喜帖印刷,喜帖設計印刷,囍帖印刷,婚禮印刷 套餐,婚禮囍帖設計,婚禮套組 多少錢,婚禮座位卡,學校利是封活動,學生利是封,小批量利是封印刷,感謝卡印刷,手工利是封,燙金利是封,燙金囍帖,特種紙 囍帖,班級利是封,環保利是封,環保紙 利是封,當日印刷,節日紅包袋,節日賀卡印刷,紅包袋印刷,絲帶孔信封,聖誕賀卡印刷,農曆新年利是封,迎賓牌 印刷,高端喜帖印刷	embossed red packets,custom embossed red packets,embossed red packets printing online,embossed red packets free shipping,embossed red packets USD,bulk embossed red packets,embossed red packets DHL,bespoke embossed red packets,embossed red packets wholesale,embossed red packets pricing,red packet printing,CNY red packets,lai see,wedding invitations,Christmas cards,Chinese New Year cards,foil red packets,custom red packets,greeting cards,100pcs MOQ,24h turnaround,2h pickup,50pcs MOQ,from $0.06,UV wedding card,free proof,free design,same day shipping,wedding card design printing,wedding card design,thank you card printing,foil red packet,foil wedding card,same day print,ribbon hole envelope,custom holiday card,personalized greeting card,Mother's Day card,wedding invitation,save the date,business holiday card,photo greeting card,foil greeting card,luxury invitation card	エンボス年賀状,エンボス年賀状 印刷,embossed red packets,紅包印刷,旧正月,結婚式招待状,クリスマスカード,年賀状,箔押し紅包,オリジナル紅包,キャラクター紅包,中華風招待状,挨拶状,100個〜,24時間出荷,2時間受取,50個〜,HK$0.5〜,UV 招待状,無料校正,無料デザイン,当日出荷,招待状デザイン印刷,ウェディング招待状デザイン,サンキューカード印刷,箔押し招待状,当日印刷,リボン穴封筒	浮雕利是封/利是封 100 個起。採用 157g 紅金紙/銅版紙 高品質材質，支援 標準/訂製 多種規格，提供 4 色 CMYK 全彩印刷、logo 圖案自由設計。5-7 個工作天交貨，港九新界免費速遞，順豐速遞上門。專業團隊、價格透明，企業活動、店舖推廣首選。	Custom embossed red packets from ZprintPro the US. Gold Foil Print, 4-color CMYK. 100-MOQ. Free US shipping over $100, DHL Express | Free Design | 100 MOQ	エンボス年賀状のエンボス年賀状は ZprintPro にお任せ。157g 赤金紙/コート 高品質用紙、標準/カスタム 各種対応。4色 CMYK 印刷、デザイン自由。100個〜、5-7営業日で全国配送。30秒無料見積もり、深夜対応OK。自社工場直結の安心感。	浮雕工藝，立體觸感，高檔奢華。展現品牌誠意，適合VIP客戶、高端送禮。智印港提供專業浮雕利是封服務，香港本地印刷，品質保證，價格透明。	Embossed Red Packets 100+ | ZprintPro	高品質・短納期・グローバル配送。ZprintPro がプロフェッショナル印刷サービスを提供。	浮雕工藝，立體觸感，高檔奢華。展現品牌誠意，適合VIP客戶、高端送禮。智印港提供專業的浮雕利是封服務，採用高品質材料和先進印刷技術，確保每一件產品都達到最高標準。我們支持靈活起訂量和快速交貨，滿足香港企業的各種印刷需求。			利是封的最小訂購量是多少？	一般為500個起訂，春節旺季建議提前1個月下單。	可以燙金定制公司Logo嗎？	可以。我們提供燙金、燙銀、浮雕等多種工藝的Logo定制。	利是封的交貨時間？	標準7-10個工作日。春節前為旺季，建議提前預訂。	hk-printing-embossed-red-packets.jpg	浮雕利是封 / 燙金 UV | 香港浮雕利是封印刷 150g紅色紙張 | 智印港	Embossed Red Packets for holiday cards, wedding invitations — ZprintPro	エンボス年賀状 / エンボス | エンボス年賀状印刷 エンボス加工 100個〜 | ZprintPro	即日印刷→/product/same-day-flyers/ | 聯繫我們→/contact/
定制利是封	Custom Red Packets	オリジナルポチ袋	custom-red-packets	50	定制利是封 | 燙金 UV 壓紋 | 100個起 HK$1.9起 | 智印港	Custom Red Packets | Free Shipping $99+ | ZprintPro	オリジナル年賀状印刷 | 箔押し UV エンボス | ZprintPro	custom red packets,利是封,利是封印刷,訂製利是封,春聯,中秋賀卡,聖誕卡,婚禮請柬,嬰兒滿月卡,感謝卡,燙金紅包,卡通紅包,新年賀卡,100個起,24小時出貨,2小時取件,300g紙,30個起,50個起,80個起,AI檔 印刷,HK$0.4起,HK$0.5起,HK$0.6起,PSD轉印刷,UV喜帖,免設計費 利是封,免費打樣,免費設計,全套婚禮印刷,公司利是封印刷,利是封印刷 自備設計,利是封多少錢,利是封定製,利是封製作,即日出稿,即日出貨,喜帖 實體打樣,喜帖印刷,喜帖設計印刷,囍帖印刷,婚禮印刷 套餐,婚禮囍帖設計,婚禮套組 多少錢,婚禮座位卡,學校利是封活動,學生利是封,小批量利是封印刷,感謝卡印刷,手工利是封,燙金利是封,燙金囍帖,特種紙 囍帖,班級利是封,環保利是封,環保紙 利是封,當日印刷,節日紅包袋,節日賀卡印刷,紅包袋印刷,絲帶孔信封,聖誕賀卡印刷,農曆新年利是封,迎賓牌 印刷,高端喜帖印刷	custom red packets,custom custom red packets,custom red packets printing online,custom red packets free shipping,custom red packets USD,bulk custom red packets,custom red packets DHL,bespoke custom red packets,custom red packets wholesale,custom red packets pricing,red packet printing,CNY red packets,lai see,wedding invitations,Christmas cards,Chinese New Year cards,foil red packets,embossed red packets,greeting cards,100pcs MOQ,24h turnaround,2h pickup,50pcs MOQ,from $0.06,UV wedding card,free proof,free design,same day shipping,wedding card design printing,wedding card design,thank you card printing,foil red packet,foil wedding card,same day print,ribbon hole envelope,custom holiday card,personalized greeting card,Mother's Day card,wedding invitation,save the date,business holiday card,photo greeting card,foil greeting card,luxury invitation card	custom red packets,custom red packets 印刷,紅包印刷,旧正月,結婚式招待状,クリスマスカード,年賀状,箔押し紅包,オリジナル紅包,キャラクター紅包,中華風招待状,挨拶状,100個〜,24時間出荷,2時間受取,50個〜,HK$0.5〜,UV 招待状,無料校正,無料デザイン,当日出荷,招待状デザイン印刷,ウェディング招待状デザイン,サンキューカード印刷,箔押し招待状,当日印刷,リボン穴封筒	custom red packets/利是封 100 個起。採用 157g 紅金紙/銅版紙 高品質材質，支援 標準/訂製 多種規格，提供 4 色 CMYK 全彩印刷、logo 圖案自由設計。5-7 個工作天交貨，港九新界免費速遞，順豐速遞上門。專業團隊、價格透明，企業活動、店舖推廣首選。	Custom custom red packets from ZprintPro the US. Gold Foil Print, 4-color CMYK. 100-MOQ. Free US shipping over $100, DHL Express | Free Design | 100 MOQ	custom red packetsのcustom red packetsは ZprintPro にお任せ。157g 赤金紙/コート 高品質用紙、標準/カスタム 各種対応。4色 CMYK 印刷、デザイン自由。100個〜、5-7営業日で全国配送。30秒無料見積もり、深夜対応OK。自社工場直結の安心感。	定制利是封	Custom Red Packets 100+ | ZprintPro	Exclusive design with company logo and greetings. Strengthens brand impression. ZprintPro offers professional Custom Red Packets services worldwide. High quality	專屬設計，印上公司Logo和祝福語，支持印刷即日速遞送貨。強化品牌印象，節日營銷必備。智印港提供專業的定制利是封服務，採用高品質材料和先進印刷技術，確保每一件產品都達到最高標準。我們支持靈活起訂量和快速交貨，滿足香港企業的各種印刷需求。			利是封的最小訂購量是多少？	一般為500個起訂，春節旺季建議提前1個月下單。	可以燙金定制公司Logo嗎？	可以。我們提供燙金、燙銀、浮雕等多種工藝的Logo定制。	利是封的交貨時間？	標準7-10個工作日。春節前為旺季，建議提前預訂。	hk-printing-custom-red-packets.jpg	一般為500個起訂，春節旺季建議提前1個月下單。	Custom Red Packets for holiday cards, wedding invitations — ZprintPro	オリジナルポチ袋 / 箔押し | 香港のオリジナルポチ袋印刷 | ZprintPro	即日印刷→/product/same-day-flyers/ | 聯繫我們→/contact/
卡通利是封	Cartoon Red Packets	キャラクターポチ袋	cartoon-red-packets	50	卡通利是封 燙金・局部UV・100起印・HK$1.10起 | 智印港	Cartoon Red Packets | Free Shipping $99+ | ZprintPro	イラスト年賀状 箔押し・局部UV・100枚〜 | ZprintPro	卡通利是封,利是封,利是封印刷,春聯,中秋賀卡,聖誕卡,婚禮請柬,嬰兒滿月卡,感謝卡,燙金紅包,卡通紅包,新年賀卡,100個起,24小時出貨,2小時取件,300g紙,30個起,50個起,80個起,AI檔 印刷,HK$0.4起,HK$0.5起,HK$0.6起,PSD轉印刷,UV喜帖,免設計費 利是封,免費打樣,免費設計,全套婚禮印刷,公司利是封印刷,利是封印刷 自備設計,利是封多少錢,利是封定製,利是封製作,即日出稿,即日出貨,喜帖 實體打樣,喜帖印刷,喜帖設計印刷,囍帖印刷,婚禮印刷 套餐,婚禮囍帖設計,婚禮套組 多少錢,婚禮座位卡,學校利是封活動,學生利是封,小批量利是封印刷,感謝卡印刷,手工利是封,燙金利是封,燙金囍帖,特種紙 囍帖,班級利是封,環保利是封,環保紙 利是封,當日印刷,節日紅包袋,節日賀卡印刷,紅包袋印刷,絲帶孔信封,聖誕賀卡印刷,農曆新年利是封,迎賓牌 印刷,高端喜帖印刷	cartoon red packets,custom cartoon red packets,cartoon red packets printing online,cartoon red packets free shipping,cartoon red packets USD,bulk cartoon red packets,cartoon red packets DHL,bespoke cartoon red packets,cartoon red packets wholesale,cartoon red packets pricing,red packet printing,CNY red packets,lai see,wedding invitations,Christmas cards,Chinese New Year cards,foil red packets,custom red packets,embossed red packets,greeting cards,100pcs MOQ,24h turnaround,2h pickup,50pcs MOQ,from $0.06,UV wedding card,free proof,free design,same day shipping,wedding card design printing,wedding card design,thank you card printing,foil red packet,foil wedding card,same day print,ribbon hole envelope	イラスト年賀状,イラスト年賀状 印刷,cartoon red packets,紅包印刷,旧正月,結婚式招待状,クリスマスカード,年賀状,箔押し紅包,オリジナル紅包,キャラクター紅包,中華風招待状,挨拶状,100個〜,24時間出荷,2時間受取,50個〜,HK$0.5〜,UV 招待状,無料校正,無料デザイン,当日出荷,招待状デザイン印刷,ウェディング招待状デザイン,サンキューカード印刷,箔押し招待状,当日印刷,リボン穴封筒	卡通利是封/卡通利是封 100 個起。採用 157g 紅金紙/銅版紙 高品質材質，支援 標準/訂製 多種規格，提供 4 色 CMYK 全彩印刷、logo 圖案自由設計。5-7 個工作天交貨，港九新界免費速遞，順豐速遞上門。專業團隊、價格透明，企業活動、店舖推廣首選。	Custom cartoon red packets from ZprintPro the US. Gold Foil Print, 4-color CMYK. 100-MOQ. Free US shipping over $100, DHL Express | Free Design | 100 MOQ	イラスト年賀状のイラスト年賀状は ZprintPro にお任せ。157g 赤金紙/コート 高品質用紙、標準/カスタム 各種対応。4色 CMYK 印刷、デザイン自由。100個〜、5-7営業日で全国配送。30秒無料見積もり、深夜対応OK。自社工場直結の安心感。	可愛卡通設計，深受年輕人喜愛。適合親子品牌、教育機構、兒童產品。智印港提供專業卡通利是封服務，香港本地印刷，品質保證，價格透明。	Cartoon Red Packets 100+ | ZprintPro	高品質・短納期・グローバル配送。ZprintPro がプロフェッショナル印刷サービスを提供。	可愛卡通設計，深受年輕人喜愛。適合親子品牌、教育機構、兒童產品。智印港提供專業的卡通利是封服務，採用高品質材料和先進印刷技術，確保每一件產品都達到最高標準。我們支持靈活起訂量和快速交貨，滿足香港企業的各種印刷需求。			利是封的最小訂購量是多少？	一般為500個起訂，春節旺季建議提前1個月下單。	可以燙金定制公司Logo嗎？	可以。我們提供燙金、燙銀、浮雕等多種工藝的Logo定制。	利是封的交貨時間？	標準7-10個工作日。春節前為旺季，建議提前預訂。	hk-printing-cartoon-red-packets.jpg	一般為500個起訂，春節旺季建議提前1個月下單。	Custom cartoon red packets with gold foil print, premium materials — ZprintPro	キャラクターポチ袋 / 箔押し | 香港のキャラクターポチ袋印刷 | ZprintPro	即日印刷→/product/same-day-flyers/ | 聯繫我們→/contact/
環保利是封	Eco Red Packets	エコポチ袋	eco-red-packets	50	環保利是封 燙金・覆膜・100起印・HK$1.90起 | 智印港	Eco Red Packets | Gold Foil Print | 100 MOQ | ZprintPro	エコ年賀状 箔押し・ラミネート・100枚〜 | ZprintPro	環保利是封,利是封,利是封印刷,利是封訂製,春聯,中秋賀卡,聖誕卡,婚禮請柬,嬰兒滿月卡,感謝卡,燙金紅包,卡通紅包,新年賀卡,100個起,24小時出貨,2小時取件,300g紙,30個起,50個起,80個起,AI檔 印刷,HK$0.4起,HK$0.5起,HK$0.6起,PSD轉印刷,UV喜帖,免設計費 利是封,免費打樣,免費設計,全套婚禮印刷,公司利是封印刷,利是封印刷 自備設計,利是封多少錢,利是封定製,利是封製作,即日出稿,即日出貨,喜帖 實體打樣,喜帖印刷,喜帖設計印刷,囍帖印刷,婚禮印刷 套餐,婚禮囍帖設計,婚禮套組 多少錢,婚禮座位卡,學校利是封活動,學生利是封,小批量利是封印刷,感謝卡印刷,手工利是封,燙金利是封,燙金囍帖,特種紙 囍帖,班級利是封,環保紙 利是封,當日印刷,節日紅包袋,節日賀卡印刷,紅包袋印刷,絲帶孔信封,聖誕賀卡印刷,農曆新年利是封,迎賓牌 印刷,高端喜帖印刷	eco red packets,custom eco red packets,eco red packets printing online,eco red packets free shipping,eco red packets USD,bulk eco red packets,eco red packets DHL,bespoke eco red packets,eco red packets wholesale,eco red packets pricing,red packet printing,CNY red packets,lai see,wedding invitations,Christmas cards,Chinese New Year cards,foil red packets,custom red packets,embossed red packets,greeting cards,100pcs MOQ,24h turnaround,2h pickup,50pcs MOQ,from $0.06,UV wedding card,free proof,free design,same day shipping,wedding card design printing,wedding card design,thank you card printing,foil red packet,foil wedding card,same day print,ribbon hole envelope	エコ年賀状,エコ年賀状 印刷,eco red packets,紅包印刷,旧正月,結婚式招待状,クリスマスカード,年賀状,箔押し紅包,オリジナル紅包,キャラクター紅包,中華風招待状,挨拶状,100個〜,24時間出荷,2時間受取,50個〜,HK$0.5〜,UV 招待状,無料校正,無料デザイン,当日出荷,招待状デザイン印刷,ウェディング招待状デザイン,サンキューカード印刷,箔押し招待状,当日印刷,リボン穴封筒	環保利是封/利是封 100 個起。採用 157g 紅金紙/銅版紙 高品質材質，支援 標準/訂製 多種規格，提供 4 色 CMYK 全彩印刷、logo 圖案自由設計。5-7 個工作天交貨，港九新界免費速遞，順豐速遞上門。專業團隊、價格透明，企業活動、店舖推廣首選。	Custom eco red packets from ZprintPro the US. Gold Foil Print, 4-color CMYK. 100-MOQ. Free US shipping over $100, DHL Express | Free Design | 100 MOQ	エコ年賀状のエコ年賀状は ZprintPro にお任せ。157g 赤金紙/コート 高品質用紙、標準/カスタム 各種対応。4色 CMYK 印刷、デザイン自由。100個〜、5-7営業日で全国配送。30秒無料見積もり、深夜対応OK。自社工場直結の安心感。	採用環保紙張和油墨，可持續發展理念。適合注重環保的企業。智印港提供專業環保利是封服務，香港本地印刷，品質保證，價格透明。	Eco Red Packets 100+ | Gold Foil Print | ZprintPro	高品質・短納期・グローバル配送。ZprintPro がプロフェッショナル印刷サービスを提供。	採用環保紙張和油墨，可持續發展理念。適合注重環保的企業。智印港提供專業的環保利是封服務，採用高品質材料和先進印刷技術，確保每一件產品都達到最高標準。我們支持靈活起訂量和快速交貨，滿足香港企業的各種印刷需求。			利是封的最小訂購量是多少？	一般為500個起訂，春節旺季建議提前1個月下單。	可以燙金定制公司Logo嗎？	可以。我們提供燙金、燙銀、浮雕等多種工藝的Logo定制。	利是封的交貨時間？	標準7-10個工作日。春節前為旺季，建議提前預訂。	hk-printing-eco-red-packets.jpg	一般為500個起訂，春節旺季建議提前1個月下單。	Custom eco red packets with gold foil print, premium materials — ZprintPro	エコポチ袋 / 箔押し | 香港のエコポチ袋印刷 | ZprintPro	即日印刷→/product/same-day-flyers/ | 聯繫我們→/contact/
大號利是封	Large Red Packets	大判ポチ袋	large-red-packets	50	大利是封 燙金・局部UV・100起印・HK$2.20起 | 智印港	Large Red Packets | Gold Foil | 100 MOQ | ZprintPro	大型年賀状 | 箔押し UV エンボス | 100枚〜 | ZprintPro	大利是封,利是封,利是封印刷,春聯,中秋賀卡,聖誕卡,婚禮請柬,嬰兒滿月卡,感謝卡,燙金紅包,卡通紅包,新年賀卡,100個起,24小時出貨,2小時取件,300g紙,30個起,50個起,80個起,AI檔 印刷,HK$0.4起,HK$0.5起,HK$0.6起,PSD轉印刷,UV喜帖,免設計費 利是封,免費打樣,免費設計,全套婚禮印刷,公司利是封印刷,利是封印刷 自備設計,利是封多少錢,利是封定製,利是封製作,即日出稿,即日出貨,喜帖 實體打樣,喜帖印刷,喜帖設計印刷,囍帖印刷,婚禮印刷 套餐,婚禮囍帖設計,婚禮套組 多少錢,婚禮座位卡,學校利是封活動,學生利是封,小批量利是封印刷,感謝卡印刷,手工利是封,燙金利是封,燙金囍帖,特種紙 囍帖,班級利是封,環保利是封,環保紙 利是封,當日印刷,節日紅包袋,節日賀卡印刷,紅包袋印刷,絲帶孔信封,聖誕賀卡印刷,農曆新年利是封,迎賓牌 印刷,高端喜帖印刷	large red packets,custom large red packets,large red packets printing online,large red packets free shipping,large red packets USD,bulk large red packets,large red packets DHL,bespoke large red packets,large red packets wholesale,large red packets pricing,red packet printing,CNY red packets,lai see,wedding invitations,Christmas cards,Chinese New Year cards,foil red packets,custom red packets,embossed red packets,greeting cards,100pcs MOQ,24h turnaround,2h pickup,50pcs MOQ,from $0.06,UV wedding card,free proof,free design,same day shipping,wedding card design printing,wedding card design,thank you card printing,foil red packet,foil wedding card,same day print,ribbon hole envelope	大型年賀状,大型年賀状 印刷,large red packets,紅包印刷,旧正月,結婚式招待状,クリスマスカード,年賀状,箔押し紅包,オリジナル紅包,キャラクター紅包,中華風招待状,挨拶状,100個〜,24時間出荷,2時間受取,50個〜,HK$0.5〜,UV 招待状,無料校正,無料デザイン,当日出荷,招待状デザイン印刷,ウェディング招待状デザイン,サンキューカード印刷,箔押し招待状,当日印刷,リボン穴封筒	大利是封/大利是封 100 個起。採用 157g 紅金紙/銅版紙 高品質材質，支援 標準/訂製 多種規格，提供 4 色 CMYK 全彩印刷、logo 圖案自由設計。5-7 個工作天交貨，港九新界免費速遞，順豐速遞上門。專業團隊、價格透明，企業活動、店舖推廣首選。	Custom large red packets from ZprintPro the US. Gold Foil Print, 4-color CMYK. 100-MOQ. Free US shipping over $100, DHL Express | Free Design | 100 MOQ	大型年賀状の大型年賀状は ZprintPro にお任せ。157g 赤金紙/コート 高品質用紙、標準/カスタム 各種対応。4色 CMYK 印刷、デザイン自由。100個〜、5-7営業日で全国配送。30秒無料見積もり、深夜対応OK。自社工場直結の安心感。	加大尺寸，可放入更多鈔票或禮品卡。實用大氣，送禮更有面子。智印港提供專業大號利是封服務，香港本地印刷，品質保證，價格透明。	Large Red Packets 100+ | ZprintPro	高品質・短納期・グローバル配送。ZprintPro がプロフェッショナル印刷サービスを提供。	加大尺寸，可放入更多鈔票或禮品卡。實用大氣，送禮更有面子。智印港提供專業的大號利是封服務，採用高品質材料和先進印刷技術，確保每一件產品都達到最高標準。我們支持靈活起訂量和快速交貨，滿足香港企業的各種印刷需求。			利是封的最小訂購量是多少？	一般為500個起訂，春節旺季建議提前1個月下單。	可以燙金定制公司Logo嗎？	可以。我們提供燙金、燙銀、浮雕等多種工藝的Logo定制。	利是封的交貨時間？	標準7-10個工作日。春節前為旺季，建議提前預訂。	hk-printing-large-red-packets.jpg	一般為500個起訂，春節旺季建議提前1個月下單。	Custom large red packets with gold foil print, premium materials — ZprintPro	大判ポチ袋 / 箔押し | 香港の大判ポチ袋印刷 | ZprintPro	即日印刷→/product/same-day-flyers/ | 聯繫我們→/contact/
掛牆年曆	Wall Calendars	壁掛けカレンダー	wall-calendars	50	掛牆年曆 騎馬釘・1000起印・HK$3起・4小時打稿 | 智印港	Wall Calendars | Wire-Bound | 1000 MOQ | ZprintPro	壁掛けカレンダー | ノベルティ 各種サイズ | ZprintPro	掛牆年曆,年曆,相框年曆,桌曆,掛曆,月曆,企業年曆,迷你口袋曆,環保再生曆,定製節日曆,2027年曆,照片年曆,翻頁式桌曆,2026年曆印刷,2026座枱曆,2小時取,A5日曆,ESG年曆,企業掛曆,個人日曆定製,免費設計年曆,公司掛曆定製,再生紙年曆,即日取年曆印刷,可撕式年曆,學校年曆,家庭年曆,年曆印刷 500個,座枱曆印刷,急件掛曆,批量年曆,掛曆 HK$8起,掛曆印刷 多少錢,新年掛曆,旺角年曆,照片日曆,環保掛曆,社福掛曆,節慶年曆,節日主題掛曆,簡約年曆,精裝日曆,綠色企業掛曆,聖誕掛曆	wall calendars,custom wall calendars,wall calendars printing online,wall calendars free shipping,wall calendars USD,bulk wall calendars,wall calendars DHL,bespoke wall calendars,wall calendars wholesale,wall calendars pricing,calendar printing,desk calendars,2027 calendars,custom calendars,corporate calendars,mini calendars,photo calendars,eco calendars,flip calendars,2026 desktop calendar,A5 daily calendar,corporate wall calendar custom,desktop calendar printing,eco wall calendar,festive calendar	壁掛けカレンダー,壁掛けカレンダー 印刷,wall calendars,カレンダー印刷,卓上カレンダー,2027年カレンダー,企業カレンダー,オリジナルカレンダー,ミニカレンダー,写真カレンダー,エコカレンダー,日めくりカレンダー,2026 卓上カレンダー,A5 日めくり,会社壁掛けカレンダー,卓上カレンダー印刷,エコ壁掛けカレンダー,祝日カレンダー	掛牆年曆/掛牆年曆 50 本起。採用 250g 銅版紙/啞面 高品質材質，支援 A5/A4/訂製 多種規格，提供 4 色 CMYK 全彩印刷、logo 圖案自由設計。7-10 個工作天交貨，港九新界免費速遞，順豐速遞上門。專業團隊、價格透明，企業活動、店舖推廣首選。	Custom wall calendars from ZprintPro the US. Wire-Bound Spiral, 4-color CMYK. 100-MOQ. Free US shipping over $100, DHL Express | Free Design | 100 MOQ	壁掛けカレンダーの壁掛けカレンダーは ZprintPro にお任せ。250g コート/マット 高品質用紙、A5/A4/カスタム 各種対応。4色 CMYK 印刷、デザイン自由。50冊〜、7-10営業日で全国配送。30秒無料見積もり、深夜対応OK。自社工場直結の安心感。	掛牆年曆	Wall Calendars 100+ | ZprintPro	Standard A3 or A2 wall calendars	標準A3或A2掛牆年曆，13頁設計（封面+12個月），支持印刷即日速遞送貨。適合家庭、辦公室使用，全年品牌曝光。智印港提供專業的掛牆年曆服務，採用高品質材料和先進印刷技術，確保每一件產品都達到最高標準。我們支持靈活起訂量和快速交貨，滿足香港企業的各種印刷需求。			年曆的最小訂購量是多少？	一般為50本起訂，大批量訂單價格更優惠。	可以定制年曆的內頁設計嗎？	可以。我們支持封面和內頁的完全定制設計。	年曆的交貨時間？	標準7-10個工作日。建議在11月前完成訂購以確保新年及時到貨。	hk-printing-wall-calendars.jpg	掛牆年曆 / 企業禮品 | 香港掛牆年曆印刷 250g–300g銅版紙或啞粉紙 | 智印港	Custom wall calendars with wire-bound spiral, premium materials — ZprintPro	壁掛けカレンダー / 高品質 | 壁掛けカレンダー印刷 高品質紙 翌日配送 | ZprintPro	即日印刷→/product/same-day-flyers/ | 聯繫我們→/contact/
座檯年曆	Desk Calendars	卓上カレンダー	desk-calendars	50	座檯年曆 | 企業禮品 多款式 | 1000個起 HK$3起 | 智印港	Desk Calendars | Wire-Bound | 1000 MOQ | ZprintPro	デスクカレンダー | ノベルティ 各種サイズ | ZprintPro	座檯年曆,年曆,calendar,桌曆,掛曆,月曆,企業年曆,迷你口袋曆,環保再生曆,定製節日曆,2027年曆,照片年曆,翻頁式桌曆,2026年曆印刷,2026座枱曆,2小時取,A5日曆,ESG年曆,企業掛曆,個人日曆定製,免費設計年曆,公司掛曆定製,再生紙年曆,即日取年曆印刷,可撕式年曆,學校年曆,家庭年曆,年曆印刷 500個,座枱曆印刷,急件掛曆,批量年曆,掛曆 HK$8起,掛曆印刷 多少錢,新年掛曆,旺角年曆,照片日曆,環保掛曆,社福掛曆,節慶年曆,節日主題掛曆,簡約年曆,精裝日曆,綠色企業掛曆,聖誕掛曆	desk calendars,custom desk calendars,desk calendars printing online,desk calendars free shipping,desk calendars USD,bulk desk calendars,desk calendars DHL,bespoke desk calendars,desk calendars wholesale,desk calendars pricing,calendar printing,wall calendars,2027 calendars,custom calendars,corporate calendars,mini calendars,photo calendars,eco calendars,flip calendars,2026 desktop calendar,A5 daily calendar,corporate wall calendar custom,desktop calendar printing,eco wall calendar,festive calendar	デスクカレンダー,デスクカレンダー 印刷,desk calendars,カレンダー印刷,卓上カレンダー,壁掛けカレンダー,2027年カレンダー,企業カレンダー,オリジナルカレンダー,ミニカレンダー,写真カレンダー,エコカレンダー,日めくりカレンダー,2026 卓上カレンダー,A5 日めくり,会社壁掛けカレンダー,卓上カレンダー印刷,エコ壁掛けカレンダー,祝日カレンダー	座檯年曆/座檯年曆 50 本起。採用 250g 銅版紙/啞面 高品質材質，支援 A5/A4/訂製 多種規格，提供 4 色 CMYK 全彩印刷、logo 圖案自由設計。7-10 個工作天交貨，港九新界免費速遞，順豐速遞上門。專業團隊、價格透明，企業活動、店舖推廣首選。	Custom desk calendars from ZprintPro the US. Wire-Bound Spiral, 4-color CMYK. 100-MOQ. Free US shipping over $100, DHL Express | Free Design | 100 MOQ	デスクカレンダーのデスクカレンダーは ZprintPro にお任せ。250g コート/マット 高品質用紙、A5/A4/カスタム 各種対応。4色 CMYK 印刷、デザイン自由。50冊〜、7-10営業日で全国配送。30秒無料見積もり、深夜対応OK。自社工場直結の安心感。	座檯年曆	Desk Calendars 100+ | ZprintPro	Triangular desk design	三角形座檯設計，穩固美觀，支持印刷即日速遞送貨。適合辦公桌擺放，每日品牌接觸。智印港提供專業的座檯年曆服務，採用高品質材料和先進印刷技術，確保每一件產品都達到最高標準。我們支持靈活起訂量和快速交貨，滿足香港企業的各種印刷需求。			年曆的最小訂購量是多少？	一般為50本起訂，大批量訂單價格更優惠。	可以定制年曆的內頁設計嗎？	可以。我們支持封面和內頁的完全定制設計。	年曆的交貨時間？	標準7-10個工作日。建議在11月前完成訂購以確保新年及時到貨。	hk-printing-desk-calendars.jpg	座檯年曆 / 企業禮品 | 香港座檯年曆印刷 200g–250g銅版紙或卡紙 | 智印港	Custom desk calendars with wire-bound spiral, premium materials — ZprintPro	デスクカレンダー / 高品質 | デスクカレンダー印刷 高品質紙 翌日配送 | ZprintPro	即日印刷→/product/same-day-flyers/ | 聯繫我們→/contact/
定制年曆	Custom Calendars	オリジナルカレンダー	custom-calendars	50	定制年曆 | 企業禮品 多款式 | 1000本起 HK$3起 | 智印港	Custom Calendars 2027 | 1000 MOQ | $0.40 | ZprintPro	カスタムカレンダー | ノベルティ 各種サイズ | ZprintPro	定制年曆,年曆,桌曆,掛曆,月曆,企業年曆,迷你口袋曆,環保再生曆,定製節日曆,2027年曆,照片年曆,翻頁式桌曆,2026年曆印刷,2026座枱曆,2小時取,A5日曆,ESG年曆,企業掛曆,個人日曆定製,免費設計年曆,公司掛曆定製,再生紙年曆,即日取年曆印刷,可撕式年曆,學校年曆,家庭年曆,年曆印刷 500個,座枱曆印刷,急件掛曆,批量年曆,掛曆 HK$8起,掛曆印刷 多少錢,新年掛曆,旺角年曆,照片日曆,環保掛曆,社福掛曆,節慶年曆,節日主題掛曆,簡約年曆,精裝日曆,綠色企業掛曆,聖誕掛曆	custom calendars,custom custom calendars,custom calendars printing online,custom calendars free shipping,custom calendars USD,bulk custom calendars,custom calendars DHL,bespoke custom calendars,custom calendars wholesale,custom calendars pricing,calendar printing,wall calendars,desk calendars,2027 calendars,corporate calendars,mini calendars,photo calendars,eco calendars,flip calendars,2026 desktop calendar,A5 daily calendar,corporate wall calendar custom,desktop calendar printing,eco wall calendar,festive calendar	カスタムカレンダー,カスタムカレンダー 印刷,custom calendars,カレンダー印刷,卓上カレンダー,壁掛けカレンダー,2027年カレンダー,企業カレンダー,オリジナルカレンダー,ミニカレンダー,写真カレンダー,エコカレンダー,日めくりカレンダー,2026 卓上カレンダー,A5 日めくり,会社壁掛けカレンダー,卓上カレンダー印刷,エコ壁掛けカレンダー,祝日カレンダー	定制年曆/定制年曆 50 本起。採用 250g 銅版紙/啞面 高品質材質，支援 A5/A4/訂製 多種規格，提供 4 色 CMYK 全彩印刷、logo 圖案自由設計。7-10 個工作天交貨，港九新界免費速遞，順豐速遞上門。專業團隊、價格透明，企業活動、店舖推廣首選。	Custom custom calendars from ZprintPro the US. Wire-Bound Spiral, 4-color CMYK. 100-MOQ. Free US shipping over $100, DHL Express | Free Design | 100 MOQ	カスタムカレンダーのカスタムカレンダーは ZprintPro にお任せ。250g コート/マット 高品質用紙、A5/A4/カスタム 各種対応。4色 CMYK 印刷、デザイン自由。50冊〜、7-10営業日で全国配送。30秒無料見積もり、深夜対応OK。自社工場直結の安心感。	專屬設計，每頁可印公司產品或服務。企業禮品首選，送客戶最佳選擇。智印港提供專業定制年曆服務，香港本地印刷，品質保證，價格透明。	Custom Calendars 100+ | ZprintPro	高品質・短納期・グローバル配送。ZprintPro がプロフェッショナル印刷サービスを提供。	專屬設計，每頁可印公司產品或服務。企業禮品首選，送客戶最佳選擇。智印港提供專業的定制年曆服務，採用高品質材料和先進印刷技術，確保每一件產品都達到最高標準。我們支持靈活起訂量和快速交貨，滿足香港企業的各種印刷需求。			年曆的最小訂購量是多少？	一般為50本起訂，大批量訂單價格更優惠。	可以定制年曆的內頁設計嗎？	可以。我們支持封面和內頁的完全定制設計。	年曆的交貨時間？	標準7-10個工作日。建議在11月前完成訂購以確保新年及時到貨。	hk-printing-custom-calendars.jpg	一般為50本起訂，大批量訂單價格更優惠。	Custom custom calendars with wire-bound spiral, premium materials — ZprintPro	オリジナルカレンダー / 卓上・壁掛け | 香港のオリジナルカレンダー印刷 | ZprintPro	即日印刷→/product/same-day-flyers/ | 聯繫我們→/contact/
迷你年曆	Mini Calendars	ミニカレンダー	mini-calendars	50	迷你年曆 騎馬釘・1000起印・HK$3起・4小時打稿 | 智印港	Mini Calendars | Wire-Bound | 1000 MOQ | ZprintPro	ミニカレンダー | ノベルティ 各種サイズ | ZprintPro	迷你年曆,年曆,桌曆,掛曆,月曆,企業年曆,迷你口袋曆,環保再生曆,定製節日曆,2027年曆,照片年曆,翻頁式桌曆,2026年曆印刷,2026座枱曆,2小時取,A5日曆,ESG年曆,企業掛曆,個人日曆定製,免費設計年曆,公司掛曆定製,再生紙年曆,即日取年曆印刷,可撕式年曆,學校年曆,家庭年曆,年曆印刷 500個,座枱曆印刷,急件掛曆,批量年曆,掛曆 HK$8起,掛曆印刷 多少錢,新年掛曆,旺角年曆,照片日曆,環保掛曆,社福掛曆,節慶年曆,節日主題掛曆,簡約年曆,精裝日曆,綠色企業掛曆,聖誕掛曆	mini calendars,custom mini calendars,mini calendars printing online,mini calendars free shipping,mini calendars USD,bulk mini calendars,mini calendars DHL,bespoke mini calendars,mini calendars wholesale,mini calendars pricing,calendar printing,wall calendars,desk calendars,2027 calendars,custom calendars,corporate calendars,photo calendars,eco calendars,flip calendars,2026 desktop calendar,A5 daily calendar,corporate wall calendar custom,desktop calendar printing,eco wall calendar,festive calendar	ミニカレンダー,ミニカレンダー 印刷,mini calendars,カレンダー印刷,卓上カレンダー,壁掛けカレンダー,2027年カレンダー,企業カレンダー,オリジナルカレンダー,写真カレンダー,エコカレンダー,日めくりカレンダー,2026 卓上カレンダー,A5 日めくり,会社壁掛けカレンダー,卓上カレンダー印刷,エコ壁掛けカレンダー,祝日カレンダー	迷你年曆/迷你年曆 50 本起。採用 250g 銅版紙/啞面 高品質材質，支援 A5/A4/訂製 多種規格，提供 4 色 CMYK 全彩印刷、logo 圖案自由設計。7-10 個工作天交貨，港九新界免費速遞，順豐速遞上門。專業團隊、價格透明，企業活動、店舖推廣首選。	Custom mini calendars from ZprintPro the US. Wire-Bound Spiral, 4-color CMYK. 100-MOQ. Free US shipping over $100, DHL Express | Free Design | 100 MOQ	ミニカレンダーのミニカレンダーは ZprintPro にお任せ。250g コート/マット 高品質用紙、A5/A4/カスタム 各種対応。4色 CMYK 印刷、デザイン自由。50冊〜、7-10営業日で全国配送。30秒無料見積もり、深夜対応OK。自社工場直結の安心感。	小巧便攜，可放入錢包或口袋。創意禮品，年輕人喜愛。智印港提供專業迷你年曆服務，香港本地印刷，品質保證，價格透明。	Mini Calendars 100+ | ZprintPro	高品質・短納期・グローバル配送。ZprintPro がプロフェッショナル印刷サービスを提供。	小巧便攜，可放入錢包或口袋。創意禮品，年輕人喜愛。智印港提供專業的迷你年曆服務，採用高品質材料和先進印刷技術，確保每一件產品都達到最高標準。我們支持靈活起訂量和快速交貨，滿足香港企業的各種印刷需求。			年曆的最小訂購量是多少？	一般為50本起訂，大批量訂單價格更優惠。	可以定制年曆的內頁設計嗎？	可以。我們支持封面和內頁的完全定制設計。	年曆的交貨時間？	標準7-10個工作日。建議在11月前完成訂購以確保新年及時到貨。	hk-printing-mini-calendars.jpg	一般為50本起訂，大批量訂單價格更優惠。	Custom mini calendars with wire-bound spiral, premium materials — ZprintPro	ミニカレンダー / 卓上・壁掛け | 香港のミニカレンダー印刷 | ZprintPro	即日印刷→/product/same-day-flyers/ | 聯繫我們→/contact/
相框年曆	Photo Frame Calendars	フォトフレームカレンダー	photo-frame-calendars	50	相框年曆 騎馬釘・1000起印・HK$3起・4小時打稿 | 智印港	Photo Frame Calendars | Free Shipping $99+ | ZprintPro	フォトフレームカレンダー | 1000部〜 ¥50〜 | ZprintPro	相框年曆,年曆,桌曆,掛曆,月曆,企業年曆,迷你口袋曆,環保再生曆,定製節日曆,2027年曆,照片年曆,翻頁式桌曆,2026年曆印刷,2026座枱曆,2小時取,A5日曆,ESG年曆,企業掛曆,個人日曆定製,免費設計年曆,公司掛曆定製,再生紙年曆,即日取年曆印刷,可撕式年曆,學校年曆,家庭年曆,年曆印刷 500個,座枱曆印刷,急件掛曆,批量年曆,掛曆 HK$8起,掛曆印刷 多少錢,新年掛曆,旺角年曆,照片日曆,環保掛曆,社福掛曆,節慶年曆,節日主題掛曆,簡約年曆,精裝日曆,綠色企業掛曆,聖誕掛曆	photo frame calendars,custom photo frame calendars,photo frame calendars printing online,photo frame calendars free shipping,photo frame calendars USD,bulk photo frame calendars,photo frame calendars DHL,bespoke photo frame calendars,photo frame calendars wholesale,photo frame calendars pricing,calendar printing,wall calendars,desk calendars,2027 calendars,custom calendars,corporate calendars,mini calendars,photo calendars,eco calendars,flip calendars,2026 desktop calendar,A5 daily calendar,corporate wall calendar custom,desktop calendar printing,eco wall calendar,festive calendar	フォトフレームカレンダー,フォトフレームカレンダー 印刷,photo frame calendars,カレンダー印刷,卓上カレンダー,壁掛けカレンダー,2027年カレンダー,企業カレンダー,オリジナルカレンダー,ミニカレンダー,写真カレンダー,エコカレンダー,日めくりカレンダー,2026 卓上カレンダー,A5 日めくり,会社壁掛けカレンダー,卓上カレンダー印刷,エコ壁掛けカレンダー,祝日カレンダー	相框年曆/相框年曆 50 本起。採用 250g 銅版紙/啞面 高品質材質，支援 A5/A4/訂製 多種規格，提供 4 色 CMYK 全彩印刷、logo 圖案自由設計。7-10 個工作天交貨，港九新界免費速遞，順豐速遞上門。專業團隊、價格透明，企業活動、店舖推廣首選。	Custom photo frame calendars from ZprintPro the US. Wire-Bound Spiral, 4-color CMYK. 100-MOQ. Free US shipping over $100, DHL Express | Free Design | 100 MOQ	フォトフレームカレンダーのフォトフレームカレンダーは ZprintPro にお任せ。250g コート/マット 高品質用紙、A5/A4/カスタム 各種対応。4色 CMYK 印刷、デザイン自由。50冊〜、7-10営業日で全国配送。30秒無料見積もり、深夜対応OK。自社工場直結の安心感。	結合相框功能，可替換照片。實用美觀，家庭必備。智印港提供專業相框年曆服務，香港本地印刷，品質保證，價格透明。	Photo Frame Calendars 100+ | ZprintPro	高品質・短納期・グローバル配送。ZprintPro がプロフェッショナル印刷サービスを提供。	結合相框功能，可替換照片。實用美觀，家庭必備。智印港提供專業的相框年曆服務，採用高品質材料和先進印刷技術，確保每一件產品都達到最高標準。我們支持靈活起訂量和快速交貨，滿足香港企業的各種印刷需求。			年曆的最小訂購量是多少？	一般為50本起訂，大批量訂單價格更優惠。	可以定制年曆的內頁設計嗎？	可以。我們支持封面和內頁的完全定制設計。	年曆的交貨時間？	標準7-10個工作日。建議在11月前完成訂購以確保新年及時到貨。	hk-printing-photo-frame-calendars.jpg	一般為50本起訂，大批量訂單價格更優惠。	Custom photo frame calendars with wire-bound spiral, premium materials — ZprintPro	フォトフレームカレンダー / 卓上 | 香港のフォトフレームカレンダー印刷 | ZprintPro	即日印刷→/product/same-day-flyers/ | 聯繫我們→/contact/
磁石年曆	Magnetic Calendars	マグネットカレンダー	magnetic-calendars	50	磁吸年曆 | 企業禮品 多款式 | 1000個起 HK$3起 | 智印港	Magnetic Calendars | Free Shipping $99+ | ZprintPro	マグネットカレンダー | ノベルティ 各種サイズ | ZprintPro	磁吸年曆,年曆,桌曆,掛曆,月曆,企業年曆,迷你口袋曆,環保再生曆,定製節日曆,2027年曆,照片年曆,翻頁式桌曆,2026年曆印刷,2026座枱曆,2小時取,A5日曆,ESG年曆,企業掛曆,個人日曆定製,免費設計年曆,公司掛曆定製,再生紙年曆,即日取年曆印刷,可撕式年曆,學校年曆,家庭年曆,年曆印刷 500個,座枱曆印刷,急件掛曆,批量年曆,掛曆 HK$8起,掛曆印刷 多少錢,新年掛曆,旺角年曆,照片日曆,環保掛曆,社福掛曆,節慶年曆,節日主題掛曆,簡約年曆,精裝日曆,綠色企業掛曆,聖誕掛曆	magnetic calendars,custom magnetic calendars,magnetic calendars printing online,magnetic calendars free shipping,magnetic calendars USD,bulk magnetic calendars,magnetic calendars DHL,bespoke magnetic calendars,magnetic calendars wholesale,magnetic calendars pricing,calendar printing,wall calendars,desk calendars,2027 calendars,custom calendars,corporate calendars,mini calendars,photo calendars,eco calendars,flip calendars,2026 desktop calendar,A5 daily calendar,corporate wall calendar custom,desktop calendar printing,eco wall calendar,festive calendar	マグネットカレンダー,マグネットカレンダー 印刷,magnetic calendars,カレンダー印刷,卓上カレンダー,壁掛けカレンダー,2027年カレンダー,企業カレンダー,オリジナルカレンダー,ミニカレンダー,写真カレンダー,エコカレンダー,日めくりカレンダー,2026 卓上カレンダー,A5 日めくり,会社壁掛けカレンダー,卓上カレンダー印刷,エコ壁掛けカレンダー,祝日カレンダー	磁吸年曆/磁吸年曆 50 本起。採用 250g 銅版紙/啞面 高品質材質，支援 A5/A4/訂製 多種規格，提供 4 色 CMYK 全彩印刷、logo 圖案自由設計。7-10 個工作天交貨，港九新界免費速遞，順豐速遞上門。專業團隊、價格透明，企業活動、店舖推廣首選。	Custom magnetic calendars from ZprintPro the US. Wire-Bound Spiral, 4-color CMYK. 100-MOQ. Free US shipping over $100, DHL Express | Free Design | 100 MOQ	マグネットカレンダーのマグネットカレンダーは ZprintPro にお任せ。250g コート/マット 高品質用紙、A5/A4/カスタム 各種対応。4色 CMYK 印刷、デザイン自由。50冊〜、7-10営業日で全国配送。30秒無料見積もり、深夜対応OK。自社工場直結の安心感。	磁石背膠，可貼於冰箱等金屬表面。每日多次接觸，品牌曝光率高。智印港提供專業磁石年曆服務，香港本地印刷，品質保證，價格透明。	Magnetic Calendars 100+ | ZprintPro	高品質・短納期・グローバル配送。ZprintPro がプロフェッショナル印刷サービスを提供。	磁石背膠，可貼於冰箱等金屬表面。每日多次接觸，品牌曝光率高。智印港提供專業的磁石年曆服務，採用高品質材料和先進印刷技術，確保每一件產品都達到最高標準。我們支持靈活起訂量和快速交貨，滿足香港企業的各種印刷需求。			年曆的最小訂購量是多少？	一般為50本起訂，大批量訂單價格更優惠。	可以定制年曆的內頁設計嗎？	可以。我們支持封面和內頁的完全定制設計。	年曆的交貨時間？	標準7-10個工作日。建議在11月前完成訂購以確保新年及時到貨。	hk-printing-magnetic-calendars.jpg	一般為50本起訂，大批量訂單價格更優惠。	Custom magnetic calendars with wire-bound spiral, premium materials — ZprintPro	マグネットカレンダー / 卓上 | 香港のマグネットカレンダー印刷 | ZprintPro	即日印刷→/product/same-day-flyers/ | 聯繫我們→/contact/
PVC餐牌	PVC Menus	PVCメニュー	pvc-menus	50	PVC 餐牌 · 防水防油覆膜 10張起印 | 餐飲/酒吧菜單 | 智印港	PVC Menus | Laminated Durable | Free US Ship | ZprintPro	PVC menu | 防水 ラミネート | 10枚〜 ¥386〜 | ZprintPro	PVC 餐牌印刷,餐牌印刷,PVC 餐牌,pvc 餐牌,膠卡餐牌,防水餐牌,PVC餐牌,紙質菜單,精裝菜單,一次性菜單,杯套印刷,打包盒,餐廳宣傳單,飲品單	pvc menus,custom pvc menus,pvc menus printing online,pvc menus free shipping,pvc menus USD,bulk pvc menus,pvc menus DHL,bespoke pvc menus,pvc menus wholesale,pvc menus pricing,menu printing,restaurant menus,waterproof menus,PVC menus,custom menus,takeout menus,drink menus,laminated menus,disposable menus,catering menus	PVC menu,PVC menu 印刷,pvc menus,メニュー印刷,防水メニュー,レストランメニュー,PVCメニュー,テイクアウトメニュー,ドリンクメニュー,使い捨てメニュー,カフェメニュー,高級メニュー,宴会メニュー	PVC 餐牌印刷 10 張起印。採用 250g 銅版紙/防水覆膜 高品質材質，支援 A4/A5/訂製 多種規格，提供 4 色 CMYK 全彩印刷、logo 圖案自由設計。5-7 個工作天交貨，港九新界 $500 免費順豐速遞。餐廳、咖啡店、酒吧、茶餐廳、火鍋店、居酒屋首選。	Custom pvc menus from ZprintPro the US. Laminated Durable, 4-color CMYK. 10-MOQ. Free US shipping over $100, DHL Express | Free Design | 10 MOQ	PVC menuのPVC menuは ZprintPro にお任せ。250g コート/防水ラミネート 高品質用紙、A4/A5/カスタム 各種対応。4色 CMYK 印刷、デザイン自由。10枚〜、5-7営業日で全国配送。30秒無料見積もり、深夜対応OK。自社工場直結の安心感。	PVC 餐牌印刷 · 防水防油可水洗菜單 | 智印港	PVC Menus 10+ | Laminated Durable | ZprintPro	Waterproof and oil-resistant PVC material	防水防油PVC材質，易清潔耐用，支持印刷即日速遞送貨。餐廳、咖啡店首選。智印港提供專業的PVC餐牌服務，採用高品質材料和先進印刷技術，確保每一件產品都達到最高標準。我們支持靈活起訂量和快速交貨，滿足香港企業的各種印刷需求。			餐牌的最小訂購量是多少？	一般為10個起訂，一次性餐牌（大批量柯式）100個起。	餐牌防水嗎？	我們提供PVC和過膠防水餐牌，適合餐飲環境使用。	餐牌的交貨時間？	標準5-7個工作日。急件可安排3日快印。	hk-printing-pvc-menus.jpg	PVC餐牌 / 防水覆膜 | 香港PVC餐牌製作 0.5mm–1.0mm透明或白色PVC膠片 | 智印港	Custom pvc menus with laminated durable, premium materials — ZprintPro	PVC menu / 防水ラミネート | PVC menu印刷 防水ラミネート 翌日配送 | ZprintPro	即日印刷→/product/same-day-flyers/ | 聯繫我們→/contact/
過膠餐牌	Laminated Menus	ラミネートメニュー	laminated-menus	50	過膠餐牌印刷 · 防水覆膜 10份起 | 餐廳/咖啡店菜單 | 智印港	Laminated Menus | Custom Print | Free US Ship | ZprintPro	ラミネート menu 印刷 | 防水ラミネート 10枚〜 | ZprintPro	過膠餐牌,餐牌印刷,防水餐牌,PVC餐牌,紙質菜單,精裝菜單,一次性菜單,杯套印刷,打包盒,餐廳宣傳單,飲品單	laminated menus,custom laminated menus,laminated menus printing online,laminated menus free shipping,laminated menus USD,bulk laminated menus,laminated menus DHL,bespoke laminated menus,laminated menus wholesale,laminated menus pricing,menu printing,restaurant menus,waterproof menus,PVC menus,custom menus,takeout menus,drink menus,disposable menus,catering menus	ラミネート menu,ラミネート menu 印刷,laminated menus,メニュー印刷,防水メニュー,レストランメニュー,PVCメニュー,テイクアウトメニュー,ドリンクメニュー,使い捨てメニュー,カフェメニュー,高級メニュー,宴会メニュー	過膠餐牌印刷 10 份起印。採用 200g–250g 銅版紙/啞膠或光膠覆膜 高品質材質，支援 A4/A5/訂製 多種規格，提供 4 色 CMYK 全彩印刷、logo 圖案自由設計。5-7 個工作天交貨，港九新界免費速遞，順豐速遞上門。專業團隊、價格透明，企業活動、店舖推廣首選。	Custom laminated menus from ZprintPro the US. Laminated Durable, 4-color CMYK. 10-MOQ. Free US shipping over $100, DHL Express | Free Design | 10 MOQ	ラミネート menuのラミネート menuは ZprintPro にお任せ。250g コート/防水ラミネート 高品質用紙、A4/A5/カスタム 各種対応。4色 CMYK 印刷、デザイン自由。10枚〜、5-7営業日で全国配送。30秒無料見積もり、深夜対応OK。自社工場直結の安心感。	過膠餐牌	Laminated Menus 10+ | ZprintPro	Paper with lamination	紙質過膠處理，防水耐用且成本較低，支持印刷即日速遞送貨。經濟實惠之選。智印港提供專業的過膠餐牌服務，採用高品質材料和先進印刷技術，確保每一件產品都達到最高標準。我們支持靈活起訂量和快速交貨，滿足香港企業的各種印刷需求。			餐牌的最小訂購量是多少？	一般為10個起訂，一次性餐牌（大批量柯式）100個起。	餐牌防水嗎？	我們提供PVC和過膠防水餐牌，適合餐飲環境使用。	餐牌的交貨時間？	標準5-7個工作日。急件可安排3日快印。	hk-printing-laminated-menus.jpg	過膠餐牌 / 防水覆膜 | 香港過膠餐牌製作 200g–250g銅版紙或啞粉紙 | 智印港	Custom laminated menus with laminated durable, premium materials — ZprintPro	ラミネート menu / 防水 | ラミネート menu印刷 防水加工 翌日配送 | ZprintPro	即日印刷→/product/same-day-flyers/ | 聯繫我們→/contact/
精裝餐牌	Hardcover Menus	高級メニュー	hardcover-menus	50	精裝餐牌印刷 · 硬殼裝訂 10本起 | 高級餐廳/酒店 | 智印港	Hardcover Menus | Custom Print | Free US Ship | ZprintPro	ハードカバーメニュー | 上製本 箔押し 10冊〜 | ZprintPro	精裝餐牌,餐牌印刷,防水餐牌,PVC餐牌,紙質菜單,精裝菜單,一次性菜單,杯套印刷,打包盒,餐廳宣傳單,飲品單	hardcover menus,custom hardcover menus,hardcover menus printing online,hardcover menus free shipping,hardcover menus USD,bulk hardcover menus,hardcover menus DHL,bespoke hardcover menus,hardcover menus wholesale,hardcover menus pricing,menu printing,restaurant menus,waterproof menus,PVC menus,custom menus,takeout menus,drink menus,laminated menus,disposable menus,catering menus	ハードカバー menu,ハードカバー menu 印刷,hardcover menus,メニュー印刷,防水メニュー,レストランメニュー,PVCメニュー,テイクアウトメニュー,ドリンクメニュー,使い捨てメニュー,カフェメニュー,高級メニュー,宴会メニュー	精裝餐牌印刷 10 本起印。採用 硬紙板封面裱糊銅版紙/內頁 200g 銅版紙 高品質材質，支援 A4/A5/訂製 多種規格，提供 4 色 CMYK 全彩印刷、logo 圖案自由設計。5-7 個工作天交貨，港九新界免費速遞，順豐速遞上門。專業團隊、價格透明，企業活動、店舖推廣首選。	Custom hardcover menus from ZprintPro the US. Laminated Durable, 4-color CMYK. 10-MOQ. Free US shipping over $100, DHL Express | Free Design | 10 MOQ	ハードカバー menuのハードカバー menuは ZprintPro にお任せ。250g コート/防水ラミネート 高品質用紙、A4/A5/カスタム 各種対応。4色 CMYK 印刷、デザイン自由。10冊〜、5-7営業日で全国配送。30秒無料見積もり、深夜対応OK。自社工場直結の安心感。	精裝餐牌	Hardcover Menus 10+ | ZprintPro	Hardcover binding	硬殼精裝，高檔大氣，支持印刷即日速遞送貨。適合高級餐廳、酒店。智印港提供專業的精裝餐牌服務，採用高品質材料和先進印刷技術，確保每一件產品都達到最高標準。我們支持靈活起訂量和快速交貨，滿足香港企業的各種印刷需求。			餐牌的最小訂購量是多少？	一般為10個起訂，一次性餐牌（大批量柯式）100個起。	餐牌防水嗎？	我們提供PVC和過膠防水餐牌，適合餐飲環境使用。	餐牌的交貨時間？	標準5-7個工作日。急件可安排3日快印。	hk-printing-hardcover-menus.jpg	精裝餐牌 / 防水覆膜 | 香港精裝餐牌製作 硬紙板封面裱糊銅版紙 | 智印港	Custom hardcover menus with laminated durable, premium materials — ZprintPro	ハードカバーメニュー / 上製本・箔押し | 香港のハードカバーメニュー製作 硬質紙板表紙 | ZprintPro	即日印刷→/product/same-day-flyers/ | 聯繫我們→/contact/
酒水牌	Drink Menus	ドリンクメニュー	drink-menus	50	餐廳酒水牌 | 防水 覆膜 圓角 | 10份起 HK$12起 | 智印港	Drink Menus | Waterproof | Free US Ship | ZprintPro	ドリンクメニュー 印刷 | 防水 マット 10枚〜 | ZprintPro	酒水牌,餐牌印刷,防水餐牌,PVC餐牌,紙質菜單,精裝菜單,一次性菜單,杯套印刷,打包盒,餐廳宣傳單,飲品單	drink menus,custom drink menus,drink menus printing online,drink menus free shipping,drink menus USD,bulk drink menus,drink menus DHL,bespoke drink menus,drink menus wholesale,drink menus pricing,menu printing,restaurant menus,waterproof menus,PVC menus,custom menus,takeout menus,laminated menus,disposable menus,catering menus	ドリンクメニュー,ドリンクメニュー 印刷,drink menus,メニュー印刷,防水メニュー,レストランメニュー,PVCメニュー,テイクアウトメニュー,使い捨てメニュー,カフェメニュー,高級メニュー,宴会メニュー	酒水牌印刷 10 份起印。採用 200g–250g 銅版紙或合成紙/啞膠覆膜 高品質材質，支援 A4/A5/訂製 多種規格，提供 4 色 CMYK 全彩印刷、logo 圖案自由設計。5-7 個工作天交貨，港九新界免費速遞，順豐速遞上門。專業團隊、價格透明，企業活動、店舖推廣首選。	Custom drink menus from ZprintPro the US. Laminated Durable, 4-color CMYK. 10-MOQ. Free US shipping over $100, DHL Express | Free Design | 10 MOQ	ドリンクメニューのドリンクメニューは ZprintPro にお任せ。250g コート/防水ラミネート 高品質用紙、A4/A5/カスタム 各種対応。4色 CMYK 印刷、デザイン自由。10枚〜、5-7営業日で全国配送。30秒無料見積もり、深夜対応OK。自社工場直結の安心感。	專為酒水設計，可立式或手持。酒吧、餐廳必備。智印港提供專業酒水牌服務，香港本地印刷，品質保證，價格透明。	Drink Menus 10+ | ZprintPro	高品質・短納期・グローバル配送。ZprintPro がプロフェッショナル印刷サービスを提供。	專為酒水設計，可立式或手持。酒吧、餐廳必備。智印港提供專業的酒水牌服務，採用高品質材料和先進印刷技術，確保每一件產品都達到最高標準。我們支持靈活起訂量和快速交貨，滿足香港企業的各種印刷需求。			餐牌的最小訂購量是多少？	一般為10個起訂，一次性餐牌（大批量柯式）100個起。	餐牌防水嗎？	我們提供PVC和過膠防水餐牌，適合餐飲環境使用。	餐牌的交貨時間？	標準5-7個工作日。急件可安排3日快印。	hk-printing-drink-menus.jpg	酒水牌 / 防水覆膜 圓角 | 香港酒水牌印製 200g–250g銅版紙或合成紙 | 智印港	Custom drink menus with laminated durable, premium materials — ZprintPro	ドリンクメニュー / 防水 マット | 香港のドリンクメニュー印刷 A5・A4 角丸仕上げ | ZprintPro	即日印刷→/product/same-day-flyers/ | 聯繫我們→/contact/
一次性餐牌	Disposable Menus	使い捨てメニュー	disposable-menus	50	一次性餐牌 防水・圓角・100起印・HK$0.22起 | 智印港	Disposable Menus | Free Shipping $100+ | ZprintPro	使い捨てメニュー 印刷 | 防水 ラミネート | ZprintPro	一次性餐牌,餐牌印刷,防水餐牌,PVC餐牌,紙質菜單,精裝菜單,一次性菜單,杯套印刷,打包盒,餐廳宣傳單,飲品單	disposable menus,custom disposable menus,disposable menus printing online,disposable menus free shipping,disposable menus USD,bulk disposable menus,disposable menus DHL,bespoke disposable menus,disposable menus wholesale,disposable menus pricing,menu printing,restaurant menus,waterproof menus,PVC menus,custom menus,takeout menus,drink menus,laminated menus,catering menus	使い捨てメニュー,使い捨てメニュー 印刷,disposable menus,メニュー印刷,防水メニュー,レストランメニュー,PVCメニュー,テイクアウトメニュー,ドリンクメニュー,カフェメニュー,高級メニュー,宴会メニュー	一次性餐牌印刷 100 份起印。採用 100g–120g 書紙或再生紙/無覆膜即棄 高品質材質，支援 A4/A5/訂製 多種規格，提供 4 色 CMYK 全彩印刷、logo 圖案自由設計。5-7 個工作天交貨，港九新界免費速遞，順豐速遞上門。專業團隊、價格透明，企業活動、店舖推廣首選。	Custom disposable menus from ZprintPro the US. Laminated Durable, 4-color CMYK. 100-MOQ. Free US shipping over $100, DHL Express | Free Design | 100 MOQ	使い捨てメニューの使い捨てメニューは ZprintPro にお任せ。250g コート/防水ラミネート 高品質用紙、A4/A5/カスタム 各種対応。4色 CMYK 印刷、デザイン自由。100枚〜、5-7営業日で全国配送。30秒無料見積もり、深夜対応OK。自社工場直結の安心感。	經濟紙質，適合快餐店、外賣店。可頻繁更換內容。智印港提供專業一次性餐牌服務，香港本地印刷，品質保證，價格透明。	Disposable Menus 100+ | ZprintPro	高品質・短納期・グローバル配送。ZprintPro がプロフェッショナル印刷サービスを提供。	經濟紙質，適合快餐店、外賣店。可頻繁更換內容。智印港提供專業的一次性餐牌服務，採用高品質材料和先進印刷技術，確保每一件產品都達到最高標準。我們支持靈活起訂量和快速交貨，滿足香港企業的各種印刷需求。			餐牌的最小訂購量是多少？	一般為50個起訂，一次性餐牌可接受10個起。	餐牌防水嗎？	我們提供PVC和過膠防水餐牌，適合餐飲環境使用。	餐牌的交貨時間？	標準5-7個工作日。急件可安排3日快印。	hk-printing-disposable-menus.jpg	一般為10個起訂，一次性餐牌（大批量柯式）100個起。	Custom disposable menus with laminated durable, premium materials — ZprintPro	使い捨てメニュー / 防水 マット | 香港の使い捨てメニュー印刷 100枚〜 | ZprintPro	即日印刷→/product/same-day-flyers/ | 聯繫我們→/contact/
戶外燈布噴繪	Outdoor Vinyl Banners	屋外バナー	outdoor-vinyl-banners	50	戶外橫幅 | 鋁合金支架 高清 | 100個起 HK$12起 | 智印港	Outdoor Vinyl Banners | Free Shipping $99+ | ZprintPro	屋外ビニールバナー | アルミスタンド 高画質 | ZprintPro	戶外橫幅,易拉架,易拉架印刷,噴繪印刷,易拉寶,展覽橫幅,廣告牌,燈箱,旗幟印刷,車身貼,舞台背景,門型展架,A0噴繪,PP紙噴繪,任何尺寸噴繪,即日取噴繪,可拆卸背板,含安裝,噴繪廣告,噴繪按呎計價,圍板噴繪,地貼噴繪,夜間招牌,婚禮背景板,室內噴繪,展會噴繪,展覽背板噴繪,店舖開業噴繪,戶外噴繪,抗UV噴繪,按呎計價,旺角噴繪,求婚佈置,燈箱布,燈箱廣告,生日噴繪,經濟噴繪,背景板噴繪,透光噴繪,透明報價,開業橫額,防水PVC,高清防水噴繪	outdoor vinyl banners,custom outdoor vinyl banners,outdoor vinyl banners printing online,outdoor vinyl banners free shipping,outdoor vinyl banners USD,bulk outdoor vinyl banners,outdoor vinyl banners DHL,bespoke outdoor vinyl banners,outdoor vinyl banners wholesale,outdoor vinyl banners pricing,banner printing,roll-up banners,outdoor banners,exhibition banners,vinyl banners,X-stand banners,mesh banners,vehicle wraps,stage backdrops,adhesive banners,A0 large format,fence banner,floor sticker banner,exhibition banner,exhibition backdrop printing,opening banner	屋外ビニールバナー,屋外ビニールバナー 印刷,outdoor vinyl banners,バナー印刷,ロールアップバナー,屋外バナー,展示バナー,横断幕,懸垂幕,メッシュバナー,車両広告,ステージ背景,広告バナー,A0 印刷,フェンス横断幕,床ステッカーバナー,展示会横断幕,展示バックボード印刷,開店横断幕	戶外橫幅/易拉架 1 個起。採用 PP 合成紙/PVC 高品質材質，支援 80×200cm 多種規格，提供 4 色 CMYK 全彩印刷、logo 圖案自由設計。1-3 個工作天交貨，港九新界免費速遞，順豐速遞上門。專業團隊、價格透明，企業活動、店舖推廣首選。	Custom outdoor vinyl banners from ZprintPro the US. Wind-Resistant, 4-color CMYK. 1-MOQ. Free US shipping over $100, DHL Express | Free Design | 100 MOQ	屋外ビニールバナーの屋外ビニールバナーは ZprintPro にお任せ。PP 合成紙/PVC 高品質用紙、80×200cm 各種対応。4色 CMYK 印刷、デザイン自由。1個〜、1-3営業日で全国配送。30秒無料見積もり、深夜対応OK。自社工場直結の安心感。	戶外燈布噴繪	Outdoor Vinyl Banners 1+ | ZprintPro	Large outdoor vinyl banners	大型戶外燈布，防水防曬，耐候性強，支持印刷即日速遞送貨。適合戶外廣告牌、建築圍板。智印港提供專業的戶外燈布噴繪服務，採用高品質材料和先進印刷技術，確保每一件產品都達到最高標準。我們支持靈活起訂量和快速交貨，滿足香港企業的各種印刷需求。			橫幅的最大尺寸可以做到多大？	我們支持最寬5米的無縫拼接，長度不限。	戶外橫幅防曬防水嗎？	是的。我們使用戶外專用燈布和防水油墨，可承受風吹日曬。	橫幅的交貨時間？	標準3-5個工作日。大幅面可能需要額外時間。	hk-printing-outdoor-vinyl-banners.jpg	戶外燈布噴繪 / 高清噴繪 | 香港戶外燈布噴繪製作 外光／內光 PVC 燈布（依場景） | 智印港	Custom outdoor vinyl banners with wind-resistant, premium materials — ZprintPro	屋外ビニールバナー / 防水 | 屋外ビニールバナー印刷 防水・耐光 翌日配送 | ZprintPro	即日印刷→/product/same-day-flyers/ | 聯繫我們→/contact/
易拉寶	Roll-up Banners	ロールアップバナー	roll-up-banners	50	展示易拉寶 防水・10起印・HK$85起・4小時打稿 | 智印港	Roll-up Banners | Wind-Resistant | 100 MOQ | ZprintPro	ロールアップバナー | アルミスタンド 高画質 | ZprintPro	易拉寶,易拉架,易拉架印刷,易拉架訂製,噴繪印刷,戶外橫幅,展覽橫幅,廣告牌,燈箱,旗幟印刷,車身貼,舞台背景,門型展架,A0噴繪,PP紙噴繪,任何尺寸噴繪,即日取噴繪,可拆卸背板,含安裝,噴繪廣告,噴繪按呎計價,圍板噴繪,地貼噴繪,夜間招牌,婚禮背景板,室內噴繪,展會噴繪,展覽背板噴繪,店舖開業噴繪,戶外噴繪,抗UV噴繪,按呎計價,旺角噴繪,求婚佈置,燈箱布,燈箱廣告,生日噴繪,經濟噴繪,背景板噴繪,透光噴繪,透明報價,開業橫額,防水PVC,高清防水噴繪	roll-up banners,custom roll up banners,roll up banners printing online,roll-up banners free shipping,roll-up banners USD,bulk roll-up banners,roll-up banners DHL,bespoke roll-up banners,custom roll-up banners,roll up banners wholesale,banner printing,outdoor banners,exhibition banners,vinyl banners,X-stand banners,mesh banners,vehicle wraps,stage backdrops,adhesive banners,A0 large format,fence banner,floor sticker banner,exhibition banner,exhibition backdrop printing,opening banner	ロールアップバナー,ロールアップバナー 印刷,roll up banners,バナー印刷,屋外バナー,展示バナー,横断幕,懸垂幕,メッシュバナー,車両広告,ステージ背景,広告バナー,A0 印刷,フェンス横断幕,床ステッカーバナー,展示会横断幕,展示バックボード印刷,開店横断幕	易拉寶/易拉架 1 個起。採用 PP 合成紙/PVC 高品質材質，支援 80×200cm 多種規格，提供 4 色 CMYK 全彩印刷、logo 圖案自由設計。1-3 個工作天交貨，港九新界免費速遞，順豐速遞上門。專業團隊、價格透明，企業活動、店舖推廣首選。	Custom roll-up banners from ZprintPro the US. Wind-Resistant, 4-color CMYK. 1-MOQ. Free US shipping over $100, DHL Express | Free Design | 100 MOQ	ロールアップバナーのロールアップバナーは ZprintPro にお任せ。PP 合成紙/PVC 高品質用紙、80×200cm 各種対応。4色 CMYK 印刷、デザイン自由。1個〜、1-3営業日で全国配送。30秒無料見積もり、深夜対応OK。自社工場直結の安心感。	易拉寶	Roll-up Banners 1+ | Wind-Resistant | ZprintPro	Portable roll-up banner stands	便攜易拉寶展架，安裝簡便，支持印刷即日速遞送貨。展會、路演必備。智印港提供專業的易拉寶服務，採用高品質材料和先進印刷技術，確保每一件產品都達到最高標準。我們支持靈活起訂量和快速交貨，滿足香港企業的各種印刷需求。			橫幅的最大尺寸可以做到多大？	我們支持最寬5米的無縫拼接，長度不限。	戶外橫幅防曬防水嗎？	是的。我們使用戶外專用燈布和防水油墨，可承受風吹日曬。	橫幅的交貨時間？	標準3-5個工作日。大幅面可能需要額外時間。	hk-printing-roll-up-banners.jpg	易拉寶 / 高清噴繪 | 香港易拉寶製作 PET／PVC 片或防水合成紙 | 智印港	Custom roll up banners with wind-resistant, premium materials — ZprintPro	ロールアップバナー / アルミ | ロールアップバナー印刷 アルミスタンド 高画質 | ZprintPro	即日印刷→/product/same-day-flyers/ | 聯繫我們→/contact/
背膠噴繪	Adhesive Banners	粘着バナー	adhesive-banners	50	背膠噴繪 透明・10起印・HK$10起・4小時打稿 | 智印港	Adhesive Banners | Wind-Resistant | 100 MOQ | ZprintPro	粘着バナー 透明・100枚〜・最安値・無料校正 | ZprintPro	背膠噴繪,噴繪,易拉架,噴繪印刷,易拉寶,戶外橫幅,展覽橫幅,廣告牌,燈箱,旗幟印刷,車身貼,舞台背景,門型展架,A0噴繪,PP紙噴繪,任何尺寸噴繪,即日取噴繪,可拆卸背板,含安裝,噴繪廣告,噴繪按呎計價,圍板噴繪,地貼噴繪,夜間招牌,婚禮背景板,室內噴繪,展會噴繪,展覽背板噴繪,店舖開業噴繪,戶外噴繪,抗UV噴繪,按呎計價,旺角噴繪,求婚佈置,燈箱布,燈箱廣告,生日噴繪,經濟噴繪,背景板噴繪,透光噴繪,透明報價,開業橫額,防水PVC,高清防水噴繪	adhesive banners,custom adhesive banners,adhesive banners printing online,adhesive banners free shipping,adhesive banners USD,bulk adhesive banners,adhesive banners DHL,bespoke adhesive banners,adhesive banners wholesale,adhesive banners pricing,banner printing,roll-up banners,outdoor banners,exhibition banners,vinyl banners,X-stand banners,mesh banners,vehicle wraps,stage backdrops,A0 large format,fence banner,floor sticker banner,exhibition banner,exhibition backdrop printing,opening banner	粘着バナー,粘着バナー 印刷,adhesive banners,バナー印刷,ロールアップバナー,屋外バナー,展示バナー,横断幕,懸垂幕,メッシュバナー,車両広告,ステージ背景,広告バナー,A0 印刷,フェンス横断幕,床ステッカーバナー,展示会横断幕,展示バックボード印刷,開店横断幕	背膠噴繪/噴繪 1 個起。採用 PP 合成紙/PVC 高品質材質，支援 80×200cm 多種規格，提供 4 色 CMYK 全彩印刷、logo 圖案自由設計。1-3 個工作天交貨，港九新界免費速遞，順豐速遞上門。專業團隊、價格透明，企業活動、店舖推廣首選。	Custom adhesive banners from ZprintPro the US. Wind-Resistant, 4-color CMYK. 1-MOQ. Free US shipping over $100, DHL Express | Free Design | 100 MOQ	粘着バナーの粘着バナーは ZprintPro にお任せ。PP 合成紙/PVC 高品質用紙、80×200cm 各種対応。4色 CMYK 印刷、デザイン自由。1個〜、1-3営業日で全国配送。30秒無料見積もり、深夜対応OK。自社工場直結の安心感。	自帶背膠，可直接粘貼於牆面或玻璃。適合店鋪裝飾、活動佈置。智印港提供專業背膠噴繪服務，香港本地印刷，品質保證，價格透明。	Adhesive Banners 1+ | Wind-Resistant | ZprintPro	高品質・短納期・グローバル配送。ZprintPro がプロフェッショナル印刷サービスを提供。	自帶背膠，可直接粘貼於牆面或玻璃。適合店鋪裝飾、活動佈置。智印港提供專業的背膠噴繪服務，採用高品質材料和先進印刷技術，確保每一件產品都達到最高標準。我們支持靈活起訂量和快速交貨，滿足香港企業的各種印刷需求。			橫幅的最大尺寸可以做到多大？	我們支持最寬5米的無縫拼接，長度不限。	戶外橫幅防曬防水嗎？	是的。我們使用戶外專用燈布和防水油墨，可承受風吹日曬。	橫幅的交貨時間？	標準3-5個工作日。大幅面可能需要額外時間。	hk-printing-adhesive-banners.jpg	我們支持最寬5米的無縫拼接，長度不限。 | 香港印刷 | 智印港	Custom adhesive banners with wind-resistant, premium materials — ZprintPro	粘着バナー / 屋外対応 | 香港の粘着バナー印刷 | ZprintPro	即日印刷→/product/same-day-flyers/ | 聯繫我們→/contact/
車身廣告	Vehicle Wraps	カーラッピング	vehicle-wraps	50	汽車車身貼 | 車身廣告 全車包覆 | 100張起印 | 智印港	Vehicle Wraps | 3M Vinyl Wrap | Free US Ship | ZprintPro	車両ラッピング | 車両フルラップ カスタム | ZprintPro	車身貼,車身廣告,噴繪印刷,易拉寶,戶外橫幅,展覽橫幅,廣告牌,燈箱,旗幟印刷,舞台背景,門型展架,A0噴繪,PP紙噴繪,任何尺寸噴繪,即日取噴繪,可拆卸背板,含安裝,噴繪廣告,噴繪按呎計價,圍板噴繪,地貼噴繪,夜間招牌,婚禮背景板,室內噴繪,展會噴繪,展覽背板噴繪,店舖開業噴繪,戶外噴繪,抗UV噴繪,按呎計價,旺角噴繪,求婚佈置,燈箱布,燈箱廣告,生日噴繪,經濟噴繪,背景板噴繪,透光噴繪,透明報價,開業橫額,防水PVC,高清防水噴繪	vehicle wraps,custom vehicle wraps,vehicle wraps printing online,vehicle wraps free shipping,vehicle wraps USD,bulk vehicle wraps,vehicle wraps DHL,bespoke vehicle wraps,vehicle wraps wholesale,vehicle wraps pricing,banner printing,roll-up banners,outdoor banners,exhibition banners,vinyl banners,X-stand banners,mesh banners,stage backdrops,adhesive banners,A0 large format,fence banner,floor sticker banner,exhibition banner,exhibition backdrop printing,opening banner	車両ラッピング,車両ラッピング 印刷,vehicle wraps,バナー印刷,ロールアップバナー,屋外バナー,展示バナー,横断幕,懸垂幕,メッシュバナー,車両広告,ステージ背景,広告バナー,A0 印刷,フェンス横断幕,床ステッカーバナー,展示会横断幕,展示バックボード印刷,開店横断幕	車身貼/車身貼 1 套起。採用 車身貼 PVC 高品質材質，支援 訂製 多種規格，提供 4 色 CMYK 全彩印刷、logo 圖案自由設計。3-5 個工作天交貨，港九新界免費速遞，順豐速遞上門。專業團隊、價格透明，企業活動、店舖推廣首選。	Custom vehicle wraps from ZprintPro the US. 3M Vinyl Wrap, 4-color CMYK. 100-MOQ. Free US shipping over $100, DHL Express | Free Design | 100 MOQ	車両ラッピングの車両ラッピングは ZprintPro にお任せ。車体 wrap PVC 高品質用紙、カスタム 各種対応。4色 CMYK 印刷、デザイン自由。1セット〜、3-5営業日で全国配送。30秒無料見積もり、深夜対応OK。自社工場直結の安心感。	專用車身貼紙，耐候性強，移除不留痕。流動廣告，曝光率高。智印港提供專業車身廣告服務，香港本地印刷，品質保證，價格透明。	Vehicle Wraps 100+ | 3M Vinyl Wrap | ZprintPro	高品質・短納期・グローバル配送。ZprintPro がプロフェッショナル印刷サービスを提供。	專用車身貼紙，耐候性強，移除不留痕。流動廣告，曝光率高。智印港提供專業的車身廣告服務，採用高品質材料和先進印刷技術，確保每一件產品都達到最高標準。我們支持靈活起訂量和快速交貨，滿足香港企業的各種印刷需求。			橫幅的最大尺寸可以做到多大？	我們支持最寬5米的無縫拼接，長度不限。	戶外橫幅防曬防水嗎？	是的。我們使用戶外專用燈布和防水油墨，可承受風吹日曬。	橫幅的交貨時間？	標準3-5個工作日。大幅面可能需要額外時間。	hk-printing-vehicle-wraps.jpg	車身廣告 / 高清噴繪 | 香港車身廣告製作 鑄造級 PVC 車貼 80–100 微米 | 智印港	Custom vehicle wraps with 3m vinyl wrap, premium materials — ZprintPro	車両ラッピング / カスタム | 車両ラッピング印刷 車両フルラップ カスタム | ZprintPro	即日印刷→/product/same-day-flyers/ | 聯繫我們→/contact/
網格布噴繪	Mesh Banners	メッシュバナー	mesh-banners	50	網孔布易拉寶 | 鋁合金支架 高清 | 100個起 HK$16起 | 智印港	Mesh Banners | Wind-Resistant | Free US Ship | ZprintPro	メッシュバナー | アルミスタンド 高画質 | ZprintPro	網孔布易拉寶,易拉架,網孔布,噴繪印刷,易拉寶,戶外橫幅,展覽橫幅,廣告牌,燈箱,旗幟印刷,車身貼,舞台背景,門型展架,A0噴繪,PP紙噴繪,任何尺寸噴繪,即日取噴繪,可拆卸背板,含安裝,噴繪廣告,噴繪按呎計價,圍板噴繪,地貼噴繪,夜間招牌,婚禮背景板,室內噴繪,展會噴繪,展覽背板噴繪,店舖開業噴繪,戶外噴繪,抗UV噴繪,按呎計價,旺角噴繪,求婚佈置,燈箱布,燈箱廣告,生日噴繪,經濟噴繪,背景板噴繪,透光噴繪,透明報價,開業橫額,防水PVC,高清防水噴繪	mesh banners,custom mesh banners,mesh banners printing online,mesh banners free shipping,mesh banners USD,bulk mesh banners,mesh banners DHL,bespoke mesh banners,mesh banners wholesale,mesh banners pricing,banner printing,roll-up banners,outdoor banners,exhibition banners,vinyl banners,X-stand banners,vehicle wraps,stage backdrops,adhesive banners,A0 large format,fence banner,floor sticker banner,exhibition banner,exhibition backdrop printing,opening banner	メッシュバナー,メッシュバナー 印刷,mesh banners,バナー印刷,ロールアップバナー,屋外バナー,展示バナー,横断幕,懸垂幕,車両広告,ステージ背景,広告バナー,A0 印刷,フェンス横断幕,床ステッカーバナー,展示会横断幕,展示バックボード印刷,開店横断幕	網孔布易拉寶/易拉架 1 個起。採用 PP 合成紙/PVC 高品質材質，支援 80×200cm 多種規格，提供 4 色 CMYK 全彩印刷、logo 圖案自由設計。1-3 個工作天交貨，港九新界免費速遞，順豐速遞上門。專業團隊、價格透明，企業活動、店舖推廣首選。	Custom mesh banners from ZprintPro the US. Wind-Resistant, 4-color CMYK. 1-MOQ. Free US shipping over $100, DHL Express | Free Design | 100 MOQ	メッシュバナーのメッシュバナーは ZprintPro にお任せ。PP 合成紙/PVC 高品質用紙、80×200cm 各種対応。4色 CMYK 印刷、デザイン自由。1個〜、1-3営業日で全国配送。30秒無料見積もり、深夜対応OK。自社工場直結の安心感。	網格設計，透光透風。適合大型戶外廣告、建築圍板。智印港提供專業網格布噴繪服務，香港本地印刷，品質保證，價格透明。	Mesh Banners 1+ | Wind-Resistant | ZprintPro	高品質・短納期・グローバル配送。ZprintPro がプロフェッショナル印刷サービスを提供。	網格設計，透光透風。適合大型戶外廣告、建築圍板。智印港提供專業的網格布噴繪服務，採用高品質材料和先進印刷技術，確保每一件產品都達到最高標準。我們支持靈活起訂量和快速交貨，滿足香港企業的各種印刷需求。			橫幅的最大尺寸可以做到多大？	我們支持最寬5米的無縫拼接，長度不限。	戶外橫幅防曬防水嗎？	是的。我們使用戶外專用燈布和防水油墨，可承受風吹日曬。	橫幅的交貨時間？	標準3-5個工作日。大幅面可能需要額外時間。	hk-printing-mesh-banners.jpg	我們支持最寬5米的無縫拼接，長度不限。 | 香港印刷 | 智印港	Custom mesh banners with wind-resistant, premium materials — ZprintPro	メッシュバナー / 屋外対応 | 香港のメッシュバナー印刷 | ZprintPro	即日印刷→/product/same-day-flyers/ | 聯繫我們→/contact/
畫冊印刷	Catalog Printing	カタログ印刷	catalog-printing	50	畫冊印刷 | 專業印刷 品質保證 | 10個起 HK$24起 | 智印港	Catalog Printing | 10 MOQ | Free US Ship | ZprintPro	カタログ印刷 箔押し・ラミネート・100枚〜 | ZprintPro	畫冊印刷,印刷書籍	catalog printing,custom catalog printing,catalog printing printing online,catalog printing free shipping,catalog printing USD,bulk catalog printing,catalog printing DHL,bespoke catalog printing,catalog printing wholesale,catalog printing pricing	カタログ印刷,カタログ印刷 印刷,catalog printing	畫冊印刷/畫冊印刷 100 起。採用 157g 銅版紙 高品質材質，支援 標準/訂製 多種規格，提供 4 色 CMYK 全彩印刷、logo 圖案自由設計。3-5 個工作天交貨，港九新界免費速遞，順豐速遞上門。專業團隊、價格透明，企業活動、店舖推廣首選。	Custom catalog printing from ZprintPro the US. Saddle-Stitched, 4-color CMYK. 100-MOQ. Free US shipping over $100, DHL Express | Free Design | 100 MOQ	カタログ印刷のカタログ印刷は ZprintPro にお任せ。157g コート紙 高品質用紙、標準/カスタム 各種対応。4色 CMYK 印刷、デザイン自由。100〜、3-5営業日で全国配送。30秒無料見積もり、深夜対応OK。自社工場直結の安心感。	畫冊印刷	Catalog Printing 100+ | ZprintPro	Premium catalogs with high color accuracy. Perfect for product catalogs	高級畫冊，色彩還原度高，支持印刷即日速遞送貨。適合產品目錄、企業年報、藝術作品集。智印港提供專業的畫冊印刷服務，採用高品質材料和先進印刷技術，確保每一件產品都達到最高標準。我們支持靈活起訂量和快速交貨，滿足香港企業的各種印刷需求。			書籍的最小訂購量是多少？	一般為100本起訂，畫冊和精裝書建議200本起。	支持哪些裝訂方式？	我們支持騎馬釘、無線膠裝、精裝、線圈裝等多種裝訂方式。	書籍的交貨時間？	標準7-10個工作日。精裝書可能需要10-15天。	hk-printing-catalog-printing.jpg	香港畫冊印刷 / 精裝膠裝 | 香港畫冊印刷裝訂 內頁157g–200g銅版紙 | 智印港	Custom catalog printing with saddle-stitched, premium materials — ZprintPro	カタログ印刷 / 高品質 | カタログ印刷 高品質オフセット 50冊〜 日本向け | ZprintPro	即日印刷→/product/same-day-flyers/ | 聯繫我們→/contact/
騎馬釘小冊子	Saddle Stitch Booklets	中綴じ冊子	saddle-stitch-booklets	50	騎馬釘小冊子 覆膜・騎馬釘・10起印・HK$6起 | 智印港	Saddle Stitch Booklets | Free Shipping $99+ | ZprintPro	中綴じ冊子 ラミネート・中綴じ・100枚〜 | ZprintPro	騎馬釘小冊子,騎馬釘,騎馬釘印刷	saddle stitch booklets,custom saddle stitch booklets,saddle stitch booklets printing online,saddle stitch booklets free shipping,saddle stitch booklets USD,bulk saddle stitch booklets,saddle stitch booklets DHL,bespoke saddle stitch booklets,saddle stitch booklets wholesale,saddle stitch booklets pricing	中綴じ冊子,中綴じ冊子 印刷,saddle stitch booklets	騎馬釘小冊子/騎馬釘 50 本起。採用 內頁 157g 銅版紙/封面 250g 高品質材質，支援 A4/A5/訂製 多種規格，提供 4 色 CMYK 全彩印刷、logo 圖案自由設計。5-10 個工作天交貨，港九新界免費速遞，順豐速遞上門。專業團隊、價格透明，企業活動、店舖推廣首選。	Custom saddle stitch booklets from ZprintPro the US. Premium Custom, 4-color CMYK. 100-MOQ. Free US shipping over $100, DHL Express | Free Design | 100 MOQ	中綴じ冊子の中綴じ冊子は ZprintPro にお任せ。本文 157g コート/表紙 250g 高品質用紙、A4/A5/カスタム 各種対応。4色 CMYK 印刷、デザイン自由。50冊〜、5-10営業日で全国配送。30秒無料見積もり、深夜対応OK。自社工場直結の安心感。	騎馬釘小冊子	Saddle Stitch Booklets 100+ | ZprintPro	Economical binding method	經濟裝訂方式，適合頁數較少的冊子，支持印刷即日速遞送貨。產品說明書、活動手冊首選。智印港提供專業的騎馬釘小冊子服務，採用高品質材料和先進印刷技術，確保每一件產品都達到最高標準。我們支持靈活起訂量和快速交貨，滿足香港企業的各種印刷需求。			書籍的最小訂購量是多少？	一般為100本起訂，畫冊和精裝書建議200本起。	支持哪些裝訂方式？	我們支持騎馬釘、無線膠裝、精裝、線圈裝等多種裝訂方式。	書籍的交貨時間？	標準7-10個工作日。精裝書可能需要10-15天。	hk-printing-saddle-stitch-booklets.jpg	香港騎馬釘小冊子 / 精裝膠裝 | 香港騎馬釘小冊子裝訂 128g–157g銅版紙或書紙 | 智印港	Custom saddle stitch booklets with premium custom, premium materials — ZprintPro	中綴じ冊子 / 中綴じ | 中綴じ冊子印刷 中綴じ/無線綴じ 50冊〜 即日発送 | ZprintPro	即日印刷→/product/same-day-flyers/ | 聯繫我們→/contact/
無線膠裝書籍	Perfect Bound Books	無線綴じ本	perfect-bound-books	50	公司膠裝書 覆膜・騎馬釘・10本起印・HK$16起 | 智印港	Perfect Bound Books | 10 MOQ | From $4.60 | ZprintPro	無線綴じ冊子 ラミネート・中綴じ・100枚〜 | ZprintPro	膠裝書,膠裝書印刷,印刷書籍	perfect bound books,custom perfect bound books,perfect bound books printing online,perfect bound books free shipping,perfect bound books USD,bulk perfect bound books,perfect bound books DHL,bespoke perfect bound books,perfect bound books wholesale,perfect bound books pricing	無線綴じ冊子,無線綴じ冊子 印刷,perfect bound books	膠裝書/膠裝書 50 本起。採用 內頁 157g 銅版紙/封面 250g 高品質材質，支援 A4/A5/訂製 多種規格，提供 4 色 CMYK 全彩印刷、logo 圖案自由設計。5-10 個工作天交貨，港九新界免費速遞，順豐速遞上門。專業團隊、價格透明，企業活動、店舖推廣首選。	Custom perfect bound books from ZprintPro the US. Perfect Bound, 4-color CMYK. 100-MOQ. Free US shipping over $100, DHL Express | Free Design | 100 MOQ	無線綴じ冊子の無線綴じ冊子は ZprintPro にお任せ。本文 157g コート/表紙 250g 高品質用紙、A4/A5/カスタム 各種対応。4色 CMYK 印刷、デザイン自由。50冊〜、5-10営業日で全国配送。30秒無料見積もり、深夜対応OK。自社工場直結の安心感。	平整書脊，可印刷書名。適合頁數較多的書籍、雜誌。智印港提供專業無線膠裝書籍服務，香港本地印刷，品質保證，價格透明。	Perfect Bound Books 100+ | ZprintPro	高品質・短納期・グローバル配送。ZprintPro がプロフェッショナル印刷サービスを提供。	平整書脊，可印刷書名。適合頁數較多的書籍、雜誌。智印港提供專業的無線膠裝書籍服務，採用高品質材料和先進印刷技術，確保每一件產品都達到最高標準。我們支持靈活起訂量和快速交貨，滿足香港企業的各種印刷需求。			書籍的最小訂購量是多少？	一般為100本起訂，畫冊和精裝書建議200本起。	支持哪些裝訂方式？	我們支持騎馬釘、無線膠裝、精裝、線圈裝等多種裝訂方式。	書籍的交貨時間？	標準7-10個工作日。精裝書可能需要10-15天。	hk-printing-perfect-bound-books.jpg	一般為100本起訂，畫冊和精裝書建議200本起。	Custom perfect bound books with perfect bound, premium materials — ZprintPro	無線綴じ書籍 / 学術論文集・年次報告書 | 香港の無線綴じ書籍印刷 | ZprintPro	即日印刷→/product/same-day-flyers/ | 聯繫我們→/contact/
精裝書籍	Hardcover Books	上製本	hardcover-books	50	公司精裝書 燙金・局部UV・10本起印・HK$40起 | 智印港	Hardcover Books | Case Bound | Free US Ship | ZprintPro	ハードカバー書籍 | 中綴じ/無線綴じ 10冊〜 | ZprintPro	精裝書,印刷書籍	hardcover books,custom hardcover books,hardcover books printing online,hardcover books free shipping,hardcover books USD,bulk hardcover books,hardcover books DHL,bespoke hardcover books,hardcover books wholesale,hardcover books pricing	ハードカバー書籍,ハードカバー書籍 印刷,hardcover books	精裝書/精裝書 50 本起。採用 內頁 157g 銅版紙/封面 250g 高品質材質，支援 A4/A5/訂製 多種規格，提供 4 色 CMYK 全彩印刷、logo 圖案自由設計。5-10 個工作天交貨，港九新界免費速遞，順豐速遞上門。專業團隊、價格透明，企業活動、店舖推廣首選。	Custom hardcover books from ZprintPro the US. Perfect Bound, 4-color CMYK. 100-MOQ. Free US shipping over $100, DHL Express | Free Design | 100 MOQ	ハードカバー書籍のハードカバー書籍は ZprintPro にお任せ。本文 157g コート/表紙 250g 高品質用紙、A4/A5/カスタム 各種対応。4色 CMYK 印刷、デザイン自由。50冊〜、5-10営業日で全国配送。30秒無料見積もり、深夜対応OK。自社工場直結の安心感。	硬殼精裝，高檔耐用。適合珍藏版書籍、企業年鑑。智印港提供專業精裝書籍服務，香港本地印刷，品質保證，價格透明。	Hardcover Books 100+ | Perfect Bound | ZprintPro	 luxurious and durable. Perfect for collector\ ZprintPro offers professional Hardcover Books services worldwide. High quality	硬殼精裝，高檔耐用。適合珍藏版書籍、企業年鑑。智印港提供專業的精裝書籍服務，採用高品質材料和先進印刷技術，確保每一件產品都達到最高標準。我們支持靈活起訂量和快速交貨，滿足香港企業的各種印刷需求。			書籍的最小訂購量是多少？	一般為100本起訂，畫冊和精裝書建議200本起。	支持哪些裝訂方式？	我們支持騎馬釘、無線膠裝、精裝、線圈裝等多種裝訂方式。	書籍的交貨時間？	標準7-10個工作日。精裝書可能需要10-15天。	hk-printing-hardcover-books.jpg	一般為100本起訂，畫冊和精裝書建議200本起。	Custom hardcover books with perfect bound, premium materials — ZprintPro	ハードカバー書籍 / 記念アルバム・卒業アルバム | 香港のハードカバー書籍印刷 | ZprintPro	即日印刷→/product/same-day-flyers/ | 聯繫我們→/contact/
線圈筆記本	Spiral Notebooks	リングノート	spiral-notebooks	50	線圈筆記本 | A4/A5 YO圈/螺旋裝 | 10本起 HK$8起 | 智印港	A4/A5 Spiral Notebooks | Spiral Bound | $2.76 | ZprintPro	スパイラルノート | YO綴じ・スパイラル 10冊〜 | ZprintPro	線圈筆記本,筆記本印刷	spiral notebooks,custom spiral notebooks,spiral notebooks printing online,spiral notebooks free shipping,spiral notebooks USD,bulk spiral notebooks,spiral notebooks DHL,bespoke spiral notebooks,spiral notebooks wholesale,spiral notebooks pricing	スパイラルノート,スパイラルノート 印刷,spiral notebooks	線圈筆記本/線圈筆記本 50 本起。採用 內頁 157g 銅版紙/封面 250g 高品質材質，支援 A4/A5/訂製 多種規格，提供 4 色 CMYK 全彩印刷、logo 圖案自由設計。5-10 個工作天交貨，港九新界免費速遞，順豐速遞上門。專業團隊、價格透明，企業活動、店舖推廣首選。	Custom spiral notebooks from ZprintPro the US. Perfect Bound, 4-color CMYK. 100-MOQ. Free US shipping over $100, DHL Express | Free Design | 100 MOQ	スパイラルノートのスパイラルノートは ZprintPro にお任せ。本文 157g コート/表紙 250g 高品質用紙、A4/A5/カスタム 各種対応。4色 CMYK 印刷、デザイン自由。50冊〜、5-10営業日で全国配送。30秒無料見積もり、深夜対応OK。自社工場直結の安心感。	線圈裝訂，可180度平攤。適合筆記本、工作手冊。智印港提供專業線圈筆記本服務，香港本地印刷，品質保證，價格透明。	Spiral Notebooks 100+ | Perfect Bound | ZprintPro	高品質・短納期・グローバル配送。ZprintPro がプロフェッショナル印刷サービスを提供。	線圈裝訂，可180度平攤。適合筆記本、工作手冊。智印港提供專業的線圈筆記本服務，採用高品質材料和先進印刷技術，確保每一件產品都達到最高標準。我們支持靈活起訂量和快速交貨，滿足香港企業的各種印刷需求。			書籍的最小訂購量是多少？	一般為100本起訂，畫冊和精裝書建議200本起。	支持哪些裝訂方式？	我們支持騎馬釘、無線膠裝、精裝、線圈裝等多種裝訂方式。	書籍的交貨時間？	標準7-10個工作日。精裝書可能需要10-15天。	hk-printing-spiral-notebooks.jpg	香港線圈筆記本 / 精裝膠裝 | 香港線圈筆記本裝訂 內頁80g–100g書紙或道林紙 | 智印港	Custom spiral notebooks with perfect bound, premium materials — ZprintPro	スパイラルノート / リング | スパイラルノート印刷 リング製本 50冊〜 | ZprintPro	即日印刷→/product/same-day-flyers/ | 聯繫我們→/contact/
公司信封	Business Envelopes	ビジネス封筒	business-envelopes	50	公司信封 | DL/C5/C4 開窗全封 100個起 HK$0.22起 | 智印港	Business Envelopes | Free Shipping $99+ | ZprintPro	会社封筒 | DL/C5/C4 窓付き・自黏封口 100枚〜 | ZprintPro	公司信封,信封 印刷,信封訂製,信封印刷,牛皮信封,開窗信封,彩色信封,企業LOGO信封,信紙信封套裝,C6信封,DL信封,中式信封,氣泡信封,100個起,2小時取,50個起,A4功課袋,A4文件夾印刷,C5信封,C7信封,ESG印刷,Excel信封,HK$0.5起,HK$0.8起,UV信封,UV封套,企業文件夾,保密信封,信封多少錢,公司信封印刷,公司抬頭文件夾,公司簡介封套印刷,再生紙信封,再生紙封套,即日取封套,即日取封套印刷,可變數據信封,可降解信封,喜帖信封,地址列印,婚禮信封印刷,學校信封印刷,學校功課袋印刷,定製信封印刷,封套印刷,小學生功課袋,展會資料夾,律師信封印刷,急件文件夾,成績單信封,批量信封,批量封套,抬頭信封,文件夾 HK$199,旺角信封,旺角封套,會計樓信封,會議資料封套,校徽封套,無塑過膠,燙金LOGO,燙金信封,特種紙信封,特種紙封套,環保信封印刷,環保封套印刷,畢業班用品,畢業資料封套,當日出貨,紀念封套,絲帶孔信封,迷你信封,透明功課套,通知信印刷,過膠封套,霧面過膠封套,高端信封	business envelopes,custom business envelopes,business envelopes printing online,business envelopes free shipping,business envelopes USD,bulk business envelopes,business envelopes DHL,bespoke business envelopes,business envelopes wholesale,business envelopes pricing,envelope printing,custom envelopes,window envelopes,colored envelopes,kraft envelopes,logo envelopes,corporate envelopes,C6 envelopes,DL envelopes,100pcs MOQ,50pcs MOQ,C5 envelope,C6 envelope,C7 envelope,Excel envelope,from $0.06,from $0.10,UV envelope,confidential envelope,envelope price,company envelope printing,recycled paper envelope,variable data envelope,compostable envelope,wedding card envelope,address printing,wedding envelope printing,school envelope printing,custom envelope printing,lawyer envelope printing,report card envelope,bulk envelope,letterhead envelope,Mongkok envelope,accounting envelope,school crest folder,foil logo,foil envelope,specialty paper envelope,eco envelope printing,same day,ribbon hole envelope,mini envelope,notice letter printing,premium envelope	会社封筒,会社封筒 印刷,business envelopes,封筒印刷,カスタム封筒,窓付き封筒,クラフト封筒,企業封筒,ロゴ封筒,長形封筒,洋形封筒,和封筒,社名入り封筒,100個〜,50個〜,C5 封筒,C6 封筒,C7 封筒,Excel 封筒,HK$0.5〜,HK$0.8〜,UV 封筒,機密封筒,封筒価格,会社封筒印刷,再生紙封筒,可変データ封筒,生分解性封筒,招待状封筒,住所印刷,ウェディング封筒印刷,学校封筒印刷,カスタム封筒印刷,弁護士封筒印刷,成績表封筒,大量封筒,レターヘッド封筒,旺角封筒,会計事務所封筒,校章フォルダー,箔押しロゴ,箔押し封筒,特殊紙封筒,エコ封筒印刷,当日出荷,リボン穴封筒,ミニ封筒,通知書印刷,プレミアム封筒	公司信封/公司信封 100 個起。採用 100g 書寫紙/白牛皮 高品質材質，支援 DL/C5/C4 多種規格，提供 4 色 CMYK 全彩印刷、logo 圖案自由設計。3-5 個工作天交貨，港九新界免費速遞，順豐速遞上門。專業團隊、價格透明，企業活動、店舖推廣首選。	Custom business envelopes from ZprintPro the US. Foil-Lined Premium, 4-color CMYK. 100-MOQ. Free US shipping over $100, DHL Express | Free Design | 100 MOQ	会社封筒の会社封筒は ZprintPro にお任せ。100g 筆記用紙/白クラフト 高品質用紙、DL/C5/C4 各種対応。4色 CMYK 印刷、デザイン自由。100枚〜、3-5営業日で全国配送。30秒無料見積もり、深夜対応OK。自社工場直結の安心感。	公司信封	Business Envelopes 100+ | ZprintPro	Custom business envelopes with logo and address. Professional image	定制公司信封，印上Logo和地址，支持印刷即日速遞送貨。專業形象，商務必備。智印港提供專業的公司信封服務，採用高品質材料和先進印刷技術，確保每一件產品都達到最高標準。我們支持靈活起訂量和快速交貨，滿足香港企業的各種印刷需求。			信封的最小訂購量是多少？	一般為500個起訂，彩色和特殊材質需1000個起。	可以定制信封的尺寸嗎？	可以。我們支持各種國際標準尺寸和完全定制尺寸。	信封的交貨時間？	標準5-7個工作日。急件可安排3日快印。	hk-printing-business-envelopes.jpg	公司信封 / 開窗信封 | 香港公司信封印刷 80–120g 書紙／本白書紙 | 智印港	Custom business envelopes with foil-lined premium, premium materials — ZprintPro	会社封筒 / 両面印刷 | 会社封筒印刷 両面4色 マルチサイズ 即日発送 | ZprintPro	即日印刷→/product/same-day-flyers/ | 聯繫我們→/contact/
彩色信封	Colored Envelopes	カラー封筒	colored-envelopes	50	彩色信封 | 雙面印刷 多規格 | 100個起 HK$0.38起 | 智印港	Colored Envelopes | Free Shipping $99+ | ZprintPro	カラー封筒 | 両面印刷 マルチサイズ | 100枚〜 | ZprintPro	彩色信封,信封 印刷,信封訂製,信封印刷,牛皮信封,開窗信封,企業LOGO信封,信紙信封套裝,C6信封,DL信封,中式信封,氣泡信封,100個起,2小時取,50個起,A4功課袋,A4文件夾印刷,C5信封,C7信封,ESG印刷,Excel信封,HK$0.5起,HK$0.8起,UV信封,UV封套,企業文件夾,保密信封,信封多少錢,公司信封印刷,公司抬頭文件夾,公司簡介封套印刷,再生紙信封,再生紙封套,即日取封套,即日取封套印刷,可變數據信封,可降解信封,喜帖信封,地址列印,婚禮信封印刷,學校信封印刷,學校功課袋印刷,定製信封印刷,封套印刷,小學生功課袋,展會資料夾,律師信封印刷,急件文件夾,成績單信封,批量信封,批量封套,抬頭信封,文件夾 HK$199,旺角信封,旺角封套,會計樓信封,會議資料封套,校徽封套,無塑過膠,燙金LOGO,燙金信封,特種紙信封,特種紙封套,環保信封印刷,環保封套印刷,畢業班用品,畢業資料封套,當日出貨,紀念封套,絲帶孔信封,迷你信封,透明功課套,通知信印刷,過膠封套,霧面過膠封套,高端信封	colored envelopes,custom colored envelopes,colored envelopes printing online,colored envelopes free shipping,colored envelopes USD,bulk colored envelopes,colored envelopes DHL,bespoke colored envelopes,colored envelopes wholesale,colored envelopes pricing,envelope printing,custom envelopes,business envelopes,window envelopes,kraft envelopes,logo envelopes,corporate envelopes,C6 envelopes,DL envelopes,100pcs MOQ,50pcs MOQ,C5 envelope,C6 envelope,C7 envelope,Excel envelope,from $0.06,from $0.10,UV envelope,confidential envelope,envelope price,company envelope printing,recycled paper envelope,variable data envelope,compostable envelope,wedding card envelope,address printing,wedding envelope printing,school envelope printing,custom envelope printing,lawyer envelope printing,report card envelope,bulk envelope,letterhead envelope,Mongkok envelope,accounting envelope,school crest folder,foil logo,foil envelope,specialty paper envelope,eco envelope printing,same day,ribbon hole envelope,mini envelope,notice letter printing,premium envelope	カラー封筒,カラー封筒 印刷,colored envelopes,封筒印刷,カスタム封筒,窓付き封筒,クラフト封筒,企業封筒,ロゴ封筒,長形封筒,洋形封筒,和封筒,社名入り封筒,100個〜,50個〜,C5 封筒,C6 封筒,C7 封筒,Excel 封筒,HK$0.5〜,HK$0.8〜,UV 封筒,機密封筒,封筒価格,会社封筒印刷,再生紙封筒,可変データ封筒,生分解性封筒,招待状封筒,住所印刷,ウェディング封筒印刷,学校封筒印刷,カスタム封筒印刷,弁護士封筒印刷,成績表封筒,大量封筒,レターヘッド封筒,旺角封筒,会計事務所封筒,校章フォルダー,箔押しロゴ,箔押し封筒,特殊紙封筒,エコ封筒印刷,当日出荷,リボン穴封筒,ミニ封筒,通知書印刷,プレミアム封筒	彩色信封/彩色信封 100 個起。採用 100g 書寫紙/白牛皮 高品質材質，支援 DL/C5/C4 多種規格，提供 4 色 CMYK 全彩印刷、logo 圖案自由設計。3-5 個工作天交貨，港九新界免費速遞，順豐速遞上門。專業團隊、價格透明，企業活動、店舖推廣首選。	Custom colored envelopes from ZprintPro the US. Foil-Lined Premium, 4-color CMYK. 100-MOQ. Free US shipping over $100, DHL Express | Free Design | 100 MOQ	カラー封筒のカラー封筒は ZprintPro にお任せ。100g 筆記用紙/白クラフト 高品質用紙、DL/C5/C4 各種対応。4色 CMYK 印刷、デザイン自由。100枚〜、3-5営業日で全国配送。30秒無料見積もり、深夜対応OK。自社工場直結の安心感。	彩色信封	Colored Envelopes 100+ | ZprintPro	Colorful printing	彩色印刷，視覺吸引力強，支持印刷即日速遞送貨。適合邀請函、賀卡、營銷郵件。智印港提供專業的彩色信封服務，採用高品質材料和先進印刷技術，確保每一件產品都達到最高標準。我們支持靈活起訂量和快速交貨，滿足香港企業的各種印刷需求。			信封的最小訂購量是多少？	一般為500個起訂，彩色和特殊材質需1000個起。	可以定制信封的尺寸嗎？	可以。我們支持各種國際標準尺寸和完全定制尺寸。	信封的交貨時間？	標準5-7個工作日。急件可安排3日快印。	hk-printing-colored-envelopes.jpg	彩色信封 / 開窗信封 | 香港彩色信封印刷 80–120g 書紙／彩色書紙 | 智印港	Custom colored envelopes with foil-lined premium, premium materials — ZprintPro	カラー封筒 / クラフト封筒・窓付き | 香港のカラー封筒印刷 | ZprintPro	即日印刷→/product/same-day-flyers/ | 聯繫我們→/contact/
大號信封	Large Envelopes	大判封筒	large-envelopes	50	大號信封 | C4 229×324mm 平放A4 100個起 HK$0.60起 | 智印港	Large Envelopes C4 | Fits A4 Flat | 100 MOQ | ZprintPro	大型封筒 | C4 229×324mm A4対応 100枚〜 | ZprintPro	大號信封,信封 印刷,信封訂製,信封印刷,牛皮信封,開窗信封,彩色信封,企業LOGO信封,信紙信封套裝,C6信封,DL信封,中式信封,氣泡信封,100個起,2小時取,50個起,A4功課袋,A4文件夾印刷,C5信封,C7信封,ESG印刷,Excel信封,HK$0.5起,HK$0.8起,UV信封,UV封套,企業文件夾,保密信封,信封多少錢,公司信封印刷,公司抬頭文件夾,公司簡介封套印刷,再生紙信封,再生紙封套,即日取封套,即日取封套印刷,可變數據信封,可降解信封,喜帖信封,地址列印,婚禮信封印刷,學校信封印刷,學校功課袋印刷,定製信封印刷,封套印刷,小學生功課袋,展會資料夾,律師信封印刷,急件文件夾,成績單信封,批量信封,批量封套,抬頭信封,文件夾 HK$199,旺角信封,旺角封套,會計樓信封,會議資料封套,校徽封套,無塑過膠,燙金LOGO,燙金信封,特種紙信封,特種紙封套,環保信封印刷,環保封套印刷,畢業班用品,畢業資料封套,當日出貨,紀念封套,絲帶孔信封,迷你信封,透明功課套,通知信印刷,過膠封套,霧面過膠封套,高端信封	large envelopes,custom large envelopes,large envelopes printing online,large envelopes free shipping,large envelopes USD,bulk large envelopes,large envelopes DHL,bespoke large envelopes,large envelopes wholesale,large envelopes pricing,envelope printing,custom envelopes,business envelopes,window envelopes,colored envelopes,kraft envelopes,logo envelopes,corporate envelopes,C6 envelopes,DL envelopes,100pcs MOQ,50pcs MOQ,C5 envelope,C6 envelope,C7 envelope,Excel envelope,from $0.06,from $0.10,UV envelope,confidential envelope,envelope price,company envelope printing,recycled paper envelope,variable data envelope,compostable envelope,wedding card envelope,address printing,wedding envelope printing,school envelope printing,custom envelope printing,lawyer envelope printing,report card envelope,bulk envelope,letterhead envelope,Mongkok envelope,accounting envelope,school crest folder,foil logo,foil envelope,specialty paper envelope,eco envelope printing,same day,ribbon hole envelope,mini envelope,notice letter printing,premium envelope	大型封筒,大型封筒 印刷,large envelopes,封筒印刷,カスタム封筒,窓付き封筒,クラフト封筒,企業封筒,ロゴ封筒,長形封筒,洋形封筒,和封筒,社名入り封筒,100個〜,50個〜,C5 封筒,C6 封筒,C7 封筒,Excel 封筒,HK$0.5〜,HK$0.8〜,UV 封筒,機密封筒,封筒価格,会社封筒印刷,再生紙封筒,可変データ封筒,生分解性封筒,招待状封筒,住所印刷,ウェディング封筒印刷,学校封筒印刷,カスタム封筒印刷,弁護士封筒印刷,成績表封筒,大量封筒,レターヘッド封筒,旺角封筒,会計事務所封筒,校章フォルダー,箔押しロゴ,箔押し封筒,特殊紙封筒,エコ封筒印刷,当日出荷,リボン穴封筒,ミニ封筒,通知書印刷,プレミアム封筒	大號信封/大號信封 100 個起。採用 100g 書寫紙/白牛皮 高品質材質，支援 DL/C5/C4 多種規格，提供 4 色 CMYK 全彩印刷、logo 圖案自由設計。3-5 個工作天交貨，港九新界免費速遞，順豐速遞上門。專業團隊、價格透明，企業活動、店舖推廣首選。	Custom large envelopes from ZprintPro the US. Foil-Lined Premium, 4-color CMYK. 100-MOQ. Free US shipping over $100, DHL Express | Free Design | 100 MOQ	大型封筒の大型封筒は ZprintPro にお任せ。100g 筆記用紙/白クラフト 高品質用紙、DL/C5/C4 各種対応。4色 CMYK 印刷、デザイン自由。100枚〜、3-5営業日で全国配送。30秒無料見積もり、深夜対応OK。自社工場直結の安心感。	A4尺寸大信封，可裝入文件、合同。辦公室必備。智印港提供專業大號信封服務，香港本地印刷，品質保證，價格透明。	Large Envelopes 100+ | ZprintPro	高品質・短納期・グローバル配送。ZprintPro がプロフェッショナル印刷サービスを提供。	A4尺寸大信封，可裝入文件、合同。辦公室必備。智印港提供專業的大號信封服務，採用高品質材料和先進印刷技術，確保每一件產品都達到最高標準。我們支持靈活起訂量和快速交貨，滿足香港企業的各種印刷需求。			信封的最小訂購量是多少？	一般為500個起訂，彩色和特殊材質需1000個起。	可以定制信封的尺寸嗎？	可以。我們支持各種國際標準尺寸和完全定制尺寸。	信封的交貨時間？	標準5-7個工作日。急件可安排3日快印。	hk-printing-large-envelopes.jpg	一般為500個起訂，彩色和特殊材質需1000個起。	Custom large envelopes with foil-lined premium, premium materials — ZprintPro	大型封筒 / 多サイズ対応 | 香港の大型封筒印刷 国際標準サイズ・カスタム対応 | ZprintPro	即日印刷→/product/same-day-flyers/ | 聯繫我們→/contact/
珠光信封	Pearl Envelopes	パール封筒	pearl-envelopes	50	珍珠光信封 | 雙面印刷 多規格 | 100個起 HK$1.15起 | 智印港	Pearl Envelopes Printing | 100 MOQ | $0.46 | ZprintPro	パール封筒 | 両面印刷 凹凸 | 100枚〜¥64〜 | ZprintPro	珍珠光信封,信封 印刷,信封訂製,信封印刷,牛皮信封,開窗信封,彩色信封,企業LOGO信封,信紙信封套裝,C6信封,DL信封,中式信封,氣泡信封,100個起,2小時取,50個起,A4功課袋,A4文件夾印刷,C5信封,C7信封,ESG印刷,Excel信封,HK$0.5起,HK$0.8起,UV信封,UV封套,企業文件夾,保密信封,信封多少錢,公司信封印刷,公司抬頭文件夾,公司簡介封套印刷,再生紙信封,再生紙封套,即日取封套,即日取封套印刷,可變數據信封,可降解信封,喜帖信封,地址列印,婚禮信封印刷,學校信封印刷,學校功課袋印刷,定製信封印刷,封套印刷,小學生功課袋,展會資料夾,律師信封印刷,急件文件夾,成績單信封,批量信封,批量封套,抬頭信封,文件夾 HK$199,旺角信封,旺角封套,會計樓信封,會議資料封套,校徽封套,無塑過膠,燙金LOGO,燙金信封,特種紙信封,特種紙封套,環保信封印刷,環保封套印刷,畢業班用品,畢業資料封套,當日出貨,紀念封套,絲帶孔信封,迷你信封,透明功課套,通知信印刷,過膠封套,霧面過膠封套,高端信封	pearl envelopes,custom pearl envelopes,pearl envelopes printing online,pearl envelopes free shipping,pearl envelopes USD,bulk pearl envelopes,pearl envelopes DHL,bespoke pearl envelopes,pearl envelopes wholesale,pearl envelopes pricing,envelope printing,custom envelopes,business envelopes,window envelopes,colored envelopes,kraft envelopes,logo envelopes,corporate envelopes,C6 envelopes,DL envelopes,100pcs MOQ,50pcs MOQ,C5 envelope,C6 envelope,C7 envelope,Excel envelope,from $0.06,from $0.10,UV envelope,confidential envelope,envelope price,company envelope printing,recycled paper envelope,variable data envelope,compostable envelope,wedding card envelope,address printing,wedding envelope printing,school envelope printing,custom envelope printing,lawyer envelope printing,report card envelope,bulk envelope,letterhead envelope,Mongkok envelope,accounting envelope,school crest folder,foil logo,foil envelope,specialty paper envelope,eco envelope printing,same day,ribbon hole envelope,mini envelope,notice letter printing,premium envelope	パール封筒,パール封筒 印刷,pearl envelopes,封筒印刷,カスタム封筒,窓付き封筒,クラフト封筒,企業封筒,ロゴ封筒,長形封筒,洋形封筒,和封筒,社名入り封筒,100個〜,50個〜,C5 封筒,C6 封筒,C7 封筒,Excel 封筒,HK$0.5〜,HK$0.8〜,UV 封筒,機密封筒,封筒価格,会社封筒印刷,再生紙封筒,可変データ封筒,生分解性封筒,招待状封筒,住所印刷,ウェディング封筒印刷,学校封筒印刷,カスタム封筒印刷,弁護士封筒印刷,成績表封筒,大量封筒,レターヘッド封筒,旺角封筒,会計事務所封筒,校章フォルダー,箔押しロゴ,箔押し封筒,特殊紙封筒,エコ封筒印刷,当日出荷,リボン穴封筒,ミニ封筒,通知書印刷,プレミアム封筒	珍珠光信封/信封 印刷 100 個起。採用 100g 書寫紙/白牛皮 高品質材質，支援 DL/C5/C4 多種規格，提供 4 色 CMYK 全彩印刷、logo 圖案自由設計。3-5 個工作天交貨，港九新界免費速遞，順豐速遞上門。專業團隊、價格透明，企業活動、店舖推廣首選。	Custom pearl envelopes from ZprintPro the US. Foil-Lined Premium, 4-color CMYK. 100-MOQ. Free US shipping over $100, DHL Express | Free Design | 100 MOQ	パール封筒のパール封筒は ZprintPro にお任せ。100g 筆記用紙/白クラフト 高品質用紙、DL/C5/C4 各種対応。4色 CMYK 印刷、デザイン自由。100枚〜、3-5営業日で全国配送。30秒無料見積もり、深夜対応OK。自社工場直結の安心感。	珠光紙張，閃耀質感。適合婚禮邀請、高端活動。智印港提供專業珠光信封服務，香港本地印刷，品質保證，價格透明。	Pearl Envelopes 100+ | ZprintPro	高品質・短納期・グローバル配送。ZprintPro がプロフェッショナル印刷サービスを提供。	珠光紙張，閃耀質感。適合婚禮邀請、高端活動。智印港提供專業的珠光信封服務，採用高品質材料和先進印刷技術，確保每一件產品都達到最高標準。我們支持靈活起訂量和快速交貨，滿足香港企業的各種印刷需求。			信封的最小訂購量是多少？	一般為500個起訂，彩色和特殊材質需1000個起。	可以定制信封的尺寸嗎？	可以。我們支持各種國際標準尺寸和完全定制尺寸。	信封的交貨時間？	標準5-7個工作日。急件可安排3日快印。	hk-printing-pearl-envelopes.jpg	珠光信封 / 開窗信封 | 香港珠光信封印刷 珠光／冰白特種書紙 | 智印港	Custom pearl envelopes with foil-lined premium, premium materials — ZprintPro	パール封筒 / 高級感 | パール封筒印刷 パール紙 マルチサイズ 即日発送 | ZprintPro	即日印刷→/product/same-day-flyers/ | 聯繫我們→/contact/
作業簿印刷	Exercise Books	ワークブック印刷	exercise-books	50	作業簿印刷 | 四色印刷 騎馬釘 | 10本起 HK$4起 | 智印港	Saddle-Stitched Exercise Books | Free US Ship | ZprintPro	練習帳 | 中綴じ 無線綴じ | 10冊〜 ¥258〜 | ZprintPro	作業簿印刷,作業簿,校簿印刷,校 簿 印刷,100本起,250g特種紙,A4功課袋,A4練習冊,A4課程表,A4資料夾,A5學生手冊,A5筆記本,A5練習簿,免費設計獎狀,功課袋印刷,印校徽筆記本,即日取課程表,即日取證書,姓名班別筆記本,學校專用手冊,學校文件夾印刷,學校畢業證,學生寫字簿印刷,學生手冊印刷,學生筆記本定製,小一田字格,小學生功課袋,拼音寫字簿,掛牆課程表,教師文件夾,教師自編教材,教育教材印刷,比賽獎狀,燙金校徽,燙金獎狀,燙金畢業證,獎狀印刷,班別姓名袋,班級相冊,留言冊,畢業班用品,畢業紀念冊,畢業證書印刷,科目分類文件夾,精裝紀念冊,膠裝講義,課程表印刷,透明功課套,過膠課程表,騎馬釘教材	exercise books,custom exercise books,exercise books printing online,exercise books free shipping,exercise books USD,bulk exercise books,exercise books DHL,bespoke exercise books,exercise books wholesale,exercise books pricing,homework bag printing,student handbook printing,teacher self-made materials,award certificate printing,class name bag,graduation yearbook,graduation certificate printing,subject file folder,perfect bound notes,saddle-stitch materials	練習帳,練習帳 印刷,exercise books,宿題バッグ印刷,学生手帳印刷,教師自作教材,表彰状印刷,クラス名札バッグ,卒業記念アルバム,卒業証書印刷,科目分類フォルダー,無線綴じレジュメ,中綴じ教材	作業簿印刷/作業簿 50 本起。採用 內頁 157g 銅版紙/封面 250g 高品質材質，支援 A4/A5/訂製 多種規格，提供 4 色 CMYK 全彩印刷、logo 圖案自由設計。5-10 個工作天交貨，港九新界免費速遞，順豐速遞上門。專業團隊、價格透明，企業活動、店舖推廣首選。	Custom exercise books from ZprintPro the US. Perfect Bound, 4-color CMYK. 100-MOQ. Free US shipping over $100, DHL Express | Free Design | 100 MOQ	練習帳の練習帳は ZprintPro にお任せ。本文 157g コート/表紙 250g 高品質用紙、A4/A5/カスタム 各種対応。4色 CMYK 印刷、デザイン自由。50冊〜、5-10営業日で全国配送。30秒無料見積もり、深夜対応OK。自社工場直結の安心感。	作業簿印刷	Exercise Books 100+ | Perfect Bound | ZprintPro	School exercise books	學校作業簿，可定制封面和內頁格式，支持印刷即日速遞送貨。適合中小學、補習社。智印港提供專業的作業簿印刷服務，採用高品質材料和先進印刷技術，確保每一件產品都達到最高標準。我們支持靈活起訂量和快速交貨，滿足香港企業的各種印刷需求。			校園印刷的最小訂購量是多少？	一般為100本/張起訂，學校批量訂單可享受優惠價格。	支持學校採購流程嗎？	支持。我們提供報價單、發票和送貨單，符合學校採購要求。	校園印刷的交貨時間？	標準5-7個工作日。開學季為旺季，建議提前預訂。	hk-printing-exercise-books.jpg	香港練習簿印刷 / 校園印刷 | 香港練習簿印刷 80g–100g書紙或道林紙 | 智印港	Custom exercise books with perfect bound, premium materials — ZprintPro	練習帳 / 学校向け | 練習帳印刷 中綴じ・無線綴じ 50冊〜 学校向け | ZprintPro	即日印刷→/product/same-day-flyers/ | 聯繫我們→/contact/
證書印刷	Certificates	賞状印刷	certificates	50	證書印刷 | 專業印刷 品質保證 | 100個起 HK$8起 | 智印港	Certificates | Embossed Seal | Free US Ship | ZprintPro	賞状印刷 箔押し・中綴じ・100枚〜・最安値 | ZprintPro	證書印刷,印刷 推薦,100本起,250g特種紙,A4功課袋,A4練習冊,A4課程表,A4資料夾,A5學生手冊,A5筆記本,A5練習簿,免費設計獎狀,功課袋印刷,印校徽筆記本,即日取課程表,即日取證書,姓名班別筆記本,學校專用手冊,學校文件夾印刷,學校畢業證,學生寫字簿印刷,學生手冊印刷,學生筆記本定製,小一田字格,小學生功課袋,拼音寫字簿,掛牆課程表,教師文件夾,教師自編教材,教育教材印刷,比賽獎狀,燙金校徽,燙金獎狀,燙金畢業證,獎狀印刷,班別姓名袋,班級相冊,留言冊,畢業班用品,畢業紀念冊,畢業證書印刷,科目分類文件夾,精裝紀念冊,膠裝講義,課程表印刷,透明功課套,過膠課程表,騎馬釘教材	certificate printing,custom certificates,certificates printing online,certificates free shipping,certificates USD,bulk certificates,certificates DHL,bespoke certificates,certificates wholesale,certificates pricing,homework bag printing,student handbook printing,teacher self-made materials,award certificate printing,class name bag,graduation yearbook,graduation certificate printing,subject file folder,perfect bound notes,saddle-stitch materials	賞状印刷,賞状印刷 印刷,certificates,宿題バッグ印刷,学生手帳印刷,教師自作教材,表彰状印刷,クラス名札バッグ,卒業記念アルバム,卒業証書印刷,科目分類フォルダー,無線綴じレジュメ,中綴じ教材	證書印刷/證書印刷 100 起。採用 157g 銅版紙 高品質材質，支援 標準/訂製 多種規格，提供 4 色 CMYK 全彩印刷、logo 圖案自由設計。3-5 個工作天交貨，港九新界免費速遞，順豐速遞上門。專業團隊、價格透明，企業活動、店舖推廣首選。	Custom certificates from ZprintPro the US. Embossed Seal, 4-color CMYK. 100-MOQ. Free US shipping over $100, DHL Express | Free Design | 100 MOQ	賞状印刷サービス、高品質紙に金箔・銀箔オプション可能。学校・企業・スポーツ大会向け表彰状・感謝状、50枚〜即日発送対応、縦書き横書き両対応可能。日本向けDHL配送2-4日追跡番号付き。無料デザインサポート、複数回修正対応、深夜受付OK。| ZprintPro	證書印刷	Certificates 100+ | Embossed Seal | ZprintPro	Exquisite certificates with foil stamping	精美證書，配合燙金、壓紋等工藝，支持印刷即日速遞送貨。畢業證書、獎狀、資格證明。智印港提供專業的證書印刷服務，採用高品質材料和先進印刷技術，確保每一件產品都達到最高標準。我們支持靈活起訂量和快速交貨，滿足香港企業的各種印刷需求。			校園印刷的最小訂購量是多少？	一般為100本/張起訂，學校批量訂單可享受優惠價格。	支持學校採購流程嗎？	支持。我們提供報價單、發票和送貨單，符合學校採購要求。	校園印刷的交貨時間？	標準5-7個工作日。開學季為旺季，建議提前預訂。	hk-printing-certificates.jpg	香港證書印刷 / 校園印刷 | 香港證書印刷 200g–250g水印紙或棉質紙 | 智印港	Custom certificates with embossed seal, premium materials — ZprintPro	賞状印刷 / 高品質 | 賞状印刷 高品質紙 金箔オプション 50枚〜 | ZprintPro	即日印刷→/product/same-day-flyers/ | 聯繫我們→/contact/
學校單張	School Flyers	学校チラシ	school-flyers	50	學校單張 | 雙面四色 80g書紙 | 10張起 HK$0.2起 | 智印港	School Flyers | Same-Day Printing | 10 MOQ | ZprintPro	学校チラシ ラミネート・中綴じ・100枚〜 | ZprintPro	學校單張,學校 印刷,傳單印刷,100本起,250g特種紙,A4功課袋,A4練習冊,A4課程表,A4資料夾,A5學生手冊,A5筆記本,A5練習簿,免費設計獎狀,功課袋印刷,印校徽筆記本,即日取課程表,即日取證書,姓名班別筆記本,學校專用手冊,學校文件夾印刷,學校畢業證,學生寫字簿印刷,學生手冊印刷,學生筆記本定製,小一田字格,小學生功課袋,拼音寫字簿,掛牆課程表,教師文件夾,教師自編教材,教育教材印刷,比賽獎狀,燙金校徽,燙金獎狀,燙金畢業證,獎狀印刷,班別姓名袋,班級相冊,留言冊,畢業班用品,畢業紀念冊,畢業證書印刷,科目分類文件夾,精裝紀念冊,膠裝講義,課程表印刷,透明功課套,過膠課程表,騎馬釘教材	school flyers,custom school flyers,school flyers printing online,school flyers free shipping,school flyers USD,bulk school flyers,school flyers DHL,bespoke school flyers,school flyers wholesale,school flyers pricing,homework bag printing,student handbook printing,teacher self-made materials,award certificate printing,class name bag,graduation yearbook,graduation certificate printing,subject file folder,perfect bound notes,saddle-stitch materials	学校チラシ,学校チラシ 印刷,school flyers,宿題バッグ印刷,学生手帳印刷,教師自作教材,表彰状印刷,クラス名札バッグ,卒業記念アルバム,卒業証書印刷,科目分類フォルダー,無線綴じレジュメ,中綴じ教材	學校單張/學校 印刷 100 張起。採用 157g-300g 銅版紙 高品質材質，支援 A4/A5/A6/DL 多種規格，提供 4 色 CMYK 全彩印刷、logo 圖案自由設計。即日-2 個工作天交貨，港九新界免費速遞，順豐速遞上門。專業團隊、價格透明，企業活動、店舖推廣首選。	Custom school flyers from ZprintPro the US. Same-Day Printing, 4-color CMYK. 100-MOQ. Free US shipping over $100, DHL Express | Free Design | 100 MOQ	学校チラシの学校チラシは ZprintPro にお任せ。157g-300g コート紙 高品質用紙、A4/A5/A6/DL 各種対応。4色 CMYK 印刷、デザイン自由。100枚〜、翌日-2営業日で全国配送。30秒無料見積もり、深夜対応OK。自社工場直結の安心感。	學校通告、活動傳單印刷。經濟實惠，大量印刷。智印港提供專業學校單張服務，香港本地印刷，品質保證，價格透明。	School Flyers 100+ | Same-Day Printing | ZprintPro	高品質・短納期・グローバル配送。ZprintPro がプロフェッショナル印刷サービスを提供。	學校通告、活動宣傳單張。經濟實惠，大量印刷。智印港提供專業的學校單張服務，採用高品質材料和先進印刷技術，確保每一件產品都達到最高標準。我們支持靈活起訂量和快速交貨，滿足香港企業的各種印刷需求。			校園印刷的最小訂購量是多少？	一般為100本/張起訂，學校批量訂單可享受優惠價格。	支持學校採購流程嗎？	支持。我們提供報價單、發票和送貨單，符合學校採購要求。	校園印刷的交貨時間？	標準5-7個工作日。開學季為旺季，建議提前預訂。	hk-printing-school-flyers.jpg	香港學校單張 / 校園印刷 | 香港學校單張印刷 128g–157g銅版紙或書紙 | 智印港	Custom school flyers with same-day printing, premium materials — ZprintPro	学校チラシ / 学校向け | 学校チラシ印刷 両面4色 100枚〜 | ZprintPro	即日印刷→/product/same-day-flyers/ | 聯繫我們→/contact/
教科書印刷	Textbooks	教科書印刷	textbooks	50	公司教科書 覆膜・騎馬釘・100起印・HK$24起 | 智印港	Textbooks | Perfect Bound | Free US Ship | ZprintPro	教科書 | 中綴じ/無線綴じ | 100冊〜 ¥1,288〜 | ZprintPro	教科書,教科書 印刷,100本起,250g特種紙,A4功課袋,A4練習冊,A4課程表,A4資料夾,A5學生手冊,A5筆記本,A5練習簿,免費設計獎狀,功課袋印刷,印校徽筆記本,即日取課程表,即日取證書,姓名班別筆記本,學校專用手冊,學校文件夾印刷,學校畢業證,學生寫字簿印刷,學生手冊印刷,學生筆記本定製,小一田字格,小學生功課袋,拼音寫字簿,掛牆課程表,教師文件夾,教師自編教材,教育教材印刷,比賽獎狀,燙金校徽,燙金獎狀,燙金畢業證,獎狀印刷,班別姓名袋,班級相冊,留言冊,畢業班用品,畢業紀念冊,畢業證書印刷,科目分類文件夾,精裝紀念冊,膠裝講義,課程表印刷,透明功課套,過膠課程表,騎馬釘教材	textbooks,custom textbooks,textbooks printing online,textbooks free shipping,textbooks USD,bulk textbooks,textbooks DHL,bespoke textbooks,textbooks wholesale,textbooks pricing,homework bag printing,student handbook printing,teacher self-made materials,award certificate printing,class name bag,graduation yearbook,graduation certificate printing,subject file folder,perfect bound notes,saddle-stitch materials	教科書,教科書 印刷,textbooks,宿題バッグ印刷,学生手帳印刷,教師自作教材,表彰状印刷,クラス名札バッグ,卒業記念アルバム,卒業証書印刷,科目分類フォルダー,無線綴じレジュメ,中綴じ教材	教科書/教科書 50 本起。採用 內頁 157g 銅版紙/封面 250g 高品質材質，支援 A4/A5/訂製 多種規格，提供 4 色 CMYK 全彩印刷、logo 圖案自由設計。5-10 個工作天交貨，港九新界免費速遞，順豐速遞上門。專業團隊、價格透明，企業活動、店舖推廣首選。	Custom textbooks from ZprintPro the US. Perfect Bound, 4-color CMYK. 100-MOQ. Free US shipping over $100, DHL Express | Free Design | 100 MOQ	教科書の教科書は ZprintPro にお任せ。本文 157g コート/表紙 250g 高品質用紙、A4/A5/カスタム 各種対応。4色 CMYK 印刷、デザイン自由。50冊〜、5-10営業日で全国配送。30秒無料見積もり、深夜対応OK。自社工場直結の安心感。	教材、教科書印刷。專業排版，品質保證。智印港提供專業教科書印刷服務，香港本地印刷，品質保證，價格透明。	Textbooks 100+ | Perfect Bound | ZprintPro	高品質・短納期・グローバル配送。ZprintPro がプロフェッショナル印刷サービスを提供。	教材、教科書印刷。專業排版，品質保證。智印港提供專業的教科書印刷服務，採用高品質材料和先進印刷技術，確保每一件產品都達到最高標準。我們支持靈活起訂量和快速交貨，滿足香港企業的各種印刷需求。			校園印刷的最小訂購量是多少？	一般為100本/張起訂，學校批量訂單可享受優惠價格。	支持學校採購流程嗎？	支持。我們提供報價單、發票和送貨單，符合學校採購要求。	校園印刷的交貨時間？	標準5-7個工作日。開學季為旺季，建議提前預訂。	hk-printing-textbooks.jpg	香港教科書印刷 / 校園印刷 | 香港教科書印刷 80g–100g道林紙或書紙 | 智印港	Custom textbooks with perfect bound, premium materials — ZprintPro	教科書 / 高品質 | 教科書印刷 高品質オフセット 50冊〜 学校向け | ZprintPro	即日印刷→/product/same-day-flyers/ | 聯繫我們→/contact/
高級賀卡	Premium Greeting Cards	プレミアムグリーティングカード	premium-greeting-cards	50	高級賀卡印刷 燙金・局部UV 100張起 HK$100起 | 智印港	Premium Greeting Cards 100pcs Foil & UV | ZprintPro	プレミアムカード印刷 100枚〜 箔押し・UV | ZprintPro	高級賀卡,賀卡印刷,聖誕卡定制,新年卡印刷,婚禮感謝卡,節日賀卡,燙金賀卡,局部UV賀卡,企業賀卡定制,酒店歡迎卡	premium greeting cards,custom greeting cards printing,christmas cards printing,new year cards,wedding thank you cards,holiday gift cards,foil stamped greeting cards,spot uv greeting cards,corporate greeting cards,bulk greeting cards	グリーティングカード 印刷,オリジナルカード 印刷,クリスマスカード 印刷,年賀状 印刷,結婚式 サンキューカード,箔押し カード,部分UV カード,挨拶状 印刷,企業 記念カード,ホリデーカード	高級賀卡印刷：300g 銅版紙或啞粉藝術紙，啞膠／光膠覆膜、局部UV、燙金、圓角模切多種工藝任選，自訂尺寸與刀模均可。127×178mm 標準，10 張起印 HK$100 起。適用聖誕卡、新年卡、婚禮感謝卡及企業賀卡，可印 LOGO 與品牌配色，免費設計打稿，即日報價，量大優惠歡迎 WhatsApp 查詢。	Premium greeting cards: foil, spot UV & matte lamination, 300gsm. 127×178mm, from 100 pcs HK$100. Xmas, New Year, wedding & corporate. Free proof, quick quote.	高級グリーティングカード印刷：300gコート紙、マット／グロスラミネート、箔押し、部分UV、角丸加工に対応し、サイズ・型抜きもオーダー可能。127×178mm標準、100枚〜HK$100〜。クリスマスカード・年賀状・結婚式サンキューカード・法人カードに最適。無料デザイン校正、即日見積もり、納期にも柔軟に対応。	高級賀卡定制印刷 | 燙金・UV・啞膜工藝	Premium Greeting Cards | Foil, UV & Lamination Finishes	プレミアムグリーティングカードのオーダー印刷 | 箔押し・UV加工	智印港 高級賀卡採用 300g 優質紙張與 4 色 CMYK 印刷，可搭配啞膜、光膜、燙金、局部 UV 等工藝，質感高級、色彩飽滿。廣泛用於聖誕卡、新年卡、婚禮感謝卡、節日禮品卡、品牌活動與企業定制。100 張起訂、免費設計確認與樣品、FSC 環保認證紙、ISO 9001 品質管理，亞洲工廠直送，DHL Express 2-4 天全球送達。	ZprintPro premium greeting cards are printed on 300gsm stock with full 4-color CMYK, with optional matte or gloss lamination, foil stamping, and spot UV for a refined, high-end feel. Ideal for Christmas cards, New Year cards, wedding thank-you cards, holiday gift cards, hotel welcome cards, and branded corporate orders. 100-card MOQ, free design check and sample, FSC certified paper, ISO 9001 quality control, shipped direct from our Asia factory via DHL Express in 2-4 days worldwide.	ZprintPro のプレミアムグリーティングカードは、300g の上質紙に4色カラーで印刷し、マット・グロスラミネート、箔押し、部分UVなどの加工を組み合わせて高級感のある仕上がりを実現します。クリスマスカード、年賀状、結婚式のサンキューカード、ホリデーギフトカード、企業のご挨拶状などに最適です。100枚からご注文いただけ、無料デザイン確認とサンプル、FSC認証紙、ISO 9001 品質管理を備え、アジア工場から DHL Express で世界へ2-4日でお届けします。	高級賀卡多少張起訂？交期多久？	100 張起訂。確認設計後約 2-3 個工作天生產，DHL Express 全球 2-4 天送達。	可以做哪些特殊工藝？	可選啞膜/光膜覆膜、燙金（金/銀/玫瑰金）、局部 UV、壓紋等，提升賀卡質感。	可以先看樣品或打樣嗎？	可以。我們提供免費樣品與付費打樣，確認紙質與工藝效果後再大量生產。		高級賀卡配燙金與局部UV工藝，300g 優質紙印刷 | 智印港	Premium greeting cards with foil stamping and spot UV on 300gsm stock | ZprintPro	箔押しと部分UVを施した高級グリーティングカード、300g上質紙 | ZprintPro	/greeting-cards
超厚名片 (400g)	Thick 400g Business Cards	厚口名刺 (400g)	thick-greeting-cards-400g	50	400g 超厚名片印刷 | 燙金壓紋 | 10張起 HK$1.2起 | 智印港	Thick 400g Business Cards | Foil & Emboss | ZprintPro	厚口400g名刺印刷 | 箔押し・エンボス | 10枚〜 | ZprintPro	400g名片	400g名片	400g名片	燙金名片	Embossed Business Cards	商務名片定制	新年名片	Wedding Business Cards	高級名片印刷	智印港 400g 超厚名片選用高克重卡紙，拿在手中厚實有份量，傳遞尊榮與儀式感，特別適合商務名片、新年卡、婚禮邀請與里程碑慶典等重要場合。可搭配燙金、局部 UV、壓紋等工藝強化質感。100 張起訂、免費設計確認與樣品、FSC 環保紙、ISO 9001 認證，亞洲工廠直送，DHL Express 2-4 天全球送達。	ZprintPro thick 400g business cards use heavyweight cardstock with a substantial, rigid feel that conveys prestige — perfect for Christmas, New Year, wedding invitations, and milestone celebrations. Add foil stamping, spot UV, or embossing for extra luxury. 100-card MOQ with free design check and sample, FSC certified paper, ISO 9001 quality control, shipped direct from our Asia factory via DHL Express in 2-4 days worldwide.	ZprintPro の厚口400g名刺は、高斤量のカード紙を使用し、手に取ったときの重厚感と高級感が魅力です。名刺、名刺、結婚式の招待状、記念行事など大切な場面に最適で、箔押し・部分UV・エンボス加工でさらに華やかに仕上げられます。100枚からご注文可能で、無料デザイン確認とサンプル、FSC認証紙、ISO 9001 品質管理を備え、アジア工場から DHL Express で2-4日で世界へお届けします。	400g 超厚名片適合什麼場合？	厚實手感帶來尊榮感，特別適合聖誕、新年、婚禮邀請與企業里程碑等需要高級質感的場合。	超厚卡可以做壓紋或燙金嗎？	可以。400g 卡紙適合燙金、局部 UV 與壓紋（embossing），立體層次更明顯。	起訂量與交期？	100 張起訂，生產約 2-3 個工作天，DHL 全球 2-4 天送達。		high end business cards	Thick 400gsm Greeting Cards | Premium Card Stock | ZprintPro	400g カード	/greeting-cards
燙金名片	Foil-Stamped Business Cards	箔押し名刺	foil-greeting-cards	50	燙金名片印刷 | 金・銀・玫瑰金 | 10個起 HK$1.8起 | 智印港	Foil-Stamped Business Cards | Gold & Silver | ZprintPro	箔押し名刺印刷 | 金・銀・ローズゴールド | ZprintPro	燙金名片	燙金名片	燙金名片	玫瑰金名片	Wedding Business Cards	聖誕燙金卡	感謝卡定制	Metallic Finish Business Cards	高級燙金印刷	智印港 燙金名片以 300g 銅版紙搭配金、銀、玫瑰金等金屬燙金層，在光線下呈現細緻金屬光澤，顯著提升卡片的高級與節慶感。適合商務名片、婚禮邀請與感謝卡、嬰兒百日、新年祝福等場合。100 張起訂、免費設計確認與樣品、FSC 環保紙、ISO 9001 認證，亞洲工廠直送，DHL Express 2-4 天全球送達。	ZprintPro foil-stamped business cards pair 300gsm coated stock with a metallic foil layer in gold, silver, or rose gold, delivering a luminous, premium finish that catches the light. They elevate corporate business cards, wedding invitations and thank-you cards, baby celebrations, and New Year greetings. 100-card MOQ, free design check and sample, FSC certified paper, ISO 9001 quality control, shipped direct from our Asia factory via DHL Express in 2-4 days worldwide.	ZprintPro の箔押し名刺は、300g のコート紙に金・銀・ローズゴールドなどのメタリック箔を施し、光を受けて美しく輝く高級感あふれる仕上がりです。名刺、結婚式の招待状やサンキューカード、お宮参り・出産祝い、名刺などに最適です。100枚からご注文いただけ、無料デザイン確認とサンプル、FSC認証紙、ISO 9001 品質管理を備え、アジア工場から DHL Express で2-4日で世界へお届けします。	燙金有哪些顏色可選？	常備金、銀、玫瑰金，亦可做銅色、鐳射、黑色箔等，依設計需求選擇。	燙金名片用什麼紙？	標配 300g 銅版紙搭配金屬燙金層，也可升級 400g 厚卡或加啞膜提升質感。	起訂量與送達時間？	100 張起訂，生產約 2-3 個工作天，DHL Express 全球 2-4 天送達。		bulk foil business cards	Foil-Stamped Greeting Cards | Hot Foil Finishing | ZprintPro	ゴールド カード	/greeting-cards
局部UV賀卡	Spot UV Greeting Cards	部分UVグリーティングカード	spot-uv-greeting-cards	50	局部UV賀卡印刷 啞面・高光 100張起 HK$140起 | 智印港	Spot UV Greeting Cards 100pcs Matte+Gloss | ZprintPro	部分UVグリーティングカード 100枚〜 マット | ZprintPro	局部UV賀卡,UV賀卡,啞面UV賀卡,高光賀卡,聖誕卡UV,Logo UV賀卡,感謝卡印刷,質感賀卡,局部上光賀卡,高級賀卡定制	spot uv greeting cards,spot uv christmas cards,matte gloss cards,glossy logo cards,uv coated greeting cards,raised uv cards,modern holiday cards,thank you cards spot uv,bulk spot uv cards,premium uv cards	部分UV カード,スポットUV カード,マット UV カード,光沢 カード,クリスマス UVカード,ロゴ UV カード,サンキューカード 印刷,高級 カード,部分ニス カード,挨拶状 UV	局部UV賀卡印刷：啞面底紙配高光 UV 圖案，強烈層次與立體對比，觸感細緻。300g 銅版紙或合成紙，127×178mm 標準，10 張起印 HK$140 起。適用生日卡、聖誕卡、產品宣傳卡及品牌賀卡，可印 LOGO 與品牌配色，亦可選燙金升級，免費設計打稿，即日報價，量大優惠歡迎 WhatsApp 查詢。	Spot UV greeting cards: glossy highlights on matte base, 300gsm. 127×178mm, from 100 pcs HK$140. Birthday, Christmas & brand. Free proof, quick quote.	部分UVグリーティングカード印刷：マット下地に光沢UVのコントラスト、300gコート紙または合成紙。127×178mm標準、100枚〜HK$140〜。誕生日・クリスマス・ブランドカードに最適、サイズ・型抜きもオーダー可能。無料デザイン校正、即日見積もり、特急対応可能、大量注文は割引対応、納期相談可。	局部UV賀卡定制 | 啞面與高光層次對比	Spot UV Greeting Cards | Matte Base with Glossy Highlights	部分UVグリーティングカード | マット下地と光沢のコントラスト	智印港 局部 UV 賀卡在 300g 銅版紙上，先做啞面覆膜打底，再於 Logo、圖案或文字處局部上光，形成啞與亮的強烈觸覺與視覺對比，讓重點資訊跳脫出來。適合聖誕卡、新年卡、感謝卡與品牌賀卡。100 張起訂、免費設計確認與樣品、FSC 環保紙、ISO 9001 認證，亞洲工廠直送，DHL Express 2-4 天全球送達。	ZprintPro spot UV greeting cards use 300gsm coated stock with a matte lamination base, then apply glossy UV coating to selected areas — logos, patterns, or greetings — creating a striking matte-vs-gloss contrast that makes key elements pop. Ideal for Christmas, New Year, and thank-you cards as well as branded corporate cards. 100-card MOQ, free design check and sample, FSC certified paper, ISO 9001 quality control, shipped direct from our Asia factory via DHL Express in 2-4 days worldwide.	ZprintPro の部分UVグリーティングカードは、300g コート紙にマットラミネートを施し、ロゴや柄、メッセージなどのポイントに光沢のあるUVコーティングを重ねることで、マットと光沢のコントラストを生み出し、重要な要素を引き立てます。クリスマスカード、年賀状、サンキューカード、企業のブランドカードに最適です。100枚からご注文いただけ、無料デザイン確認とサンプル、FSC認証紙、ISO 9001 品質管理を備え、アジア工場から DHL Express で2-4日で世界へお届けします。	什麼是局部 UV？效果如何？	在啞面底紙上對局部區域（Logo、圖案、文字）做高光上光，形成啞與亮的對比，觸感與視覺都更有層次。	局部 UV 適合哪些賀卡？	適合想突出品牌 Logo 或重點訊息的聖誕卡、新年卡、感謝卡與企業賀卡。	起訂量與交期？	100 張起訂，生產約 2-3 個工作天，DHL Express 全球 2-4 天送達。		局部UV賀卡，啞面底紙配高光Logo圖案，強烈對比 | 智印港	Spot UV greeting cards with glossy UV highlights on a matte coated base | ZprintPro	マット下地に光沢UVを施した部分UVグリーティングカード、300gコート紙 | ZprintPro	/greeting-cards
啞膜賀卡	Matte Greeting Cards	マットグリーティングカード	matte-greeting-cards	50	啞膜賀卡印刷 防指紋・柔順 100張起 HK$110起 | 智印港	Matte Greeting Cards 100pcs Soft-Touch | ZprintPro	マットカード印刷 100枚〜 指紋防止・特急 | ZprintPro	啞膜賀卡,啞面賀卡,磨砂賀卡,防指紋賀卡,極簡賀卡,聖誕卡啞膜,新年賀卡,感謝卡印刷,啞膠賀卡,高級啞面卡	matte greeting cards,matte laminated cards,soft touch cards,fingerprint resistant cards,minimalist christmas cards,matte holiday cards,matte thank you cards,modern greeting cards,bulk matte cards,premium matte cards	マット カード,マット加工 カード,ソフトタッチ カード,指紋防止 カード,シンプル カード,クリスマス マット,年賀状 マット,サンキューカード 印刷,高級 挨拶状,ノード カード	啞膜賀卡印刷：柔順啞面、防指紋、低調高級質感，長久保存不易顯舊。300g 啞粉紙或環保紙，127×178mm 標準，10 張起印 HK$110 起。適用聖誕卡、新年卡、感謝卡及企業賀卡，可印 LOGO 與品牌配色，亦可選光膠或燙金升級，免費設計打稿，即日報價，量大優惠歡迎 WhatsApp 查詢。	Matte greeting cards: soft-touch, fingerprint-resistant, 300gsm art or eco. 127×178mm, from 100 pcs HK$110. Xmas, New Year & thank-you. Free proof, quick quote.	マットグリーティングカード印刷：なめらかなマット加工、指紋防止仕上げ、300gマット紙またはエコ紙。127×178mm標準、100枚〜HK$110〜。クリスマス・年賀・感謝・誕生日カードに最適、サイズ・型抜きもオーダー可能です。無料デザイン校正、即日見積もり、特急対応も可能、大量注文は割引対応です。	啞膜賀卡定制 | 柔順手感・低調高級	Matte Greeting Cards | Soft-Touch Matte Lamination	マットグリーティングカード | ソフトタッチのマット加工	智印港 啞膜賀卡在 300g 銅版紙表面覆一層啞膜，手感柔順細膩、不易留指紋，呈現低調內斂的高級質感，深受極簡與精品品牌喜愛。適合北歐風聖誕卡、新年卡、感謝卡與企業形象賀卡。100 張起訂、免費設計確認與樣品、FSC 環保紙、ISO 9001 認證，亞洲工廠直送，DHL Express 2-4 天全球送達。	ZprintPro matte greeting cards feature 300gsm coated stock finished with soft-touch matte lamination — smooth, refined, and resistant to fingerprints, delivering an understated premium look favored by minimalist and boutique brands. Perfect for Nordic-style Christmas cards, New Year cards, thank-you cards, and corporate image cards. 100-card MOQ, free design check and sample, FSC certified paper, ISO 9001 quality control, shipped direct from our Asia factory via DHL Express in 2-4 days worldwide.	ZprintPro のマットグリーティングカードは、300g コート紙にソフトタッチのマットラミネートを施し、なめらかで指紋が付きにくく、落ち着いた高級感のある仕上がりです。ミニマルやブティック系ブランドに人気で、北欧風クリスマスカード、年賀状、サンキューカード、企業のイメージカードに最適です。100枚からご注文いただけ、無料デザイン確認とサンプル、FSC認証紙、ISO 9001 品質管理を備え、アジア工場から DHL Express で2-4日で世界へお届けします。	啞膜和光膜差在哪？	啞膜表面不反光、手感細膩、不易留指紋，呈低調高級感；光膜則亮麗反光、色彩鮮豔。	啞膜賀卡適合什麼風格？	特別適合極簡、北歐、精品與低調奢華風格的聖誕卡、新年卡與感謝卡。	起訂量與交期？	100 張起訂，生產約 2-3 個工作天，DHL Express 全球 2-4 天送達。		啞膜賀卡，300g 銅版紙柔順防指紋低調質感 | 智印港	Matte laminated greeting cards with smooth fingerprint-resistant finish on 300gsm stock | ZprintPro	なめらかなマット加工のグリーティングカード、300gコート紙 | ZprintPro	/greeting-cards
圓角賀卡	Rounded Corner Greeting Cards	角丸グリーティングカード	rounded-corner-greeting-cards	50	圓角賀卡印刷 R3mm模切 100張起 HK$100起 即日 | 智印港	Rounded Greeting Cards 100pcs R3mm Die-Cut | ZprintPro	角丸グリーティングカード印刷 10枚〜 R3mm | ZprintPro	圓角賀卡,圓角卡片,R3圓角,模切賀卡,可愛賀卡,生日卡定制,聖誕卡圓角,感謝卡印刷,圓角模切,造型賀卡	rounded corner greeting cards,rounded corner cards,die cut greeting cards,cute christmas cards,birthday cards bulk,rounded thank you cards,soft corner cards,r3mm cards,custom shaped cards,bulk rounded cards	角丸 カード,角丸加工 カード,型抜き カード,かわいい カード,誕生日 カード,クリスマス 角丸,サンキューカード 印刷,丸角 カード,ダイカット カード,グリーティングカード 角丸	圓角賀卡印刷：R3mm 圓角模切，柔和觸感不翹角，輕巧可愛。300g 銅版紙或藝術紙，127×178mm 標準，10 張起印 HK$100 起。適用生日卡、聖誕卡、感謝卡及品牌宣傳卡，可印 LOGO 與品牌配色，亦可選燙金或 UV 升級，免費設計打稿，即日報價，量大優惠歡迎 WhatsApp 查詢。	Rounded-corner greeting cards: soft R3mm die-cut, 300gsm. 127×178mm, from 100 pcs HK$100. Birthday, Christmas & thank-you cards. Free proof, quick quote.	角丸グリーティングカード印刷：R3mmのやさしい丸角型抜き、300gコート紙またはアート紙。127×178mm標準、100枚〜HK$100〜。誕生日・クリスマス・感謝・記念カードに最適、サイズ・型抜きもオーダー可能です、オリジナルデザイン対応。無料デザイン校正、即日見積もり、特急対応可能、大量注文は割引対応。	圓角賀卡定制 | R3mm 圓角模切・不翹角	Rounded Corner Greeting Cards | Soft R3mm Die-Cut Corners	角丸グリーティングカード | R3mm やさしい丸角加工	智印港 圓角賀卡以 300g 銅版紙印刷後做 R3mm 圓角模切，四角圓潤、觸感柔和，長期使用邊角也不易翹起或刮手，特別適合可愛、親切風格的聖誕卡、生日卡與感謝卡。100 張起訂、免費設計確認與樣品、FSC 環保紙、ISO 9001 認證，亞洲工廠直送，DHL Express 2-4 天全球送達。	ZprintPro rounded corner greeting cards are printed on 300gsm coated stock and die-cut with smooth R3mm rounded corners, giving a soft, friendly tactile feel while preventing corner lift and wear. They're especially well suited to cute and approachable Christmas cards, birthday cards, and thank-you cards. 100-card MOQ, free design check and sample, FSC certified paper, ISO 9001 quality control, shipped direct from our Asia factory via DHL Express in 2-4 days worldwide.	ZprintPro の角丸グリーティングカードは、300g コート紙に印刷後、四隅を R3mm の丸角に型抜きしており、手触りがやさしく、長く使っても角が反り返ったり引っかかったりしにくいのが特長です。かわいらしく親しみやすい雰囲気のクリスマスカード、誕生日カード、サンキューカードに特に適しています。100枚からご注文いただけ、無料デザイン確認とサンプル、FSC認証紙、ISO 9001 品質管理を備え、アジア工場から DHL Express で2-4日で世界へお届けします。	圓角的半徑是多少？可以改嗎？	標配 R3mm 圓角模切，視設計也可評估其他半徑；下單時可與設計確認。	圓角賀卡適合什麼場合？	圓角柔和親切，適合可愛風的聖誕卡、生日卡、感謝卡與親子類品牌。	起訂量與交期？	100 張起訂，生產約 2-3 個工作天，DHL Express 全球 2-4 天送達。		R3mm 圓角模切賀卡，300g 銅版紙柔和觸感不翹角 | 智印港	R3mm rounded-corner die-cut greeting cards on 300gsm coated stock | ZprintPro	R3mm角丸に型抜きしたグリーティングカード、300gコート紙 | ZprintPro	/greeting-cards
