file,line,char,lineText
"src/app/[locale]/category/[slug]/page.tsx",170,"月","'en': 'Custom Lai See Red Packets · 100 MOQ Foil 11月前就位 + CNY Wedding · USA Chinese Communities',"
"src/app/[locale]/category/[slug]/page.tsx",170,"前","'en': 'Custom Lai See Red Packets · 100 MOQ Foil 11月前就位 + CNY Wedding · USA Chinese Communities',"
"src/app/[locale]/category/[slug]/page.tsx",170,"就","'en': 'Custom Lai See Red Packets · 100 MOQ Foil 11月前就位 + CNY Wedding · USA Chinese Communities',"
"src/app/[locale]/category/[slug]/page.tsx",170,"位","'en': 'Custom Lai See Red Packets · 100 MOQ Foil 11月前就位 + CNY Wedding · USA Chinese Communities',"
"src/app/[locale]/category/[slug]/page.tsx",206,"月","'en': 'Custom Calendars 2027 9月最後黃金窗 · 1000 MOQ 2027 Desk Wall Hardcover Foil · USA Corporate Gifts',"
"src/app/[locale]/category/[slug]/page.tsx",206,"最","'en': 'Custom Calendars 2027 9月最後黃金窗 · 1000 MOQ 2027 Desk Wall Hardcover Foil · USA Corporate Gifts',"
"src/app/[locale]/category/[slug]/page.tsx",206,"後","'en': 'Custom Calendars 2027 9月最後黃金窗 · 1000 MOQ 2027 Desk Wall Hardcover Foil · USA Corporate Gifts',"
"src/app/[locale]/category/[slug]/page.tsx",206,"黃","'en': 'Custom Calendars 2027 9月最後黃金窗 · 1000 MOQ 2027 Desk Wall Hardcover Foil · USA Corporate Gifts',"
"src/app/[locale]/category/[slug]/page.tsx",206,"金","'en': 'Custom Calendars 2027 9月最後黃金窗 · 1000 MOQ 2027 Desk Wall Hardcover Foil · USA Corporate Gifts',"
"src/app/[locale]/category/[slug]/page.tsx",206,"窗","'en': 'Custom Calendars 2027 9月最後黃金窗 · 1000 MOQ 2027 Desk Wall Hardcover Foil · USA Corporate Gifts',"
"src/app/[locale]/payment-methods/page.tsx",697,"深","beneficiaryCn: '深圳市彩龍印刷包裝有限公司',"
"src/app/[locale]/payment-methods/page.tsx",697,"圳","beneficiaryCn: '深圳市彩龍印刷包裝有限公司',"
"src/app/[locale]/payment-methods/page.tsx",697,"市","beneficiaryCn: '深圳市彩龍印刷包裝有限公司',"
"src/app/[locale]/payment-methods/page.tsx",697,"彩","beneficiaryCn: '深圳市彩龍印刷包裝有限公司',"
"src/app/[locale]/payment-methods/page.tsx",697,"龍","beneficiaryCn: '深圳市彩龍印刷包裝有限公司',"
"src/app/[locale]/payment-methods/page.tsx",697,"印","beneficiaryCn: '深圳市彩龍印刷包裝有限公司',"
"src/app/[locale]/payment-methods/page.tsx",697,"刷","beneficiaryCn: '深圳市彩龍印刷包裝有限公司',"
"src/app/[locale]/payment-methods/page.tsx",697,"包","beneficiaryCn: '深圳市彩龍印刷包裝有限公司',"
"src/app/[locale]/payment-methods/page.tsx",697,"裝","beneficiaryCn: '深圳市彩龍印刷包裝有限公司',"
"src/app/[locale]/payment-methods/page.tsx",697,"有","beneficiaryCn: '深圳市彩龍印刷包裝有限公司',"
"src/app/[locale]/payment-methods/page.tsx",697,"限","beneficiaryCn: '深圳市彩龍印刷包裝有限公司',"
"src/app/[locale]/payment-methods/page.tsx",697,"公","beneficiaryCn: '深圳市彩龍印刷包裝有限公司',"
"src/app/[locale]/payment-methods/page.tsx",697,"司","beneficiaryCn: '深圳市彩龍印刷包裝有限公司',"
"src/app/[locale]/payment-methods/page.tsx",758,"唐","'Official QR issued by 唐运提 (Mr. Tang, founder)',"
"src/app/[locale]/payment-methods/page.tsx",758,"运","'Official QR issued by 唐运提 (Mr. Tang, founder)',"
"src/app/[locale]/payment-methods/page.tsx",758,"提","'Official QR issued by 唐运提 (Mr. Tang, founder)',"
"src/components/layout/Footer.tsx",146,"中","supportJA: '中国本土 24時間対応 · 香港現地サポート',"
"src/components/layout/Footer.tsx",146,"国","supportJA: '中国本土 24時間対応 · 香港現地サポート',"
"src/components/layout/Footer.tsx",146,"本","supportJA: '中国本土 24時間対応 · 香港現地サポート',"
"src/components/layout/Footer.tsx",146,"土","supportJA: '中国本土 24時間対応 · 香港現地サポート',"
"src/components/layout/Footer.tsx",146,"時","supportJA: '中国本土 24時間対応 · 香港現地サポート',"
"src/components/layout/Footer.tsx",146,"間","supportJA: '中国本土 24時間対応 · 香港現地サポート',"
"src/components/layout/Footer.tsx",146,"対","supportJA: '中国本土 24時間対応 · 香港現地サポート',"
"src/components/layout/Footer.tsx",146,"応","supportJA: '中国本土 24時間対応 · 香港現地サポート',"
"src/components/layout/Footer.tsx",146,"香","supportJA: '中国本土 24時間対応 · 香港現地サポート',"
"src/components/layout/Footer.tsx",146,"港","supportJA: '中国本土 24時間対応 · 香港現地サポート',"
"src/components/layout/Footer.tsx",146,"現","supportJA: '中国本土 24時間対応 · 香港現地サポート',"
"src/components/layout/Footer.tsx",146,"地","supportJA: '中国本土 24時間対応 · 香港現地サポート',"
"src/data/blog-data/en.json",5,"國","""description"": ""Complete guide to custom stickers, packaging boxes, and labels for US small business. Compare vinyl/PVC/Kraft/clear materials, 50-1000 MOQ, Free shipping over $99, FedEx Ground 5-7 day or DHL Express 2-4 day, 國際認證體系 certified factory-direct pricing."","
"src/data/blog-data/en.json",5,"際","""description"": ""Complete guide to custom stickers, packaging boxes, and labels for US small business. Compare vinyl/PVC/Kraft/clear materials, 50-1000 MOQ, Free shipping over $99, FedEx Ground 5-7 day or DHL Express 2-4 day, 國際認證體系 certified factory-direct pricing."","
"src/data/blog-data/en.json",5,"認","""description"": ""Complete guide to custom stickers, packaging boxes, and labels for US small business. Compare vinyl/PVC/Kraft/clear materials, 50-1000 MOQ, Free shipping over $99, FedEx Ground 5-7 day or DHL Express 2-4 day, 國際認證體系 certified factory-direct pricing."","
"src/data/blog-data/en.json",5,"證","""description"": ""Complete guide to custom stickers, packaging boxes, and labels for US small business. Compare vinyl/PVC/Kraft/clear materials, 50-1000 MOQ, Free shipping over $99, FedEx Ground 5-7 day or DHL Express 2-4 day, 國際認證體系 certified factory-direct pricing."","
"src/data/blog-data/en.json",5,"體","""description"": ""Complete guide to custom stickers, packaging boxes, and labels for US small business. Compare vinyl/PVC/Kraft/clear materials, 50-1000 MOQ, Free shipping over $99, FedEx Ground 5-7 day or DHL Express 2-4 day, 國際認證體系 certified factory-direct pricing."","
"src/data/blog-data/en.json",5,"系","""description"": ""Complete guide to custom stickers, packaging boxes, and labels for US small business. Compare vinyl/PVC/Kraft/clear materials, 50-1000 MOQ, Free shipping over $99, FedEx Ground 5-7 day or DHL Express 2-4 day, 國際認證體系 certified factory-direct pricing."","
"src/data/blog-data/en.json",8,"進","""content"": ""<p>US small business and DTC brand owners order custom stickers, packaging boxes, and labels weekly from Asia factory-direct printing suppliers. With hundreds of competing suppliers — Sticker Mule, Vistaprint, Packlane, MOO, and 4over among the most popular — choosing the right partne"
"src/data/blog-data/en.json",8,"口","""content"": ""<p>US small business and DTC brand owners order custom stickers, packaging boxes, and labels weekly from Asia factory-direct printing suppliers. With hundreds of competing suppliers — Sticker Mule, Vistaprint, Packlane, MOO, and 4over among the most popular — choosing the right partne"
"src/data/blog-data/en.json",8,"印","""content"": ""<p>US small business and DTC brand owners order custom stickers, packaging boxes, and labels weekly from Asia factory-direct printing suppliers. With hundreds of competing suppliers — Sticker Mule, Vistaprint, Packlane, MOO, and 4over among the most popular — choosing the right partne"
"src/data/blog-data/en.json",8,"刷","""content"": ""<p>US small business and DTC brand owners order custom stickers, packaging boxes, and labels weekly from Asia factory-direct printing suppliers. With hundreds of competing suppliers — Sticker Mule, Vistaprint, Packlane, MOO, and 4over among the most popular — choosing the right partne"
"src/data/blog-data/en.json",8,"設","""content"": ""<p>US small business and DTC brand owners order custom stickers, packaging boxes, and labels weekly from Asia factory-direct printing suppliers. With hundreds of competing suppliers — Sticker Mule, Vistaprint, Packlane, MOO, and 4over among the most popular — choosing the right partne"
"src/data/blog-data/en.json",8,"備","""content"": ""<p>US small business and DTC brand owners order custom stickers, packaging boxes, and labels weekly from Asia factory-direct printing suppliers. With hundreds of competing suppliers — Sticker Mule, Vistaprint, Packlane, MOO, and 4over among the most popular — choosing the right partne"
"src/data/blog-data/en.json",8,"進","""content"": ""<p>US small business and DTC brand owners order custom stickers, packaging boxes, and labels weekly from Asia factory-direct printing suppliers. With hundreds of competing suppliers — Sticker Mule, Vistaprint, Packlane, MOO, and 4over among the most popular — choosing the right partne"
"src/data/blog-data/en.json",8,"口","""content"": ""<p>US small business and DTC brand owners order custom stickers, packaging boxes, and labels weekly from Asia factory-direct printing suppliers. With hundreds of competing suppliers — Sticker Mule, Vistaprint, Packlane, MOO, and 4over among the most popular — choosing the right partne"
"src/data/blog-data/en.json",8,"印","""content"": ""<p>US small business and DTC brand owners order custom stickers, packaging boxes, and labels weekly from Asia factory-direct printing suppliers. With hundreds of competing suppliers — Sticker Mule, Vistaprint, Packlane, MOO, and 4over among the most popular — choosing the right partne"
"src/data/blog-data/en.json",8,"刷","""content"": ""<p>US small business and DTC brand owners order custom stickers, packaging boxes, and labels weekly from Asia factory-direct printing suppliers. With hundreds of competing suppliers — Sticker Mule, Vistaprint, Packlane, MOO, and 4over among the most popular — choosing the right partne"
"src/data/blog-data/en.json",8,"設","""content"": ""<p>US small business and DTC brand owners order custom stickers, packaging boxes, and labels weekly from Asia factory-direct printing suppliers. With hundreds of competing suppliers — Sticker Mule, Vistaprint, Packlane, MOO, and 4over among the most popular — choosing the right partne"
"src/data/blog-data/en.json",8,"備","""content"": ""<p>US small business and DTC brand owners order custom stickers, packaging boxes, and labels weekly from Asia factory-direct printing suppliers. With hundreds of competing suppliers — Sticker Mule, Vistaprint, Packlane, MOO, and 4over among the most popular — choosing the right partne"
"src/data/blog-data/en.json",8,"進","""content"": ""<p>US small business and DTC brand owners order custom stickers, packaging boxes, and labels weekly from Asia factory-direct printing suppliers. With hundreds of competing suppliers — Sticker Mule, Vistaprint, Packlane, MOO, and 4over among the most popular — choosing the right partne"
"src/data/blog-data/en.json",8,"口","""content"": ""<p>US small business and DTC brand owners order custom stickers, packaging boxes, and labels weekly from Asia factory-direct printing suppliers. With hundreds of competing suppliers — Sticker Mule, Vistaprint, Packlane, MOO, and 4over among the most popular — choosing the right partne"
"src/data/blog-data/en.json",8,"印","""content"": ""<p>US small business and DTC brand owners order custom stickers, packaging boxes, and labels weekly from Asia factory-direct printing suppliers. With hundreds of competing suppliers — Sticker Mule, Vistaprint, Packlane, MOO, and 4over among the most popular — choosing the right partne"
"src/data/blog-data/en.json",8,"刷","""content"": ""<p>US small business and DTC brand owners order custom stickers, packaging boxes, and labels weekly from Asia factory-direct printing suppliers. With hundreds of competing suppliers — Sticker Mule, Vistaprint, Packlane, MOO, and 4over among the most popular — choosing the right partne"
"src/data/blog-data/en.json",8,"設","""content"": ""<p>US small business and DTC brand owners order custom stickers, packaging boxes, and labels weekly from Asia factory-direct printing suppliers. With hundreds of competing suppliers — Sticker Mule, Vistaprint, Packlane, MOO, and 4over among the most popular — choosing the right partne"
"src/data/blog-data/en.json",8,"備","""content"": ""<p>US small business and DTC brand owners order custom stickers, packaging boxes, and labels weekly from Asia factory-direct printing suppliers. With hundreds of competing suppliers — Sticker Mule, Vistaprint, Packlane, MOO, and 4over among the most popular — choosing the right partne"
"src/data/blog-data/en.json",16,"國","""content"": ""<p>Many designers and corporate marketing teams fa issues when preparing print files: white edges appearing on finished prints, blurry images, color vastly different from screen — most come from misunderstanding print specifications. This guide covers six core concepts: bleed, resolut"
"src/data/blog-data/en.json",16,"際","""content"": ""<p>Many designers and corporate marketing teams fa issues when preparing print files: white edges appearing on finished prints, blurry images, color vastly different from screen — most come from misunderstanding print specifications. This guide covers six core concepts: bleed, resolut"
"src/data/blog-data/en.json",16,"認","""content"": ""<p>Many designers and corporate marketing teams fa issues when preparing print files: white edges appearing on finished prints, blurry images, color vastly different from screen — most come from misunderstanding print specifications. This guide covers six core concepts: bleed, resolut"
"src/data/blog-data/en.json",16,"證","""content"": ""<p>Many designers and corporate marketing teams fa issues when preparing print files: white edges appearing on finished prints, blurry images, color vastly different from screen — most come from misunderstanding print specifications. This guide covers six core concepts: bleed, resolut"
"src/data/blog-data/en.json",16,"體","""content"": ""<p>Many designers and corporate marketing teams fa issues when preparing print files: white edges appearing on finished prints, blurry images, color vastly different from screen — most come from misunderstanding print specifications. This guide covers six core concepts: bleed, resolut"
"src/data/blog-data/en.json",16,"系","""content"": ""<p>Many designers and corporate marketing teams fa issues when preparing print files: white edges appearing on finished prints, blurry images, color vastly different from screen — most come from misunderstanding print specifications. This guide covers six core concepts: bleed, resolut"
"src/data/blog-data/en.json",24,"國","""content"": ""<p>Brand image building needs systematic material support. From a sticker to product packaging, every touchpoint is a brand-to-customer communication opportunity. This article provides a complete enterprise brand materials checklist covering five categories: foundational identity, mar"
"src/data/blog-data/en.json",24,"際","""content"": ""<p>Brand image building needs systematic material support. From a sticker to product packaging, every touchpoint is a brand-to-customer communication opportunity. This article provides a complete enterprise brand materials checklist covering five categories: foundational identity, mar"
"src/data/blog-data/en.json",24,"認","""content"": ""<p>Brand image building needs systematic material support. From a sticker to product packaging, every touchpoint is a brand-to-customer communication opportunity. This article provides a complete enterprise brand materials checklist covering five categories: foundational identity, mar"
"src/data/blog-data/en.json",24,"證","""content"": ""<p>Brand image building needs systematic material support. From a sticker to product packaging, every touchpoint is a brand-to-customer communication opportunity. This article provides a complete enterprise brand materials checklist covering five categories: foundational identity, mar"
"src/data/blog-data/en.json",24,"體","""content"": ""<p>Brand image building needs systematic material support. From a sticker to product packaging, every touchpoint is a brand-to-customer communication opportunity. This article provides a complete enterprise brand materials checklist covering five categories: foundational identity, mar"
"src/data/blog-data/en.json",24,"系","""content"": ""<p>Brand image building needs systematic material support. From a sticker to product packaging, every touchpoint is a brand-to-customer communication opportunity. This article provides a complete enterprise brand materials checklist covering five categories: foundational identity, mar"
"src/data/blog-data/en.json",56,"國","""content"": ""<p>In competitive retail, packaging is both protection and a brand's first touchpoint with consumers. What new directions will packaging design take in 2024-2026? This article systematically analyzes minimalism, sustainable packaging, personalization, smart packaging, unboxing experie"
"src/data/blog-data/en.json",56,"際","""content"": ""<p>In competitive retail, packaging is both protection and a brand's first touchpoint with consumers. What new directions will packaging design take in 2024-2026? This article systematically analyzes minimalism, sustainable packaging, personalization, smart packaging, unboxing experie"
"src/data/blog-data/en.json",56,"認","""content"": ""<p>In competitive retail, packaging is both protection and a brand's first touchpoint with consumers. What new directions will packaging design take in 2024-2026? This article systematically analyzes minimalism, sustainable packaging, personalization, smart packaging, unboxing experie"
"src/data/blog-data/en.json",56,"證","""content"": ""<p>In competitive retail, packaging is both protection and a brand's first touchpoint with consumers. What new directions will packaging design take in 2024-2026? This article systematically analyzes minimalism, sustainable packaging, personalization, smart packaging, unboxing experie"
"src/data/blog-data/en.json",56,"體","""content"": ""<p>In competitive retail, packaging is both protection and a brand's first touchpoint with consumers. What new directions will packaging design take in 2024-2026? This article systematically analyzes minimalism, sustainable packaging, personalization, smart packaging, unboxing experie"
"src/data/blog-data/en.json",56,"系","""content"": ""<p>In competitive retail, packaging is both protection and a brand's first touchpoint with consumers. What new directions will packaging design take in 2024-2026? This article systematically analyzes minimalism, sustainable packaging, personalization, smart packaging, unboxing experie"
"src/data/blog-data/en.json",64,"進","""content"": ""<p class=\""text-base text-[#1A56DB] font-medium mb-4\""><strong>TL;DR:</strong> CMYK vs RGB is the core decision for print color quality control. CMYK 4-color overprint reproduces ~85% of screen RGB colors, but RGB fluorescents / high-saturation primaries must use Pantone spot color;"
"src/data/blog-data/en.json",64,"口","""content"": ""<p class=\""text-base text-[#1A56DB] font-medium mb-4\""><strong>TL;DR:</strong> CMYK vs RGB is the core decision for print color quality control. CMYK 4-color overprint reproduces ~85% of screen RGB colors, but RGB fluorescents / high-saturation primaries must use Pantone spot color;"
"src/data/blog-data/en.json",64,"印","""content"": ""<p class=\""text-base text-[#1A56DB] font-medium mb-4\""><strong>TL;DR:</strong> CMYK vs RGB is the core decision for print color quality control. CMYK 4-color overprint reproduces ~85% of screen RGB colors, but RGB fluorescents / high-saturation primaries must use Pantone spot color;"
"src/data/blog-data/en.json",64,"刷","""content"": ""<p class=\""text-base text-[#1A56DB] font-medium mb-4\""><strong>TL;DR:</strong> CMYK vs RGB is the core decision for print color quality control. CMYK 4-color overprint reproduces ~85% of screen RGB colors, but RGB fluorescents / high-saturation primaries must use Pantone spot color;"
"src/data/blog-data/en.json",64,"設","""content"": ""<p class=\""text-base text-[#1A56DB] font-medium mb-4\""><strong>TL;DR:</strong> CMYK vs RGB is the core decision for print color quality control. CMYK 4-color overprint reproduces ~85% of screen RGB colors, but RGB fluorescents / high-saturation primaries must use Pantone spot color;"
"src/data/blog-data/en.json",64,"備","""content"": ""<p class=\""text-base text-[#1A56DB] font-medium mb-4\""><strong>TL;DR:</strong> CMYK vs RGB is the core decision for print color quality control. CMYK 4-color overprint reproduces ~85% of screen RGB colors, but RGB fluorescents / high-saturation primaries must use Pantone spot color;"
"src/data/blog-data/en.json",64,"進","""content"": ""<p class=\""text-base text-[#1A56DB] font-medium mb-4\""><strong>TL;DR:</strong> CMYK vs RGB is the core decision for print color quality control. CMYK 4-color overprint reproduces ~85% of screen RGB colors, but RGB fluorescents / high-saturation primaries must use Pantone spot color;"
"src/data/blog-data/en.json",64,"口","""content"": ""<p class=\""text-base text-[#1A56DB] font-medium mb-4\""><strong>TL;DR:</strong> CMYK vs RGB is the core decision for print color quality control. CMYK 4-color overprint reproduces ~85% of screen RGB colors, but RGB fluorescents / high-saturation primaries must use Pantone spot color;"
"src/data/blog-data/en.json",64,"印","""content"": ""<p class=\""text-base text-[#1A56DB] font-medium mb-4\""><strong>TL;DR:</strong> CMYK vs RGB is the core decision for print color quality control. CMYK 4-color overprint reproduces ~85% of screen RGB colors, but RGB fluorescents / high-saturation primaries must use Pantone spot color;"
"src/data/blog-data/en.json",64,"刷","""content"": ""<p class=\""text-base text-[#1A56DB] font-medium mb-4\""><strong>TL;DR:</strong> CMYK vs RGB is the core decision for print color quality control. CMYK 4-color overprint reproduces ~85% of screen RGB colors, but RGB fluorescents / high-saturation primaries must use Pantone spot color;"
"src/data/blog-data/en.json",64,"設","""content"": ""<p class=\""text-base text-[#1A56DB] font-medium mb-4\""><strong>TL;DR:</strong> CMYK vs RGB is the core decision for print color quality control. CMYK 4-color overprint reproduces ~85% of screen RGB colors, but RGB fluorescents / high-saturation primaries must use Pantone spot color;"
"src/data/blog-data/en.json",64,"備","""content"": ""<p class=\""text-base text-[#1A56DB] font-medium mb-4\""><strong>TL;DR:</strong> CMYK vs RGB is the core decision for print color quality control. CMYK 4-color overprint reproduces ~85% of screen RGB colors, but RGB fluorescents / high-saturation primaries must use Pantone spot color;"
"src/data/blog-data/en.json",64,"進","""content"": ""<p class=\""text-base text-[#1A56DB] font-medium mb-4\""><strong>TL;DR:</strong> CMYK vs RGB is the core decision for print color quality control. CMYK 4-color overprint reproduces ~85% of screen RGB colors, but RGB fluorescents / high-saturation primaries must use Pantone spot color;"
"src/data/blog-data/en.json",64,"口","""content"": ""<p class=\""text-base text-[#1A56DB] font-medium mb-4\""><strong>TL;DR:</strong> CMYK vs RGB is the core decision for print color quality control. CMYK 4-color overprint reproduces ~85% of screen RGB colors, but RGB fluorescents / high-saturation primaries must use Pantone spot color;"
"src/data/blog-data/en.json",64,"印","""content"": ""<p class=\""text-base text-[#1A56DB] font-medium mb-4\""><strong>TL;DR:</strong> CMYK vs RGB is the core decision for print color quality control. CMYK 4-color overprint reproduces ~85% of screen RGB colors, but RGB fluorescents / high-saturation primaries must use Pantone spot color;"
"src/data/blog-data/en.json",64,"刷","""content"": ""<p class=\""text-base text-[#1A56DB] font-medium mb-4\""><strong>TL;DR:</strong> CMYK vs RGB is the core decision for print color quality control. CMYK 4-color overprint reproduces ~85% of screen RGB colors, but RGB fluorescents / high-saturation primaries must use Pantone spot color;"
"src/data/blog-data/en.json",64,"設","""content"": ""<p class=\""text-base text-[#1A56DB] font-medium mb-4\""><strong>TL;DR:</strong> CMYK vs RGB is the core decision for print color quality control. CMYK 4-color overprint reproduces ~85% of screen RGB colors, but RGB fluorescents / high-saturation primaries must use Pantone spot color;"
"src/data/blog-data/en.json",64,"備","""content"": ""<p class=\""text-base text-[#1A56DB] font-medium mb-4\""><strong>TL;DR:</strong> CMYK vs RGB is the core decision for print color quality control. CMYK 4-color overprint reproduces ~85% of screen RGB colors, but RGB fluorescents / high-saturation primaries must use Pantone spot color;"
"src/data/blog-data/en.json",64,"進","""content"": ""<p class=\""text-base text-[#1A56DB] font-medium mb-4\""><strong>TL;DR:</strong> CMYK vs RGB is the core decision for print color quality control. CMYK 4-color overprint reproduces ~85% of screen RGB colors, but RGB fluorescents / high-saturation primaries must use Pantone spot color;"
"src/data/blog-data/en.json",64,"口","""content"": ""<p class=\""text-base text-[#1A56DB] font-medium mb-4\""><strong>TL;DR:</strong> CMYK vs RGB is the core decision for print color quality control. CMYK 4-color overprint reproduces ~85% of screen RGB colors, but RGB fluorescents / high-saturation primaries must use Pantone spot color;"
"src/data/blog-data/en.json",64,"印","""content"": ""<p class=\""text-base text-[#1A56DB] font-medium mb-4\""><strong>TL;DR:</strong> CMYK vs RGB is the core decision for print color quality control. CMYK 4-color overprint reproduces ~85% of screen RGB colors, but RGB fluorescents / high-saturation primaries must use Pantone spot color;"
"src/data/blog-data/en.json",64,"刷","""content"": ""<p class=\""text-base text-[#1A56DB] font-medium mb-4\""><strong>TL;DR:</strong> CMYK vs RGB is the core decision for print color quality control. CMYK 4-color overprint reproduces ~85% of screen RGB colors, but RGB fluorescents / high-saturation primaries must use Pantone spot color;"
"src/data/blog-data/en.json",64,"設","""content"": ""<p class=\""text-base text-[#1A56DB] font-medium mb-4\""><strong>TL;DR:</strong> CMYK vs RGB is the core decision for print color quality control. CMYK 4-color overprint reproduces ~85% of screen RGB colors, but RGB fluorescents / high-saturation primaries must use Pantone spot color;"
"src/data/blog-data/en.json",64,"備","""content"": ""<p class=\""text-base text-[#1A56DB] font-medium mb-4\""><strong>TL;DR:</strong> CMYK vs RGB is the core decision for print color quality control. CMYK 4-color overprint reproduces ~85% of screen RGB colors, but RGB fluorescents / high-saturation primaries must use Pantone spot color;"
"src/data/blog-data/en.json",64,"進","""content"": ""<p class=\""text-base text-[#1A56DB] font-medium mb-4\""><strong>TL;DR:</strong> CMYK vs RGB is the core decision for print color quality control. CMYK 4-color overprint reproduces ~85% of screen RGB colors, but RGB fluorescents / high-saturation primaries must use Pantone spot color;"
"src/data/blog-data/en.json",64,"口","""content"": ""<p class=\""text-base text-[#1A56DB] font-medium mb-4\""><strong>TL;DR:</strong> CMYK vs RGB is the core decision for print color quality control. CMYK 4-color overprint reproduces ~85% of screen RGB colors, but RGB fluorescents / high-saturation primaries must use Pantone spot color;"
"src/data/blog-data/en.json",64,"印","""content"": ""<p class=\""text-base text-[#1A56DB] font-medium mb-4\""><strong>TL;DR:</strong> CMYK vs RGB is the core decision for print color quality control. CMYK 4-color overprint reproduces ~85% of screen RGB colors, but RGB fluorescents / high-saturation primaries must use Pantone spot color;"
"src/data/blog-data/en.json",64,"刷","""content"": ""<p class=\""text-base text-[#1A56DB] font-medium mb-4\""><strong>TL;DR:</strong> CMYK vs RGB is the core decision for print color quality control. CMYK 4-color overprint reproduces ~85% of screen RGB colors, but RGB fluorescents / high-saturation primaries must use Pantone spot color;"
"src/data/blog-data/en.json",64,"設","""content"": ""<p class=\""text-base text-[#1A56DB] font-medium mb-4\""><strong>TL;DR:</strong> CMYK vs RGB is the core decision for print color quality control. CMYK 4-color overprint reproduces ~85% of screen RGB colors, but RGB fluorescents / high-saturation primaries must use Pantone spot color;"
"src/data/blog-data/en.json",64,"備","""content"": ""<p class=\""text-base text-[#1A56DB] font-medium mb-4\""><strong>TL;DR:</strong> CMYK vs RGB is the core decision for print color quality control. CMYK 4-color overprint reproduces ~85% of screen RGB colors, but RGB fluorescents / high-saturation primaries must use Pantone spot color;"
"src/data/blog-data/en.json",72,"國","""content"": ""<p class=\""text-base text-[#1A56DB] font-medium mb-4\""><strong>TL;DR:</strong> Choose paper by use case first: weight for function, coating for finish, budget for volume. This guide covers coated, uncoated, kraft and specialty stocks, 2026 market data, five application scenarios and"
"src/data/blog-data/en.json",72,"際","""content"": ""<p class=\""text-base text-[#1A56DB] font-medium mb-4\""><strong>TL;DR:</strong> Choose paper by use case first: weight for function, coating for finish, budget for volume. This guide covers coated, uncoated, kraft and specialty stocks, 2026 market data, five application scenarios and"
"src/data/blog-data/en.json",72,"認","""content"": ""<p class=\""text-base text-[#1A56DB] font-medium mb-4\""><strong>TL;DR:</strong> Choose paper by use case first: weight for function, coating for finish, budget for volume. This guide covers coated, uncoated, kraft and specialty stocks, 2026 market data, five application scenarios and"
"src/data/blog-data/en.json",72,"證","""content"": ""<p class=\""text-base text-[#1A56DB] font-medium mb-4\""><strong>TL;DR:</strong> Choose paper by use case first: weight for function, coating for finish, budget for volume. This guide covers coated, uncoated, kraft and specialty stocks, 2026 market data, five application scenarios and"
"src/data/blog-data/en.json",72,"體","""content"": ""<p class=\""text-base text-[#1A56DB] font-medium mb-4\""><strong>TL;DR:</strong> Choose paper by use case first: weight for function, coating for finish, budget for volume. This guide covers coated, uncoated, kraft and specialty stocks, 2026 market data, five application scenarios and"
"src/data/blog-data/en.json",72,"系","""content"": ""<p class=\""text-base text-[#1A56DB] font-medium mb-4\""><strong>TL;DR:</strong> Choose paper by use case first: weight for function, coating for finish, budget for volume. This guide covers coated, uncoated, kraft and specialty stocks, 2026 market data, five application scenarios and"
"src/data/blog-data/en.json",80,"國","""content"": ""<p>Sustainability is now a global trend. More companies embed ESG (Environmental, Social, Governance) into core strategy, and eco-printing is a key part of that. This article provides systematic green printing guidance across six dimensions: definition, materials, processes, certifica"
"src/data/blog-data/en.json",80,"際","""content"": ""<p>Sustainability is now a global trend. More companies embed ESG (Environmental, Social, Governance) into core strategy, and eco-printing is a key part of that. This article provides systematic green printing guidance across six dimensions: definition, materials, processes, certifica"
"src/data/blog-data/en.json",80,"認","""content"": ""<p>Sustainability is now a global trend. More companies embed ESG (Environmental, Social, Governance) into core strategy, and eco-printing is a key part of that. This article provides systematic green printing guidance across six dimensions: definition, materials, processes, certifica"
"src/data/blog-data/en.json",80,"證","""content"": ""<p>Sustainability is now a global trend. More companies embed ESG (Environmental, Social, Governance) into core strategy, and eco-printing is a key part of that. This article provides systematic green printing guidance across six dimensions: definition, materials, processes, certifica"
"src/data/blog-data/en.json",80,"體","""content"": ""<p>Sustainability is now a global trend. More companies embed ESG (Environmental, Social, Governance) into core strategy, and eco-printing is a key part of that. This article provides systematic green printing guidance across six dimensions: definition, materials, processes, certifica"
"src/data/blog-data/en.json",80,"系","""content"": ""<p>Sustainability is now a global trend. More companies embed ESG (Environmental, Social, Governance) into core strategy, and eco-printing is a key part of that. This article provides systematic green printing guidance across six dimensions: definition, materials, processes, certifica"
"src/data/blog-data/en.json",96,"進","""content"": ""<p><strong>Food packaging printing</strong> is the most strictly regulated branch of <a href=\""/en/category/packaging/\"">packaging box</a> production. The global food packaging market reached <strong>$400-517B in 2026</strong> (per Stratistics MRC, VPA Research, Da Shan 2026 reports"
"src/data/blog-data/en.json",96,"口","""content"": ""<p><strong>Food packaging printing</strong> is the most strictly regulated branch of <a href=\""/en/category/packaging/\"">packaging box</a> production. The global food packaging market reached <strong>$400-517B in 2026</strong> (per Stratistics MRC, VPA Research, Da Shan 2026 reports"
"src/data/blog-data/en.json",96,"印","""content"": ""<p><strong>Food packaging printing</strong> is the most strictly regulated branch of <a href=\""/en/category/packaging/\"">packaging box</a> production. The global food packaging market reached <strong>$400-517B in 2026</strong> (per Stratistics MRC, VPA Research, Da Shan 2026 reports"
"src/data/blog-data/en.json",96,"刷","""content"": ""<p><strong>Food packaging printing</strong> is the most strictly regulated branch of <a href=\""/en/category/packaging/\"">packaging box</a> production. The global food packaging market reached <strong>$400-517B in 2026</strong> (per Stratistics MRC, VPA Research, Da Shan 2026 reports"
"src/data/blog-data/en.json",96,"設","""content"": ""<p><strong>Food packaging printing</strong> is the most strictly regulated branch of <a href=\""/en/category/packaging/\"">packaging box</a> production. The global food packaging market reached <strong>$400-517B in 2026</strong> (per Stratistics MRC, VPA Research, Da Shan 2026 reports"
"src/data/blog-data/en.json",96,"備","""content"": ""<p><strong>Food packaging printing</strong> is the most strictly regulated branch of <a href=\""/en/category/packaging/\"">packaging box</a> production. The global food packaging market reached <strong>$400-517B in 2026</strong> (per Stratistics MRC, VPA Research, Da Shan 2026 reports"
"src/data/blog-data/en.json",96,"國","""content"": ""<p><strong>Food packaging printing</strong> is the most strictly regulated branch of <a href=\""/en/category/packaging/\"">packaging box</a> production. The global food packaging market reached <strong>$400-517B in 2026</strong> (per Stratistics MRC, VPA Research, Da Shan 2026 reports"
"src/data/blog-data/en.json",96,"際","""content"": ""<p><strong>Food packaging printing</strong> is the most strictly regulated branch of <a href=\""/en/category/packaging/\"">packaging box</a> production. The global food packaging market reached <strong>$400-517B in 2026</strong> (per Stratistics MRC, VPA Research, Da Shan 2026 reports"
"src/data/blog-data/en.json",96,"認","""content"": ""<p><strong>Food packaging printing</strong> is the most strictly regulated branch of <a href=\""/en/category/packaging/\"">packaging box</a> production. The global food packaging market reached <strong>$400-517B in 2026</strong> (per Stratistics MRC, VPA Research, Da Shan 2026 reports"
"src/data/blog-data/en.json",96,"證","""content"": ""<p><strong>Food packaging printing</strong> is the most strictly regulated branch of <a href=\""/en/category/packaging/\"">packaging box</a> production. The global food packaging market reached <strong>$400-517B in 2026</strong> (per Stratistics MRC, VPA Research, Da Shan 2026 reports"
"src/data/blog-data/en.json",96,"體","""content"": ""<p><strong>Food packaging printing</strong> is the most strictly regulated branch of <a href=\""/en/category/packaging/\"">packaging box</a> production. The global food packaging market reached <strong>$400-517B in 2026</strong> (per Stratistics MRC, VPA Research, Da Shan 2026 reports"
"src/data/blog-data/en.json",96,"系","""content"": ""<p><strong>Food packaging printing</strong> is the most strictly regulated branch of <a href=\""/en/category/packaging/\"">packaging box</a> production. The global food packaging market reached <strong>$400-517B in 2026</strong> (per Stratistics MRC, VPA Research, Da Shan 2026 reports"
"src/data/blog-data/en.json",96,"認","""content"": ""<p><strong>Food packaging printing</strong> is the most strictly regulated branch of <a href=\""/en/category/packaging/\"">packaging box</a> production. The global food packaging market reached <strong>$400-517B in 2026</strong> (per Stratistics MRC, VPA Research, Da Shan 2026 reports"
"src/data/blog-data/en.json",96,"證","""content"": ""<p><strong>Food packaging printing</strong> is the most strictly regulated branch of <a href=\""/en/category/packaging/\"">packaging box</a> production. The global food packaging market reached <strong>$400-517B in 2026</strong> (per Stratistics MRC, VPA Research, Da Shan 2026 reports"
"src/data/blog-data/en.json",96,"紙","""content"": ""<p><strong>Food packaging printing</strong> is the most strictly regulated branch of <a href=\""/en/category/packaging/\"">packaging box</a> production. The global food packaging market reached <strong>$400-517B in 2026</strong> (per Stratistics MRC, VPA Research, Da Shan 2026 reports"
"src/data/blog-data/en.json",96,"國","""content"": ""<p><strong>Food packaging printing</strong> is the most strictly regulated branch of <a href=\""/en/category/packaging/\"">packaging box</a> production. The global food packaging market reached <strong>$400-517B in 2026</strong> (per Stratistics MRC, VPA Research, Da Shan 2026 reports"
"src/data/blog-data/en.json",96,"際","""content"": ""<p><strong>Food packaging printing</strong> is the most strictly regulated branch of <a href=\""/en/category/packaging/\"">packaging box</a> production. The global food packaging market reached <strong>$400-517B in 2026</strong> (per Stratistics MRC, VPA Research, Da Shan 2026 reports"
"src/data/blog-data/en.json",96,"認","""content"": ""<p><strong>Food packaging printing</strong> is the most strictly regulated branch of <a href=\""/en/category/packaging/\"">packaging box</a> production. The global food packaging market reached <strong>$400-517B in 2026</strong> (per Stratistics MRC, VPA Research, Da Shan 2026 reports"
"src/data/blog-data/en.json",96,"證","""content"": ""<p><strong>Food packaging printing</strong> is the most strictly regulated branch of <a href=\""/en/category/packaging/\"">packaging box</a> production. The global food packaging market reached <strong>$400-517B in 2026</strong> (per Stratistics MRC, VPA Research, Da Shan 2026 reports"
"src/data/blog-data/en.json",96,"體","""content"": ""<p><strong>Food packaging printing</strong> is the most strictly regulated branch of <a href=\""/en/category/packaging/\"">packaging box</a> production. The global food packaging market reached <strong>$400-517B in 2026</strong> (per Stratistics MRC, VPA Research, Da Shan 2026 reports"
"src/data/blog-data/en.json",96,"系","""content"": ""<p><strong>Food packaging printing</strong> is the most strictly regulated branch of <a href=\""/en/category/packaging/\"">packaging box</a> production. The global food packaging market reached <strong>$400-517B in 2026</strong> (per Stratistics MRC, VPA Research, Da Shan 2026 reports"
"src/data/blog-data/en.json",104,"國","""content"": ""<p>Paper bags are a critical part of brand packaging. Whether you run a boutique, gift store, café, or event business, a well-crafted <a href=\""/en/product/kraft-paper-bags/\"">branded paper bag</a> elevates the unboxing experience and signals quality. This guide breaks down material"
"src/data/blog-data/en.json",104,"際","""content"": ""<p>Paper bags are a critical part of brand packaging. Whether you run a boutique, gift store, café, or event business, a well-crafted <a href=\""/en/product/kraft-paper-bags/\"">branded paper bag</a> elevates the unboxing experience and signals quality. This guide breaks down material"
"src/data/blog-data/en.json",104,"認","""content"": ""<p>Paper bags are a critical part of brand packaging. Whether you run a boutique, gift store, café, or event business, a well-crafted <a href=\""/en/product/kraft-paper-bags/\"">branded paper bag</a> elevates the unboxing experience and signals quality. This guide breaks down material"
"src/data/blog-data/en.json",104,"證","""content"": ""<p>Paper bags are a critical part of brand packaging. Whether you run a boutique, gift store, café, or event business, a well-crafted <a href=\""/en/product/kraft-paper-bags/\"">branded paper bag</a> elevates the unboxing experience and signals quality. This guide breaks down material"
"src/data/blog-data/en.json",104,"體","""content"": ""<p>Paper bags are a critical part of brand packaging. Whether you run a boutique, gift store, café, or event business, a well-crafted <a href=\""/en/product/kraft-paper-bags/\"">branded paper bag</a> elevates the unboxing experience and signals quality. This guide breaks down material"
"src/data/blog-data/en.json",104,"系","""content"": ""<p>Paper bags are a critical part of brand packaging. Whether you run a boutique, gift store, café, or event business, a well-crafted <a href=\""/en/product/kraft-paper-bags/\"">branded paper bag</a> elevates the unboxing experience and signals quality. This guide breaks down material"
"src/data/blog-data/en.json",125,"餐","""category"": ""餐飲外賣"","
"src/data/blog-data/en.json",125,"飲","""category"": ""餐飲外賣"","
"src/data/blog-data/en.json",125,"外","""category"": ""餐飲外賣"","
"src/data/blog-data/en.json",125,"賣","""category"": ""餐飲外賣"","
"src/data/blog-data/en.json",131,"進","""description"": ""ZprintPro features 進口印刷設備 6+1 printing presses, HP digital printers, and Martini perfect binding lines for full-service printing solutions."","
"src/data/blog-data/en.json",131,"口","""description"": ""ZprintPro features 進口印刷設備 6+1 printing presses, HP digital printers, and Martini perfect binding lines for full-service printing solutions."","
"src/data/blog-data/en.json",131,"印","""description"": ""ZprintPro features 進口印刷設備 6+1 printing presses, HP digital printers, and Martini perfect binding lines for full-service printing solutions."","
"src/data/blog-data/en.json",131,"刷","""description"": ""ZprintPro features 進口印刷設備 6+1 printing presses, HP digital printers, and Martini perfect binding lines for full-service printing solutions."","
"src/data/blog-data/en.json",131,"設","""description"": ""ZprintPro features 進口印刷設備 6+1 printing presses, HP digital printers, and Martini perfect binding lines for full-service printing solutions."","
"src/data/blog-data/en.json",131,"備","""description"": ""ZprintPro features 進口印刷設備 6+1 printing presses, HP digital printers, and Martini perfect binding lines for full-service printing solutions."","
"src/data/blog-data/en.json",134,"進","""content"": ""<p>ZprintPro is a Shenzhen-rooted, globally-serving printing enterprise with 15 years of expertise. From corporate stationery to retail packaging, this article gives an in-depth look at our company profile, core equipment, post-press capabilities, quality commitments, cross-border ser"
"src/data/blog-data/en.json",134,"口","""content"": ""<p>ZprintPro is a Shenzhen-rooted, globally-serving printing enterprise with 15 years of expertise. From corporate stationery to retail packaging, this article gives an in-depth look at our company profile, core equipment, post-press capabilities, quality commitments, cross-border ser"
"src/data/blog-data/en.json",134,"印","""content"": ""<p>ZprintPro is a Shenzhen-rooted, globally-serving printing enterprise with 15 years of expertise. From corporate stationery to retail packaging, this article gives an in-depth look at our company profile, core equipment, post-press capabilities, quality commitments, cross-border ser"
"src/data/blog-data/en.json",134,"刷","""content"": ""<p>ZprintPro is a Shenzhen-rooted, globally-serving printing enterprise with 15 years of expertise. From corporate stationery to retail packaging, this article gives an in-depth look at our company profile, core equipment, post-press capabilities, quality commitments, cross-border ser"
"src/data/blog-data/en.json",134,"設","""content"": ""<p>ZprintPro is a Shenzhen-rooted, globally-serving printing enterprise with 15 years of expertise. From corporate stationery to retail packaging, this article gives an in-depth look at our company profile, core equipment, post-press capabilities, quality commitments, cross-border ser"
"src/data/blog-data/en.json",134,"備","""content"": ""<p>ZprintPro is a Shenzhen-rooted, globally-serving printing enterprise with 15 years of expertise. From corporate stationery to retail packaging, this article gives an in-depth look at our company profile, core equipment, post-press capabilities, quality commitments, cross-border ser"
"src/data/blog-data/en.json",134,"進","""content"": ""<p>ZprintPro is a Shenzhen-rooted, globally-serving printing enterprise with 15 years of expertise. From corporate stationery to retail packaging, this article gives an in-depth look at our company profile, core equipment, post-press capabilities, quality commitments, cross-border ser"
"src/data/blog-data/en.json",134,"口","""content"": ""<p>ZprintPro is a Shenzhen-rooted, globally-serving printing enterprise with 15 years of expertise. From corporate stationery to retail packaging, this article gives an in-depth look at our company profile, core equipment, post-press capabilities, quality commitments, cross-border ser"
"src/data/blog-data/en.json",134,"印","""content"": ""<p>ZprintPro is a Shenzhen-rooted, globally-serving printing enterprise with 15 years of expertise. From corporate stationery to retail packaging, this article gives an in-depth look at our company profile, core equipment, post-press capabilities, quality commitments, cross-border ser"
"src/data/blog-data/en.json",134,"刷","""content"": ""<p>ZprintPro is a Shenzhen-rooted, globally-serving printing enterprise with 15 years of expertise. From corporate stationery to retail packaging, this article gives an in-depth look at our company profile, core equipment, post-press capabilities, quality commitments, cross-border ser"
"src/data/blog-data/en.json",134,"設","""content"": ""<p>ZprintPro is a Shenzhen-rooted, globally-serving printing enterprise with 15 years of expertise. From corporate stationery to retail packaging, this article gives an in-depth look at our company profile, core equipment, post-press capabilities, quality commitments, cross-border ser"
"src/data/blog-data/en.json",134,"備","""content"": ""<p>ZprintPro is a Shenzhen-rooted, globally-serving printing enterprise with 15 years of expertise. From corporate stationery to retail packaging, this article gives an in-depth look at our company profile, core equipment, post-press capabilities, quality commitments, cross-border ser"
"src/data/blog-data/en.json",134,"進","""content"": ""<p>ZprintPro is a Shenzhen-rooted, globally-serving printing enterprise with 15 years of expertise. From corporate stationery to retail packaging, this article gives an in-depth look at our company profile, core equipment, post-press capabilities, quality commitments, cross-border ser"
"src/data/blog-data/en.json",134,"口","""content"": ""<p>ZprintPro is a Shenzhen-rooted, globally-serving printing enterprise with 15 years of expertise. From corporate stationery to retail packaging, this article gives an in-depth look at our company profile, core equipment, post-press capabilities, quality commitments, cross-border ser"
"src/data/blog-data/en.json",134,"印","""content"": ""<p>ZprintPro is a Shenzhen-rooted, globally-serving printing enterprise with 15 years of expertise. From corporate stationery to retail packaging, this article gives an in-depth look at our company profile, core equipment, post-press capabilities, quality commitments, cross-border ser"
"src/data/blog-data/en.json",134,"刷","""content"": ""<p>ZprintPro is a Shenzhen-rooted, globally-serving printing enterprise with 15 years of expertise. From corporate stationery to retail packaging, this article gives an in-depth look at our company profile, core equipment, post-press capabilities, quality commitments, cross-border ser"
"src/data/blog-data/en.json",134,"設","""content"": ""<p>ZprintPro is a Shenzhen-rooted, globally-serving printing enterprise with 15 years of expertise. From corporate stationery to retail packaging, this article gives an in-depth look at our company profile, core equipment, post-press capabilities, quality commitments, cross-border ser"
"src/data/blog-data/en.json",134,"備","""content"": ""<p>ZprintPro is a Shenzhen-rooted, globally-serving printing enterprise with 15 years of expertise. From corporate stationery to retail packaging, this article gives an in-depth look at our company profile, core equipment, post-press capabilities, quality commitments, cross-border ser"
"src/data/blog-data/en.json",134,"國","""content"": ""<p>ZprintPro is a Shenzhen-rooted, globally-serving printing enterprise with 15 years of expertise. From corporate stationery to retail packaging, this article gives an in-depth look at our company profile, core equipment, post-press capabilities, quality commitments, cross-border ser"
"src/data/blog-data/en.json",134,"際","""content"": ""<p>ZprintPro is a Shenzhen-rooted, globally-serving printing enterprise with 15 years of expertise. From corporate stationery to retail packaging, this article gives an in-depth look at our company profile, core equipment, post-press capabilities, quality commitments, cross-border ser"
"src/data/blog-data/en.json",134,"認","""content"": ""<p>ZprintPro is a Shenzhen-rooted, globally-serving printing enterprise with 15 years of expertise. From corporate stationery to retail packaging, this article gives an in-depth look at our company profile, core equipment, post-press capabilities, quality commitments, cross-border ser"
"src/data/blog-data/en.json",134,"證","""content"": ""<p>ZprintPro is a Shenzhen-rooted, globally-serving printing enterprise with 15 years of expertise. From corporate stationery to retail packaging, this article gives an in-depth look at our company profile, core equipment, post-press capabilities, quality commitments, cross-border ser"
"src/data/blog-data/en.json",134,"體","""content"": ""<p>ZprintPro is a Shenzhen-rooted, globally-serving printing enterprise with 15 years of expertise. From corporate stationery to retail packaging, this article gives an in-depth look at our company profile, core equipment, post-press capabilities, quality commitments, cross-border ser"
"src/data/blog-data/en.json",134,"系","""content"": ""<p>ZprintPro is a Shenzhen-rooted, globally-serving printing enterprise with 15 years of expertise. From corporate stationery to retail packaging, this article gives an in-depth look at our company profile, core equipment, post-press capabilities, quality commitments, cross-border ser"
"src/data/blog-data/en.json",137,"國","""content"": ""<p>Custom packaging box printing — from lid-base boxes to mailer boxes, white card to specialty paper, foil stamping to embossing. This guide decodes box styles, paper materials, finish combinations, and budget control strategies to help your brand build distinctive packaging at reaso"
"src/data/blog-data/en.json",137,"際","""content"": ""<p>Custom packaging box printing — from lid-base boxes to mailer boxes, white card to specialty paper, foil stamping to embossing. This guide decodes box styles, paper materials, finish combinations, and budget control strategies to help your brand build distinctive packaging at reaso"
"src/data/blog-data/en.json",137,"認","""content"": ""<p>Custom packaging box printing — from lid-base boxes to mailer boxes, white card to specialty paper, foil stamping to embossing. This guide decodes box styles, paper materials, finish combinations, and budget control strategies to help your brand build distinctive packaging at reaso"
"src/data/blog-data/en.json",137,"證","""content"": ""<p>Custom packaging box printing — from lid-base boxes to mailer boxes, white card to specialty paper, foil stamping to embossing. This guide decodes box styles, paper materials, finish combinations, and budget control strategies to help your brand build distinctive packaging at reaso"
"src/data/blog-data/en.json",137,"體","""content"": ""<p>Custom packaging box printing — from lid-base boxes to mailer boxes, white card to specialty paper, foil stamping to embossing. This guide decodes box styles, paper materials, finish combinations, and budget control strategies to help your brand build distinctive packaging at reaso"
"src/data/blog-data/en.json",137,"系","""content"": ""<p>Custom packaging box printing — from lid-base boxes to mailer boxes, white card to specialty paper, foil stamping to embossing. This guide decodes box styles, paper materials, finish combinations, and budget control strategies to help your brand build distinctive packaging at reaso"
"src/data/blog-data/en.json",143,"寵","""category"": ""寵物"","
"src/data/blog-data/en.json",143,"物","""category"": ""寵物"","
"src/data/blog-data/en.json",147,"國","""content"": ""<p class=\""text-base text-[#1A56DB] font-medium mb-4\""><strong>TL;DR:</strong> Apparel, streetwear, and boutique owners — a premium branded paper bag drives Instagram, TikTok, and repeat store visits. This guide covers 6 core decisions: retail district preferences, material comparis"
"src/data/blog-data/en.json",147,"際","""content"": ""<p class=\""text-base text-[#1A56DB] font-medium mb-4\""><strong>TL;DR:</strong> Apparel, streetwear, and boutique owners — a premium branded paper bag drives Instagram, TikTok, and repeat store visits. This guide covers 6 core decisions: retail district preferences, material comparis"
"src/data/blog-data/en.json",147,"認","""content"": ""<p class=\""text-base text-[#1A56DB] font-medium mb-4\""><strong>TL;DR:</strong> Apparel, streetwear, and boutique owners — a premium branded paper bag drives Instagram, TikTok, and repeat store visits. This guide covers 6 core decisions: retail district preferences, material comparis"
"src/data/blog-data/en.json",147,"證","""content"": ""<p class=\""text-base text-[#1A56DB] font-medium mb-4\""><strong>TL;DR:</strong> Apparel, streetwear, and boutique owners — a premium branded paper bag drives Instagram, TikTok, and repeat store visits. This guide covers 6 core decisions: retail district preferences, material comparis"
"src/data/blog-data/en.json",147,"體","""content"": ""<p class=\""text-base text-[#1A56DB] font-medium mb-4\""><strong>TL;DR:</strong> Apparel, streetwear, and boutique owners — a premium branded paper bag drives Instagram, TikTok, and repeat store visits. This guide covers 6 core decisions: retail district preferences, material comparis"
"src/data/blog-data/en.json",147,"系","""content"": ""<p class=\""text-base text-[#1A56DB] font-medium mb-4\""><strong>TL;DR:</strong> Apparel, streetwear, and boutique owners — a premium branded paper bag drives Instagram, TikTok, and repeat store visits. This guide covers 6 core decisions: retail district preferences, material comparis"
"src/data/blog-data/en.json",147,"國","""content"": ""<p class=\""text-base text-[#1A56DB] font-medium mb-4\""><strong>TL;DR:</strong> Apparel, streetwear, and boutique owners — a premium branded paper bag drives Instagram, TikTok, and repeat store visits. This guide covers 6 core decisions: retail district preferences, material comparis"
"src/data/blog-data/en.json",147,"際","""content"": ""<p class=\""text-base text-[#1A56DB] font-medium mb-4\""><strong>TL;DR:</strong> Apparel, streetwear, and boutique owners — a premium branded paper bag drives Instagram, TikTok, and repeat store visits. This guide covers 6 core decisions: retail district preferences, material comparis"
"src/data/blog-data/en.json",147,"認","""content"": ""<p class=\""text-base text-[#1A56DB] font-medium mb-4\""><strong>TL;DR:</strong> Apparel, streetwear, and boutique owners — a premium branded paper bag drives Instagram, TikTok, and repeat store visits. This guide covers 6 core decisions: retail district preferences, material comparis"
"src/data/blog-data/en.json",147,"證","""content"": ""<p class=\""text-base text-[#1A56DB] font-medium mb-4\""><strong>TL;DR:</strong> Apparel, streetwear, and boutique owners — a premium branded paper bag drives Instagram, TikTok, and repeat store visits. This guide covers 6 core decisions: retail district preferences, material comparis"
"src/data/blog-data/en.json",147,"體","""content"": ""<p class=\""text-base text-[#1A56DB] font-medium mb-4\""><strong>TL;DR:</strong> Apparel, streetwear, and boutique owners — a premium branded paper bag drives Instagram, TikTok, and repeat store visits. This guide covers 6 core decisions: retail district preferences, material comparis"
"src/data/blog-data/en.json",147,"系","""content"": ""<p class=\""text-base text-[#1A56DB] font-medium mb-4\""><strong>TL;DR:</strong> Apparel, streetwear, and boutique owners — a premium branded paper bag drives Instagram, TikTok, and repeat store visits. This guide covers 6 core decisions: retail district preferences, material comparis"
"src/data/blog-data/en.json",150,"國","""content"": ""<p class=\""text-base text-[#1A56DB] font-medium mb-4\""><strong>TL;DR:</strong> Shopify, Amazon FBA, Etsy, and Lazada sellers — a premium printed cross-border e-commerce shipping box decides unboxing experience, repeat purchase, and brand differentiation. This guide covers 5 cross-bo"
"src/data/blog-data/en.json",150,"際","""content"": ""<p class=\""text-base text-[#1A56DB] font-medium mb-4\""><strong>TL;DR:</strong> Shopify, Amazon FBA, Etsy, and Lazada sellers — a premium printed cross-border e-commerce shipping box decides unboxing experience, repeat purchase, and brand differentiation. This guide covers 5 cross-bo"
"src/data/blog-data/en.json",150,"認","""content"": ""<p class=\""text-base text-[#1A56DB] font-medium mb-4\""><strong>TL;DR:</strong> Shopify, Amazon FBA, Etsy, and Lazada sellers — a premium printed cross-border e-commerce shipping box decides unboxing experience, repeat purchase, and brand differentiation. This guide covers 5 cross-bo"
"src/data/blog-data/en.json",150,"證","""content"": ""<p class=\""text-base text-[#1A56DB] font-medium mb-4\""><strong>TL;DR:</strong> Shopify, Amazon FBA, Etsy, and Lazada sellers — a premium printed cross-border e-commerce shipping box decides unboxing experience, repeat purchase, and brand differentiation. This guide covers 5 cross-bo"
"src/data/blog-data/en.json",150,"體","""content"": ""<p class=\""text-base text-[#1A56DB] font-medium mb-4\""><strong>TL;DR:</strong> Shopify, Amazon FBA, Etsy, and Lazada sellers — a premium printed cross-border e-commerce shipping box decides unboxing experience, repeat purchase, and brand differentiation. This guide covers 5 cross-bo"
"src/data/blog-data/en.json",150,"系","""content"": ""<p class=\""text-base text-[#1A56DB] font-medium mb-4\""><strong>TL;DR:</strong> Shopify, Amazon FBA, Etsy, and Lazada sellers — a premium printed cross-border e-commerce shipping box decides unboxing experience, repeat purchase, and brand differentiation. This guide covers 5 cross-bo"
"src/data/blog-data/en.json",150,"國","""content"": ""<p class=\""text-base text-[#1A56DB] font-medium mb-4\""><strong>TL;DR:</strong> Shopify, Amazon FBA, Etsy, and Lazada sellers — a premium printed cross-border e-commerce shipping box decides unboxing experience, repeat purchase, and brand differentiation. This guide covers 5 cross-bo"
"src/data/blog-data/en.json",150,"際","""content"": ""<p class=\""text-base text-[#1A56DB] font-medium mb-4\""><strong>TL;DR:</strong> Shopify, Amazon FBA, Etsy, and Lazada sellers — a premium printed cross-border e-commerce shipping box decides unboxing experience, repeat purchase, and brand differentiation. This guide covers 5 cross-bo"
"src/data/blog-data/en.json",150,"認","""content"": ""<p class=\""text-base text-[#1A56DB] font-medium mb-4\""><strong>TL;DR:</strong> Shopify, Amazon FBA, Etsy, and Lazada sellers — a premium printed cross-border e-commerce shipping box decides unboxing experience, repeat purchase, and brand differentiation. This guide covers 5 cross-bo"
"src/data/blog-data/en.json",150,"證","""content"": ""<p class=\""text-base text-[#1A56DB] font-medium mb-4\""><strong>TL;DR:</strong> Shopify, Amazon FBA, Etsy, and Lazada sellers — a premium printed cross-border e-commerce shipping box decides unboxing experience, repeat purchase, and brand differentiation. This guide covers 5 cross-bo"
"src/data/blog-data/en.json",150,"體","""content"": ""<p class=\""text-base text-[#1A56DB] font-medium mb-4\""><strong>TL;DR:</strong> Shopify, Amazon FBA, Etsy, and Lazada sellers — a premium printed cross-border e-commerce shipping box decides unboxing experience, repeat purchase, and brand differentiation. This guide covers 5 cross-bo"
"src/data/blog-data/en.json",150,"系","""content"": ""<p class=\""text-base text-[#1A56DB] font-medium mb-4\""><strong>TL;DR:</strong> Shopify, Amazon FBA, Etsy, and Lazada sellers — a premium printed cross-border e-commerce shipping box decides unboxing experience, repeat purchase, and brand differentiation. This guide covers 5 cross-bo"
"src/data/blog-data/en.json",166,"國","""content"": ""<p>The pharmaceutical and supplement industry is one of the most strictly regulated printing applications worldwide. A <a href=\""en/category/stickers/\"">pharmaceutical label</a> not only affects shelf identification but directly impacts health authority registration, FDA 21 CFR Part"
"src/data/blog-data/en.json",166,"際","""content"": ""<p>The pharmaceutical and supplement industry is one of the most strictly regulated printing applications worldwide. A <a href=\""en/category/stickers/\"">pharmaceutical label</a> not only affects shelf identification but directly impacts health authority registration, FDA 21 CFR Part"
"src/data/blog-data/en.json",166,"認","""content"": ""<p>The pharmaceutical and supplement industry is one of the most strictly regulated printing applications worldwide. A <a href=\""en/category/stickers/\"">pharmaceutical label</a> not only affects shelf identification but directly impacts health authority registration, FDA 21 CFR Part"
"src/data/blog-data/en.json",166,"證","""content"": ""<p>The pharmaceutical and supplement industry is one of the most strictly regulated printing applications worldwide. A <a href=\""en/category/stickers/\"">pharmaceutical label</a> not only affects shelf identification but directly impacts health authority registration, FDA 21 CFR Part"
"src/data/blog-data/en.json",166,"體","""content"": ""<p>The pharmaceutical and supplement industry is one of the most strictly regulated printing applications worldwide. A <a href=\""en/category/stickers/\"">pharmaceutical label</a> not only affects shelf identification but directly impacts health authority registration, FDA 21 CFR Part"
"src/data/blog-data/en.json",166,"系","""content"": ""<p>The pharmaceutical and supplement industry is one of the most strictly regulated printing applications worldwide. A <a href=\""en/category/stickers/\"">pharmaceutical label</a> not only affects shelf identification but directly impacts health authority registration, FDA 21 CFR Part"
"src/data/blog-data/en.json",166,"國","""content"": ""<p>The pharmaceutical and supplement industry is one of the most strictly regulated printing applications worldwide. A <a href=\""en/category/stickers/\"">pharmaceutical label</a> not only affects shelf identification but directly impacts health authority registration, FDA 21 CFR Part"
"src/data/blog-data/en.json",166,"際","""content"": ""<p>The pharmaceutical and supplement industry is one of the most strictly regulated printing applications worldwide. A <a href=\""en/category/stickers/\"">pharmaceutical label</a> not only affects shelf identification but directly impacts health authority registration, FDA 21 CFR Part"
"src/data/blog-data/en.json",166,"認","""content"": ""<p>The pharmaceutical and supplement industry is one of the most strictly regulated printing applications worldwide. A <a href=\""en/category/stickers/\"">pharmaceutical label</a> not only affects shelf identification but directly impacts health authority registration, FDA 21 CFR Part"
"src/data/blog-data/en.json",166,"證","""content"": ""<p>The pharmaceutical and supplement industry is one of the most strictly regulated printing applications worldwide. A <a href=\""en/category/stickers/\"">pharmaceutical label</a> not only affects shelf identification but directly impacts health authority registration, FDA 21 CFR Part"
"src/data/blog-data/en.json",166,"體","""content"": ""<p>The pharmaceutical and supplement industry is one of the most strictly regulated printing applications worldwide. A <a href=\""en/category/stickers/\"">pharmaceutical label</a> not only affects shelf identification but directly impacts health authority registration, FDA 21 CFR Part"
"src/data/blog-data/en.json",166,"系","""content"": ""<p>The pharmaceutical and supplement industry is one of the most strictly regulated printing applications worldwide. A <a href=\""en/category/stickers/\"">pharmaceutical label</a> not only affects shelf identification but directly impacts health authority registration, FDA 21 CFR Part"
"src/data/blog-data/en.json",180,"美","""category"": ""美妝護膚"","
"src/data/blog-data/en.json",180,"妝","""category"": ""美妝護膚"","
"src/data/blog-data/en.json",180,"護","""category"": ""美妝護膚"","
"src/data/blog-data/en.json",180,"膚","""category"": ""美妝護膚"","
"src/data/blog-data/en.json",181,"國","""content"": ""<p class=\""text-base text-[#1A56DB] font-medium mb-4\""><strong>TL;DR:</strong> Cosmetic packaging boxes are the first impression of any skincare brand. 3 main box styles (lid-base / magnetic / folding) each serve different positioning. New brands should start with 500-1,000 piece li"
"src/data/blog-data/en.json",181,"際","""content"": ""<p class=\""text-base text-[#1A56DB] font-medium mb-4\""><strong>TL;DR:</strong> Cosmetic packaging boxes are the first impression of any skincare brand. 3 main box styles (lid-base / magnetic / folding) each serve different positioning. New brands should start with 500-1,000 piece li"
"src/data/blog-data/en.json",181,"認","""content"": ""<p class=\""text-base text-[#1A56DB] font-medium mb-4\""><strong>TL;DR:</strong> Cosmetic packaging boxes are the first impression of any skincare brand. 3 main box styles (lid-base / magnetic / folding) each serve different positioning. New brands should start with 500-1,000 piece li"
"src/data/blog-data/en.json",181,"證","""content"": ""<p class=\""text-base text-[#1A56DB] font-medium mb-4\""><strong>TL;DR:</strong> Cosmetic packaging boxes are the first impression of any skincare brand. 3 main box styles (lid-base / magnetic / folding) each serve different positioning. New brands should start with 500-1,000 piece li"
"src/data/blog-data/en.json",181,"體","""content"": ""<p class=\""text-base text-[#1A56DB] font-medium mb-4\""><strong>TL;DR:</strong> Cosmetic packaging boxes are the first impression of any skincare brand. 3 main box styles (lid-base / magnetic / folding) each serve different positioning. New brands should start with 500-1,000 piece li"
"src/data/blog-data/en.json",181,"系","""content"": ""<p class=\""text-base text-[#1A56DB] font-medium mb-4\""><strong>TL;DR:</strong> Cosmetic packaging boxes are the first impression of any skincare brand. 3 main box styles (lid-base / magnetic / folding) each serve different positioning. New brands should start with 500-1,000 piece li"
"src/data/blog-data/en.json",181,"國","""content"": ""<p class=\""text-base text-[#1A56DB] font-medium mb-4\""><strong>TL;DR:</strong> Cosmetic packaging boxes are the first impression of any skincare brand. 3 main box styles (lid-base / magnetic / folding) each serve different positioning. New brands should start with 500-1,000 piece li"
"src/data/blog-data/en.json",181,"際","""content"": ""<p class=\""text-base text-[#1A56DB] font-medium mb-4\""><strong>TL;DR:</strong> Cosmetic packaging boxes are the first impression of any skincare brand. 3 main box styles (lid-base / magnetic / folding) each serve different positioning. New brands should start with 500-1,000 piece li"
"src/data/blog-data/en.json",181,"認","""content"": ""<p class=\""text-base text-[#1A56DB] font-medium mb-4\""><strong>TL;DR:</strong> Cosmetic packaging boxes are the first impression of any skincare brand. 3 main box styles (lid-base / magnetic / folding) each serve different positioning. New brands should start with 500-1,000 piece li"
"src/data/blog-data/en.json",181,"證","""content"": ""<p class=\""text-base text-[#1A56DB] font-medium mb-4\""><strong>TL;DR:</strong> Cosmetic packaging boxes are the first impression of any skincare brand. 3 main box styles (lid-base / magnetic / folding) each serve different positioning. New brands should start with 500-1,000 piece li"
"src/data/blog-data/en.json",181,"體","""content"": ""<p class=\""text-base text-[#1A56DB] font-medium mb-4\""><strong>TL;DR:</strong> Cosmetic packaging boxes are the first impression of any skincare brand. 3 main box styles (lid-base / magnetic / folding) each serve different positioning. New brands should start with 500-1,000 piece li"
"src/data/blog-data/en.json",181,"系","""content"": ""<p class=\""text-base text-[#1A56DB] font-medium mb-4\""><strong>TL;DR:</strong> Cosmetic packaging boxes are the first impression of any skincare brand. 3 main box styles (lid-base / magnetic / folding) each serve different positioning. New brands should start with 500-1,000 piece li"
"src/data/blog-data/en.json",188,"坑","""content"": ""<p><span class=\""text-[#1A56DB] font-medium text-lg\"">Key Takeaways:</span> Tea and beverage brand gift box printing drives premium unboxing for bubble tea, loose leaf tea, and DTC tea e-commerce — from lid-base boxes to mailer boxes, from Corrugated Fiberboard (also known as cardbo"
"src/data/blog-data/en.json",188,"紙","""content"": ""<p><span class=\""text-[#1A56DB] font-medium text-lg\"">Key Takeaways:</span> Tea and beverage brand gift box printing drives premium unboxing for bubble tea, loose leaf tea, and DTC tea e-commerce — from lid-base boxes to mailer boxes, from Corrugated Fiberboard (also known as cardbo"
"src/data/blog-data/en.json",188,"段","""content"": ""<p><span class=\""text-[#1A56DB] font-medium text-lg\"">Key Takeaways:</span> Tea and beverage brand gift box printing drives premium unboxing for bubble tea, loose leaf tea, and DTC tea e-commerce — from lid-base boxes to mailer boxes, from Corrugated Fiberboard (also known as cardbo"
"src/data/blog-data/en.json",188,"國","""content"": ""<p><span class=\""text-[#1A56DB] font-medium text-lg\"">Key Takeaways:</span> Tea and beverage brand gift box printing drives premium unboxing for bubble tea, loose leaf tea, and DTC tea e-commerce — from lid-base boxes to mailer boxes, from Corrugated Fiberboard (also known as cardbo"
"src/data/blog-data/en.json",188,"際","""content"": ""<p><span class=\""text-[#1A56DB] font-medium text-lg\"">Key Takeaways:</span> Tea and beverage brand gift box printing drives premium unboxing for bubble tea, loose leaf tea, and DTC tea e-commerce — from lid-base boxes to mailer boxes, from Corrugated Fiberboard (also known as cardbo"
"src/data/blog-data/en.json",188,"認","""content"": ""<p><span class=\""text-[#1A56DB] font-medium text-lg\"">Key Takeaways:</span> Tea and beverage brand gift box printing drives premium unboxing for bubble tea, loose leaf tea, and DTC tea e-commerce — from lid-base boxes to mailer boxes, from Corrugated Fiberboard (also known as cardbo"
"src/data/blog-data/en.json",188,"證","""content"": ""<p><span class=\""text-[#1A56DB] font-medium text-lg\"">Key Takeaways:</span> Tea and beverage brand gift box printing drives premium unboxing for bubble tea, loose leaf tea, and DTC tea e-commerce — from lid-base boxes to mailer boxes, from Corrugated Fiberboard (also known as cardbo"
"src/data/blog-data/en.json",188,"體","""content"": ""<p><span class=\""text-[#1A56DB] font-medium text-lg\"">Key Takeaways:</span> Tea and beverage brand gift box printing drives premium unboxing for bubble tea, loose leaf tea, and DTC tea e-commerce — from lid-base boxes to mailer boxes, from Corrugated Fiberboard (also known as cardbo"
"src/data/blog-data/en.json",188,"系","""content"": ""<p><span class=\""text-[#1A56DB] font-medium text-lg\"">Key Takeaways:</span> Tea and beverage brand gift box printing drives premium unboxing for bubble tea, loose leaf tea, and DTC tea e-commerce — from lid-base boxes to mailer boxes, from Corrugated Fiberboard (also known as cardbo"
"src/data/blog-data/en.json",207,"認","""content"": ""<p>The 2026 US F&B industry is entering a new era of experience upgrade. A menu is no longer a sheet of paper — it is the \""last gate\"" of order decisions and an extension of brand identity. A premium, well-designed menu can lift average spend by 15-25% and repeat-visit rate by 30%."
"src/data/blog-data/en.json",207,"證","""content"": ""<p>The 2026 US F&B industry is entering a new era of experience upgrade. A menu is no longer a sheet of paper — it is the \""last gate\"" of order decisions and an extension of brand identity. A premium, well-designed menu can lift average spend by 15-25% and repeat-visit rate by 30%."
"src/data/blog-data/en.json",207,"紙","""content"": ""<p>The 2026 US F&B industry is entering a new era of experience upgrade. A menu is no longer a sheet of paper — it is the \""last gate\"" of order decisions and an extension of brand identity. A premium, well-designed menu can lift average spend by 15-25% and repeat-visit rate by 30%."
"src/data/blog-data/en.json",207,"國","""content"": ""<p>The 2026 US F&B industry is entering a new era of experience upgrade. A menu is no longer a sheet of paper — it is the \""last gate\"" of order decisions and an extension of brand identity. A premium, well-designed menu can lift average spend by 15-25% and repeat-visit rate by 30%."
"src/data/blog-data/en.json",207,"際","""content"": ""<p>The 2026 US F&B industry is entering a new era of experience upgrade. A menu is no longer a sheet of paper — it is the \""last gate\"" of order decisions and an extension of brand identity. A premium, well-designed menu can lift average spend by 15-25% and repeat-visit rate by 30%."
"src/data/blog-data/en.json",207,"認","""content"": ""<p>The 2026 US F&B industry is entering a new era of experience upgrade. A menu is no longer a sheet of paper — it is the \""last gate\"" of order decisions and an extension of brand identity. A premium, well-designed menu can lift average spend by 15-25% and repeat-visit rate by 30%."
"src/data/blog-data/en.json",207,"證","""content"": ""<p>The 2026 US F&B industry is entering a new era of experience upgrade. A menu is no longer a sheet of paper — it is the \""last gate\"" of order decisions and an extension of brand identity. A premium, well-designed menu can lift average spend by 15-25% and repeat-visit rate by 30%."
"src/data/blog-data/en.json",207,"體","""content"": ""<p>The 2026 US F&B industry is entering a new era of experience upgrade. A menu is no longer a sheet of paper — it is the \""last gate\"" of order decisions and an extension of brand identity. A premium, well-designed menu can lift average spend by 15-25% and repeat-visit rate by 30%."
"src/data/blog-data/en.json",207,"系","""content"": ""<p>The 2026 US F&B industry is entering a new era of experience upgrade. A menu is no longer a sheet of paper — it is the \""last gate\"" of order decisions and an extension of brand identity. A premium, well-designed menu can lift average spend by 15-25% and repeat-visit rate by 30%."
"src/data/blog-data/en.json",207,"進","""content"": ""<p>The 2026 US F&B industry is entering a new era of experience upgrade. A menu is no longer a sheet of paper — it is the \""last gate\"" of order decisions and an extension of brand identity. A premium, well-designed menu can lift average spend by 15-25% and repeat-visit rate by 30%."
"src/data/blog-data/en.json",207,"口","""content"": ""<p>The 2026 US F&B industry is entering a new era of experience upgrade. A menu is no longer a sheet of paper — it is the \""last gate\"" of order decisions and an extension of brand identity. A premium, well-designed menu can lift average spend by 15-25% and repeat-visit rate by 30%."
"src/data/blog-data/en.json",207,"印","""content"": ""<p>The 2026 US F&B industry is entering a new era of experience upgrade. A menu is no longer a sheet of paper — it is the \""last gate\"" of order decisions and an extension of brand identity. A premium, well-designed menu can lift average spend by 15-25% and repeat-visit rate by 30%."
"src/data/blog-data/en.json",207,"刷","""content"": ""<p>The 2026 US F&B industry is entering a new era of experience upgrade. A menu is no longer a sheet of paper — it is the \""last gate\"" of order decisions and an extension of brand identity. A premium, well-designed menu can lift average spend by 15-25% and repeat-visit rate by 30%."
"src/data/blog-data/en.json",207,"設","""content"": ""<p>The 2026 US F&B industry is entering a new era of experience upgrade. A menu is no longer a sheet of paper — it is the \""last gate\"" of order decisions and an extension of brand identity. A premium, well-designed menu can lift average spend by 15-25% and repeat-visit rate by 30%."
"src/data/blog-data/en.json",207,"備","""content"": ""<p>The 2026 US F&B industry is entering a new era of experience upgrade. A menu is no longer a sheet of paper — it is the \""last gate\"" of order decisions and an extension of brand identity. A premium, well-designed menu can lift average spend by 15-25% and repeat-visit rate by 30%."
"src/data/blog-data/en.json",207,"進","""content"": ""<p>The 2026 US F&B industry is entering a new era of experience upgrade. A menu is no longer a sheet of paper — it is the \""last gate\"" of order decisions and an extension of brand identity. A premium, well-designed menu can lift average spend by 15-25% and repeat-visit rate by 30%."
"src/data/blog-data/en.json",207,"口","""content"": ""<p>The 2026 US F&B industry is entering a new era of experience upgrade. A menu is no longer a sheet of paper — it is the \""last gate\"" of order decisions and an extension of brand identity. A premium, well-designed menu can lift average spend by 15-25% and repeat-visit rate by 30%."
"src/data/blog-data/en.json",207,"印","""content"": ""<p>The 2026 US F&B industry is entering a new era of experience upgrade. A menu is no longer a sheet of paper — it is the \""last gate\"" of order decisions and an extension of brand identity. A premium, well-designed menu can lift average spend by 15-25% and repeat-visit rate by 30%."
"src/data/blog-data/en.json",207,"刷","""content"": ""<p>The 2026 US F&B industry is entering a new era of experience upgrade. A menu is no longer a sheet of paper — it is the \""last gate\"" of order decisions and an extension of brand identity. A premium, well-designed menu can lift average spend by 15-25% and repeat-visit rate by 30%."
"src/data/blog-data/en.json",207,"設","""content"": ""<p>The 2026 US F&B industry is entering a new era of experience upgrade. A menu is no longer a sheet of paper — it is the \""last gate\"" of order decisions and an extension of brand identity. A premium, well-designed menu can lift average spend by 15-25% and repeat-visit rate by 30%."
"src/data/blog-data/en.json",207,"備","""content"": ""<p>The 2026 US F&B industry is entering a new era of experience upgrade. A menu is no longer a sheet of paper — it is the \""last gate\"" of order decisions and an extension of brand identity. A premium, well-designed menu can lift average spend by 15-25% and repeat-visit rate by 30%."
"src/data/blog-data/en.json",207,"餐","""content"": ""<p>The 2026 US F&B industry is entering a new era of experience upgrade. A menu is no longer a sheet of paper — it is the \""last gate\"" of order decisions and an extension of brand identity. A premium, well-designed menu can lift average spend by 15-25% and repeat-visit rate by 30%."
"src/data/blog-data/en.json",207,"牌","""content"": ""<p>The 2026 US F&B industry is entering a new era of experience upgrade. A menu is no longer a sheet of paper — it is the \""last gate\"" of order decisions and an extension of brand identity. A premium, well-designed menu can lift average spend by 15-25% and repeat-visit rate by 30%."
"src/data/blog-data/en.json",207,"認","""content"": ""<p>The 2026 US F&B industry is entering a new era of experience upgrade. A menu is no longer a sheet of paper — it is the \""last gate\"" of order decisions and an extension of brand identity. A premium, well-designed menu can lift average spend by 15-25% and repeat-visit rate by 30%."
"src/data/blog-data/en.json",207,"證","""content"": ""<p>The 2026 US F&B industry is entering a new era of experience upgrade. A menu is no longer a sheet of paper — it is the \""last gate\"" of order decisions and an extension of brand identity. A premium, well-designed menu can lift average spend by 15-25% and repeat-visit rate by 30%."
"src/data/blog-data/en.json",207,"紙","""content"": ""<p>The 2026 US F&B industry is entering a new era of experience upgrade. A menu is no longer a sheet of paper — it is the \""last gate\"" of order decisions and an extension of brand identity. A premium, well-designed menu can lift average spend by 15-25% and repeat-visit rate by 30%."
"src/data/blog-data/en.json",207,"進","""content"": ""<p>The 2026 US F&B industry is entering a new era of experience upgrade. A menu is no longer a sheet of paper — it is the \""last gate\"" of order decisions and an extension of brand identity. A premium, well-designed menu can lift average spend by 15-25% and repeat-visit rate by 30%."
"src/data/blog-data/en.json",207,"口","""content"": ""<p>The 2026 US F&B industry is entering a new era of experience upgrade. A menu is no longer a sheet of paper — it is the \""last gate\"" of order decisions and an extension of brand identity. A premium, well-designed menu can lift average spend by 15-25% and repeat-visit rate by 30%."
"src/data/blog-data/en.json",207,"印","""content"": ""<p>The 2026 US F&B industry is entering a new era of experience upgrade. A menu is no longer a sheet of paper — it is the \""last gate\"" of order decisions and an extension of brand identity. A premium, well-designed menu can lift average spend by 15-25% and repeat-visit rate by 30%."
"src/data/blog-data/en.json",207,"刷","""content"": ""<p>The 2026 US F&B industry is entering a new era of experience upgrade. A menu is no longer a sheet of paper — it is the \""last gate\"" of order decisions and an extension of brand identity. A premium, well-designed menu can lift average spend by 15-25% and repeat-visit rate by 30%."
"src/data/blog-data/en.json",207,"設","""content"": ""<p>The 2026 US F&B industry is entering a new era of experience upgrade. A menu is no longer a sheet of paper — it is the \""last gate\"" of order decisions and an extension of brand identity. A premium, well-designed menu can lift average spend by 15-25% and repeat-visit rate by 30%."
"src/data/blog-data/en.json",207,"備","""content"": ""<p>The 2026 US F&B industry is entering a new era of experience upgrade. A menu is no longer a sheet of paper — it is the \""last gate\"" of order decisions and an extension of brand identity. A premium, well-designed menu can lift average spend by 15-25% and repeat-visit rate by 30%."
"src/data/blog-data/en.json",207,"急","""content"": ""<p>The 2026 US F&B industry is entering a new era of experience upgrade. A menu is no longer a sheet of paper — it is the \""last gate\"" of order decisions and an extension of brand identity. A premium, well-designed menu can lift average spend by 15-25% and repeat-visit rate by 30%."
"src/data/blog-data/en.json",207,"件","""content"": ""<p>The 2026 US F&B industry is entering a new era of experience upgrade. A menu is no longer a sheet of paper — it is the \""last gate\"" of order decisions and an extension of brand identity. A premium, well-designed menu can lift average spend by 15-25% and repeat-visit rate by 30%."
"src/data/blog-data/en.json",207,"截","""content"": ""<p>The 2026 US F&B industry is entering a new era of experience upgrade. A menu is no longer a sheet of paper — it is the \""last gate\"" of order decisions and an extension of brand identity. A premium, well-designed menu can lift average spend by 15-25% and repeat-visit rate by 30%."
"src/data/blog-data/en.json",207,"單","""content"": ""<p>The 2026 US F&B industry is entering a new era of experience upgrade. A menu is no longer a sheet of paper — it is the \""last gate\"" of order decisions and an extension of brand identity. A premium, well-designed menu can lift average spend by 15-25% and repeat-visit rate by 30%."
"src/data/blog-data/en.json",207,"國","""content"": ""<p>The 2026 US F&B industry is entering a new era of experience upgrade. A menu is no longer a sheet of paper — it is the \""last gate\"" of order decisions and an extension of brand identity. A premium, well-designed menu can lift average spend by 15-25% and repeat-visit rate by 30%."
"src/data/blog-data/en.json",207,"際","""content"": ""<p>The 2026 US F&B industry is entering a new era of experience upgrade. A menu is no longer a sheet of paper — it is the \""last gate\"" of order decisions and an extension of brand identity. A premium, well-designed menu can lift average spend by 15-25% and repeat-visit rate by 30%."
"src/data/blog-data/en.json",207,"認","""content"": ""<p>The 2026 US F&B industry is entering a new era of experience upgrade. A menu is no longer a sheet of paper — it is the \""last gate\"" of order decisions and an extension of brand identity. A premium, well-designed menu can lift average spend by 15-25% and repeat-visit rate by 30%."
"src/data/blog-data/en.json",207,"證","""content"": ""<p>The 2026 US F&B industry is entering a new era of experience upgrade. A menu is no longer a sheet of paper — it is the \""last gate\"" of order decisions and an extension of brand identity. A premium, well-designed menu can lift average spend by 15-25% and repeat-visit rate by 30%."
"src/data/blog-data/en.json",207,"體","""content"": ""<p>The 2026 US F&B industry is entering a new era of experience upgrade. A menu is no longer a sheet of paper — it is the \""last gate\"" of order decisions and an extension of brand identity. A premium, well-designed menu can lift average spend by 15-25% and repeat-visit rate by 30%."
"src/data/blog-data/en.json",207,"系","""content"": ""<p>The 2026 US F&B industry is entering a new era of experience upgrade. A menu is no longer a sheet of paper — it is the \""last gate\"" of order decisions and an extension of brand identity. A premium, well-designed menu can lift average spend by 15-25% and repeat-visit rate by 30%."
"src/data/blog-data/en.json",207,"餐","""content"": ""<p>The 2026 US F&B industry is entering a new era of experience upgrade. A menu is no longer a sheet of paper — it is the \""last gate\"" of order decisions and an extension of brand identity. A premium, well-designed menu can lift average spend by 15-25% and repeat-visit rate by 30%."
"src/data/blog-data/en.json",207,"牌","""content"": ""<p>The 2026 US F&B industry is entering a new era of experience upgrade. A menu is no longer a sheet of paper — it is the \""last gate\"" of order decisions and an extension of brand identity. A premium, well-designed menu can lift average spend by 15-25% and repeat-visit rate by 30%."
"src/data/blog-data/en.json",207,"進","""content"": ""<p>The 2026 US F&B industry is entering a new era of experience upgrade. A menu is no longer a sheet of paper — it is the \""last gate\"" of order decisions and an extension of brand identity. A premium, well-designed menu can lift average spend by 15-25% and repeat-visit rate by 30%."
"src/data/blog-data/en.json",207,"口","""content"": ""<p>The 2026 US F&B industry is entering a new era of experience upgrade. A menu is no longer a sheet of paper — it is the \""last gate\"" of order decisions and an extension of brand identity. A premium, well-designed menu can lift average spend by 15-25% and repeat-visit rate by 30%."
"src/data/blog-data/en.json",207,"印","""content"": ""<p>The 2026 US F&B industry is entering a new era of experience upgrade. A menu is no longer a sheet of paper — it is the \""last gate\"" of order decisions and an extension of brand identity. A premium, well-designed menu can lift average spend by 15-25% and repeat-visit rate by 30%."
"src/data/blog-data/en.json",207,"刷","""content"": ""<p>The 2026 US F&B industry is entering a new era of experience upgrade. A menu is no longer a sheet of paper — it is the \""last gate\"" of order decisions and an extension of brand identity. A premium, well-designed menu can lift average spend by 15-25% and repeat-visit rate by 30%."
"src/data/blog-data/en.json",207,"設","""content"": ""<p>The 2026 US F&B industry is entering a new era of experience upgrade. A menu is no longer a sheet of paper — it is the \""last gate\"" of order decisions and an extension of brand identity. A premium, well-designed menu can lift average spend by 15-25% and repeat-visit rate by 30%."
"src/data/blog-data/en.json",207,"備","""content"": ""<p>The 2026 US F&B industry is entering a new era of experience upgrade. A menu is no longer a sheet of paper — it is the \""last gate\"" of order decisions and an extension of brand identity. A premium, well-designed menu can lift average spend by 15-25% and repeat-visit rate by 30%."
"src/data/blog-data/en.json",231,"進","""content"": ""<p>US high school yearbook season runs from August build kickoff through May graduation, and the Class of 2026 is the largest cohort in over a decade with 3.9 million projected graduates. A premium yearbook that wins a Columbia Scholastic Press Association Crown Award or an NSPA Pacem"
"src/data/blog-data/en.json",231,"口","""content"": ""<p>US high school yearbook season runs from August build kickoff through May graduation, and the Class of 2026 is the largest cohort in over a decade with 3.9 million projected graduates. A premium yearbook that wins a Columbia Scholastic Press Association Crown Award or an NSPA Pacem"
"src/data/blog-data/en.json",231,"印","""content"": ""<p>US high school yearbook season runs from August build kickoff through May graduation, and the Class of 2026 is the largest cohort in over a decade with 3.9 million projected graduates. A premium yearbook that wins a Columbia Scholastic Press Association Crown Award or an NSPA Pacem"
"src/data/blog-data/en.json",231,"刷","""content"": ""<p>US high school yearbook season runs from August build kickoff through May graduation, and the Class of 2026 is the largest cohort in over a decade with 3.9 million projected graduates. A premium yearbook that wins a Columbia Scholastic Press Association Crown Award or an NSPA Pacem"
"src/data/blog-data/en.json",231,"設","""content"": ""<p>US high school yearbook season runs from August build kickoff through May graduation, and the Class of 2026 is the largest cohort in over a decade with 3.9 million projected graduates. A premium yearbook that wins a Columbia Scholastic Press Association Crown Award or an NSPA Pacem"
"src/data/blog-data/en.json",231,"備","""content"": ""<p>US high school yearbook season runs from August build kickoff through May graduation, and the Class of 2026 is the largest cohort in over a decade with 3.9 million projected graduates. A premium yearbook that wins a Columbia Scholastic Press Association Crown Award or an NSPA Pacem"
"src/data/blog-data/en.json",231,"進","""content"": ""<p>US high school yearbook season runs from August build kickoff through May graduation, and the Class of 2026 is the largest cohort in over a decade with 3.9 million projected graduates. A premium yearbook that wins a Columbia Scholastic Press Association Crown Award or an NSPA Pacem"
"src/data/blog-data/en.json",231,"口","""content"": ""<p>US high school yearbook season runs from August build kickoff through May graduation, and the Class of 2026 is the largest cohort in over a decade with 3.9 million projected graduates. A premium yearbook that wins a Columbia Scholastic Press Association Crown Award or an NSPA Pacem"
"src/data/blog-data/en.json",231,"印","""content"": ""<p>US high school yearbook season runs from August build kickoff through May graduation, and the Class of 2026 is the largest cohort in over a decade with 3.9 million projected graduates. A premium yearbook that wins a Columbia Scholastic Press Association Crown Award or an NSPA Pacem"
"src/data/blog-data/en.json",231,"刷","""content"": ""<p>US high school yearbook season runs from August build kickoff through May graduation, and the Class of 2026 is the largest cohort in over a decade with 3.9 million projected graduates. A premium yearbook that wins a Columbia Scholastic Press Association Crown Award or an NSPA Pacem"
"src/data/blog-data/en.json",231,"設","""content"": ""<p>US high school yearbook season runs from August build kickoff through May graduation, and the Class of 2026 is the largest cohort in over a decade with 3.9 million projected graduates. A premium yearbook that wins a Columbia Scholastic Press Association Crown Award or an NSPA Pacem"
"src/data/blog-data/en.json",231,"備","""content"": ""<p>US high school yearbook season runs from August build kickoff through May graduation, and the Class of 2026 is the largest cohort in over a decade with 3.9 million projected graduates. A premium yearbook that wins a Columbia Scholastic Press Association Crown Award or an NSPA Pacem"
"src/data/blog-data/en.json",255,"認","""content"": ""<p>The US wedding invitation market is valued at US$3.1 billion in 2026 with 2.4 million weddings annually. Engaged couples, wedding planners, and stationery designers know that the envelope is the first physical touchpoint of the wedding invitation set — pearl shimmer, foil-lined int"
"src/data/blog-data/en.json",255,"證","""content"": ""<p>The US wedding invitation market is valued at US$3.1 billion in 2026 with 2.4 million weddings annually. Engaged couples, wedding planners, and stationery designers know that the envelope is the first physical touchpoint of the wedding invitation set — pearl shimmer, foil-lined int"
"src/data/blog-data/en.json",255,"紙","""content"": ""<p>The US wedding invitation market is valued at US$3.1 billion in 2026 with 2.4 million weddings annually. Engaged couples, wedding planners, and stationery designers know that the envelope is the first physical touchpoint of the wedding invitation set — pearl shimmer, foil-lined int"
"src/data/blog-data/en.json",255,"國","""content"": ""<p>The US wedding invitation market is valued at US$3.1 billion in 2026 with 2.4 million weddings annually. Engaged couples, wedding planners, and stationery designers know that the envelope is the first physical touchpoint of the wedding invitation set — pearl shimmer, foil-lined int"
"src/data/blog-data/en.json",255,"際","""content"": ""<p>The US wedding invitation market is valued at US$3.1 billion in 2026 with 2.4 million weddings annually. Engaged couples, wedding planners, and stationery designers know that the envelope is the first physical touchpoint of the wedding invitation set — pearl shimmer, foil-lined int"
"src/data/blog-data/en.json",255,"認","""content"": ""<p>The US wedding invitation market is valued at US$3.1 billion in 2026 with 2.4 million weddings annually. Engaged couples, wedding planners, and stationery designers know that the envelope is the first physical touchpoint of the wedding invitation set — pearl shimmer, foil-lined int"
"src/data/blog-data/en.json",255,"證","""content"": ""<p>The US wedding invitation market is valued at US$3.1 billion in 2026 with 2.4 million weddings annually. Engaged couples, wedding planners, and stationery designers know that the envelope is the first physical touchpoint of the wedding invitation set — pearl shimmer, foil-lined int"
"src/data/blog-data/en.json",255,"體","""content"": ""<p>The US wedding invitation market is valued at US$3.1 billion in 2026 with 2.4 million weddings annually. Engaged couples, wedding planners, and stationery designers know that the envelope is the first physical touchpoint of the wedding invitation set — pearl shimmer, foil-lined int"
"src/data/blog-data/en.json",255,"系","""content"": ""<p>The US wedding invitation market is valued at US$3.1 billion in 2026 with 2.4 million weddings annually. Engaged couples, wedding planners, and stationery designers know that the envelope is the first physical touchpoint of the wedding invitation set — pearl shimmer, foil-lined int"
"src/data/blog-data/en.json",255,"進","""content"": ""<p>The US wedding invitation market is valued at US$3.1 billion in 2026 with 2.4 million weddings annually. Engaged couples, wedding planners, and stationery designers know that the envelope is the first physical touchpoint of the wedding invitation set — pearl shimmer, foil-lined int"
"src/data/blog-data/en.json",255,"口","""content"": ""<p>The US wedding invitation market is valued at US$3.1 billion in 2026 with 2.4 million weddings annually. Engaged couples, wedding planners, and stationery designers know that the envelope is the first physical touchpoint of the wedding invitation set — pearl shimmer, foil-lined int"
"src/data/blog-data/en.json",255,"印","""content"": ""<p>The US wedding invitation market is valued at US$3.1 billion in 2026 with 2.4 million weddings annually. Engaged couples, wedding planners, and stationery designers know that the envelope is the first physical touchpoint of the wedding invitation set — pearl shimmer, foil-lined int"
"src/data/blog-data/en.json",255,"刷","""content"": ""<p>The US wedding invitation market is valued at US$3.1 billion in 2026 with 2.4 million weddings annually. Engaged couples, wedding planners, and stationery designers know that the envelope is the first physical touchpoint of the wedding invitation set — pearl shimmer, foil-lined int"
"src/data/blog-data/en.json",255,"設","""content"": ""<p>The US wedding invitation market is valued at US$3.1 billion in 2026 with 2.4 million weddings annually. Engaged couples, wedding planners, and stationery designers know that the envelope is the first physical touchpoint of the wedding invitation set — pearl shimmer, foil-lined int"
"src/data/blog-data/en.json",255,"備","""content"": ""<p>The US wedding invitation market is valued at US$3.1 billion in 2026 with 2.4 million weddings annually. Engaged couples, wedding planners, and stationery designers know that the envelope is the first physical touchpoint of the wedding invitation set — pearl shimmer, foil-lined int"
"src/data/blog-data/en.json",255,"認","""content"": ""<p>The US wedding invitation market is valued at US$3.1 billion in 2026 with 2.4 million weddings annually. Engaged couples, wedding planners, and stationery designers know that the envelope is the first physical touchpoint of the wedding invitation set — pearl shimmer, foil-lined int"
"src/data/blog-data/en.json",255,"證","""content"": ""<p>The US wedding invitation market is valued at US$3.1 billion in 2026 with 2.4 million weddings annually. Engaged couples, wedding planners, and stationery designers know that the envelope is the first physical touchpoint of the wedding invitation set — pearl shimmer, foil-lined int"
"src/data/blog-data/en.json",255,"紙","""content"": ""<p>The US wedding invitation market is valued at US$3.1 billion in 2026 with 2.4 million weddings annually. Engaged couples, wedding planners, and stationery designers know that the envelope is the first physical touchpoint of the wedding invitation set — pearl shimmer, foil-lined int"
"src/data/blog-data/en.json",255,"進","""content"": ""<p>The US wedding invitation market is valued at US$3.1 billion in 2026 with 2.4 million weddings annually. Engaged couples, wedding planners, and stationery designers know that the envelope is the first physical touchpoint of the wedding invitation set — pearl shimmer, foil-lined int"
"src/data/blog-data/en.json",255,"口","""content"": ""<p>The US wedding invitation market is valued at US$3.1 billion in 2026 with 2.4 million weddings annually. Engaged couples, wedding planners, and stationery designers know that the envelope is the first physical touchpoint of the wedding invitation set — pearl shimmer, foil-lined int"
"src/data/blog-data/en.json",255,"印","""content"": ""<p>The US wedding invitation market is valued at US$3.1 billion in 2026 with 2.4 million weddings annually. Engaged couples, wedding planners, and stationery designers know that the envelope is the first physical touchpoint of the wedding invitation set — pearl shimmer, foil-lined int"
"src/data/blog-data/en.json",255,"刷","""content"": ""<p>The US wedding invitation market is valued at US$3.1 billion in 2026 with 2.4 million weddings annually. Engaged couples, wedding planners, and stationery designers know that the envelope is the first physical touchpoint of the wedding invitation set — pearl shimmer, foil-lined int"
"src/data/blog-data/en.json",255,"設","""content"": ""<p>The US wedding invitation market is valued at US$3.1 billion in 2026 with 2.4 million weddings annually. Engaged couples, wedding planners, and stationery designers know that the envelope is the first physical touchpoint of the wedding invitation set — pearl shimmer, foil-lined int"
"src/data/blog-data/en.json",255,"備","""content"": ""<p>The US wedding invitation market is valued at US$3.1 billion in 2026 with 2.4 million weddings annually. Engaged couples, wedding planners, and stationery designers know that the envelope is the first physical touchpoint of the wedding invitation set — pearl shimmer, foil-lined int"
"src/data/blog-data/en.json",255,"万","""content"": ""<p>The US wedding invitation market is valued at US$3.1 billion in 2026 with 2.4 million weddings annually. Engaged couples, wedding planners, and stationery designers know that the envelope is the first physical touchpoint of the wedding invitation set — pearl shimmer, foil-lined int"
"src/data/blog-data/en.json",255,"邑","""content"": ""<p>The US wedding invitation market is valued at US$3.1 billion in 2026 with 2.4 million weddings annually. Engaged couples, wedding planners, and stationery designers know that the envelope is the first physical touchpoint of the wedding invitation set — pearl shimmer, foil-lined int"
"src/data/blog-data/en.json",255,"通","""content"": ""<p>The US wedding invitation market is valued at US$3.1 billion in 2026 with 2.4 million weddings annually. Engaged couples, wedding planners, and stationery designers know that the envelope is the first physical touchpoint of the wedding invitation set — pearl shimmer, foil-lined int"
"src/data/blog-data/en.json",311,"國","""content"": ""<p class=\""text-base text-[#1A56DB] font-medium mb-4\""><strong>TL;DR:</strong> Baby brand owners (infant formula, baby food, baby skincare, maternal nutrition) — an FDA-compliant, BPA-free, food-grade sticker decides 3-second shelf purchase decisions and first impressions for mom co"
"src/data/blog-data/en.json",311,"際","""content"": ""<p class=\""text-base text-[#1A56DB] font-medium mb-4\""><strong>TL;DR:</strong> Baby brand owners (infant formula, baby food, baby skincare, maternal nutrition) — an FDA-compliant, BPA-free, food-grade sticker decides 3-second shelf purchase decisions and first impressions for mom co"
"src/data/blog-data/en.json",311,"認","""content"": ""<p class=\""text-base text-[#1A56DB] font-medium mb-4\""><strong>TL;DR:</strong> Baby brand owners (infant formula, baby food, baby skincare, maternal nutrition) — an FDA-compliant, BPA-free, food-grade sticker decides 3-second shelf purchase decisions and first impressions for mom co"
"src/data/blog-data/en.json",311,"證","""content"": ""<p class=\""text-base text-[#1A56DB] font-medium mb-4\""><strong>TL;DR:</strong> Baby brand owners (infant formula, baby food, baby skincare, maternal nutrition) — an FDA-compliant, BPA-free, food-grade sticker decides 3-second shelf purchase decisions and first impressions for mom co"
"src/data/blog-data/en.json",311,"體","""content"": ""<p class=\""text-base text-[#1A56DB] font-medium mb-4\""><strong>TL;DR:</strong> Baby brand owners (infant formula, baby food, baby skincare, maternal nutrition) — an FDA-compliant, BPA-free, food-grade sticker decides 3-second shelf purchase decisions and first impressions for mom co"
"src/data/blog-data/en.json",311,"系","""content"": ""<p class=\""text-base text-[#1A56DB] font-medium mb-4\""><strong>TL;DR:</strong> Baby brand owners (infant formula, baby food, baby skincare, maternal nutrition) — an FDA-compliant, BPA-free, food-grade sticker decides 3-second shelf purchase decisions and first impressions for mom co"
"src/data/blog-data/en.json",311,"衍","""content"": ""<p class=\""text-base text-[#1A56DB] font-medium mb-4\""><strong>TL;DR:</strong> Baby brand owners (infant formula, baby food, baby skincare, maternal nutrition) — an FDA-compliant, BPA-free, food-grade sticker decides 3-second shelf purchase decisions and first impressions for mom co"
"src/data/blog-data/en.json",311,"生","""content"": ""<p class=\""text-base text-[#1A56DB] font-medium mb-4\""><strong>TL;DR:</strong> Baby brand owners (infant formula, baby food, baby skincare, maternal nutrition) — an FDA-compliant, BPA-free, food-grade sticker decides 3-second shelf purchase decisions and first impressions for mom co"
"src/data/blog-data/en.json",376,"母","""category"": ""母嬰食品"","
"src/data/blog-data/en.json",376,"嬰","""category"": ""母嬰食品"","
"src/data/blog-data/en.json",376,"食","""category"": ""母嬰食品"","
"src/data/blog-data/en.json",376,"品","""category"": ""母嬰食品"","
"src/data/blog-data/en.json",384,"房","""category"": ""房地產"","
"src/data/blog-data/en.json",384,"地","""category"": ""房地產"","
"src/data/blog-data/en.json",384,"產","""category"": ""房地產"","
"src/data/blog-data/en.json",392,"醫","""category"": ""醫藥保健"","
"src/data/blog-data/en.json",392,"藥","""category"": ""醫藥保健"","
"src/data/blog-data/en.json",392,"保","""category"": ""醫藥保健"","
"src/data/blog-data/en.json",392,"健","""category"": ""醫藥保健"","
"src/data/blog-data/en.json",393,"國","""content"": ""<p>The global medical device packaging market exceeds US$60 billion in 2026, with US medical device exports growing 12% year-over-year. For medical device manufacturers, hospital suppliers, dental clinics, and IVD equipment makers, a packaging box compliant with ISO 13485，FDA 21 CFR 8"
"src/data/blog-data/en.json",393,"際","""content"": ""<p>The global medical device packaging market exceeds US$60 billion in 2026, with US medical device exports growing 12% year-over-year. For medical device manufacturers, hospital suppliers, dental clinics, and IVD equipment makers, a packaging box compliant with ISO 13485，FDA 21 CFR 8"
"src/data/blog-data/en.json",393,"認","""content"": ""<p>The global medical device packaging market exceeds US$60 billion in 2026, with US medical device exports growing 12% year-over-year. For medical device manufacturers, hospital suppliers, dental clinics, and IVD equipment makers, a packaging box compliant with ISO 13485，FDA 21 CFR 8"
"src/data/blog-data/en.json",393,"證","""content"": ""<p>The global medical device packaging market exceeds US$60 billion in 2026, with US medical device exports growing 12% year-over-year. For medical device manufacturers, hospital suppliers, dental clinics, and IVD equipment makers, a packaging box compliant with ISO 13485，FDA 21 CFR 8"
"src/data/blog-data/en.json",393,"體","""content"": ""<p>The global medical device packaging market exceeds US$60 billion in 2026, with US medical device exports growing 12% year-over-year. For medical device manufacturers, hospital suppliers, dental clinics, and IVD equipment makers, a packaging box compliant with ISO 13485，FDA 21 CFR 8"
"src/data/blog-data/en.json",393,"系","""content"": ""<p>The global medical device packaging market exceeds US$60 billion in 2026, with US medical device exports growing 12% year-over-year. For medical device manufacturers, hospital suppliers, dental clinics, and IVD equipment makers, a packaging box compliant with ISO 13485，FDA 21 CFR 8"
"src/data/blog-data/en.json",400,"汽","""category"": ""汽車汽配"","
"src/data/blog-data/en.json",400,"車","""category"": ""汽車汽配"","
"src/data/blog-data/en.json",400,"汽","""category"": ""汽車汽配"","
"src/data/blog-data/en.json",400,"配","""category"": ""汽車汽配"","
"src/data/blog-data/en.json",408,"體","""category"": ""體育賽事"","
"src/data/blog-data/en.json",408,"育","""category"": ""體育賽事"","
"src/data/blog-data/en.json",408,"賽","""category"": ""體育賽事"","
"src/data/blog-data/en.json",408,"事","""category"": ""體育賽事"","
"src/data/blog-data/en.json",412,"進","""content"": ""<h2>Gang-Run White Card Boxes: Budget-Friendly 100-MOQ Starter for US Small Brands</h2>\n<p>US retail boutique, skincare, IP merchandise, and gift brand owners fa a familiar dilemma when ordering 100-1,000 premium boxes: custom boxes need a $400-1,000 die-cut fee (only worth it for un"
"src/data/blog-data/en.json",412,"口","""content"": ""<h2>Gang-Run White Card Boxes: Budget-Friendly 100-MOQ Starter for US Small Brands</h2>\n<p>US retail boutique, skincare, IP merchandise, and gift brand owners fa a familiar dilemma when ordering 100-1,000 premium boxes: custom boxes need a $400-1,000 die-cut fee (only worth it for un"
"src/data/blog-data/en.json",412,"印","""content"": ""<h2>Gang-Run White Card Boxes: Budget-Friendly 100-MOQ Starter for US Small Brands</h2>\n<p>US retail boutique, skincare, IP merchandise, and gift brand owners fa a familiar dilemma when ordering 100-1,000 premium boxes: custom boxes need a $400-1,000 die-cut fee (only worth it for un"
"src/data/blog-data/en.json",412,"刷","""content"": ""<h2>Gang-Run White Card Boxes: Budget-Friendly 100-MOQ Starter for US Small Brands</h2>\n<p>US retail boutique, skincare, IP merchandise, and gift brand owners fa a familiar dilemma when ordering 100-1,000 premium boxes: custom boxes need a $400-1,000 die-cut fee (only worth it for un"
"src/data/blog-data/en.json",412,"設","""content"": ""<h2>Gang-Run White Card Boxes: Budget-Friendly 100-MOQ Starter for US Small Brands</h2>\n<p>US retail boutique, skincare, IP merchandise, and gift brand owners fa a familiar dilemma when ordering 100-1,000 premium boxes: custom boxes need a $400-1,000 die-cut fee (only worth it for un"
"src/data/blog-data/en.json",412,"備","""content"": ""<h2>Gang-Run White Card Boxes: Budget-Friendly 100-MOQ Starter for US Small Brands</h2>\n<p>US retail boutique, skincare, IP merchandise, and gift brand owners fa a familiar dilemma when ordering 100-1,000 premium boxes: custom boxes need a $400-1,000 die-cut fee (only worth it for un"
"src/data/blog-data/en.json",412,"進","""content"": ""<h2>Gang-Run White Card Boxes: Budget-Friendly 100-MOQ Starter for US Small Brands</h2>\n<p>US retail boutique, skincare, IP merchandise, and gift brand owners fa a familiar dilemma when ordering 100-1,000 premium boxes: custom boxes need a $400-1,000 die-cut fee (only worth it for un"
"src/data/blog-data/en.json",412,"口","""content"": ""<h2>Gang-Run White Card Boxes: Budget-Friendly 100-MOQ Starter for US Small Brands</h2>\n<p>US retail boutique, skincare, IP merchandise, and gift brand owners fa a familiar dilemma when ordering 100-1,000 premium boxes: custom boxes need a $400-1,000 die-cut fee (only worth it for un"
"src/data/blog-data/en.json",412,"印","""content"": ""<h2>Gang-Run White Card Boxes: Budget-Friendly 100-MOQ Starter for US Small Brands</h2>\n<p>US retail boutique, skincare, IP merchandise, and gift brand owners fa a familiar dilemma when ordering 100-1,000 premium boxes: custom boxes need a $400-1,000 die-cut fee (only worth it for un"
"src/data/blog-data/en.json",412,"刷","""content"": ""<h2>Gang-Run White Card Boxes: Budget-Friendly 100-MOQ Starter for US Small Brands</h2>\n<p>US retail boutique, skincare, IP merchandise, and gift brand owners fa a familiar dilemma when ordering 100-1,000 premium boxes: custom boxes need a $400-1,000 die-cut fee (only worth it for un"
"src/data/blog-data/en.json",412,"設","""content"": ""<h2>Gang-Run White Card Boxes: Budget-Friendly 100-MOQ Starter for US Small Brands</h2>\n<p>US retail boutique, skincare, IP merchandise, and gift brand owners fa a familiar dilemma when ordering 100-1,000 premium boxes: custom boxes need a $400-1,000 die-cut fee (only worth it for un"
"src/data/blog-data/en.json",412,"備","""content"": ""<h2>Gang-Run White Card Boxes: Budget-Friendly 100-MOQ Starter for US Small Brands</h2>\n<p>US retail boutique, skincare, IP merchandise, and gift brand owners fa a familiar dilemma when ordering 100-1,000 premium boxes: custom boxes need a $400-1,000 die-cut fee (only worth it for un"
"src/data/blog-data/en.json",420,"國","""content"": ""<h2>Custom Card Boxes for E-commerce: Why 500 MOQ Changes the Game for US DTC Brands</h2>\n<p>US DTC brand owners and Amazon FBA sellers fa a familiar pain when launching a new SKU or refreshing packaging: a custom box needs a $400-1,000 die-cut fee (only worth it at units), white-car"
"src/data/blog-data/en.json",420,"際","""content"": ""<h2>Custom Card Boxes for E-commerce: Why 500 MOQ Changes the Game for US DTC Brands</h2>\n<p>US DTC brand owners and Amazon FBA sellers fa a familiar pain when launching a new SKU or refreshing packaging: a custom box needs a $400-1,000 die-cut fee (only worth it at units), white-car"
"src/data/blog-data/en.json",420,"認","""content"": ""<h2>Custom Card Boxes for E-commerce: Why 500 MOQ Changes the Game for US DTC Brands</h2>\n<p>US DTC brand owners and Amazon FBA sellers fa a familiar pain when launching a new SKU or refreshing packaging: a custom box needs a $400-1,000 die-cut fee (only worth it at units), white-car"
"src/data/blog-data/en.json",420,"證","""content"": ""<h2>Custom Card Boxes for E-commerce: Why 500 MOQ Changes the Game for US DTC Brands</h2>\n<p>US DTC brand owners and Amazon FBA sellers fa a familiar pain when launching a new SKU or refreshing packaging: a custom box needs a $400-1,000 die-cut fee (only worth it at units), white-car"
"src/data/blog-data/en.json",420,"體","""content"": ""<h2>Custom Card Boxes for E-commerce: Why 500 MOQ Changes the Game for US DTC Brands</h2>\n<p>US DTC brand owners and Amazon FBA sellers fa a familiar pain when launching a new SKU or refreshing packaging: a custom box needs a $400-1,000 die-cut fee (only worth it at units), white-car"
"src/data/blog-data/en.json",420,"系","""content"": ""<h2>Custom Card Boxes for E-commerce: Why 500 MOQ Changes the Game for US DTC Brands</h2>\n<p>US DTC brand owners and Amazon FBA sellers fa a familiar pain when launching a new SKU or refreshing packaging: a custom box needs a $400-1,000 die-cut fee (only worth it at units), white-car"
"src/data/blog-data/en.json",420,"國","""content"": ""<h2>Custom Card Boxes for E-commerce: Why 500 MOQ Changes the Game for US DTC Brands</h2>\n<p>US DTC brand owners and Amazon FBA sellers fa a familiar pain when launching a new SKU or refreshing packaging: a custom box needs a $400-1,000 die-cut fee (only worth it at units), white-car"
"src/data/blog-data/en.json",420,"際","""content"": ""<h2>Custom Card Boxes for E-commerce: Why 500 MOQ Changes the Game for US DTC Brands</h2>\n<p>US DTC brand owners and Amazon FBA sellers fa a familiar pain when launching a new SKU or refreshing packaging: a custom box needs a $400-1,000 die-cut fee (only worth it at units), white-car"
"src/data/blog-data/en.json",420,"認","""content"": ""<h2>Custom Card Boxes for E-commerce: Why 500 MOQ Changes the Game for US DTC Brands</h2>\n<p>US DTC brand owners and Amazon FBA sellers fa a familiar pain when launching a new SKU or refreshing packaging: a custom box needs a $400-1,000 die-cut fee (only worth it at units), white-car"
"src/data/blog-data/en.json",420,"證","""content"": ""<h2>Custom Card Boxes for E-commerce: Why 500 MOQ Changes the Game for US DTC Brands</h2>\n<p>US DTC brand owners and Amazon FBA sellers fa a familiar pain when launching a new SKU or refreshing packaging: a custom box needs a $400-1,000 die-cut fee (only worth it at units), white-car"
"src/data/blog-data/en.json",420,"體","""content"": ""<h2>Custom Card Boxes for E-commerce: Why 500 MOQ Changes the Game for US DTC Brands</h2>\n<p>US DTC brand owners and Amazon FBA sellers fa a familiar pain when launching a new SKU or refreshing packaging: a custom box needs a $400-1,000 die-cut fee (only worth it at units), white-car"
"src/data/blog-data/en.json",420,"系","""content"": ""<h2>Custom Card Boxes for E-commerce: Why 500 MOQ Changes the Game for US DTC Brands</h2>\n<p>US DTC brand owners and Amazon FBA sellers fa a familiar pain when launching a new SKU or refreshing packaging: a custom box needs a $400-1,000 die-cut fee (only worth it at units), white-car"
"src/data/blog-data/en.json",428,"國","""content"": ""<h2>Cosmetic Card Boxes: Silver & Holographic Cardstock That Wins the 3-Second Shelf Test</h2>\n<p>US indie cosmetics brand owners, skincare founders, serum and mask labels, and fragrance studios know the shelf 3-second rule: if a customer doesn't pick up your product in 3 seconds, th"
"src/data/blog-data/en.json",428,"際","""content"": ""<h2>Cosmetic Card Boxes: Silver & Holographic Cardstock That Wins the 3-Second Shelf Test</h2>\n<p>US indie cosmetics brand owners, skincare founders, serum and mask labels, and fragrance studios know the shelf 3-second rule: if a customer doesn't pick up your product in 3 seconds, th"
"src/data/blog-data/en.json",428,"認","""content"": ""<h2>Cosmetic Card Boxes: Silver & Holographic Cardstock That Wins the 3-Second Shelf Test</h2>\n<p>US indie cosmetics brand owners, skincare founders, serum and mask labels, and fragrance studios know the shelf 3-second rule: if a customer doesn't pick up your product in 3 seconds, th"
"src/data/blog-data/en.json",428,"證","""content"": ""<h2>Cosmetic Card Boxes: Silver & Holographic Cardstock That Wins the 3-Second Shelf Test</h2>\n<p>US indie cosmetics brand owners, skincare founders, serum and mask labels, and fragrance studios know the shelf 3-second rule: if a customer doesn't pick up your product in 3 seconds, th"
"src/data/blog-data/en.json",428,"體","""content"": ""<h2>Cosmetic Card Boxes: Silver & Holographic Cardstock That Wins the 3-Second Shelf Test</h2>\n<p>US indie cosmetics brand owners, skincare founders, serum and mask labels, and fragrance studios know the shelf 3-second rule: if a customer doesn't pick up your product in 3 seconds, th"
"src/data/blog-data/en.json",428,"系","""content"": ""<h2>Cosmetic Card Boxes: Silver & Holographic Cardstock That Wins the 3-Second Shelf Test</h2>\n<p>US indie cosmetics brand owners, skincare founders, serum and mask labels, and fragrance studios know the shelf 3-second rule: if a customer doesn't pick up your product in 3 seconds, th"
"src/data/blog-data/en.json",452,"國","""content"": ""<p class=\""text-base text-[#1A56DB] font-medium mb-4\""><strong>TL;DR:</strong> How do you print same-day flyers? Approve your artwork by noon and collect within 4-6 hours, with runs starting at 100 pieces. This guide covers the 2026 US same-day flyer market, 3 core structures (size "
"src/data/blog-data/en.json",452,"際","""content"": ""<p class=\""text-base text-[#1A56DB] font-medium mb-4\""><strong>TL;DR:</strong> How do you print same-day flyers? Approve your artwork by noon and collect within 4-6 hours, with runs starting at 100 pieces. This guide covers the 2026 US same-day flyer market, 3 core structures (size "
"src/data/blog-data/en.json",452,"認","""content"": ""<p class=\""text-base text-[#1A56DB] font-medium mb-4\""><strong>TL;DR:</strong> How do you print same-day flyers? Approve your artwork by noon and collect within 4-6 hours, with runs starting at 100 pieces. This guide covers the 2026 US same-day flyer market, 3 core structures (size "
"src/data/blog-data/en.json",452,"證","""content"": ""<p class=\""text-base text-[#1A56DB] font-medium mb-4\""><strong>TL;DR:</strong> How do you print same-day flyers? Approve your artwork by noon and collect within 4-6 hours, with runs starting at 100 pieces. This guide covers the 2026 US same-day flyer market, 3 core structures (size "
"src/data/blog-data/en.json",452,"體","""content"": ""<p class=\""text-base text-[#1A56DB] font-medium mb-4\""><strong>TL;DR:</strong> How do you print same-day flyers? Approve your artwork by noon and collect within 4-6 hours, with runs starting at 100 pieces. This guide covers the 2026 US same-day flyer market, 3 core structures (size "
"src/data/blog-data/en.json",452,"系","""content"": ""<p class=\""text-base text-[#1A56DB] font-medium mb-4\""><strong>TL;DR:</strong> How do you print same-day flyers? Approve your artwork by noon and collect within 4-6 hours, with runs starting at 100 pieces. This guide covers the 2026 US same-day flyer market, 3 core structures (size "
"src/data/blog-data/en.json",452,"國","""content"": ""<p class=\""text-base text-[#1A56DB] font-medium mb-4\""><strong>TL;DR:</strong> How do you print same-day flyers? Approve your artwork by noon and collect within 4-6 hours, with runs starting at 100 pieces. This guide covers the 2026 US same-day flyer market, 3 core structures (size "
"src/data/blog-data/en.json",452,"際","""content"": ""<p class=\""text-base text-[#1A56DB] font-medium mb-4\""><strong>TL;DR:</strong> How do you print same-day flyers? Approve your artwork by noon and collect within 4-6 hours, with runs starting at 100 pieces. This guide covers the 2026 US same-day flyer market, 3 core structures (size "
"src/data/blog-data/en.json",452,"認","""content"": ""<p class=\""text-base text-[#1A56DB] font-medium mb-4\""><strong>TL;DR:</strong> How do you print same-day flyers? Approve your artwork by noon and collect within 4-6 hours, with runs starting at 100 pieces. This guide covers the 2026 US same-day flyer market, 3 core structures (size "
"src/data/blog-data/en.json",452,"證","""content"": ""<p class=\""text-base text-[#1A56DB] font-medium mb-4\""><strong>TL;DR:</strong> How do you print same-day flyers? Approve your artwork by noon and collect within 4-6 hours, with runs starting at 100 pieces. This guide covers the 2026 US same-day flyer market, 3 core structures (size "
"src/data/blog-data/en.json",452,"體","""content"": ""<p class=\""text-base text-[#1A56DB] font-medium mb-4\""><strong>TL;DR:</strong> How do you print same-day flyers? Approve your artwork by noon and collect within 4-6 hours, with runs starting at 100 pieces. This guide covers the 2026 US same-day flyer market, 3 core structures (size "
"src/data/blog-data/en.json",452,"系","""content"": ""<p class=\""text-base text-[#1A56DB] font-medium mb-4\""><strong>TL;DR:</strong> How do you print same-day flyers? Approve your artwork by noon and collect within 4-6 hours, with runs starting at 100 pieces. This guide covers the 2026 US same-day flyer market, 3 core structures (size "
"src/data/blog-data/en.json",468,"麥","""content"": ""<script type=\""application/ld+json\"">\n{\""@context\"":\""https://schema.org\"",\""@type\"":\""Article\"",\""headline\"":\""A1 A2 A3 Poster Size Guide: Dimensions Chart, Uses, Material Selection | ZprintPro\"",\""datePublished\"":\""2026-09-03\"",\""dateModified\"":\""2026-09-03\"","
"src/data/blog-data/en.json",468,"思","""content"": ""<script type=\""application/ld+json\"">\n{\""@context\"":\""https://schema.org\"",\""@type\"":\""Article\"",\""headline\"":\""A1 A2 A3 Poster Size Guide: Dimensions Chart, Uses, Material Selection | ZprintPro\"",\""datePublished\"":\""2026-09-03\"",\""dateModified\"":\""2026-09-03\"","
"src/data/blog-data/en.json",468,"印","""content"": ""<script type=\""application/ld+json\"">\n{\""@context\"":\""https://schema.org\"",\""@type\"":\""Article\"",\""headline\"":\""A1 A2 A3 Poster Size Guide: Dimensions Chart, Uses, Material Selection | ZprintPro\"",\""datePublished\"":\""2026-09-03\"",\""dateModified\"":\""2026-09-03\"","
"src/data/blog-data/en.json",468,"刷","""content"": ""<script type=\""application/ld+json\"">\n{\""@context\"":\""https://schema.org\"",\""@type\"":\""Article\"",\""headline\"":\""A1 A2 A3 Poster Size Guide: Dimensions Chart, Uses, Material Selection | ZprintPro\"",\""datePublished\"":\""2026-09-03\"",\""dateModified\"":\""2026-09-03\"","
"src/data/blog-data/en.json",468,"整","""content"": ""<script type=\""application/ld+json\"">\n{\""@context\"":\""https://schema.org\"",\""@type\"":\""Article\"",\""headline\"":\""A1 A2 A3 Poster Size Guide: Dimensions Chart, Uses, Material Selection | ZprintPro\"",\""datePublished\"":\""2026-09-03\"",\""dateModified\"":\""2026-09-03\"","
"src/data/blog-data/en.json",468,"合","""content"": ""<script type=\""application/ld+json\"">\n{\""@context\"":\""https://schema.org\"",\""@type\"":\""Article\"",\""headline\"":\""A1 A2 A3 Poster Size Guide: Dimensions Chart, Uses, Material Selection | ZprintPro\"",\""datePublished\"":\""2026-09-03\"",\""dateModified\"":\""2026-09-03\"","
"src/data/blog-data/en.json",485,"國","""content"": ""<p class=\""text-base text-[#1A56DB] font-medium mb-4\""><strong>TL;DR:</strong> A1 (594×841 mm) vs A2 (420×594 mm) poster printing in 2026: A2 gloss art paper 128 gsm starts at <strong>$0.42/pc at 1,000</strong> (about $0.77-1.15/pc at 100), and A1 — despite double the area — costs o"
"src/data/blog-data/en.json",485,"際","""content"": ""<p class=\""text-base text-[#1A56DB] font-medium mb-4\""><strong>TL;DR:</strong> A1 (594×841 mm) vs A2 (420×594 mm) poster printing in 2026: A2 gloss art paper 128 gsm starts at <strong>$0.42/pc at 1,000</strong> (about $0.77-1.15/pc at 100), and A1 — despite double the area — costs o"
"src/data/blog-data/en.json",485,"認","""content"": ""<p class=\""text-base text-[#1A56DB] font-medium mb-4\""><strong>TL;DR:</strong> A1 (594×841 mm) vs A2 (420×594 mm) poster printing in 2026: A2 gloss art paper 128 gsm starts at <strong>$0.42/pc at 1,000</strong> (about $0.77-1.15/pc at 100), and A1 — despite double the area — costs o"
"src/data/blog-data/en.json",485,"證","""content"": ""<p class=\""text-base text-[#1A56DB] font-medium mb-4\""><strong>TL;DR:</strong> A1 (594×841 mm) vs A2 (420×594 mm) poster printing in 2026: A2 gloss art paper 128 gsm starts at <strong>$0.42/pc at 1,000</strong> (about $0.77-1.15/pc at 100), and A1 — despite double the area — costs o"
"src/data/blog-data/en.json",485,"體","""content"": ""<p class=\""text-base text-[#1A56DB] font-medium mb-4\""><strong>TL;DR:</strong> A1 (594×841 mm) vs A2 (420×594 mm) poster printing in 2026: A2 gloss art paper 128 gsm starts at <strong>$0.42/pc at 1,000</strong> (about $0.77-1.15/pc at 100), and A1 — despite double the area — costs o"
"src/data/blog-data/en.json",485,"系","""content"": ""<p class=\""text-base text-[#1A56DB] font-medium mb-4\""><strong>TL;DR:</strong> A1 (594×841 mm) vs A2 (420×594 mm) poster printing in 2026: A2 gloss art paper 128 gsm starts at <strong>$0.42/pc at 1,000</strong> (about $0.77-1.15/pc at 100), and A1 — despite double the area — costs o"
"src/data/blog-data/en.json",493,"進","""content"": ""<p class=\""text-base text-[#1A56DB] font-medium mb-4\""><strong>TL;DR:</strong> Custom catalog &amp; art book printing 2026 — hardcover 100 copies from $5.80/book, perfect bound from $2.30, saddle stitch from $1.20. Art paper 157g interior，250g cover，matte lamination, Smyth-sewn hard"
"src/data/blog-data/en.json",493,"口","""content"": ""<p class=\""text-base text-[#1A56DB] font-medium mb-4\""><strong>TL;DR:</strong> Custom catalog &amp; art book printing 2026 — hardcover 100 copies from $5.80/book, perfect bound from $2.30, saddle stitch from $1.20. Art paper 157g interior，250g cover，matte lamination, Smyth-sewn hard"
"src/data/blog-data/en.json",493,"印","""content"": ""<p class=\""text-base text-[#1A56DB] font-medium mb-4\""><strong>TL;DR:</strong> Custom catalog &amp; art book printing 2026 — hardcover 100 copies from $5.80/book, perfect bound from $2.30, saddle stitch from $1.20. Art paper 157g interior，250g cover，matte lamination, Smyth-sewn hard"
"src/data/blog-data/en.json",493,"刷","""content"": ""<p class=\""text-base text-[#1A56DB] font-medium mb-4\""><strong>TL;DR:</strong> Custom catalog &amp; art book printing 2026 — hardcover 100 copies from $5.80/book, perfect bound from $2.30, saddle stitch from $1.20. Art paper 157g interior，250g cover，matte lamination, Smyth-sewn hard"
"src/data/blog-data/en.json",493,"設","""content"": ""<p class=\""text-base text-[#1A56DB] font-medium mb-4\""><strong>TL;DR:</strong> Custom catalog &amp; art book printing 2026 — hardcover 100 copies from $5.80/book, perfect bound from $2.30, saddle stitch from $1.20. Art paper 157g interior，250g cover，matte lamination, Smyth-sewn hard"
"src/data/blog-data/en.json",493,"備","""content"": ""<p class=\""text-base text-[#1A56DB] font-medium mb-4\""><strong>TL;DR:</strong> Custom catalog &amp; art book printing 2026 — hardcover 100 copies from $5.80/book, perfect bound from $2.30, saddle stitch from $1.20. Art paper 157g interior，250g cover，matte lamination, Smyth-sewn hard"
"src/data/blog-data/en.json",496,"進","""content"": ""<p class=\""text-base text-[#1A56DB] font-medium mb-4\""><strong>Quick Answer:</strong> 2026 dragon year drives <strong> HK weddings</strong>, market past HK$1.5B. ZprintPro 50-500 piece runs, $0.65-3.20/pc, 5-10 day, DHL 2-4 day global.</p>\n\n<h2 class=\""text-2xl font-bold text-[#3"
"src/data/blog-data/en.json",496,"口","""content"": ""<p class=\""text-base text-[#1A56DB] font-medium mb-4\""><strong>Quick Answer:</strong> 2026 dragon year drives <strong> HK weddings</strong>, market past HK$1.5B. ZprintPro 50-500 piece runs, $0.65-3.20/pc, 5-10 day, DHL 2-4 day global.</p>\n\n<h2 class=\""text-2xl font-bold text-[#3"
"src/data/blog-data/en.json",496,"印","""content"": ""<p class=\""text-base text-[#1A56DB] font-medium mb-4\""><strong>Quick Answer:</strong> 2026 dragon year drives <strong> HK weddings</strong>, market past HK$1.5B. ZprintPro 50-500 piece runs, $0.65-3.20/pc, 5-10 day, DHL 2-4 day global.</p>\n\n<h2 class=\""text-2xl font-bold text-[#3"
"src/data/blog-data/en.json",496,"刷","""content"": ""<p class=\""text-base text-[#1A56DB] font-medium mb-4\""><strong>Quick Answer:</strong> 2026 dragon year drives <strong> HK weddings</strong>, market past HK$1.5B. ZprintPro 50-500 piece runs, $0.65-3.20/pc, 5-10 day, DHL 2-4 day global.</p>\n\n<h2 class=\""text-2xl font-bold text-[#3"
"src/data/blog-data/en.json",496,"設","""content"": ""<p class=\""text-base text-[#1A56DB] font-medium mb-4\""><strong>Quick Answer:</strong> 2026 dragon year drives <strong> HK weddings</strong>, market past HK$1.5B. ZprintPro 50-500 piece runs, $0.65-3.20/pc, 5-10 day, DHL 2-4 day global.</p>\n\n<h2 class=\""text-2xl font-bold text-[#3"
"src/data/blog-data/en.json",496,"備","""content"": ""<p class=\""text-base text-[#1A56DB] font-medium mb-4\""><strong>Quick Answer:</strong> 2026 dragon year drives <strong> HK weddings</strong>, market past HK$1.5B. ZprintPro 50-500 piece runs, $0.65-3.20/pc, 5-10 day, DHL 2-4 day global.</p>\n\n<h2 class=\""text-2xl font-bold text-[#3"
"src/data/blog-data/en.json",496,"國","""content"": ""<p class=\""text-base text-[#1A56DB] font-medium mb-4\""><strong>Quick Answer:</strong> 2026 dragon year drives <strong> HK weddings</strong>, market past HK$1.5B. ZprintPro 50-500 piece runs, $0.65-3.20/pc, 5-10 day, DHL 2-4 day global.</p>\n\n<h2 class=\""text-2xl font-bold text-[#3"
"src/data/blog-data/en.json",496,"際","""content"": ""<p class=\""text-base text-[#1A56DB] font-medium mb-4\""><strong>Quick Answer:</strong> 2026 dragon year drives <strong> HK weddings</strong>, market past HK$1.5B. ZprintPro 50-500 piece runs, $0.65-3.20/pc, 5-10 day, DHL 2-4 day global.</p>\n\n<h2 class=\""text-2xl font-bold text-[#3"
"src/data/blog-data/en.json",496,"認","""content"": ""<p class=\""text-base text-[#1A56DB] font-medium mb-4\""><strong>Quick Answer:</strong> 2026 dragon year drives <strong> HK weddings</strong>, market past HK$1.5B. ZprintPro 50-500 piece runs, $0.65-3.20/pc, 5-10 day, DHL 2-4 day global.</p>\n\n<h2 class=\""text-2xl font-bold text-[#3"
"src/data/blog-data/en.json",496,"證","""content"": ""<p class=\""text-base text-[#1A56DB] font-medium mb-4\""><strong>Quick Answer:</strong> 2026 dragon year drives <strong> HK weddings</strong>, market past HK$1.5B. ZprintPro 50-500 piece runs, $0.65-3.20/pc, 5-10 day, DHL 2-4 day global.</p>\n\n<h2 class=\""text-2xl font-bold text-[#3"
"src/data/blog-data/en.json",496,"體","""content"": ""<p class=\""text-base text-[#1A56DB] font-medium mb-4\""><strong>Quick Answer:</strong> 2026 dragon year drives <strong> HK weddings</strong>, market past HK$1.5B. ZprintPro 50-500 piece runs, $0.65-3.20/pc, 5-10 day, DHL 2-4 day global.</p>\n\n<h2 class=\""text-2xl font-bold text-[#3"
"src/data/blog-data/en.json",496,"系","""content"": ""<p class=\""text-base text-[#1A56DB] font-medium mb-4\""><strong>Quick Answer:</strong> 2026 dragon year drives <strong> HK weddings</strong>, market past HK$1.5B. ZprintPro 50-500 piece runs, $0.65-3.20/pc, 5-10 day, DHL 2-4 day global.</p>\n\n<h2 class=\""text-2xl font-bold text-[#3"
"src/data/blog-data/en.json",496,"認","""content"": ""<p class=\""text-base text-[#1A56DB] font-medium mb-4\""><strong>Quick Answer:</strong> 2026 dragon year drives <strong> HK weddings</strong>, market past HK$1.5B. ZprintPro 50-500 piece runs, $0.65-3.20/pc, 5-10 day, DHL 2-4 day global.</p>\n\n<h2 class=\""text-2xl font-bold text-[#3"
"src/data/blog-data/en.json",496,"證","""content"": ""<p class=\""text-base text-[#1A56DB] font-medium mb-4\""><strong>Quick Answer:</strong> 2026 dragon year drives <strong> HK weddings</strong>, market past HK$1.5B. ZprintPro 50-500 piece runs, $0.65-3.20/pc, 5-10 day, DHL 2-4 day global.</p>\n\n<h2 class=\""text-2xl font-bold text-[#3"
"src/data/blog-data/en.json",496,"紙","""content"": ""<p class=\""text-base text-[#1A56DB] font-medium mb-4\""><strong>Quick Answer:</strong> 2026 dragon year drives <strong> HK weddings</strong>, market past HK$1.5B. ZprintPro 50-500 piece runs, $0.65-3.20/pc, 5-10 day, DHL 2-4 day global.</p>\n\n<h2 class=\""text-2xl font-bold text-[#3"
"src/data/blog-data/en.json",496,"進","""content"": ""<p class=\""text-base text-[#1A56DB] font-medium mb-4\""><strong>Quick Answer:</strong> 2026 dragon year drives <strong> HK weddings</strong>, market past HK$1.5B. ZprintPro 50-500 piece runs, $0.65-3.20/pc, 5-10 day, DHL 2-4 day global.</p>\n\n<h2 class=\""text-2xl font-bold text-[#3"
"src/data/blog-data/en.json",496,"口","""content"": ""<p class=\""text-base text-[#1A56DB] font-medium mb-4\""><strong>Quick Answer:</strong> 2026 dragon year drives <strong> HK weddings</strong>, market past HK$1.5B. ZprintPro 50-500 piece runs, $0.65-3.20/pc, 5-10 day, DHL 2-4 day global.</p>\n\n<h2 class=\""text-2xl font-bold text-[#3"
"src/data/blog-data/en.json",496,"印","""content"": ""<p class=\""text-base text-[#1A56DB] font-medium mb-4\""><strong>Quick Answer:</strong> 2026 dragon year drives <strong> HK weddings</strong>, market past HK$1.5B. ZprintPro 50-500 piece runs, $0.65-3.20/pc, 5-10 day, DHL 2-4 day global.</p>\n\n<h2 class=\""text-2xl font-bold text-[#3"
"src/data/blog-data/en.json",496,"刷","""content"": ""<p class=\""text-base text-[#1A56DB] font-medium mb-4\""><strong>Quick Answer:</strong> 2026 dragon year drives <strong> HK weddings</strong>, market past HK$1.5B. ZprintPro 50-500 piece runs, $0.65-3.20/pc, 5-10 day, DHL 2-4 day global.</p>\n\n<h2 class=\""text-2xl font-bold text-[#3"
"src/data/blog-data/en.json",496,"設","""content"": ""<p class=\""text-base text-[#1A56DB] font-medium mb-4\""><strong>Quick Answer:</strong> 2026 dragon year drives <strong> HK weddings</strong>, market past HK$1.5B. ZprintPro 50-500 piece runs, $0.65-3.20/pc, 5-10 day, DHL 2-4 day global.</p>\n\n<h2 class=\""text-2xl font-bold text-[#3"
"src/data/blog-data/en.json",496,"備","""content"": ""<p class=\""text-base text-[#1A56DB] font-medium mb-4\""><strong>Quick Answer:</strong> 2026 dragon year drives <strong> HK weddings</strong>, market past HK$1.5B. ZprintPro 50-500 piece runs, $0.65-3.20/pc, 5-10 day, DHL 2-4 day global.</p>\n\n<h2 class=\""text-2xl font-bold text-[#3"
"src/data/blog-data/en.json",496,"進","""content"": ""<p class=\""text-base text-[#1A56DB] font-medium mb-4\""><strong>Quick Answer:</strong> 2026 dragon year drives <strong> HK weddings</strong>, market past HK$1.5B. ZprintPro 50-500 piece runs, $0.65-3.20/pc, 5-10 day, DHL 2-4 day global.</p>\n\n<h2 class=\""text-2xl font-bold text-[#3"
"src/data/blog-data/en.json",496,"口","""content"": ""<p class=\""text-base text-[#1A56DB] font-medium mb-4\""><strong>Quick Answer:</strong> 2026 dragon year drives <strong> HK weddings</strong>, market past HK$1.5B. ZprintPro 50-500 piece runs, $0.65-3.20/pc, 5-10 day, DHL 2-4 day global.</p>\n\n<h2 class=\""text-2xl font-bold text-[#3"
"src/data/blog-data/en.json",496,"印","""content"": ""<p class=\""text-base text-[#1A56DB] font-medium mb-4\""><strong>Quick Answer:</strong> 2026 dragon year drives <strong> HK weddings</strong>, market past HK$1.5B. ZprintPro 50-500 piece runs, $0.65-3.20/pc, 5-10 day, DHL 2-4 day global.</p>\n\n<h2 class=\""text-2xl font-bold text-[#3"
"src/data/blog-data/en.json",496,"刷","""content"": ""<p class=\""text-base text-[#1A56DB] font-medium mb-4\""><strong>Quick Answer:</strong> 2026 dragon year drives <strong> HK weddings</strong>, market past HK$1.5B. ZprintPro 50-500 piece runs, $0.65-3.20/pc, 5-10 day, DHL 2-4 day global.</p>\n\n<h2 class=\""text-2xl font-bold text-[#3"
"src/data/blog-data/en.json",496,"設","""content"": ""<p class=\""text-base text-[#1A56DB] font-medium mb-4\""><strong>Quick Answer:</strong> 2026 dragon year drives <strong> HK weddings</strong>, market past HK$1.5B. ZprintPro 50-500 piece runs, $0.65-3.20/pc, 5-10 day, DHL 2-4 day global.</p>\n\n<h2 class=\""text-2xl font-bold text-[#3"
"src/data/blog-data/en.json",496,"備","""content"": ""<p class=\""text-base text-[#1A56DB] font-medium mb-4\""><strong>Quick Answer:</strong> 2026 dragon year drives <strong> HK weddings</strong>, market past HK$1.5B. ZprintPro 50-500 piece runs, $0.65-3.20/pc, 5-10 day, DHL 2-4 day global.</p>\n\n<h2 class=\""text-2xl font-bold text-[#3"
"src/data/blog-data/en.json",496,"國","""content"": ""<p class=\""text-base text-[#1A56DB] font-medium mb-4\""><strong>Quick Answer:</strong> 2026 dragon year drives <strong> HK weddings</strong>, market past HK$1.5B. ZprintPro 50-500 piece runs, $0.65-3.20/pc, 5-10 day, DHL 2-4 day global.</p>\n\n<h2 class=\""text-2xl font-bold text-[#3"
"src/data/blog-data/en.json",496,"際","""content"": ""<p class=\""text-base text-[#1A56DB] font-medium mb-4\""><strong>Quick Answer:</strong> 2026 dragon year drives <strong> HK weddings</strong>, market past HK$1.5B. ZprintPro 50-500 piece runs, $0.65-3.20/pc, 5-10 day, DHL 2-4 day global.</p>\n\n<h2 class=\""text-2xl font-bold text-[#3"
"src/data/blog-data/en.json",496,"認","""content"": ""<p class=\""text-base text-[#1A56DB] font-medium mb-4\""><strong>Quick Answer:</strong> 2026 dragon year drives <strong> HK weddings</strong>, market past HK$1.5B. ZprintPro 50-500 piece runs, $0.65-3.20/pc, 5-10 day, DHL 2-4 day global.</p>\n\n<h2 class=\""text-2xl font-bold text-[#3"
"src/data/blog-data/en.json",496,"證","""content"": ""<p class=\""text-base text-[#1A56DB] font-medium mb-4\""><strong>Quick Answer:</strong> 2026 dragon year drives <strong> HK weddings</strong>, market past HK$1.5B. ZprintPro 50-500 piece runs, $0.65-3.20/pc, 5-10 day, DHL 2-4 day global.</p>\n\n<h2 class=\""text-2xl font-bold text-[#3"
"src/data/blog-data/en.json",496,"體","""content"": ""<p class=\""text-base text-[#1A56DB] font-medium mb-4\""><strong>Quick Answer:</strong> 2026 dragon year drives <strong> HK weddings</strong>, market past HK$1.5B. ZprintPro 50-500 piece runs, $0.65-3.20/pc, 5-10 day, DHL 2-4 day global.</p>\n\n<h2 class=\""text-2xl font-bold text-[#3"
"src/data/blog-data/en.json",496,"系","""content"": ""<p class=\""text-base text-[#1A56DB] font-medium mb-4\""><strong>Quick Answer:</strong> 2026 dragon year drives <strong> HK weddings</strong>, market past HK$1.5B. ZprintPro 50-500 piece runs, $0.65-3.20/pc, 5-10 day, DHL 2-4 day global.</p>\n\n<h2 class=\""text-2xl font-bold text-[#3"
"src/data/blog-data/en.json",496,"認","""content"": ""<p class=\""text-base text-[#1A56DB] font-medium mb-4\""><strong>Quick Answer:</strong> 2026 dragon year drives <strong> HK weddings</strong>, market past HK$1.5B. ZprintPro 50-500 piece runs, $0.65-3.20/pc, 5-10 day, DHL 2-4 day global.</p>\n\n<h2 class=\""text-2xl font-bold text-[#3"
"src/data/blog-data/en.json",496,"證","""content"": ""<p class=\""text-base text-[#1A56DB] font-medium mb-4\""><strong>Quick Answer:</strong> 2026 dragon year drives <strong> HK weddings</strong>, market past HK$1.5B. ZprintPro 50-500 piece runs, $0.65-3.20/pc, 5-10 day, DHL 2-4 day global.</p>\n\n<h2 class=\""text-2xl font-bold text-[#3"
"src/data/blog-data/en.json",496,"紙","""content"": ""<p class=\""text-base text-[#1A56DB] font-medium mb-4\""><strong>Quick Answer:</strong> 2026 dragon year drives <strong> HK weddings</strong>, market past HK$1.5B. ZprintPro 50-500 piece runs, $0.65-3.20/pc, 5-10 day, DHL 2-4 day global.</p>\n\n<h2 class=\""text-2xl font-bold text-[#3"
"src/data/blog-data/en.json",503,"紅","""content"": ""<p>Wedding table cards (place cards，seating charts，escort cards) are essential for any wedding with assigned seating. The 2026 average cost for 100-500 table cards is $0.40-1.20/piece, with total budget for a 150-guest wedding typically $80-180. ZprintPro supplies <a href=\""en/catego"
"src/data/blog-data/en.json",503,"包","""content"": ""<p>Wedding table cards (place cards，seating charts，escort cards) are essential for any wedding with assigned seating. The 2026 average cost for 100-500 table cards is $0.40-1.20/piece, with total budget for a 150-guest wedding typically $80-180. ZprintPro supplies <a href=\""en/catego"
"src/data/blog-data/en.json",511,"騎","""content"": ""<p class=\""text-base text-[#1A56DB] font-medium mb-4\""><strong>Key takeaway:</strong> Saddle stitch booklets print from <strong>100 copies</strong>, with 8-64 pages, <strong>US$1.84-7.36 per book at 100 copies</strong>. 30-second AI quote; DHL global 2-4 day delivery; no plate fees,"
"src/data/blog-data/en.json",511,"馬","""content"": ""<p class=\""text-base text-[#1A56DB] font-medium mb-4\""><strong>Key takeaway:</strong> Saddle stitch booklets print from <strong>100 copies</strong>, with 8-64 pages, <strong>US$1.84-7.36 per book at 100 copies</strong>. 30-second AI quote; DHL global 2-4 day delivery; no plate fees,"
"src/data/blog-data/en.json",511,"釘","""content"": ""<p class=\""text-base text-[#1A56DB] font-medium mb-4\""><strong>Key takeaway:</strong> Saddle stitch booklets print from <strong>100 copies</strong>, with 8-64 pages, <strong>US$1.84-7.36 per book at 100 copies</strong>. 30-second AI quote; DHL global 2-4 day delivery; no plate fees,"
"src/data/blog-data/en.json",511,"中","""content"": ""<p class=\""text-base text-[#1A56DB] font-medium mb-4\""><strong>Key takeaway:</strong> Saddle stitch booklets print from <strong>100 copies</strong>, with 8-64 pages, <strong>US$1.84-7.36 per book at 100 copies</strong>. 30-second AI quote; DHL global 2-4 day delivery; no plate fees,"
"src/data/blog-data/en.json",511,"綴","""content"": ""<p class=\""text-base text-[#1A56DB] font-medium mb-4\""><strong>Key takeaway:</strong> Saddle stitch booklets print from <strong>100 copies</strong>, with 8-64 pages, <strong>US$1.84-7.36 per book at 100 copies</strong>. 30-second AI quote; DHL global 2-4 day delivery; no plate fees,"
"src/data/blog-data/en.json",531,"國","""content"": ""<p class=\""text-base text-[#1A56DB] font-medium mb-4\""><strong>Key takeaway:</strong> Custom apparel hang tags from 100 MOQ, 8 materials (coated / kraft / PVC / specialty / matte / recycled / silk screen / gold foil)，4 finishes (hole punch / folding / gold foil / spot UV), US$0.015-"
"src/data/blog-data/en.json",531,"際","""content"": ""<p class=\""text-base text-[#1A56DB] font-medium mb-4\""><strong>Key takeaway:</strong> Custom apparel hang tags from 100 MOQ, 8 materials (coated / kraft / PVC / specialty / matte / recycled / silk screen / gold foil)，4 finishes (hole punch / folding / gold foil / spot UV), US$0.015-"
"src/data/blog-data/en.json",531,"認","""content"": ""<p class=\""text-base text-[#1A56DB] font-medium mb-4\""><strong>Key takeaway:</strong> Custom apparel hang tags from 100 MOQ, 8 materials (coated / kraft / PVC / specialty / matte / recycled / silk screen / gold foil)，4 finishes (hole punch / folding / gold foil / spot UV), US$0.015-"
"src/data/blog-data/en.json",531,"證","""content"": ""<p class=\""text-base text-[#1A56DB] font-medium mb-4\""><strong>Key takeaway:</strong> Custom apparel hang tags from 100 MOQ, 8 materials (coated / kraft / PVC / specialty / matte / recycled / silk screen / gold foil)，4 finishes (hole punch / folding / gold foil / spot UV), US$0.015-"
"src/data/blog-data/en.json",531,"體","""content"": ""<p class=\""text-base text-[#1A56DB] font-medium mb-4\""><strong>Key takeaway:</strong> Custom apparel hang tags from 100 MOQ, 8 materials (coated / kraft / PVC / specialty / matte / recycled / silk screen / gold foil)，4 finishes (hole punch / folding / gold foil / spot UV), US$0.015-"
"src/data/blog-data/en.json",531,"系","""content"": ""<p class=\""text-base text-[#1A56DB] font-medium mb-4\""><strong>Key takeaway:</strong> Custom apparel hang tags from 100 MOQ, 8 materials (coated / kraft / PVC / specialty / matte / recycled / silk screen / gold foil)，4 finishes (hole punch / folding / gold foil / spot UV), US$0.015-"
"src/data/blog-data/en.json",563,"核","""content"": ""<p class=\""text-base text-[#1A56DB] font-medium mb-4\""><strong>Quick Answer:</strong> 2027 calendar printing <strong>hard deadline: September 15, 2026</strong> for December 2026 Christmas delivery. <strong>100 MOQ from US$1.00-3.20/pc</strong>, 5-7 day production, FedEx Ground 5-7 d"
"src/data/blog-data/en.json",563,"心","""content"": ""<p class=\""text-base text-[#1A56DB] font-medium mb-4\""><strong>Quick Answer:</strong> 2027 calendar printing <strong>hard deadline: September 15, 2026</strong> for December 2026 Christmas delivery. <strong>100 MOQ from US$1.00-3.20/pc</strong>, 5-7 day production, FedEx Ground 5-7 d"
"src/data/blog-data/en.json",563,"頁","""content"": ""<p class=\""text-base text-[#1A56DB] font-medium mb-4\""><strong>Quick Answer:</strong> 2027 calendar printing <strong>hard deadline: September 15, 2026</strong> for December 2026 Christmas delivery. <strong>100 MOQ from US$1.00-3.20/pc</strong>, 5-7 day production, FedEx Ground 5-7 d"
"src/data/blog-data/en.json",577,"急","""description"": ""Rush printing delivery 2026 US: FedEx Express 2-day, DHL 2-4 day, USPS Priority 1-3 day, ZprintPro 急件 18:00 截單, 4 cut-off tiers, 4 cost tiers, 4 use cases, 4 FAQs, factory-direct pricing from $0.07/flyer (100 MOQ), 國際認證體系 certified, Shenzhen Cailong factory."","
"src/data/blog-data/en.json",577,"件","""description"": ""Rush printing delivery 2026 US: FedEx Express 2-day, DHL 2-4 day, USPS Priority 1-3 day, ZprintPro 急件 18:00 截單, 4 cut-off tiers, 4 cost tiers, 4 use cases, 4 FAQs, factory-direct pricing from $0.07/flyer (100 MOQ), 國際認證體系 certified, Shenzhen Cailong factory."","
"src/data/blog-data/en.json",577,"截","""description"": ""Rush printing delivery 2026 US: FedEx Express 2-day, DHL 2-4 day, USPS Priority 1-3 day, ZprintPro 急件 18:00 截單, 4 cut-off tiers, 4 cost tiers, 4 use cases, 4 FAQs, factory-direct pricing from $0.07/flyer (100 MOQ), 國際認證體系 certified, Shenzhen Cailong factory."","
"src/data/blog-data/en.json",577,"單","""description"": ""Rush printing delivery 2026 US: FedEx Express 2-day, DHL 2-4 day, USPS Priority 1-3 day, ZprintPro 急件 18:00 截單, 4 cut-off tiers, 4 cost tiers, 4 use cases, 4 FAQs, factory-direct pricing from $0.07/flyer (100 MOQ), 國際認證體系 certified, Shenzhen Cailong factory."","
"src/data/blog-data/en.json",577,"國","""description"": ""Rush printing delivery 2026 US: FedEx Express 2-day, DHL 2-4 day, USPS Priority 1-3 day, ZprintPro 急件 18:00 截單, 4 cut-off tiers, 4 cost tiers, 4 use cases, 4 FAQs, factory-direct pricing from $0.07/flyer (100 MOQ), 國際認證體系 certified, Shenzhen Cailong factory."","
"src/data/blog-data/en.json",577,"際","""description"": ""Rush printing delivery 2026 US: FedEx Express 2-day, DHL 2-4 day, USPS Priority 1-3 day, ZprintPro 急件 18:00 截單, 4 cut-off tiers, 4 cost tiers, 4 use cases, 4 FAQs, factory-direct pricing from $0.07/flyer (100 MOQ), 國際認證體系 certified, Shenzhen Cailong factory."","
"src/data/blog-data/en.json",577,"認","""description"": ""Rush printing delivery 2026 US: FedEx Express 2-day, DHL 2-4 day, USPS Priority 1-3 day, ZprintPro 急件 18:00 截單, 4 cut-off tiers, 4 cost tiers, 4 use cases, 4 FAQs, factory-direct pricing from $0.07/flyer (100 MOQ), 國際認證體系 certified, Shenzhen Cailong factory."","
"src/data/blog-data/en.json",577,"證","""description"": ""Rush printing delivery 2026 US: FedEx Express 2-day, DHL 2-4 day, USPS Priority 1-3 day, ZprintPro 急件 18:00 截單, 4 cut-off tiers, 4 cost tiers, 4 use cases, 4 FAQs, factory-direct pricing from $0.07/flyer (100 MOQ), 國際認證體系 certified, Shenzhen Cailong factory."","
"src/data/blog-data/en.json",577,"體","""description"": ""Rush printing delivery 2026 US: FedEx Express 2-day, DHL 2-4 day, USPS Priority 1-3 day, ZprintPro 急件 18:00 截單, 4 cut-off tiers, 4 cost tiers, 4 use cases, 4 FAQs, factory-direct pricing from $0.07/flyer (100 MOQ), 國際認證體系 certified, Shenzhen Cailong factory."","
"src/data/blog-data/en.json",577,"系","""description"": ""Rush printing delivery 2026 US: FedEx Express 2-day, DHL 2-4 day, USPS Priority 1-3 day, ZprintPro 急件 18:00 截單, 4 cut-off tiers, 4 cost tiers, 4 use cases, 4 FAQs, factory-direct pricing from $0.07/flyer (100 MOQ), 國際認證體系 certified, Shenzhen Cailong factory."","
"src/data/blog-data/en.json",580,"急","""content"": ""<p class=\""text-base text-[#1A56DB] font-medium mb-4\""><strong>Quick Answer:</strong> Rush printing delivery in the US 2026: fastest is <strong>FedEx Express 2-day</strong> for cross-country (LA to NY = 48 hours), DHL Express 2-4 business days international, USPS Priority Mail 1-3 b"
"src/data/blog-data/en.json",580,"件","""content"": ""<p class=\""text-base text-[#1A56DB] font-medium mb-4\""><strong>Quick Answer:</strong> Rush printing delivery in the US 2026: fastest is <strong>FedEx Express 2-day</strong> for cross-country (LA to NY = 48 hours), DHL Express 2-4 business days international, USPS Priority Mail 1-3 b"
"src/data/blog-data/en.json",580,"截","""content"": ""<p class=\""text-base text-[#1A56DB] font-medium mb-4\""><strong>Quick Answer:</strong> Rush printing delivery in the US 2026: fastest is <strong>FedEx Express 2-day</strong> for cross-country (LA to NY = 48 hours), DHL Express 2-4 business days international, USPS Priority Mail 1-3 b"
"src/data/blog-data/en.json",580,"單","""content"": ""<p class=\""text-base text-[#1A56DB] font-medium mb-4\""><strong>Quick Answer:</strong> Rush printing delivery in the US 2026: fastest is <strong>FedEx Express 2-day</strong> for cross-country (LA to NY = 48 hours), DHL Express 2-4 business days international, USPS Priority Mail 1-3 b"
"src/data/blog-data/en.json",580,"急","""content"": ""<p class=\""text-base text-[#1A56DB] font-medium mb-4\""><strong>Quick Answer:</strong> Rush printing delivery in the US 2026: fastest is <strong>FedEx Express 2-day</strong> for cross-country (LA to NY = 48 hours), DHL Express 2-4 business days international, USPS Priority Mail 1-3 b"
"src/data/blog-data/en.json",580,"件","""content"": ""<p class=\""text-base text-[#1A56DB] font-medium mb-4\""><strong>Quick Answer:</strong> Rush printing delivery in the US 2026: fastest is <strong>FedEx Express 2-day</strong> for cross-country (LA to NY = 48 hours), DHL Express 2-4 business days international, USPS Priority Mail 1-3 b"
"src/data/blog-data/en.json",580,"截","""content"": ""<p class=\""text-base text-[#1A56DB] font-medium mb-4\""><strong>Quick Answer:</strong> Rush printing delivery in the US 2026: fastest is <strong>FedEx Express 2-day</strong> for cross-country (LA to NY = 48 hours), DHL Express 2-4 business days international, USPS Priority Mail 1-3 b"
"src/data/blog-data/en.json",580,"單","""content"": ""<p class=\""text-base text-[#1A56DB] font-medium mb-4\""><strong>Quick Answer:</strong> Rush printing delivery in the US 2026: fastest is <strong>FedEx Express 2-day</strong> for cross-country (LA to NY = 48 hours), DHL Express 2-4 business days international, USPS Priority Mail 1-3 b"
"src/data/blog-data/en.json",580,"急","""content"": ""<p class=\""text-base text-[#1A56DB] font-medium mb-4\""><strong>Quick Answer:</strong> Rush printing delivery in the US 2026: fastest is <strong>FedEx Express 2-day</strong> for cross-country (LA to NY = 48 hours), DHL Express 2-4 business days international, USPS Priority Mail 1-3 b"
"src/data/blog-data/en.json",580,"件","""content"": ""<p class=\""text-base text-[#1A56DB] font-medium mb-4\""><strong>Quick Answer:</strong> Rush printing delivery in the US 2026: fastest is <strong>FedEx Express 2-day</strong> for cross-country (LA to NY = 48 hours), DHL Express 2-4 business days international, USPS Priority Mail 1-3 b"
"src/data/blog-data/en.json",580,"截","""content"": ""<p class=\""text-base text-[#1A56DB] font-medium mb-4\""><strong>Quick Answer:</strong> Rush printing delivery in the US 2026: fastest is <strong>FedEx Express 2-day</strong> for cross-country (LA to NY = 48 hours), DHL Express 2-4 business days international, USPS Priority Mail 1-3 b"
"src/data/blog-data/en.json",580,"單","""content"": ""<p class=\""text-base text-[#1A56DB] font-medium mb-4\""><strong>Quick Answer:</strong> Rush printing delivery in the US 2026: fastest is <strong>FedEx Express 2-day</strong> for cross-country (LA to NY = 48 hours), DHL Express 2-4 business days international, USPS Priority Mail 1-3 b"
"src/data/blog-data/en.json",580,"急","""content"": ""<p class=\""text-base text-[#1A56DB] font-medium mb-4\""><strong>Quick Answer:</strong> Rush printing delivery in the US 2026: fastest is <strong>FedEx Express 2-day</strong> for cross-country (LA to NY = 48 hours), DHL Express 2-4 business days international, USPS Priority Mail 1-3 b"
"src/data/blog-data/en.json",580,"件","""content"": ""<p class=\""text-base text-[#1A56DB] font-medium mb-4\""><strong>Quick Answer:</strong> Rush printing delivery in the US 2026: fastest is <strong>FedEx Express 2-day</strong> for cross-country (LA to NY = 48 hours), DHL Express 2-4 business days international, USPS Priority Mail 1-3 b"
"src/data/blog-data/en.json",580,"截","""content"": ""<p class=\""text-base text-[#1A56DB] font-medium mb-4\""><strong>Quick Answer:</strong> Rush printing delivery in the US 2026: fastest is <strong>FedEx Express 2-day</strong> for cross-country (LA to NY = 48 hours), DHL Express 2-4 business days international, USPS Priority Mail 1-3 b"
"src/data/blog-data/en.json",580,"單","""content"": ""<p class=\""text-base text-[#1A56DB] font-medium mb-4\""><strong>Quick Answer:</strong> Rush printing delivery in the US 2026: fastest is <strong>FedEx Express 2-day</strong> for cross-country (LA to NY = 48 hours), DHL Express 2-4 business days international, USPS Priority Mail 1-3 b"
"src/data/blog-data/en.json",580,"急","""content"": ""<p class=\""text-base text-[#1A56DB] font-medium mb-4\""><strong>Quick Answer:</strong> Rush printing delivery in the US 2026: fastest is <strong>FedEx Express 2-day</strong> for cross-country (LA to NY = 48 hours), DHL Express 2-4 business days international, USPS Priority Mail 1-3 b"
"src/data/blog-data/en.json",580,"件","""content"": ""<p class=\""text-base text-[#1A56DB] font-medium mb-4\""><strong>Quick Answer:</strong> Rush printing delivery in the US 2026: fastest is <strong>FedEx Express 2-day</strong> for cross-country (LA to NY = 48 hours), DHL Express 2-4 business days international, USPS Priority Mail 1-3 b"
"src/data/blog-data/en.json",580,"截","""content"": ""<p class=\""text-base text-[#1A56DB] font-medium mb-4\""><strong>Quick Answer:</strong> Rush printing delivery in the US 2026: fastest is <strong>FedEx Express 2-day</strong> for cross-country (LA to NY = 48 hours), DHL Express 2-4 business days international, USPS Priority Mail 1-3 b"
"src/data/blog-data/en.json",580,"單","""content"": ""<p class=\""text-base text-[#1A56DB] font-medium mb-4\""><strong>Quick Answer:</strong> Rush printing delivery in the US 2026: fastest is <strong>FedEx Express 2-day</strong> for cross-country (LA to NY = 48 hours), DHL Express 2-4 business days international, USPS Priority Mail 1-3 b"
"src/data/blog-data/en.json",580,"進","""content"": ""<p class=\""text-base text-[#1A56DB] font-medium mb-4\""><strong>Quick Answer:</strong> Rush printing delivery in the US 2026: fastest is <strong>FedEx Express 2-day</strong> for cross-country (LA to NY = 48 hours), DHL Express 2-4 business days international, USPS Priority Mail 1-3 b"
"src/data/blog-data/en.json",580,"口","""content"": ""<p class=\""text-base text-[#1A56DB] font-medium mb-4\""><strong>Quick Answer:</strong> Rush printing delivery in the US 2026: fastest is <strong>FedEx Express 2-day</strong> for cross-country (LA to NY = 48 hours), DHL Express 2-4 business days international, USPS Priority Mail 1-3 b"
"src/data/blog-data/en.json",580,"印","""content"": ""<p class=\""text-base text-[#1A56DB] font-medium mb-4\""><strong>Quick Answer:</strong> Rush printing delivery in the US 2026: fastest is <strong>FedEx Express 2-day</strong> for cross-country (LA to NY = 48 hours), DHL Express 2-4 business days international, USPS Priority Mail 1-3 b"
"src/data/blog-data/en.json",580,"刷","""content"": ""<p class=\""text-base text-[#1A56DB] font-medium mb-4\""><strong>Quick Answer:</strong> Rush printing delivery in the US 2026: fastest is <strong>FedEx Express 2-day</strong> for cross-country (LA to NY = 48 hours), DHL Express 2-4 business days international, USPS Priority Mail 1-3 b"
"src/data/blog-data/en.json",580,"設","""content"": ""<p class=\""text-base text-[#1A56DB] font-medium mb-4\""><strong>Quick Answer:</strong> Rush printing delivery in the US 2026: fastest is <strong>FedEx Express 2-day</strong> for cross-country (LA to NY = 48 hours), DHL Express 2-4 business days international, USPS Priority Mail 1-3 b"
"src/data/blog-data/en.json",580,"備","""content"": ""<p class=\""text-base text-[#1A56DB] font-medium mb-4\""><strong>Quick Answer:</strong> Rush printing delivery in the US 2026: fastest is <strong>FedEx Express 2-day</strong> for cross-country (LA to NY = 48 hours), DHL Express 2-4 business days international, USPS Priority Mail 1-3 b"
"src/data/blog-data/en.json",580,"國","""content"": ""<p class=\""text-base text-[#1A56DB] font-medium mb-4\""><strong>Quick Answer:</strong> Rush printing delivery in the US 2026: fastest is <strong>FedEx Express 2-day</strong> for cross-country (LA to NY = 48 hours), DHL Express 2-4 business days international, USPS Priority Mail 1-3 b"
"src/data/blog-data/en.json",580,"際","""content"": ""<p class=\""text-base text-[#1A56DB] font-medium mb-4\""><strong>Quick Answer:</strong> Rush printing delivery in the US 2026: fastest is <strong>FedEx Express 2-day</strong> for cross-country (LA to NY = 48 hours), DHL Express 2-4 business days international, USPS Priority Mail 1-3 b"
"src/data/blog-data/en.json",580,"認","""content"": ""<p class=\""text-base text-[#1A56DB] font-medium mb-4\""><strong>Quick Answer:</strong> Rush printing delivery in the US 2026: fastest is <strong>FedEx Express 2-day</strong> for cross-country (LA to NY = 48 hours), DHL Express 2-4 business days international, USPS Priority Mail 1-3 b"
"src/data/blog-data/en.json",580,"證","""content"": ""<p class=\""text-base text-[#1A56DB] font-medium mb-4\""><strong>Quick Answer:</strong> Rush printing delivery in the US 2026: fastest is <strong>FedEx Express 2-day</strong> for cross-country (LA to NY = 48 hours), DHL Express 2-4 business days international, USPS Priority Mail 1-3 b"
"src/data/blog-data/en.json",580,"體","""content"": ""<p class=\""text-base text-[#1A56DB] font-medium mb-4\""><strong>Quick Answer:</strong> Rush printing delivery in the US 2026: fastest is <strong>FedEx Express 2-day</strong> for cross-country (LA to NY = 48 hours), DHL Express 2-4 business days international, USPS Priority Mail 1-3 b"
"src/data/blog-data/en.json",580,"系","""content"": ""<p class=\""text-base text-[#1A56DB] font-medium mb-4\""><strong>Quick Answer:</strong> Rush printing delivery in the US 2026: fastest is <strong>FedEx Express 2-day</strong> for cross-country (LA to NY = 48 hours), DHL Express 2-4 business days international, USPS Priority Mail 1-3 b"
"src/data/blog-data/en.json",580,"認","""content"": ""<p class=\""text-base text-[#1A56DB] font-medium mb-4\""><strong>Quick Answer:</strong> Rush printing delivery in the US 2026: fastest is <strong>FedEx Express 2-day</strong> for cross-country (LA to NY = 48 hours), DHL Express 2-4 business days international, USPS Priority Mail 1-3 b"
"src/data/blog-data/en.json",580,"證","""content"": ""<p class=\""text-base text-[#1A56DB] font-medium mb-4\""><strong>Quick Answer:</strong> Rush printing delivery in the US 2026: fastest is <strong>FedEx Express 2-day</strong> for cross-country (LA to NY = 48 hours), DHL Express 2-4 business days international, USPS Priority Mail 1-3 b"
"src/data/blog-data/en.json",580,"紙","""content"": ""<p class=\""text-base text-[#1A56DB] font-medium mb-4\""><strong>Quick Answer:</strong> Rush printing delivery in the US 2026: fastest is <strong>FedEx Express 2-day</strong> for cross-country (LA to NY = 48 hours), DHL Express 2-4 business days international, USPS Priority Mail 1-3 b"
"src/data/blog-data/en.json",580,"急","""content"": ""<p class=\""text-base text-[#1A56DB] font-medium mb-4\""><strong>Quick Answer:</strong> Rush printing delivery in the US 2026: fastest is <strong>FedEx Express 2-day</strong> for cross-country (LA to NY = 48 hours), DHL Express 2-4 business days international, USPS Priority Mail 1-3 b"
"src/data/blog-data/en.json",580,"件","""content"": ""<p class=\""text-base text-[#1A56DB] font-medium mb-4\""><strong>Quick Answer:</strong> Rush printing delivery in the US 2026: fastest is <strong>FedEx Express 2-day</strong> for cross-country (LA to NY = 48 hours), DHL Express 2-4 business days international, USPS Priority Mail 1-3 b"
"src/data/blog-data/en.json",580,"截","""content"": ""<p class=\""text-base text-[#1A56DB] font-medium mb-4\""><strong>Quick Answer:</strong> Rush printing delivery in the US 2026: fastest is <strong>FedEx Express 2-day</strong> for cross-country (LA to NY = 48 hours), DHL Express 2-4 business days international, USPS Priority Mail 1-3 b"
"src/data/blog-data/en.json",580,"單","""content"": ""<p class=\""text-base text-[#1A56DB] font-medium mb-4\""><strong>Quick Answer:</strong> Rush printing delivery in the US 2026: fastest is <strong>FedEx Express 2-day</strong> for cross-country (LA to NY = 48 hours), DHL Express 2-4 business days international, USPS Priority Mail 1-3 b"
"src/data/blog-data/en.json",580,"急","""content"": ""<p class=\""text-base text-[#1A56DB] font-medium mb-4\""><strong>Quick Answer:</strong> Rush printing delivery in the US 2026: fastest is <strong>FedEx Express 2-day</strong> for cross-country (LA to NY = 48 hours), DHL Express 2-4 business days international, USPS Priority Mail 1-3 b"
"src/data/blog-data/en.json",580,"件","""content"": ""<p class=\""text-base text-[#1A56DB] font-medium mb-4\""><strong>Quick Answer:</strong> Rush printing delivery in the US 2026: fastest is <strong>FedEx Express 2-day</strong> for cross-country (LA to NY = 48 hours), DHL Express 2-4 business days international, USPS Priority Mail 1-3 b"
"src/data/blog-data/en.json",580,"截","""content"": ""<p class=\""text-base text-[#1A56DB] font-medium mb-4\""><strong>Quick Answer:</strong> Rush printing delivery in the US 2026: fastest is <strong>FedEx Express 2-day</strong> for cross-country (LA to NY = 48 hours), DHL Express 2-4 business days international, USPS Priority Mail 1-3 b"
"src/data/blog-data/en.json",580,"單","""content"": ""<p class=\""text-base text-[#1A56DB] font-medium mb-4\""><strong>Quick Answer:</strong> Rush printing delivery in the US 2026: fastest is <strong>FedEx Express 2-day</strong> for cross-country (LA to NY = 48 hours), DHL Express 2-4 business days international, USPS Priority Mail 1-3 b"
"src/data/blog-data/en.json",580,"急","""content"": ""<p class=\""text-base text-[#1A56DB] font-medium mb-4\""><strong>Quick Answer:</strong> Rush printing delivery in the US 2026: fastest is <strong>FedEx Express 2-day</strong> for cross-country (LA to NY = 48 hours), DHL Express 2-4 business days international, USPS Priority Mail 1-3 b"
"src/data/blog-data/en.json",580,"件","""content"": ""<p class=\""text-base text-[#1A56DB] font-medium mb-4\""><strong>Quick Answer:</strong> Rush printing delivery in the US 2026: fastest is <strong>FedEx Express 2-day</strong> for cross-country (LA to NY = 48 hours), DHL Express 2-4 business days international, USPS Priority Mail 1-3 b"
"src/data/blog-data/en.json",580,"截","""content"": ""<p class=\""text-base text-[#1A56DB] font-medium mb-4\""><strong>Quick Answer:</strong> Rush printing delivery in the US 2026: fastest is <strong>FedEx Express 2-day</strong> for cross-country (LA to NY = 48 hours), DHL Express 2-4 business days international, USPS Priority Mail 1-3 b"
"src/data/blog-data/en.json",580,"單","""content"": ""<p class=\""text-base text-[#1A56DB] font-medium mb-4\""><strong>Quick Answer:</strong> Rush printing delivery in the US 2026: fastest is <strong>FedEx Express 2-day</strong> for cross-country (LA to NY = 48 hours), DHL Express 2-4 business days international, USPS Priority Mail 1-3 b"
"src/data/blog-data/en.json",580,"急","""content"": ""<p class=\""text-base text-[#1A56DB] font-medium mb-4\""><strong>Quick Answer:</strong> Rush printing delivery in the US 2026: fastest is <strong>FedEx Express 2-day</strong> for cross-country (LA to NY = 48 hours), DHL Express 2-4 business days international, USPS Priority Mail 1-3 b"
"src/data/blog-data/en.json",580,"件","""content"": ""<p class=\""text-base text-[#1A56DB] font-medium mb-4\""><strong>Quick Answer:</strong> Rush printing delivery in the US 2026: fastest is <strong>FedEx Express 2-day</strong> for cross-country (LA to NY = 48 hours), DHL Express 2-4 business days international, USPS Priority Mail 1-3 b"
"src/data/blog-data/en.json",580,"截","""content"": ""<p class=\""text-base text-[#1A56DB] font-medium mb-4\""><strong>Quick Answer:</strong> Rush printing delivery in the US 2026: fastest is <strong>FedEx Express 2-day</strong> for cross-country (LA to NY = 48 hours), DHL Express 2-4 business days international, USPS Priority Mail 1-3 b"
"src/data/blog-data/en.json",580,"單","""content"": ""<p class=\""text-base text-[#1A56DB] font-medium mb-4\""><strong>Quick Answer:</strong> Rush printing delivery in the US 2026: fastest is <strong>FedEx Express 2-day</strong> for cross-country (LA to NY = 48 hours), DHL Express 2-4 business days international, USPS Priority Mail 1-3 b"
"src/data/blog-data/en.json",580,"急","""content"": ""<p class=\""text-base text-[#1A56DB] font-medium mb-4\""><strong>Quick Answer:</strong> Rush printing delivery in the US 2026: fastest is <strong>FedEx Express 2-day</strong> for cross-country (LA to NY = 48 hours), DHL Express 2-4 business days international, USPS Priority Mail 1-3 b"
"src/data/blog-data/en.json",580,"件","""content"": ""<p class=\""text-base text-[#1A56DB] font-medium mb-4\""><strong>Quick Answer:</strong> Rush printing delivery in the US 2026: fastest is <strong>FedEx Express 2-day</strong> for cross-country (LA to NY = 48 hours), DHL Express 2-4 business days international, USPS Priority Mail 1-3 b"
"src/data/blog-data/en.json",580,"截","""content"": ""<p class=\""text-base text-[#1A56DB] font-medium mb-4\""><strong>Quick Answer:</strong> Rush printing delivery in the US 2026: fastest is <strong>FedEx Express 2-day</strong> for cross-country (LA to NY = 48 hours), DHL Express 2-4 business days international, USPS Priority Mail 1-3 b"
"src/data/blog-data/en.json",580,"單","""content"": ""<p class=\""text-base text-[#1A56DB] font-medium mb-4\""><strong>Quick Answer:</strong> Rush printing delivery in the US 2026: fastest is <strong>FedEx Express 2-day</strong> for cross-country (LA to NY = 48 hours), DHL Express 2-4 business days international, USPS Priority Mail 1-3 b"
"src/data/blog-data/en.json",580,"急","""content"": ""<p class=\""text-base text-[#1A56DB] font-medium mb-4\""><strong>Quick Answer:</strong> Rush printing delivery in the US 2026: fastest is <strong>FedEx Express 2-day</strong> for cross-country (LA to NY = 48 hours), DHL Express 2-4 business days international, USPS Priority Mail 1-3 b"
"src/data/blog-data/en.json",580,"件","""content"": ""<p class=\""text-base text-[#1A56DB] font-medium mb-4\""><strong>Quick Answer:</strong> Rush printing delivery in the US 2026: fastest is <strong>FedEx Express 2-day</strong> for cross-country (LA to NY = 48 hours), DHL Express 2-4 business days international, USPS Priority Mail 1-3 b"
"src/data/blog-data/en.json",580,"截","""content"": ""<p class=\""text-base text-[#1A56DB] font-medium mb-4\""><strong>Quick Answer:</strong> Rush printing delivery in the US 2026: fastest is <strong>FedEx Express 2-day</strong> for cross-country (LA to NY = 48 hours), DHL Express 2-4 business days international, USPS Priority Mail 1-3 b"
"src/data/blog-data/en.json",580,"單","""content"": ""<p class=\""text-base text-[#1A56DB] font-medium mb-4\""><strong>Quick Answer:</strong> Rush printing delivery in the US 2026: fastest is <strong>FedEx Express 2-day</strong> for cross-country (LA to NY = 48 hours), DHL Express 2-4 business days international, USPS Priority Mail 1-3 b"
"src/data/blog-data/en.json",580,"急","""content"": ""<p class=\""text-base text-[#1A56DB] font-medium mb-4\""><strong>Quick Answer:</strong> Rush printing delivery in the US 2026: fastest is <strong>FedEx Express 2-day</strong> for cross-country (LA to NY = 48 hours), DHL Express 2-4 business days international, USPS Priority Mail 1-3 b"
"src/data/blog-data/en.json",580,"件","""content"": ""<p class=\""text-base text-[#1A56DB] font-medium mb-4\""><strong>Quick Answer:</strong> Rush printing delivery in the US 2026: fastest is <strong>FedEx Express 2-day</strong> for cross-country (LA to NY = 48 hours), DHL Express 2-4 business days international, USPS Priority Mail 1-3 b"
"src/data/blog-data/en.json",580,"截","""content"": ""<p class=\""text-base text-[#1A56DB] font-medium mb-4\""><strong>Quick Answer:</strong> Rush printing delivery in the US 2026: fastest is <strong>FedEx Express 2-day</strong> for cross-country (LA to NY = 48 hours), DHL Express 2-4 business days international, USPS Priority Mail 1-3 b"
"src/data/blog-data/en.json",580,"單","""content"": ""<p class=\""text-base text-[#1A56DB] font-medium mb-4\""><strong>Quick Answer:</strong> Rush printing delivery in the US 2026: fastest is <strong>FedEx Express 2-day</strong> for cross-country (LA to NY = 48 hours), DHL Express 2-4 business days international, USPS Priority Mail 1-3 b"
"src/data/blog-data/en.json",580,"急","""content"": ""<p class=\""text-base text-[#1A56DB] font-medium mb-4\""><strong>Quick Answer:</strong> Rush printing delivery in the US 2026: fastest is <strong>FedEx Express 2-day</strong> for cross-country (LA to NY = 48 hours), DHL Express 2-4 business days international, USPS Priority Mail 1-3 b"
"src/data/blog-data/en.json",580,"件","""content"": ""<p class=\""text-base text-[#1A56DB] font-medium mb-4\""><strong>Quick Answer:</strong> Rush printing delivery in the US 2026: fastest is <strong>FedEx Express 2-day</strong> for cross-country (LA to NY = 48 hours), DHL Express 2-4 business days international, USPS Priority Mail 1-3 b"
"src/data/blog-data/en.json",580,"截","""content"": ""<p class=\""text-base text-[#1A56DB] font-medium mb-4\""><strong>Quick Answer:</strong> Rush printing delivery in the US 2026: fastest is <strong>FedEx Express 2-day</strong> for cross-country (LA to NY = 48 hours), DHL Express 2-4 business days international, USPS Priority Mail 1-3 b"
"src/data/blog-data/en.json",580,"單","""content"": ""<p class=\""text-base text-[#1A56DB] font-medium mb-4\""><strong>Quick Answer:</strong> Rush printing delivery in the US 2026: fastest is <strong>FedEx Express 2-day</strong> for cross-country (LA to NY = 48 hours), DHL Express 2-4 business days international, USPS Priority Mail 1-3 b"
"src/data/blog-data/en.json",580,"國","""content"": ""<p class=\""text-base text-[#1A56DB] font-medium mb-4\""><strong>Quick Answer:</strong> Rush printing delivery in the US 2026: fastest is <strong>FedEx Express 2-day</strong> for cross-country (LA to NY = 48 hours), DHL Express 2-4 business days international, USPS Priority Mail 1-3 b"
"src/data/blog-data/en.json",580,"際","""content"": ""<p class=\""text-base text-[#1A56DB] font-medium mb-4\""><strong>Quick Answer:</strong> Rush printing delivery in the US 2026: fastest is <strong>FedEx Express 2-day</strong> for cross-country (LA to NY = 48 hours), DHL Express 2-4 business days international, USPS Priority Mail 1-3 b"
"src/data/blog-data/en.json",580,"認","""content"": ""<p class=\""text-base text-[#1A56DB] font-medium mb-4\""><strong>Quick Answer:</strong> Rush printing delivery in the US 2026: fastest is <strong>FedEx Express 2-day</strong> for cross-country (LA to NY = 48 hours), DHL Express 2-4 business days international, USPS Priority Mail 1-3 b"
"src/data/blog-data/en.json",580,"證","""content"": ""<p class=\""text-base text-[#1A56DB] font-medium mb-4\""><strong>Quick Answer:</strong> Rush printing delivery in the US 2026: fastest is <strong>FedEx Express 2-day</strong> for cross-country (LA to NY = 48 hours), DHL Express 2-4 business days international, USPS Priority Mail 1-3 b"
"src/data/blog-data/en.json",580,"體","""content"": ""<p class=\""text-base text-[#1A56DB] font-medium mb-4\""><strong>Quick Answer:</strong> Rush printing delivery in the US 2026: fastest is <strong>FedEx Express 2-day</strong> for cross-country (LA to NY = 48 hours), DHL Express 2-4 business days international, USPS Priority Mail 1-3 b"
"src/data/blog-data/en.json",580,"系","""content"": ""<p class=\""text-base text-[#1A56DB] font-medium mb-4\""><strong>Quick Answer:</strong> Rush printing delivery in the US 2026: fastest is <strong>FedEx Express 2-day</strong> for cross-country (LA to NY = 48 hours), DHL Express 2-4 business days international, USPS Priority Mail 1-3 b"
"src/data/blog-data/en.json",580,"認","""content"": ""<p class=\""text-base text-[#1A56DB] font-medium mb-4\""><strong>Quick Answer:</strong> Rush printing delivery in the US 2026: fastest is <strong>FedEx Express 2-day</strong> for cross-country (LA to NY = 48 hours), DHL Express 2-4 business days international, USPS Priority Mail 1-3 b"
"src/data/blog-data/en.json",580,"證","""content"": ""<p class=\""text-base text-[#1A56DB] font-medium mb-4\""><strong>Quick Answer:</strong> Rush printing delivery in the US 2026: fastest is <strong>FedEx Express 2-day</strong> for cross-country (LA to NY = 48 hours), DHL Express 2-4 business days international, USPS Priority Mail 1-3 b"
"src/data/blog-data/en.json",580,"紙","""content"": ""<p class=\""text-base text-[#1A56DB] font-medium mb-4\""><strong>Quick Answer:</strong> Rush printing delivery in the US 2026: fastest is <strong>FedEx Express 2-day</strong> for cross-country (LA to NY = 48 hours), DHL Express 2-4 business days international, USPS Priority Mail 1-3 b"
"src/data/blog-data/en.json",580,"急","""content"": ""<p class=\""text-base text-[#1A56DB] font-medium mb-4\""><strong>Quick Answer:</strong> Rush printing delivery in the US 2026: fastest is <strong>FedEx Express 2-day</strong> for cross-country (LA to NY = 48 hours), DHL Express 2-4 business days international, USPS Priority Mail 1-3 b"
"src/data/blog-data/en.json",580,"件","""content"": ""<p class=\""text-base text-[#1A56DB] font-medium mb-4\""><strong>Quick Answer:</strong> Rush printing delivery in the US 2026: fastest is <strong>FedEx Express 2-day</strong> for cross-country (LA to NY = 48 hours), DHL Express 2-4 business days international, USPS Priority Mail 1-3 b"
"src/data/blog-data/en.json",580,"截","""content"": ""<p class=\""text-base text-[#1A56DB] font-medium mb-4\""><strong>Quick Answer:</strong> Rush printing delivery in the US 2026: fastest is <strong>FedEx Express 2-day</strong> for cross-country (LA to NY = 48 hours), DHL Express 2-4 business days international, USPS Priority Mail 1-3 b"
"src/data/blog-data/en.json",580,"單","""content"": ""<p class=\""text-base text-[#1A56DB] font-medium mb-4\""><strong>Quick Answer:</strong> Rush printing delivery in the US 2026: fastest is <strong>FedEx Express 2-day</strong> for cross-country (LA to NY = 48 hours), DHL Express 2-4 business days international, USPS Priority Mail 1-3 b"
"src/data/blog-data/en.json",580,"國","""content"": ""<p class=\""text-base text-[#1A56DB] font-medium mb-4\""><strong>Quick Answer:</strong> Rush printing delivery in the US 2026: fastest is <strong>FedEx Express 2-day</strong> for cross-country (LA to NY = 48 hours), DHL Express 2-4 business days international, USPS Priority Mail 1-3 b"
"src/data/blog-data/en.json",580,"際","""content"": ""<p class=\""text-base text-[#1A56DB] font-medium mb-4\""><strong>Quick Answer:</strong> Rush printing delivery in the US 2026: fastest is <strong>FedEx Express 2-day</strong> for cross-country (LA to NY = 48 hours), DHL Express 2-4 business days international, USPS Priority Mail 1-3 b"
"src/data/blog-data/en.json",580,"認","""content"": ""<p class=\""text-base text-[#1A56DB] font-medium mb-4\""><strong>Quick Answer:</strong> Rush printing delivery in the US 2026: fastest is <strong>FedEx Express 2-day</strong> for cross-country (LA to NY = 48 hours), DHL Express 2-4 business days international, USPS Priority Mail 1-3 b"
"src/data/blog-data/en.json",580,"證","""content"": ""<p class=\""text-base text-[#1A56DB] font-medium mb-4\""><strong>Quick Answer:</strong> Rush printing delivery in the US 2026: fastest is <strong>FedEx Express 2-day</strong> for cross-country (LA to NY = 48 hours), DHL Express 2-4 business days international, USPS Priority Mail 1-3 b"
"src/data/blog-data/en.json",580,"體","""content"": ""<p class=\""text-base text-[#1A56DB] font-medium mb-4\""><strong>Quick Answer:</strong> Rush printing delivery in the US 2026: fastest is <strong>FedEx Express 2-day</strong> for cross-country (LA to NY = 48 hours), DHL Express 2-4 business days international, USPS Priority Mail 1-3 b"
"src/data/blog-data/en.json",580,"系","""content"": ""<p class=\""text-base text-[#1A56DB] font-medium mb-4\""><strong>Quick Answer:</strong> Rush printing delivery in the US 2026: fastest is <strong>FedEx Express 2-day</strong> for cross-country (LA to NY = 48 hours), DHL Express 2-4 business days international, USPS Priority Mail 1-3 b"
"src/data/blog-data/en.json",580,"認","""content"": ""<p class=\""text-base text-[#1A56DB] font-medium mb-4\""><strong>Quick Answer:</strong> Rush printing delivery in the US 2026: fastest is <strong>FedEx Express 2-day</strong> for cross-country (LA to NY = 48 hours), DHL Express 2-4 business days international, USPS Priority Mail 1-3 b"
"src/data/blog-data/en.json",580,"證","""content"": ""<p class=\""text-base text-[#1A56DB] font-medium mb-4\""><strong>Quick Answer:</strong> Rush printing delivery in the US 2026: fastest is <strong>FedEx Express 2-day</strong> for cross-country (LA to NY = 48 hours), DHL Express 2-4 business days international, USPS Priority Mail 1-3 b"
"src/data/blog-data/en.json",580,"紙","""content"": ""<p class=\""text-base text-[#1A56DB] font-medium mb-4\""><strong>Quick Answer:</strong> Rush printing delivery in the US 2026: fastest is <strong>FedEx Express 2-day</strong> for cross-country (LA to NY = 48 hours), DHL Express 2-4 business days international, USPS Priority Mail 1-3 b"
"src/data/blog-data/en.json",580,"進","""content"": ""<p class=\""text-base text-[#1A56DB] font-medium mb-4\""><strong>Quick Answer:</strong> Rush printing delivery in the US 2026: fastest is <strong>FedEx Express 2-day</strong> for cross-country (LA to NY = 48 hours), DHL Express 2-4 business days international, USPS Priority Mail 1-3 b"
"src/data/blog-data/en.json",580,"口","""content"": ""<p class=\""text-base text-[#1A56DB] font-medium mb-4\""><strong>Quick Answer:</strong> Rush printing delivery in the US 2026: fastest is <strong>FedEx Express 2-day</strong> for cross-country (LA to NY = 48 hours), DHL Express 2-4 business days international, USPS Priority Mail 1-3 b"
"src/data/blog-data/en.json",580,"印","""content"": ""<p class=\""text-base text-[#1A56DB] font-medium mb-4\""><strong>Quick Answer:</strong> Rush printing delivery in the US 2026: fastest is <strong>FedEx Express 2-day</strong> for cross-country (LA to NY = 48 hours), DHL Express 2-4 business days international, USPS Priority Mail 1-3 b"
"src/data/blog-data/en.json",580,"刷","""content"": ""<p class=\""text-base text-[#1A56DB] font-medium mb-4\""><strong>Quick Answer:</strong> Rush printing delivery in the US 2026: fastest is <strong>FedEx Express 2-day</strong> for cross-country (LA to NY = 48 hours), DHL Express 2-4 business days international, USPS Priority Mail 1-3 b"
"src/data/blog-data/en.json",580,"設","""content"": ""<p class=\""text-base text-[#1A56DB] font-medium mb-4\""><strong>Quick Answer:</strong> Rush printing delivery in the US 2026: fastest is <strong>FedEx Express 2-day</strong> for cross-country (LA to NY = 48 hours), DHL Express 2-4 business days international, USPS Priority Mail 1-3 b"
"src/data/blog-data/en.json",580,"備","""content"": ""<p class=\""text-base text-[#1A56DB] font-medium mb-4\""><strong>Quick Answer:</strong> Rush printing delivery in the US 2026: fastest is <strong>FedEx Express 2-day</strong> for cross-country (LA to NY = 48 hours), DHL Express 2-4 business days international, USPS Priority Mail 1-3 b"
"src/data/blog-data/en.json",588,"認","""content"": ""<p class=\""text-base text-[#1A56DB] font-medium mb-4\""><strong>Quick Answer:</strong> Packaging box printing pricing 2026 US: <strong>500 pcs from $0.45-1.80/box</strong>, 4 from $0.30-1.20/box, 4 from $0.18-0.65/box. 4 box types (rigid gift box, folding carton, mailer box, corrugat"
"src/data/blog-data/en.json",588,"證","""content"": ""<p class=\""text-base text-[#1A56DB] font-medium mb-4\""><strong>Quick Answer:</strong> Packaging box printing pricing 2026 US: <strong>500 pcs from $0.45-1.80/box</strong>, 4 from $0.30-1.20/box, 4 from $0.18-0.65/box. 4 box types (rigid gift box, folding carton, mailer box, corrugat"
"src/data/blog-data/en.json",588,"紙","""content"": ""<p class=\""text-base text-[#1A56DB] font-medium mb-4\""><strong>Quick Answer:</strong> Packaging box printing pricing 2026 US: <strong>500 pcs from $0.45-1.80/box</strong>, 4 from $0.30-1.20/box, 4 from $0.18-0.65/box. 4 box types (rigid gift box, folding carton, mailer box, corrugat"
"src/data/blog-data/en.json",588,"認","""content"": ""<p class=\""text-base text-[#1A56DB] font-medium mb-4\""><strong>Quick Answer:</strong> Packaging box printing pricing 2026 US: <strong>500 pcs from $0.45-1.80/box</strong>, 4 from $0.30-1.20/box, 4 from $0.18-0.65/box. 4 box types (rigid gift box, folding carton, mailer box, corrugat"
"src/data/blog-data/en.json",588,"證","""content"": ""<p class=\""text-base text-[#1A56DB] font-medium mb-4\""><strong>Quick Answer:</strong> Packaging box printing pricing 2026 US: <strong>500 pcs from $0.45-1.80/box</strong>, 4 from $0.30-1.20/box, 4 from $0.18-0.65/box. 4 box types (rigid gift box, folding carton, mailer box, corrugat"
"src/data/blog-data/en.json",588,"紙","""content"": ""<p class=\""text-base text-[#1A56DB] font-medium mb-4\""><strong>Quick Answer:</strong> Packaging box printing pricing 2026 US: <strong>500 pcs from $0.45-1.80/box</strong>, 4 from $0.30-1.20/box, 4 from $0.18-0.65/box. 4 box types (rigid gift box, folding carton, mailer box, corrugat"
"src/data/blog-data/en.json",588,"急","""content"": ""<p class=\""text-base text-[#1A56DB] font-medium mb-4\""><strong>Quick Answer:</strong> Packaging box printing pricing 2026 US: <strong>500 pcs from $0.45-1.80/box</strong>, 4 from $0.30-1.20/box, 4 from $0.18-0.65/box. 4 box types (rigid gift box, folding carton, mailer box, corrugat"
"src/data/blog-data/en.json",588,"件","""content"": ""<p class=\""text-base text-[#1A56DB] font-medium mb-4\""><strong>Quick Answer:</strong> Packaging box printing pricing 2026 US: <strong>500 pcs from $0.45-1.80/box</strong>, 4 from $0.30-1.20/box, 4 from $0.18-0.65/box. 4 box types (rigid gift box, folding carton, mailer box, corrugat"
"src/data/blog-data/en.json",588,"截","""content"": ""<p class=\""text-base text-[#1A56DB] font-medium mb-4\""><strong>Quick Answer:</strong> Packaging box printing pricing 2026 US: <strong>500 pcs from $0.45-1.80/box</strong>, 4 from $0.30-1.20/box, 4 from $0.18-0.65/box. 4 box types (rigid gift box, folding carton, mailer box, corrugat"
"src/data/blog-data/en.json",588,"單","""content"": ""<p class=\""text-base text-[#1A56DB] font-medium mb-4\""><strong>Quick Answer:</strong> Packaging box printing pricing 2026 US: <strong>500 pcs from $0.45-1.80/box</strong>, 4 from $0.30-1.20/box, 4 from $0.18-0.65/box. 4 box types (rigid gift box, folding carton, mailer box, corrugat"
"src/data/blog-data/en.json",588,"認","""content"": ""<p class=\""text-base text-[#1A56DB] font-medium mb-4\""><strong>Quick Answer:</strong> Packaging box printing pricing 2026 US: <strong>500 pcs from $0.45-1.80/box</strong>, 4 from $0.30-1.20/box, 4 from $0.18-0.65/box. 4 box types (rigid gift box, folding carton, mailer box, corrugat"
"src/data/blog-data/en.json",588,"證","""content"": ""<p class=\""text-base text-[#1A56DB] font-medium mb-4\""><strong>Quick Answer:</strong> Packaging box printing pricing 2026 US: <strong>500 pcs from $0.45-1.80/box</strong>, 4 from $0.30-1.20/box, 4 from $0.18-0.65/box. 4 box types (rigid gift box, folding carton, mailer box, corrugat"
"src/data/blog-data/en.json",588,"紙","""content"": ""<p class=\""text-base text-[#1A56DB] font-medium mb-4\""><strong>Quick Answer:</strong> Packaging box printing pricing 2026 US: <strong>500 pcs from $0.45-1.80/box</strong>, 4 from $0.30-1.20/box, 4 from $0.18-0.65/box. 4 box types (rigid gift box, folding carton, mailer box, corrugat"
"src/data/blog-data/en.json",588,"國","""content"": ""<p class=\""text-base text-[#1A56DB] font-medium mb-4\""><strong>Quick Answer:</strong> Packaging box printing pricing 2026 US: <strong>500 pcs from $0.45-1.80/box</strong>, 4 from $0.30-1.20/box, 4 from $0.18-0.65/box. 4 box types (rigid gift box, folding carton, mailer box, corrugat"
"src/data/blog-data/en.json",588,"際","""content"": ""<p class=\""text-base text-[#1A56DB] font-medium mb-4\""><strong>Quick Answer:</strong> Packaging box printing pricing 2026 US: <strong>500 pcs from $0.45-1.80/box</strong>, 4 from $0.30-1.20/box, 4 from $0.18-0.65/box. 4 box types (rigid gift box, folding carton, mailer box, corrugat"
"src/data/blog-data/en.json",588,"認","""content"": ""<p class=\""text-base text-[#1A56DB] font-medium mb-4\""><strong>Quick Answer:</strong> Packaging box printing pricing 2026 US: <strong>500 pcs from $0.45-1.80/box</strong>, 4 from $0.30-1.20/box, 4 from $0.18-0.65/box. 4 box types (rigid gift box, folding carton, mailer box, corrugat"
"src/data/blog-data/en.json",588,"證","""content"": ""<p class=\""text-base text-[#1A56DB] font-medium mb-4\""><strong>Quick Answer:</strong> Packaging box printing pricing 2026 US: <strong>500 pcs from $0.45-1.80/box</strong>, 4 from $0.30-1.20/box, 4 from $0.18-0.65/box. 4 box types (rigid gift box, folding carton, mailer box, corrugat"
"src/data/blog-data/en.json",588,"體","""content"": ""<p class=\""text-base text-[#1A56DB] font-medium mb-4\""><strong>Quick Answer:</strong> Packaging box printing pricing 2026 US: <strong>500 pcs from $0.45-1.80/box</strong>, 4 from $0.30-1.20/box, 4 from $0.18-0.65/box. 4 box types (rigid gift box, folding carton, mailer box, corrugat"
"src/data/blog-data/en.json",588,"系","""content"": ""<p class=\""text-base text-[#1A56DB] font-medium mb-4\""><strong>Quick Answer:</strong> Packaging box printing pricing 2026 US: <strong>500 pcs from $0.45-1.80/box</strong>, 4 from $0.30-1.20/box, 4 from $0.18-0.65/box. 4 box types (rigid gift box, folding carton, mailer box, corrugat"
"src/data/blog-data/en.json",588,"進","""content"": ""<p class=\""text-base text-[#1A56DB] font-medium mb-4\""><strong>Quick Answer:</strong> Packaging box printing pricing 2026 US: <strong>500 pcs from $0.45-1.80/box</strong>, 4 from $0.30-1.20/box, 4 from $0.18-0.65/box. 4 box types (rigid gift box, folding carton, mailer box, corrugat"
"src/data/blog-data/en.json",588,"口","""content"": ""<p class=\""text-base text-[#1A56DB] font-medium mb-4\""><strong>Quick Answer:</strong> Packaging box printing pricing 2026 US: <strong>500 pcs from $0.45-1.80/box</strong>, 4 from $0.30-1.20/box, 4 from $0.18-0.65/box. 4 box types (rigid gift box, folding carton, mailer box, corrugat"
"src/data/blog-data/en.json",588,"印","""content"": ""<p class=\""text-base text-[#1A56DB] font-medium mb-4\""><strong>Quick Answer:</strong> Packaging box printing pricing 2026 US: <strong>500 pcs from $0.45-1.80/box</strong>, 4 from $0.30-1.20/box, 4 from $0.18-0.65/box. 4 box types (rigid gift box, folding carton, mailer box, corrugat"
"src/data/blog-data/en.json",588,"刷","""content"": ""<p class=\""text-base text-[#1A56DB] font-medium mb-4\""><strong>Quick Answer:</strong> Packaging box printing pricing 2026 US: <strong>500 pcs from $0.45-1.80/box</strong>, 4 from $0.30-1.20/box, 4 from $0.18-0.65/box. 4 box types (rigid gift box, folding carton, mailer box, corrugat"
"src/data/blog-data/en.json",588,"設","""content"": ""<p class=\""text-base text-[#1A56DB] font-medium mb-4\""><strong>Quick Answer:</strong> Packaging box printing pricing 2026 US: <strong>500 pcs from $0.45-1.80/box</strong>, 4 from $0.30-1.20/box, 4 from $0.18-0.65/box. 4 box types (rigid gift box, folding carton, mailer box, corrugat"
"src/data/blog-data/en.json",588,"備","""content"": ""<p class=\""text-base text-[#1A56DB] font-medium mb-4\""><strong>Quick Answer:</strong> Packaging box printing pricing 2026 US: <strong>500 pcs from $0.45-1.80/box</strong>, 4 from $0.30-1.20/box, 4 from $0.18-0.65/box. 4 box types (rigid gift box, folding carton, mailer box, corrugat"
"src/data/blog-data/en.json",588,"國","""content"": ""<p class=\""text-base text-[#1A56DB] font-medium mb-4\""><strong>Quick Answer:</strong> Packaging box printing pricing 2026 US: <strong>500 pcs from $0.45-1.80/box</strong>, 4 from $0.30-1.20/box, 4 from $0.18-0.65/box. 4 box types (rigid gift box, folding carton, mailer box, corrugat"
"src/data/blog-data/en.json",588,"際","""content"": ""<p class=\""text-base text-[#1A56DB] font-medium mb-4\""><strong>Quick Answer:</strong> Packaging box printing pricing 2026 US: <strong>500 pcs from $0.45-1.80/box</strong>, 4 from $0.30-1.20/box, 4 from $0.18-0.65/box. 4 box types (rigid gift box, folding carton, mailer box, corrugat"
"src/data/blog-data/en.json",588,"認","""content"": ""<p class=\""text-base text-[#1A56DB] font-medium mb-4\""><strong>Quick Answer:</strong> Packaging box printing pricing 2026 US: <strong>500 pcs from $0.45-1.80/box</strong>, 4 from $0.30-1.20/box, 4 from $0.18-0.65/box. 4 box types (rigid gift box, folding carton, mailer box, corrugat"
"src/data/blog-data/en.json",588,"證","""content"": ""<p class=\""text-base text-[#1A56DB] font-medium mb-4\""><strong>Quick Answer:</strong> Packaging box printing pricing 2026 US: <strong>500 pcs from $0.45-1.80/box</strong>, 4 from $0.30-1.20/box, 4 from $0.18-0.65/box. 4 box types (rigid gift box, folding carton, mailer box, corrugat"
"src/data/blog-data/en.json",588,"體","""content"": ""<p class=\""text-base text-[#1A56DB] font-medium mb-4\""><strong>Quick Answer:</strong> Packaging box printing pricing 2026 US: <strong>500 pcs from $0.45-1.80/box</strong>, 4 from $0.30-1.20/box, 4 from $0.18-0.65/box. 4 box types (rigid gift box, folding carton, mailer box, corrugat"
"src/data/blog-data/en.json",588,"系","""content"": ""<p class=\""text-base text-[#1A56DB] font-medium mb-4\""><strong>Quick Answer:</strong> Packaging box printing pricing 2026 US: <strong>500 pcs from $0.45-1.80/box</strong>, 4 from $0.30-1.20/box, 4 from $0.18-0.65/box. 4 box types (rigid gift box, folding carton, mailer box, corrugat"
"src/data/blog-data/en.json",588,"認","""content"": ""<p class=\""text-base text-[#1A56DB] font-medium mb-4\""><strong>Quick Answer:</strong> Packaging box printing pricing 2026 US: <strong>500 pcs from $0.45-1.80/box</strong>, 4 from $0.30-1.20/box, 4 from $0.18-0.65/box. 4 box types (rigid gift box, folding carton, mailer box, corrugat"
"src/data/blog-data/en.json",588,"證","""content"": ""<p class=\""text-base text-[#1A56DB] font-medium mb-4\""><strong>Quick Answer:</strong> Packaging box printing pricing 2026 US: <strong>500 pcs from $0.45-1.80/box</strong>, 4 from $0.30-1.20/box, 4 from $0.18-0.65/box. 4 box types (rigid gift box, folding carton, mailer box, corrugat"
"src/data/blog-data/en.json",588,"紙","""content"": ""<p class=\""text-base text-[#1A56DB] font-medium mb-4\""><strong>Quick Answer:</strong> Packaging box printing pricing 2026 US: <strong>500 pcs from $0.45-1.80/box</strong>, 4 from $0.30-1.20/box, 4 from $0.18-0.65/box. 4 box types (rigid gift box, folding carton, mailer box, corrugat"
"src/data/blog-data/en.json",588,"進","""content"": ""<p class=\""text-base text-[#1A56DB] font-medium mb-4\""><strong>Quick Answer:</strong> Packaging box printing pricing 2026 US: <strong>500 pcs from $0.45-1.80/box</strong>, 4 from $0.30-1.20/box, 4 from $0.18-0.65/box. 4 box types (rigid gift box, folding carton, mailer box, corrugat"
"src/data/blog-data/en.json",588,"口","""content"": ""<p class=\""text-base text-[#1A56DB] font-medium mb-4\""><strong>Quick Answer:</strong> Packaging box printing pricing 2026 US: <strong>500 pcs from $0.45-1.80/box</strong>, 4 from $0.30-1.20/box, 4 from $0.18-0.65/box. 4 box types (rigid gift box, folding carton, mailer box, corrugat"
"src/data/blog-data/en.json",588,"印","""content"": ""<p class=\""text-base text-[#1A56DB] font-medium mb-4\""><strong>Quick Answer:</strong> Packaging box printing pricing 2026 US: <strong>500 pcs from $0.45-1.80/box</strong>, 4 from $0.30-1.20/box, 4 from $0.18-0.65/box. 4 box types (rigid gift box, folding carton, mailer box, corrugat"
"src/data/blog-data/en.json",588,"刷","""content"": ""<p class=\""text-base text-[#1A56DB] font-medium mb-4\""><strong>Quick Answer:</strong> Packaging box printing pricing 2026 US: <strong>500 pcs from $0.45-1.80/box</strong>, 4 from $0.30-1.20/box, 4 from $0.18-0.65/box. 4 box types (rigid gift box, folding carton, mailer box, corrugat"
"src/data/blog-data/en.json",588,"設","""content"": ""<p class=\""text-base text-[#1A56DB] font-medium mb-4\""><strong>Quick Answer:</strong> Packaging box printing pricing 2026 US: <strong>500 pcs from $0.45-1.80/box</strong>, 4 from $0.30-1.20/box, 4 from $0.18-0.65/box. 4 box types (rigid gift box, folding carton, mailer box, corrugat"
"src/data/blog-data/en.json",588,"備","""content"": ""<p class=\""text-base text-[#1A56DB] font-medium mb-4\""><strong>Quick Answer:</strong> Packaging box printing pricing 2026 US: <strong>500 pcs from $0.45-1.80/box</strong>, 4 from $0.30-1.20/box, 4 from $0.18-0.65/box. 4 box types (rigid gift box, folding carton, mailer box, corrugat"
"src/data/blog-data/en.json",593,"國","""description"": ""Which waterproof sticker material? 4 stocks compared (PVC vinyl 3-yr outdoor / clear vinyl 90% transparency / removable no residue / hot foil finishing)，100 MOQ from $0.045 USD/pc，5 use cases (food delivery / logistics / outdoor gear / cosmetics / event tickets)，12 industries，4 FA"
"src/data/blog-data/en.json",593,"際","""description"": ""Which waterproof sticker material? 4 stocks compared (PVC vinyl 3-yr outdoor / clear vinyl 90% transparency / removable no residue / hot foil finishing)，100 MOQ from $0.045 USD/pc，5 use cases (food delivery / logistics / outdoor gear / cosmetics / event tickets)，12 industries，4 FA"
"src/data/blog-data/en.json",593,"認","""description"": ""Which waterproof sticker material? 4 stocks compared (PVC vinyl 3-yr outdoor / clear vinyl 90% transparency / removable no residue / hot foil finishing)，100 MOQ from $0.045 USD/pc，5 use cases (food delivery / logistics / outdoor gear / cosmetics / event tickets)，12 industries，4 FA"
"src/data/blog-data/en.json",593,"證","""description"": ""Which waterproof sticker material? 4 stocks compared (PVC vinyl 3-yr outdoor / clear vinyl 90% transparency / removable no residue / hot foil finishing)，100 MOQ from $0.045 USD/pc，5 use cases (food delivery / logistics / outdoor gear / cosmetics / event tickets)，12 industries，4 FA"
"src/data/blog-data/en.json",593,"體","""description"": ""Which waterproof sticker material? 4 stocks compared (PVC vinyl 3-yr outdoor / clear vinyl 90% transparency / removable no residue / hot foil finishing)，100 MOQ from $0.045 USD/pc，5 use cases (food delivery / logistics / outdoor gear / cosmetics / event tickets)，12 industries，4 FA"
"src/data/blog-data/en.json",593,"系","""description"": ""Which waterproof sticker material? 4 stocks compared (PVC vinyl 3-yr outdoor / clear vinyl 90% transparency / removable no residue / hot foil finishing)，100 MOQ from $0.045 USD/pc，5 use cases (food delivery / logistics / outdoor gear / cosmetics / event tickets)，12 industries，4 FA"
"src/data/blog-data/en.json",609,"進","""description"": ""2026 Certificate Printing 8000 word guide: 7 scenarios (academic/corporate/institutional/event/training/wedding/medical)，4 materials (200-300gsm C2S/parchment/cotton/specialty)，4 finishes (foil/spot UV/embossing/texture)，4 sizes (A4/A5/A3/custom)，5 certifications (ISO 14298:2021/F"
"src/data/blog-data/en.json",609,"口","""description"": ""2026 Certificate Printing 8000 word guide: 7 scenarios (academic/corporate/institutional/event/training/wedding/medical)，4 materials (200-300gsm C2S/parchment/cotton/specialty)，4 finishes (foil/spot UV/embossing/texture)，4 sizes (A4/A5/A3/custom)，5 certifications (ISO 14298:2021/F"
"src/data/blog-data/en.json",609,"印","""description"": ""2026 Certificate Printing 8000 word guide: 7 scenarios (academic/corporate/institutional/event/training/wedding/medical)，4 materials (200-300gsm C2S/parchment/cotton/specialty)，4 finishes (foil/spot UV/embossing/texture)，4 sizes (A4/A5/A3/custom)，5 certifications (ISO 14298:2021/F"
"src/data/blog-data/en.json",609,"刷","""description"": ""2026 Certificate Printing 8000 word guide: 7 scenarios (academic/corporate/institutional/event/training/wedding/medical)，4 materials (200-300gsm C2S/parchment/cotton/specialty)，4 finishes (foil/spot UV/embossing/texture)，4 sizes (A4/A5/A3/custom)，5 certifications (ISO 14298:2021/F"
"src/data/blog-data/en.json",609,"設","""description"": ""2026 Certificate Printing 8000 word guide: 7 scenarios (academic/corporate/institutional/event/training/wedding/medical)，4 materials (200-300gsm C2S/parchment/cotton/specialty)，4 finishes (foil/spot UV/embossing/texture)，4 sizes (A4/A5/A3/custom)，5 certifications (ISO 14298:2021/F"
"src/data/blog-data/en.json",609,"備","""description"": ""2026 Certificate Printing 8000 word guide: 7 scenarios (academic/corporate/institutional/event/training/wedding/medical)，4 materials (200-300gsm C2S/parchment/cotton/specialty)，4 finishes (foil/spot UV/embossing/texture)，4 sizes (A4/A5/A3/custom)，5 certifications (ISO 14298:2021/F"
"src/data/blog-data/en.json",609,"國","""description"": ""2026 Certificate Printing 8000 word guide: 7 scenarios (academic/corporate/institutional/event/training/wedding/medical)，4 materials (200-300gsm C2S/parchment/cotton/specialty)，4 finishes (foil/spot UV/embossing/texture)，4 sizes (A4/A5/A3/custom)，5 certifications (ISO 14298:2021/F"
"src/data/blog-data/en.json",609,"際","""description"": ""2026 Certificate Printing 8000 word guide: 7 scenarios (academic/corporate/institutional/event/training/wedding/medical)，4 materials (200-300gsm C2S/parchment/cotton/specialty)，4 finishes (foil/spot UV/embossing/texture)，4 sizes (A4/A5/A3/custom)，5 certifications (ISO 14298:2021/F"
"src/data/blog-data/en.json",609,"認","""description"": ""2026 Certificate Printing 8000 word guide: 7 scenarios (academic/corporate/institutional/event/training/wedding/medical)，4 materials (200-300gsm C2S/parchment/cotton/specialty)，4 finishes (foil/spot UV/embossing/texture)，4 sizes (A4/A5/A3/custom)，5 certifications (ISO 14298:2021/F"
"src/data/blog-data/en.json",609,"證","""description"": ""2026 Certificate Printing 8000 word guide: 7 scenarios (academic/corporate/institutional/event/training/wedding/medical)，4 materials (200-300gsm C2S/parchment/cotton/specialty)，4 finishes (foil/spot UV/embossing/texture)，4 sizes (A4/A5/A3/custom)，5 certifications (ISO 14298:2021/F"
"src/data/blog-data/en.json",609,"體","""description"": ""2026 Certificate Printing 8000 word guide: 7 scenarios (academic/corporate/institutional/event/training/wedding/medical)，4 materials (200-300gsm C2S/parchment/cotton/specialty)，4 finishes (foil/spot UV/embossing/texture)，4 sizes (A4/A5/A3/custom)，5 certifications (ISO 14298:2021/F"
"src/data/blog-data/en.json",609,"系","""description"": ""2026 Certificate Printing 8000 word guide: 7 scenarios (academic/corporate/institutional/event/training/wedding/medical)，4 materials (200-300gsm C2S/parchment/cotton/specialty)，4 finishes (foil/spot UV/embossing/texture)，4 sizes (A4/A5/A3/custom)，5 certifications (ISO 14298:2021/F"
"src/data/blog-data/en.json",612,"進","""content"": ""<p>ZprintPro's 2026 Certificate Printing Guide: 7 scenarios (academic/corporate/institutional/event/training/wedding/medical)，4 materials (200-300gsm art card/parchment/cotton/specialty)，4 finishes (foil stamping/spot UV/embossing/texture)，4 sizes (A4/A5/A3/custom)，5 certifications (I"
"src/data/blog-data/en.json",612,"口","""content"": ""<p>ZprintPro's 2026 Certificate Printing Guide: 7 scenarios (academic/corporate/institutional/event/training/wedding/medical)，4 materials (200-300gsm art card/parchment/cotton/specialty)，4 finishes (foil stamping/spot UV/embossing/texture)，4 sizes (A4/A5/A3/custom)，5 certifications (I"
"src/data/blog-data/en.json",612,"印","""content"": ""<p>ZprintPro's 2026 Certificate Printing Guide: 7 scenarios (academic/corporate/institutional/event/training/wedding/medical)，4 materials (200-300gsm art card/parchment/cotton/specialty)，4 finishes (foil stamping/spot UV/embossing/texture)，4 sizes (A4/A5/A3/custom)，5 certifications (I"
"src/data/blog-data/en.json",612,"刷","""content"": ""<p>ZprintPro's 2026 Certificate Printing Guide: 7 scenarios (academic/corporate/institutional/event/training/wedding/medical)，4 materials (200-300gsm art card/parchment/cotton/specialty)，4 finishes (foil stamping/spot UV/embossing/texture)，4 sizes (A4/A5/A3/custom)，5 certifications (I"
"src/data/blog-data/en.json",612,"設","""content"": ""<p>ZprintPro's 2026 Certificate Printing Guide: 7 scenarios (academic/corporate/institutional/event/training/wedding/medical)，4 materials (200-300gsm art card/parchment/cotton/specialty)，4 finishes (foil stamping/spot UV/embossing/texture)，4 sizes (A4/A5/A3/custom)，5 certifications (I"
"src/data/blog-data/en.json",612,"備","""content"": ""<p>ZprintPro's 2026 Certificate Printing Guide: 7 scenarios (academic/corporate/institutional/event/training/wedding/medical)，4 materials (200-300gsm art card/parchment/cotton/specialty)，4 finishes (foil stamping/spot UV/embossing/texture)，4 sizes (A4/A5/A3/custom)，5 certifications (I"
"src/data/blog-data/en.json",612,"國","""content"": ""<p>ZprintPro's 2026 Certificate Printing Guide: 7 scenarios (academic/corporate/institutional/event/training/wedding/medical)，4 materials (200-300gsm art card/parchment/cotton/specialty)，4 finishes (foil stamping/spot UV/embossing/texture)，4 sizes (A4/A5/A3/custom)，5 certifications (I"
"src/data/blog-data/en.json",612,"際","""content"": ""<p>ZprintPro's 2026 Certificate Printing Guide: 7 scenarios (academic/corporate/institutional/event/training/wedding/medical)，4 materials (200-300gsm art card/parchment/cotton/specialty)，4 finishes (foil stamping/spot UV/embossing/texture)，4 sizes (A4/A5/A3/custom)，5 certifications (I"
"src/data/blog-data/en.json",612,"認","""content"": ""<p>ZprintPro's 2026 Certificate Printing Guide: 7 scenarios (academic/corporate/institutional/event/training/wedding/medical)，4 materials (200-300gsm art card/parchment/cotton/specialty)，4 finishes (foil stamping/spot UV/embossing/texture)，4 sizes (A4/A5/A3/custom)，5 certifications (I"
"src/data/blog-data/en.json",612,"證","""content"": ""<p>ZprintPro's 2026 Certificate Printing Guide: 7 scenarios (academic/corporate/institutional/event/training/wedding/medical)，4 materials (200-300gsm art card/parchment/cotton/specialty)，4 finishes (foil stamping/spot UV/embossing/texture)，4 sizes (A4/A5/A3/custom)，5 certifications (I"
"src/data/blog-data/en.json",612,"體","""content"": ""<p>ZprintPro's 2026 Certificate Printing Guide: 7 scenarios (academic/corporate/institutional/event/training/wedding/medical)，4 materials (200-300gsm art card/parchment/cotton/specialty)，4 finishes (foil stamping/spot UV/embossing/texture)，4 sizes (A4/A5/A3/custom)，5 certifications (I"
"src/data/blog-data/en.json",612,"系","""content"": ""<p>ZprintPro's 2026 Certificate Printing Guide: 7 scenarios (academic/corporate/institutional/event/training/wedding/medical)，4 materials (200-300gsm art card/parchment/cotton/specialty)，4 finishes (foil stamping/spot UV/embossing/texture)，4 sizes (A4/A5/A3/custom)，5 certifications (I"
"src/data/blog-data/en.json",612,"進","""content"": ""<p>ZprintPro's 2026 Certificate Printing Guide: 7 scenarios (academic/corporate/institutional/event/training/wedding/medical)，4 materials (200-300gsm art card/parchment/cotton/specialty)，4 finishes (foil stamping/spot UV/embossing/texture)，4 sizes (A4/A5/A3/custom)，5 certifications (I"
"src/data/blog-data/en.json",612,"口","""content"": ""<p>ZprintPro's 2026 Certificate Printing Guide: 7 scenarios (academic/corporate/institutional/event/training/wedding/medical)，4 materials (200-300gsm art card/parchment/cotton/specialty)，4 finishes (foil stamping/spot UV/embossing/texture)，4 sizes (A4/A5/A3/custom)，5 certifications (I"
"src/data/blog-data/en.json",612,"印","""content"": ""<p>ZprintPro's 2026 Certificate Printing Guide: 7 scenarios (academic/corporate/institutional/event/training/wedding/medical)，4 materials (200-300gsm art card/parchment/cotton/specialty)，4 finishes (foil stamping/spot UV/embossing/texture)，4 sizes (A4/A5/A3/custom)，5 certifications (I"
"src/data/blog-data/en.json",612,"刷","""content"": ""<p>ZprintPro's 2026 Certificate Printing Guide: 7 scenarios (academic/corporate/institutional/event/training/wedding/medical)，4 materials (200-300gsm art card/parchment/cotton/specialty)，4 finishes (foil stamping/spot UV/embossing/texture)，4 sizes (A4/A5/A3/custom)，5 certifications (I"
"src/data/blog-data/en.json",612,"設","""content"": ""<p>ZprintPro's 2026 Certificate Printing Guide: 7 scenarios (academic/corporate/institutional/event/training/wedding/medical)，4 materials (200-300gsm art card/parchment/cotton/specialty)，4 finishes (foil stamping/spot UV/embossing/texture)，4 sizes (A4/A5/A3/custom)，5 certifications (I"
"src/data/blog-data/en.json",612,"備","""content"": ""<p>ZprintPro's 2026 Certificate Printing Guide: 7 scenarios (academic/corporate/institutional/event/training/wedding/medical)，4 materials (200-300gsm art card/parchment/cotton/specialty)，4 finishes (foil stamping/spot UV/embossing/texture)，4 sizes (A4/A5/A3/custom)，5 certifications (I"
"src/data/blog-data/en.json",612,"認","""content"": ""<p>ZprintPro's 2026 Certificate Printing Guide: 7 scenarios (academic/corporate/institutional/event/training/wedding/medical)，4 materials (200-300gsm art card/parchment/cotton/specialty)，4 finishes (foil stamping/spot UV/embossing/texture)，4 sizes (A4/A5/A3/custom)，5 certifications (I"
"src/data/blog-data/en.json",612,"證","""content"": ""<p>ZprintPro's 2026 Certificate Printing Guide: 7 scenarios (academic/corporate/institutional/event/training/wedding/medical)，4 materials (200-300gsm art card/parchment/cotton/specialty)，4 finishes (foil stamping/spot UV/embossing/texture)，4 sizes (A4/A5/A3/custom)，5 certifications (I"
"src/data/blog-data/en.json",612,"紙","""content"": ""<p>ZprintPro's 2026 Certificate Printing Guide: 7 scenarios (academic/corporate/institutional/event/training/wedding/medical)，4 materials (200-300gsm art card/parchment/cotton/specialty)，4 finishes (foil stamping/spot UV/embossing/texture)，4 sizes (A4/A5/A3/custom)，5 certifications (I"
"src/data/blog-data/en.json",612,"國","""content"": ""<p>ZprintPro's 2026 Certificate Printing Guide: 7 scenarios (academic/corporate/institutional/event/training/wedding/medical)，4 materials (200-300gsm art card/parchment/cotton/specialty)，4 finishes (foil stamping/spot UV/embossing/texture)，4 sizes (A4/A5/A3/custom)，5 certifications (I"
"src/data/blog-data/en.json",612,"際","""content"": ""<p>ZprintPro's 2026 Certificate Printing Guide: 7 scenarios (academic/corporate/institutional/event/training/wedding/medical)，4 materials (200-300gsm art card/parchment/cotton/specialty)，4 finishes (foil stamping/spot UV/embossing/texture)，4 sizes (A4/A5/A3/custom)，5 certifications (I"
"src/data/blog-data/en.json",612,"認","""content"": ""<p>ZprintPro's 2026 Certificate Printing Guide: 7 scenarios (academic/corporate/institutional/event/training/wedding/medical)，4 materials (200-300gsm art card/parchment/cotton/specialty)，4 finishes (foil stamping/spot UV/embossing/texture)，4 sizes (A4/A5/A3/custom)，5 certifications (I"
"src/data/blog-data/en.json",612,"證","""content"": ""<p>ZprintPro's 2026 Certificate Printing Guide: 7 scenarios (academic/corporate/institutional/event/training/wedding/medical)，4 materials (200-300gsm art card/parchment/cotton/specialty)，4 finishes (foil stamping/spot UV/embossing/texture)，4 sizes (A4/A5/A3/custom)，5 certifications (I"
"src/data/blog-data/en.json",612,"體","""content"": ""<p>ZprintPro's 2026 Certificate Printing Guide: 7 scenarios (academic/corporate/institutional/event/training/wedding/medical)，4 materials (200-300gsm art card/parchment/cotton/specialty)，4 finishes (foil stamping/spot UV/embossing/texture)，4 sizes (A4/A5/A3/custom)，5 certifications (I"
"src/data/blog-data/en.json",612,"系","""content"": ""<p>ZprintPro's 2026 Certificate Printing Guide: 7 scenarios (academic/corporate/institutional/event/training/wedding/medical)，4 materials (200-300gsm art card/parchment/cotton/specialty)，4 finishes (foil stamping/spot UV/embossing/texture)，4 sizes (A4/A5/A3/custom)，5 certifications (I"
"src/data/blog-data/en.json",612,"國","""content"": ""<p>ZprintPro's 2026 Certificate Printing Guide: 7 scenarios (academic/corporate/institutional/event/training/wedding/medical)，4 materials (200-300gsm art card/parchment/cotton/specialty)，4 finishes (foil stamping/spot UV/embossing/texture)，4 sizes (A4/A5/A3/custom)，5 certifications (I"
"src/data/blog-data/en.json",612,"際","""content"": ""<p>ZprintPro's 2026 Certificate Printing Guide: 7 scenarios (academic/corporate/institutional/event/training/wedding/medical)，4 materials (200-300gsm art card/parchment/cotton/specialty)，4 finishes (foil stamping/spot UV/embossing/texture)，4 sizes (A4/A5/A3/custom)，5 certifications (I"
"src/data/blog-data/en.json",612,"認","""content"": ""<p>ZprintPro's 2026 Certificate Printing Guide: 7 scenarios (academic/corporate/institutional/event/training/wedding/medical)，4 materials (200-300gsm art card/parchment/cotton/specialty)，4 finishes (foil stamping/spot UV/embossing/texture)，4 sizes (A4/A5/A3/custom)，5 certifications (I"
"src/data/blog-data/en.json",612,"證","""content"": ""<p>ZprintPro's 2026 Certificate Printing Guide: 7 scenarios (academic/corporate/institutional/event/training/wedding/medical)，4 materials (200-300gsm art card/parchment/cotton/specialty)，4 finishes (foil stamping/spot UV/embossing/texture)，4 sizes (A4/A5/A3/custom)，5 certifications (I"
"src/data/blog-data/en.json",612,"體","""content"": ""<p>ZprintPro's 2026 Certificate Printing Guide: 7 scenarios (academic/corporate/institutional/event/training/wedding/medical)，4 materials (200-300gsm art card/parchment/cotton/specialty)，4 finishes (foil stamping/spot UV/embossing/texture)，4 sizes (A4/A5/A3/custom)，5 certifications (I"
"src/data/blog-data/en.json",612,"系","""content"": ""<p>ZprintPro's 2026 Certificate Printing Guide: 7 scenarios (academic/corporate/institutional/event/training/wedding/medical)，4 materials (200-300gsm art card/parchment/cotton/specialty)，4 finishes (foil stamping/spot UV/embossing/texture)，4 sizes (A4/A5/A3/custom)，5 certifications (I"
"src/data/blog-data/en.json",612,"國","""content"": ""<p>ZprintPro's 2026 Certificate Printing Guide: 7 scenarios (academic/corporate/institutional/event/training/wedding/medical)，4 materials (200-300gsm art card/parchment/cotton/specialty)，4 finishes (foil stamping/spot UV/embossing/texture)，4 sizes (A4/A5/A3/custom)，5 certifications (I"
"src/data/blog-data/en.json",612,"際","""content"": ""<p>ZprintPro's 2026 Certificate Printing Guide: 7 scenarios (academic/corporate/institutional/event/training/wedding/medical)，4 materials (200-300gsm art card/parchment/cotton/specialty)，4 finishes (foil stamping/spot UV/embossing/texture)，4 sizes (A4/A5/A3/custom)，5 certifications (I"
"src/data/blog-data/en.json",612,"認","""content"": ""<p>ZprintPro's 2026 Certificate Printing Guide: 7 scenarios (academic/corporate/institutional/event/training/wedding/medical)，4 materials (200-300gsm art card/parchment/cotton/specialty)，4 finishes (foil stamping/spot UV/embossing/texture)，4 sizes (A4/A5/A3/custom)，5 certifications (I"
"src/data/blog-data/en.json",612,"證","""content"": ""<p>ZprintPro's 2026 Certificate Printing Guide: 7 scenarios (academic/corporate/institutional/event/training/wedding/medical)，4 materials (200-300gsm art card/parchment/cotton/specialty)，4 finishes (foil stamping/spot UV/embossing/texture)，4 sizes (A4/A5/A3/custom)，5 certifications (I"
"src/data/blog-data/en.json",612,"體","""content"": ""<p>ZprintPro's 2026 Certificate Printing Guide: 7 scenarios (academic/corporate/institutional/event/training/wedding/medical)，4 materials (200-300gsm art card/parchment/cotton/specialty)，4 finishes (foil stamping/spot UV/embossing/texture)，4 sizes (A4/A5/A3/custom)，5 certifications (I"
"src/data/blog-data/en.json",612,"系","""content"": ""<p>ZprintPro's 2026 Certificate Printing Guide: 7 scenarios (academic/corporate/institutional/event/training/wedding/medical)，4 materials (200-300gsm art card/parchment/cotton/specialty)，4 finishes (foil stamping/spot UV/embossing/texture)，4 sizes (A4/A5/A3/custom)，5 certifications (I"
"src/data/blog-data/en.json",612,"認","""content"": ""<p>ZprintPro's 2026 Certificate Printing Guide: 7 scenarios (academic/corporate/institutional/event/training/wedding/medical)，4 materials (200-300gsm art card/parchment/cotton/specialty)，4 finishes (foil stamping/spot UV/embossing/texture)，4 sizes (A4/A5/A3/custom)，5 certifications (I"
"src/data/blog-data/en.json",612,"證","""content"": ""<p>ZprintPro's 2026 Certificate Printing Guide: 7 scenarios (academic/corporate/institutional/event/training/wedding/medical)，4 materials (200-300gsm art card/parchment/cotton/specialty)，4 finishes (foil stamping/spot UV/embossing/texture)，4 sizes (A4/A5/A3/custom)，5 certifications (I"
"src/data/blog-data/en.json",612,"紙","""content"": ""<p>ZprintPro's 2026 Certificate Printing Guide: 7 scenarios (academic/corporate/institutional/event/training/wedding/medical)，4 materials (200-300gsm art card/parchment/cotton/specialty)，4 finishes (foil stamping/spot UV/embossing/texture)，4 sizes (A4/A5/A3/custom)，5 certifications (I"
"src/data/blog-data/en.json",612,"進","""content"": ""<p>ZprintPro's 2026 Certificate Printing Guide: 7 scenarios (academic/corporate/institutional/event/training/wedding/medical)，4 materials (200-300gsm art card/parchment/cotton/specialty)，4 finishes (foil stamping/spot UV/embossing/texture)，4 sizes (A4/A5/A3/custom)，5 certifications (I"
"src/data/blog-data/en.json",612,"口","""content"": ""<p>ZprintPro's 2026 Certificate Printing Guide: 7 scenarios (academic/corporate/institutional/event/training/wedding/medical)，4 materials (200-300gsm art card/parchment/cotton/specialty)，4 finishes (foil stamping/spot UV/embossing/texture)，4 sizes (A4/A5/A3/custom)，5 certifications (I"
"src/data/blog-data/en.json",612,"印","""content"": ""<p>ZprintPro's 2026 Certificate Printing Guide: 7 scenarios (academic/corporate/institutional/event/training/wedding/medical)，4 materials (200-300gsm art card/parchment/cotton/specialty)，4 finishes (foil stamping/spot UV/embossing/texture)，4 sizes (A4/A5/A3/custom)，5 certifications (I"
"src/data/blog-data/en.json",612,"刷","""content"": ""<p>ZprintPro's 2026 Certificate Printing Guide: 7 scenarios (academic/corporate/institutional/event/training/wedding/medical)，4 materials (200-300gsm art card/parchment/cotton/specialty)，4 finishes (foil stamping/spot UV/embossing/texture)，4 sizes (A4/A5/A3/custom)，5 certifications (I"
"src/data/blog-data/en.json",612,"設","""content"": ""<p>ZprintPro's 2026 Certificate Printing Guide: 7 scenarios (academic/corporate/institutional/event/training/wedding/medical)，4 materials (200-300gsm art card/parchment/cotton/specialty)，4 finishes (foil stamping/spot UV/embossing/texture)，4 sizes (A4/A5/A3/custom)，5 certifications (I"
"src/data/blog-data/en.json",612,"備","""content"": ""<p>ZprintPro's 2026 Certificate Printing Guide: 7 scenarios (academic/corporate/institutional/event/training/wedding/medical)，4 materials (200-300gsm art card/parchment/cotton/specialty)，4 finishes (foil stamping/spot UV/embossing/texture)，4 sizes (A4/A5/A3/custom)，5 certifications (I"
"src/data/blog-data/en.json",612,"國","""content"": ""<p>ZprintPro's 2026 Certificate Printing Guide: 7 scenarios (academic/corporate/institutional/event/training/wedding/medical)，4 materials (200-300gsm art card/parchment/cotton/specialty)，4 finishes (foil stamping/spot UV/embossing/texture)，4 sizes (A4/A5/A3/custom)，5 certifications (I"
"src/data/blog-data/en.json",612,"際","""content"": ""<p>ZprintPro's 2026 Certificate Printing Guide: 7 scenarios (academic/corporate/institutional/event/training/wedding/medical)，4 materials (200-300gsm art card/parchment/cotton/specialty)，4 finishes (foil stamping/spot UV/embossing/texture)，4 sizes (A4/A5/A3/custom)，5 certifications (I"
"src/data/blog-data/en.json",612,"認","""content"": ""<p>ZprintPro's 2026 Certificate Printing Guide: 7 scenarios (academic/corporate/institutional/event/training/wedding/medical)，4 materials (200-300gsm art card/parchment/cotton/specialty)，4 finishes (foil stamping/spot UV/embossing/texture)，4 sizes (A4/A5/A3/custom)，5 certifications (I"
"src/data/blog-data/en.json",612,"證","""content"": ""<p>ZprintPro's 2026 Certificate Printing Guide: 7 scenarios (academic/corporate/institutional/event/training/wedding/medical)，4 materials (200-300gsm art card/parchment/cotton/specialty)，4 finishes (foil stamping/spot UV/embossing/texture)，4 sizes (A4/A5/A3/custom)，5 certifications (I"
"src/data/blog-data/en.json",612,"體","""content"": ""<p>ZprintPro's 2026 Certificate Printing Guide: 7 scenarios (academic/corporate/institutional/event/training/wedding/medical)，4 materials (200-300gsm art card/parchment/cotton/specialty)，4 finishes (foil stamping/spot UV/embossing/texture)，4 sizes (A4/A5/A3/custom)，5 certifications (I"
"src/data/blog-data/en.json",612,"系","""content"": ""<p>ZprintPro's 2026 Certificate Printing Guide: 7 scenarios (academic/corporate/institutional/event/training/wedding/medical)，4 materials (200-300gsm art card/parchment/cotton/specialty)，4 finishes (foil stamping/spot UV/embossing/texture)，4 sizes (A4/A5/A3/custom)，5 certifications (I"
"src/data/blog-data/en.json",612,"認","""content"": ""<p>ZprintPro's 2026 Certificate Printing Guide: 7 scenarios (academic/corporate/institutional/event/training/wedding/medical)，4 materials (200-300gsm art card/parchment/cotton/specialty)，4 finishes (foil stamping/spot UV/embossing/texture)，4 sizes (A4/A5/A3/custom)，5 certifications (I"
"src/data/blog-data/en.json",612,"證","""content"": ""<p>ZprintPro's 2026 Certificate Printing Guide: 7 scenarios (academic/corporate/institutional/event/training/wedding/medical)，4 materials (200-300gsm art card/parchment/cotton/specialty)，4 finishes (foil stamping/spot UV/embossing/texture)，4 sizes (A4/A5/A3/custom)，5 certifications (I"
"src/data/blog-data/en.json",612,"紙","""content"": ""<p>ZprintPro's 2026 Certificate Printing Guide: 7 scenarios (academic/corporate/institutional/event/training/wedding/medical)，4 materials (200-300gsm art card/parchment/cotton/specialty)，4 finishes (foil stamping/spot UV/embossing/texture)，4 sizes (A4/A5/A3/custom)，5 certifications (I"
"src/data/blog-data/en.json",612,"進","""content"": ""<p>ZprintPro's 2026 Certificate Printing Guide: 7 scenarios (academic/corporate/institutional/event/training/wedding/medical)，4 materials (200-300gsm art card/parchment/cotton/specialty)，4 finishes (foil stamping/spot UV/embossing/texture)，4 sizes (A4/A5/A3/custom)，5 certifications (I"
"src/data/blog-data/en.json",612,"口","""content"": ""<p>ZprintPro's 2026 Certificate Printing Guide: 7 scenarios (academic/corporate/institutional/event/training/wedding/medical)，4 materials (200-300gsm art card/parchment/cotton/specialty)，4 finishes (foil stamping/spot UV/embossing/texture)，4 sizes (A4/A5/A3/custom)，5 certifications (I"
"src/data/blog-data/en.json",612,"印","""content"": ""<p>ZprintPro's 2026 Certificate Printing Guide: 7 scenarios (academic/corporate/institutional/event/training/wedding/medical)，4 materials (200-300gsm art card/parchment/cotton/specialty)，4 finishes (foil stamping/spot UV/embossing/texture)，4 sizes (A4/A5/A3/custom)，5 certifications (I"
"src/data/blog-data/en.json",612,"刷","""content"": ""<p>ZprintPro's 2026 Certificate Printing Guide: 7 scenarios (academic/corporate/institutional/event/training/wedding/medical)，4 materials (200-300gsm art card/parchment/cotton/specialty)，4 finishes (foil stamping/spot UV/embossing/texture)，4 sizes (A4/A5/A3/custom)，5 certifications (I"
"src/data/blog-data/en.json",612,"設","""content"": ""<p>ZprintPro's 2026 Certificate Printing Guide: 7 scenarios (academic/corporate/institutional/event/training/wedding/medical)，4 materials (200-300gsm art card/parchment/cotton/specialty)，4 finishes (foil stamping/spot UV/embossing/texture)，4 sizes (A4/A5/A3/custom)，5 certifications (I"
"src/data/blog-data/en.json",612,"備","""content"": ""<p>ZprintPro's 2026 Certificate Printing Guide: 7 scenarios (academic/corporate/institutional/event/training/wedding/medical)，4 materials (200-300gsm art card/parchment/cotton/specialty)，4 finishes (foil stamping/spot UV/embossing/texture)，4 sizes (A4/A5/A3/custom)，5 certifications (I"
"src/data/blog-data/en.json",612,"進","""content"": ""<p>ZprintPro's 2026 Certificate Printing Guide: 7 scenarios (academic/corporate/institutional/event/training/wedding/medical)，4 materials (200-300gsm art card/parchment/cotton/specialty)，4 finishes (foil stamping/spot UV/embossing/texture)，4 sizes (A4/A5/A3/custom)，5 certifications (I"
"src/data/blog-data/en.json",612,"口","""content"": ""<p>ZprintPro's 2026 Certificate Printing Guide: 7 scenarios (academic/corporate/institutional/event/training/wedding/medical)，4 materials (200-300gsm art card/parchment/cotton/specialty)，4 finishes (foil stamping/spot UV/embossing/texture)，4 sizes (A4/A5/A3/custom)，5 certifications (I"
"src/data/blog-data/en.json",612,"印","""content"": ""<p>ZprintPro's 2026 Certificate Printing Guide: 7 scenarios (academic/corporate/institutional/event/training/wedding/medical)，4 materials (200-300gsm art card/parchment/cotton/specialty)，4 finishes (foil stamping/spot UV/embossing/texture)，4 sizes (A4/A5/A3/custom)，5 certifications (I"
"src/data/blog-data/en.json",612,"刷","""content"": ""<p>ZprintPro's 2026 Certificate Printing Guide: 7 scenarios (academic/corporate/institutional/event/training/wedding/medical)，4 materials (200-300gsm art card/parchment/cotton/specialty)，4 finishes (foil stamping/spot UV/embossing/texture)，4 sizes (A4/A5/A3/custom)，5 certifications (I"
"src/data/blog-data/en.json",612,"設","""content"": ""<p>ZprintPro's 2026 Certificate Printing Guide: 7 scenarios (academic/corporate/institutional/event/training/wedding/medical)，4 materials (200-300gsm art card/parchment/cotton/specialty)，4 finishes (foil stamping/spot UV/embossing/texture)，4 sizes (A4/A5/A3/custom)，5 certifications (I"
"src/data/blog-data/en.json",612,"備","""content"": ""<p>ZprintPro's 2026 Certificate Printing Guide: 7 scenarios (academic/corporate/institutional/event/training/wedding/medical)，4 materials (200-300gsm art card/parchment/cotton/specialty)，4 finishes (foil stamping/spot UV/embossing/texture)，4 sizes (A4/A5/A3/custom)，5 certifications (I"
"src/data/blog-data/en.json",612,"進","""content"": ""<p>ZprintPro's 2026 Certificate Printing Guide: 7 scenarios (academic/corporate/institutional/event/training/wedding/medical)，4 materials (200-300gsm art card/parchment/cotton/specialty)，4 finishes (foil stamping/spot UV/embossing/texture)，4 sizes (A4/A5/A3/custom)，5 certifications (I"
"src/data/blog-data/en.json",612,"口","""content"": ""<p>ZprintPro's 2026 Certificate Printing Guide: 7 scenarios (academic/corporate/institutional/event/training/wedding/medical)，4 materials (200-300gsm art card/parchment/cotton/specialty)，4 finishes (foil stamping/spot UV/embossing/texture)，4 sizes (A4/A5/A3/custom)，5 certifications (I"
"src/data/blog-data/en.json",612,"印","""content"": ""<p>ZprintPro's 2026 Certificate Printing Guide: 7 scenarios (academic/corporate/institutional/event/training/wedding/medical)，4 materials (200-300gsm art card/parchment/cotton/specialty)，4 finishes (foil stamping/spot UV/embossing/texture)，4 sizes (A4/A5/A3/custom)，5 certifications (I"
"src/data/blog-data/en.json",612,"刷","""content"": ""<p>ZprintPro's 2026 Certificate Printing Guide: 7 scenarios (academic/corporate/institutional/event/training/wedding/medical)，4 materials (200-300gsm art card/parchment/cotton/specialty)，4 finishes (foil stamping/spot UV/embossing/texture)，4 sizes (A4/A5/A3/custom)，5 certifications (I"
"src/data/blog-data/en.json",612,"設","""content"": ""<p>ZprintPro's 2026 Certificate Printing Guide: 7 scenarios (academic/corporate/institutional/event/training/wedding/medical)，4 materials (200-300gsm art card/parchment/cotton/specialty)，4 finishes (foil stamping/spot UV/embossing/texture)，4 sizes (A4/A5/A3/custom)，5 certifications (I"
"src/data/blog-data/en.json",612,"備","""content"": ""<p>ZprintPro's 2026 Certificate Printing Guide: 7 scenarios (academic/corporate/institutional/event/training/wedding/medical)，4 materials (200-300gsm art card/parchment/cotton/specialty)，4 finishes (foil stamping/spot UV/embossing/texture)，4 sizes (A4/A5/A3/custom)，5 certifications (I"
"src/data/blog-data/en.json",612,"進","""content"": ""<p>ZprintPro's 2026 Certificate Printing Guide: 7 scenarios (academic/corporate/institutional/event/training/wedding/medical)，4 materials (200-300gsm art card/parchment/cotton/specialty)，4 finishes (foil stamping/spot UV/embossing/texture)，4 sizes (A4/A5/A3/custom)，5 certifications (I"
"src/data/blog-data/en.json",612,"口","""content"": ""<p>ZprintPro's 2026 Certificate Printing Guide: 7 scenarios (academic/corporate/institutional/event/training/wedding/medical)，4 materials (200-300gsm art card/parchment/cotton/specialty)，4 finishes (foil stamping/spot UV/embossing/texture)，4 sizes (A4/A5/A3/custom)，5 certifications (I"
"src/data/blog-data/en.json",612,"印","""content"": ""<p>ZprintPro's 2026 Certificate Printing Guide: 7 scenarios (academic/corporate/institutional/event/training/wedding/medical)，4 materials (200-300gsm art card/parchment/cotton/specialty)，4 finishes (foil stamping/spot UV/embossing/texture)，4 sizes (A4/A5/A3/custom)，5 certifications (I"
"src/data/blog-data/en.json",612,"刷","""content"": ""<p>ZprintPro's 2026 Certificate Printing Guide: 7 scenarios (academic/corporate/institutional/event/training/wedding/medical)，4 materials (200-300gsm art card/parchment/cotton/specialty)，4 finishes (foil stamping/spot UV/embossing/texture)，4 sizes (A4/A5/A3/custom)，5 certifications (I"
"src/data/blog-data/en.json",612,"設","""content"": ""<p>ZprintPro's 2026 Certificate Printing Guide: 7 scenarios (academic/corporate/institutional/event/training/wedding/medical)，4 materials (200-300gsm art card/parchment/cotton/specialty)，4 finishes (foil stamping/spot UV/embossing/texture)，4 sizes (A4/A5/A3/custom)，5 certifications (I"
"src/data/blog-data/en.json",612,"備","""content"": ""<p>ZprintPro's 2026 Certificate Printing Guide: 7 scenarios (academic/corporate/institutional/event/training/wedding/medical)，4 materials (200-300gsm art card/parchment/cotton/specialty)，4 finishes (foil stamping/spot UV/embossing/texture)，4 sizes (A4/A5/A3/custom)，5 certifications (I"
"src/data/blog-data/en.json",612,"國","""content"": ""<p>ZprintPro's 2026 Certificate Printing Guide: 7 scenarios (academic/corporate/institutional/event/training/wedding/medical)，4 materials (200-300gsm art card/parchment/cotton/specialty)，4 finishes (foil stamping/spot UV/embossing/texture)，4 sizes (A4/A5/A3/custom)，5 certifications (I"
"src/data/blog-data/en.json",612,"際","""content"": ""<p>ZprintPro's 2026 Certificate Printing Guide: 7 scenarios (academic/corporate/institutional/event/training/wedding/medical)，4 materials (200-300gsm art card/parchment/cotton/specialty)，4 finishes (foil stamping/spot UV/embossing/texture)，4 sizes (A4/A5/A3/custom)，5 certifications (I"
"src/data/blog-data/en.json",612,"認","""content"": ""<p>ZprintPro's 2026 Certificate Printing Guide: 7 scenarios (academic/corporate/institutional/event/training/wedding/medical)，4 materials (200-300gsm art card/parchment/cotton/specialty)，4 finishes (foil stamping/spot UV/embossing/texture)，4 sizes (A4/A5/A3/custom)，5 certifications (I"
"src/data/blog-data/en.json",612,"證","""content"": ""<p>ZprintPro's 2026 Certificate Printing Guide: 7 scenarios (academic/corporate/institutional/event/training/wedding/medical)，4 materials (200-300gsm art card/parchment/cotton/specialty)，4 finishes (foil stamping/spot UV/embossing/texture)，4 sizes (A4/A5/A3/custom)，5 certifications (I"
"src/data/blog-data/en.json",612,"體","""content"": ""<p>ZprintPro's 2026 Certificate Printing Guide: 7 scenarios (academic/corporate/institutional/event/training/wedding/medical)，4 materials (200-300gsm art card/parchment/cotton/specialty)，4 finishes (foil stamping/spot UV/embossing/texture)，4 sizes (A4/A5/A3/custom)，5 certifications (I"
"src/data/blog-data/en.json",612,"系","""content"": ""<p>ZprintPro's 2026 Certificate Printing Guide: 7 scenarios (academic/corporate/institutional/event/training/wedding/medical)，4 materials (200-300gsm art card/parchment/cotton/specialty)，4 finishes (foil stamping/spot UV/embossing/texture)，4 sizes (A4/A5/A3/custom)，5 certifications (I"
"src/data/blog-data/en.json",612,"急","""content"": ""<p>ZprintPro's 2026 Certificate Printing Guide: 7 scenarios (academic/corporate/institutional/event/training/wedding/medical)，4 materials (200-300gsm art card/parchment/cotton/specialty)，4 finishes (foil stamping/spot UV/embossing/texture)，4 sizes (A4/A5/A3/custom)，5 certifications (I"
"src/data/blog-data/en.json",612,"件","""content"": ""<p>ZprintPro's 2026 Certificate Printing Guide: 7 scenarios (academic/corporate/institutional/event/training/wedding/medical)，4 materials (200-300gsm art card/parchment/cotton/specialty)，4 finishes (foil stamping/spot UV/embossing/texture)，4 sizes (A4/A5/A3/custom)，5 certifications (I"
"src/data/blog-data/en.json",612,"截","""content"": ""<p>ZprintPro's 2026 Certificate Printing Guide: 7 scenarios (academic/corporate/institutional/event/training/wedding/medical)，4 materials (200-300gsm art card/parchment/cotton/specialty)，4 finishes (foil stamping/spot UV/embossing/texture)，4 sizes (A4/A5/A3/custom)，5 certifications (I"
"src/data/blog-data/en.json",612,"單","""content"": ""<p>ZprintPro's 2026 Certificate Printing Guide: 7 scenarios (academic/corporate/institutional/event/training/wedding/medical)，4 materials (200-300gsm art card/parchment/cotton/specialty)，4 finishes (foil stamping/spot UV/embossing/texture)，4 sizes (A4/A5/A3/custom)，5 certifications (I"
"src/data/blog-data/en.json",612,"認","""content"": ""<p>ZprintPro's 2026 Certificate Printing Guide: 7 scenarios (academic/corporate/institutional/event/training/wedding/medical)，4 materials (200-300gsm art card/parchment/cotton/specialty)，4 finishes (foil stamping/spot UV/embossing/texture)，4 sizes (A4/A5/A3/custom)，5 certifications (I"
"src/data/blog-data/en.json",612,"證","""content"": ""<p>ZprintPro's 2026 Certificate Printing Guide: 7 scenarios (academic/corporate/institutional/event/training/wedding/medical)，4 materials (200-300gsm art card/parchment/cotton/specialty)，4 finishes (foil stamping/spot UV/embossing/texture)，4 sizes (A4/A5/A3/custom)，5 certifications (I"
"src/data/blog-data/en.json",612,"紙","""content"": ""<p>ZprintPro's 2026 Certificate Printing Guide: 7 scenarios (academic/corporate/institutional/event/training/wedding/medical)，4 materials (200-300gsm art card/parchment/cotton/specialty)，4 finishes (foil stamping/spot UV/embossing/texture)，4 sizes (A4/A5/A3/custom)，5 certifications (I"
"src/data/blog-data/en.json",612,"進","""content"": ""<p>ZprintPro's 2026 Certificate Printing Guide: 7 scenarios (academic/corporate/institutional/event/training/wedding/medical)，4 materials (200-300gsm art card/parchment/cotton/specialty)，4 finishes (foil stamping/spot UV/embossing/texture)，4 sizes (A4/A5/A3/custom)，5 certifications (I"
"src/data/blog-data/en.json",612,"口","""content"": ""<p>ZprintPro's 2026 Certificate Printing Guide: 7 scenarios (academic/corporate/institutional/event/training/wedding/medical)，4 materials (200-300gsm art card/parchment/cotton/specialty)，4 finishes (foil stamping/spot UV/embossing/texture)，4 sizes (A4/A5/A3/custom)，5 certifications (I"
"src/data/blog-data/en.json",612,"印","""content"": ""<p>ZprintPro's 2026 Certificate Printing Guide: 7 scenarios (academic/corporate/institutional/event/training/wedding/medical)，4 materials (200-300gsm art card/parchment/cotton/specialty)，4 finishes (foil stamping/spot UV/embossing/texture)，4 sizes (A4/A5/A3/custom)，5 certifications (I"
"src/data/blog-data/en.json",612,"刷","""content"": ""<p>ZprintPro's 2026 Certificate Printing Guide: 7 scenarios (academic/corporate/institutional/event/training/wedding/medical)，4 materials (200-300gsm art card/parchment/cotton/specialty)，4 finishes (foil stamping/spot UV/embossing/texture)，4 sizes (A4/A5/A3/custom)，5 certifications (I"
"src/data/blog-data/en.json",612,"設","""content"": ""<p>ZprintPro's 2026 Certificate Printing Guide: 7 scenarios (academic/corporate/institutional/event/training/wedding/medical)，4 materials (200-300gsm art card/parchment/cotton/specialty)，4 finishes (foil stamping/spot UV/embossing/texture)，4 sizes (A4/A5/A3/custom)，5 certifications (I"
"src/data/blog-data/en.json",612,"備","""content"": ""<p>ZprintPro's 2026 Certificate Printing Guide: 7 scenarios (academic/corporate/institutional/event/training/wedding/medical)，4 materials (200-300gsm art card/parchment/cotton/specialty)，4 finishes (foil stamping/spot UV/embossing/texture)，4 sizes (A4/A5/A3/custom)，5 certifications (I"
"src/data/blog-data/en.json",612,"認","""content"": ""<p>ZprintPro's 2026 Certificate Printing Guide: 7 scenarios (academic/corporate/institutional/event/training/wedding/medical)，4 materials (200-300gsm art card/parchment/cotton/specialty)，4 finishes (foil stamping/spot UV/embossing/texture)，4 sizes (A4/A5/A3/custom)，5 certifications (I"
"src/data/blog-data/en.json",612,"證","""content"": ""<p>ZprintPro's 2026 Certificate Printing Guide: 7 scenarios (academic/corporate/institutional/event/training/wedding/medical)，4 materials (200-300gsm art card/parchment/cotton/specialty)，4 finishes (foil stamping/spot UV/embossing/texture)，4 sizes (A4/A5/A3/custom)，5 certifications (I"
"src/data/blog-data/en.json",612,"紙","""content"": ""<p>ZprintPro's 2026 Certificate Printing Guide: 7 scenarios (academic/corporate/institutional/event/training/wedding/medical)，4 materials (200-300gsm art card/parchment/cotton/specialty)，4 finishes (foil stamping/spot UV/embossing/texture)，4 sizes (A4/A5/A3/custom)，5 certifications (I"
"src/data/blog-data/en.json",612,"進","""content"": ""<p>ZprintPro's 2026 Certificate Printing Guide: 7 scenarios (academic/corporate/institutional/event/training/wedding/medical)，4 materials (200-300gsm art card/parchment/cotton/specialty)，4 finishes (foil stamping/spot UV/embossing/texture)，4 sizes (A4/A5/A3/custom)，5 certifications (I"
"src/data/blog-data/en.json",612,"口","""content"": ""<p>ZprintPro's 2026 Certificate Printing Guide: 7 scenarios (academic/corporate/institutional/event/training/wedding/medical)，4 materials (200-300gsm art card/parchment/cotton/specialty)，4 finishes (foil stamping/spot UV/embossing/texture)，4 sizes (A4/A5/A3/custom)，5 certifications (I"
"src/data/blog-data/en.json",612,"印","""content"": ""<p>ZprintPro's 2026 Certificate Printing Guide: 7 scenarios (academic/corporate/institutional/event/training/wedding/medical)，4 materials (200-300gsm art card/parchment/cotton/specialty)，4 finishes (foil stamping/spot UV/embossing/texture)，4 sizes (A4/A5/A3/custom)，5 certifications (I"
"src/data/blog-data/en.json",612,"刷","""content"": ""<p>ZprintPro's 2026 Certificate Printing Guide: 7 scenarios (academic/corporate/institutional/event/training/wedding/medical)，4 materials (200-300gsm art card/parchment/cotton/specialty)，4 finishes (foil stamping/spot UV/embossing/texture)，4 sizes (A4/A5/A3/custom)，5 certifications (I"
"src/data/blog-data/en.json",612,"設","""content"": ""<p>ZprintPro's 2026 Certificate Printing Guide: 7 scenarios (academic/corporate/institutional/event/training/wedding/medical)，4 materials (200-300gsm art card/parchment/cotton/specialty)，4 finishes (foil stamping/spot UV/embossing/texture)，4 sizes (A4/A5/A3/custom)，5 certifications (I"
"src/data/blog-data/en.json",612,"備","""content"": ""<p>ZprintPro's 2026 Certificate Printing Guide: 7 scenarios (academic/corporate/institutional/event/training/wedding/medical)，4 materials (200-300gsm art card/parchment/cotton/specialty)，4 finishes (foil stamping/spot UV/embossing/texture)，4 sizes (A4/A5/A3/custom)，5 certifications (I"
"src/data/blog-data/en.json",612,"認","""content"": ""<p>ZprintPro's 2026 Certificate Printing Guide: 7 scenarios (academic/corporate/institutional/event/training/wedding/medical)，4 materials (200-300gsm art card/parchment/cotton/specialty)，4 finishes (foil stamping/spot UV/embossing/texture)，4 sizes (A4/A5/A3/custom)，5 certifications (I"
"src/data/blog-data/en.json",612,"證","""content"": ""<p>ZprintPro's 2026 Certificate Printing Guide: 7 scenarios (academic/corporate/institutional/event/training/wedding/medical)，4 materials (200-300gsm art card/parchment/cotton/specialty)，4 finishes (foil stamping/spot UV/embossing/texture)，4 sizes (A4/A5/A3/custom)，5 certifications (I"
"src/data/blog-data/en.json",612,"紙","""content"": ""<p>ZprintPro's 2026 Certificate Printing Guide: 7 scenarios (academic/corporate/institutional/event/training/wedding/medical)，4 materials (200-300gsm art card/parchment/cotton/specialty)，4 finishes (foil stamping/spot UV/embossing/texture)，4 sizes (A4/A5/A3/custom)，5 certifications (I"
"src/data/blog-data/en.json",612,"國","""content"": ""<p>ZprintPro's 2026 Certificate Printing Guide: 7 scenarios (academic/corporate/institutional/event/training/wedding/medical)，4 materials (200-300gsm art card/parchment/cotton/specialty)，4 finishes (foil stamping/spot UV/embossing/texture)，4 sizes (A4/A5/A3/custom)，5 certifications (I"
"src/data/blog-data/en.json",612,"際","""content"": ""<p>ZprintPro's 2026 Certificate Printing Guide: 7 scenarios (academic/corporate/institutional/event/training/wedding/medical)，4 materials (200-300gsm art card/parchment/cotton/specialty)，4 finishes (foil stamping/spot UV/embossing/texture)，4 sizes (A4/A5/A3/custom)，5 certifications (I"
"src/data/blog-data/en.json",612,"認","""content"": ""<p>ZprintPro's 2026 Certificate Printing Guide: 7 scenarios (academic/corporate/institutional/event/training/wedding/medical)，4 materials (200-300gsm art card/parchment/cotton/specialty)，4 finishes (foil stamping/spot UV/embossing/texture)，4 sizes (A4/A5/A3/custom)，5 certifications (I"
"src/data/blog-data/en.json",612,"證","""content"": ""<p>ZprintPro's 2026 Certificate Printing Guide: 7 scenarios (academic/corporate/institutional/event/training/wedding/medical)，4 materials (200-300gsm art card/parchment/cotton/specialty)，4 finishes (foil stamping/spot UV/embossing/texture)，4 sizes (A4/A5/A3/custom)，5 certifications (I"
"src/data/blog-data/en.json",612,"體","""content"": ""<p>ZprintPro's 2026 Certificate Printing Guide: 7 scenarios (academic/corporate/institutional/event/training/wedding/medical)，4 materials (200-300gsm art card/parchment/cotton/specialty)，4 finishes (foil stamping/spot UV/embossing/texture)，4 sizes (A4/A5/A3/custom)，5 certifications (I"
"src/data/blog-data/en.json",612,"系","""content"": ""<p>ZprintPro's 2026 Certificate Printing Guide: 7 scenarios (academic/corporate/institutional/event/training/wedding/medical)，4 materials (200-300gsm art card/parchment/cotton/specialty)，4 finishes (foil stamping/spot UV/embossing/texture)，4 sizes (A4/A5/A3/custom)，5 certifications (I"
"src/data/blog-data/en.json",617,"國","""description"": ""Rush order FAQ answered: where is fastest, exact price, cutoff time. ZprintPro 30-second AI quote, 18:00 cutoff, next-day 12:00 SF Express, DHL 2-4 day international, 100 MOQ from HK$0.25/pc, rush orders, 國際認證體系，FSC 認證紙 certified, 100 countries, clients."","
"src/data/blog-data/en.json",617,"際","""description"": ""Rush order FAQ answered: where is fastest, exact price, cutoff time. ZprintPro 30-second AI quote, 18:00 cutoff, next-day 12:00 SF Express, DHL 2-4 day international, 100 MOQ from HK$0.25/pc, rush orders, 國際認證體系，FSC 認證紙 certified, 100 countries, clients."","
"src/data/blog-data/en.json",617,"認","""description"": ""Rush order FAQ answered: where is fastest, exact price, cutoff time. ZprintPro 30-second AI quote, 18:00 cutoff, next-day 12:00 SF Express, DHL 2-4 day international, 100 MOQ from HK$0.25/pc, rush orders, 國際認證體系，FSC 認證紙 certified, 100 countries, clients."","
"src/data/blog-data/en.json",617,"證","""description"": ""Rush order FAQ answered: where is fastest, exact price, cutoff time. ZprintPro 30-second AI quote, 18:00 cutoff, next-day 12:00 SF Express, DHL 2-4 day international, 100 MOQ from HK$0.25/pc, rush orders, 國際認證體系，FSC 認證紙 certified, 100 countries, clients."","
"src/data/blog-data/en.json",617,"體","""description"": ""Rush order FAQ answered: where is fastest, exact price, cutoff time. ZprintPro 30-second AI quote, 18:00 cutoff, next-day 12:00 SF Express, DHL 2-4 day international, 100 MOQ from HK$0.25/pc, rush orders, 國際認證體系，FSC 認證紙 certified, 100 countries, clients."","
"src/data/blog-data/en.json",617,"系","""description"": ""Rush order FAQ answered: where is fastest, exact price, cutoff time. ZprintPro 30-second AI quote, 18:00 cutoff, next-day 12:00 SF Express, DHL 2-4 day international, 100 MOQ from HK$0.25/pc, rush orders, 國際認證體系，FSC 認證紙 certified, 100 countries, clients."","
"src/data/blog-data/en.json",617,"認","""description"": ""Rush order FAQ answered: where is fastest, exact price, cutoff time. ZprintPro 30-second AI quote, 18:00 cutoff, next-day 12:00 SF Express, DHL 2-4 day international, 100 MOQ from HK$0.25/pc, rush orders, 國際認證體系，FSC 認證紙 certified, 100 countries, clients."","
"src/data/blog-data/en.json",617,"證","""description"": ""Rush order FAQ answered: where is fastest, exact price, cutoff time. ZprintPro 30-second AI quote, 18:00 cutoff, next-day 12:00 SF Express, DHL 2-4 day international, 100 MOQ from HK$0.25/pc, rush orders, 國際認證體系，FSC 認證紙 certified, 100 countries, clients."","
"src/data/blog-data/en.json",617,"紙","""description"": ""Rush order FAQ answered: where is fastest, exact price, cutoff time. ZprintPro 30-second AI quote, 18:00 cutoff, next-day 12:00 SF Express, DHL 2-4 day international, 100 MOQ from HK$0.25/pc, rush orders, 國際認證體系，FSC 認證紙 certified, 100 countries, clients."","
"src/data/blog-data/en.json",620,"進","""content"": ""<p>Need 200 C4 envelopes for a 9 AM contract meeting. ZprintPro's 30-second AI quote flow answers three pain points: fastest delivery, exact price, cutoff time. Confirm by noon, ship same afternoon, SF Express next-day 12:00 local or DHL 2-4 day international.</p>\n\n<p>4-step AI quot"
"src/data/blog-data/en.json",620,"口","""content"": ""<p>Need 200 C4 envelopes for a 9 AM contract meeting. ZprintPro's 30-second AI quote flow answers three pain points: fastest delivery, exact price, cutoff time. Confirm by noon, ship same afternoon, SF Express next-day 12:00 local or DHL 2-4 day international.</p>\n\n<p>4-step AI quot"
"src/data/blog-data/en.json",620,"印","""content"": ""<p>Need 200 C4 envelopes for a 9 AM contract meeting. ZprintPro's 30-second AI quote flow answers three pain points: fastest delivery, exact price, cutoff time. Confirm by noon, ship same afternoon, SF Express next-day 12:00 local or DHL 2-4 day international.</p>\n\n<p>4-step AI quot"
"src/data/blog-data/en.json",620,"刷","""content"": ""<p>Need 200 C4 envelopes for a 9 AM contract meeting. ZprintPro's 30-second AI quote flow answers three pain points: fastest delivery, exact price, cutoff time. Confirm by noon, ship same afternoon, SF Express next-day 12:00 local or DHL 2-4 day international.</p>\n\n<p>4-step AI quot"
"src/data/blog-data/en.json",620,"設","""content"": ""<p>Need 200 C4 envelopes for a 9 AM contract meeting. ZprintPro's 30-second AI quote flow answers three pain points: fastest delivery, exact price, cutoff time. Confirm by noon, ship same afternoon, SF Express next-day 12:00 local or DHL 2-4 day international.</p>\n\n<p>4-step AI quot"
"src/data/blog-data/en.json",620,"備","""content"": ""<p>Need 200 C4 envelopes for a 9 AM contract meeting. ZprintPro's 30-second AI quote flow answers three pain points: fastest delivery, exact price, cutoff time. Confirm by noon, ship same afternoon, SF Express next-day 12:00 local or DHL 2-4 day international.</p>\n\n<p>4-step AI quot"
"src/data/blog-data/en.json",620,"進","""content"": ""<p>Need 200 C4 envelopes for a 9 AM contract meeting. ZprintPro's 30-second AI quote flow answers three pain points: fastest delivery, exact price, cutoff time. Confirm by noon, ship same afternoon, SF Express next-day 12:00 local or DHL 2-4 day international.</p>\n\n<p>4-step AI quot"
"src/data/blog-data/en.json",620,"口","""content"": ""<p>Need 200 C4 envelopes for a 9 AM contract meeting. ZprintPro's 30-second AI quote flow answers three pain points: fastest delivery, exact price, cutoff time. Confirm by noon, ship same afternoon, SF Express next-day 12:00 local or DHL 2-4 day international.</p>\n\n<p>4-step AI quot"
"src/data/blog-data/en.json",620,"印","""content"": ""<p>Need 200 C4 envelopes for a 9 AM contract meeting. ZprintPro's 30-second AI quote flow answers three pain points: fastest delivery, exact price, cutoff time. Confirm by noon, ship same afternoon, SF Express next-day 12:00 local or DHL 2-4 day international.</p>\n\n<p>4-step AI quot"
"src/data/blog-data/en.json",620,"刷","""content"": ""<p>Need 200 C4 envelopes for a 9 AM contract meeting. ZprintPro's 30-second AI quote flow answers three pain points: fastest delivery, exact price, cutoff time. Confirm by noon, ship same afternoon, SF Express next-day 12:00 local or DHL 2-4 day international.</p>\n\n<p>4-step AI quot"
"src/data/blog-data/en.json",620,"設","""content"": ""<p>Need 200 C4 envelopes for a 9 AM contract meeting. ZprintPro's 30-second AI quote flow answers three pain points: fastest delivery, exact price, cutoff time. Confirm by noon, ship same afternoon, SF Express next-day 12:00 local or DHL 2-4 day international.</p>\n\n<p>4-step AI quot"
"src/data/blog-data/en.json",620,"備","""content"": ""<p>Need 200 C4 envelopes for a 9 AM contract meeting. ZprintPro's 30-second AI quote flow answers three pain points: fastest delivery, exact price, cutoff time. Confirm by noon, ship same afternoon, SF Express next-day 12:00 local or DHL 2-4 day international.</p>\n\n<p>4-step AI quot"
"src/data/blog-data/en.json",620,"國","""content"": ""<p>Need 200 C4 envelopes for a 9 AM contract meeting. ZprintPro's 30-second AI quote flow answers three pain points: fastest delivery, exact price, cutoff time. Confirm by noon, ship same afternoon, SF Express next-day 12:00 local or DHL 2-4 day international.</p>\n\n<p>4-step AI quot"
"src/data/blog-data/en.json",620,"際","""content"": ""<p>Need 200 C4 envelopes for a 9 AM contract meeting. ZprintPro's 30-second AI quote flow answers three pain points: fastest delivery, exact price, cutoff time. Confirm by noon, ship same afternoon, SF Express next-day 12:00 local or DHL 2-4 day international.</p>\n\n<p>4-step AI quot"
"src/data/blog-data/en.json",620,"認","""content"": ""<p>Need 200 C4 envelopes for a 9 AM contract meeting. ZprintPro's 30-second AI quote flow answers three pain points: fastest delivery, exact price, cutoff time. Confirm by noon, ship same afternoon, SF Express next-day 12:00 local or DHL 2-4 day international.</p>\n\n<p>4-step AI quot"
"src/data/blog-data/en.json",620,"證","""content"": ""<p>Need 200 C4 envelopes for a 9 AM contract meeting. ZprintPro's 30-second AI quote flow answers three pain points: fastest delivery, exact price, cutoff time. Confirm by noon, ship same afternoon, SF Express next-day 12:00 local or DHL 2-4 day international.</p>\n\n<p>4-step AI quot"
"src/data/blog-data/en.json",620,"體","""content"": ""<p>Need 200 C4 envelopes for a 9 AM contract meeting. ZprintPro's 30-second AI quote flow answers three pain points: fastest delivery, exact price, cutoff time. Confirm by noon, ship same afternoon, SF Express next-day 12:00 local or DHL 2-4 day international.</p>\n\n<p>4-step AI quot"
"src/data/blog-data/en.json",620,"系","""content"": ""<p>Need 200 C4 envelopes for a 9 AM contract meeting. ZprintPro's 30-second AI quote flow answers three pain points: fastest delivery, exact price, cutoff time. Confirm by noon, ship same afternoon, SF Express next-day 12:00 local or DHL 2-4 day international.</p>\n\n<p>4-step AI quot"
"src/data/blog-data/en.json",620,"認","""content"": ""<p>Need 200 C4 envelopes for a 9 AM contract meeting. ZprintPro's 30-second AI quote flow answers three pain points: fastest delivery, exact price, cutoff time. Confirm by noon, ship same afternoon, SF Express next-day 12:00 local or DHL 2-4 day international.</p>\n\n<p>4-step AI quot"
"src/data/blog-data/en.json",620,"證","""content"": ""<p>Need 200 C4 envelopes for a 9 AM contract meeting. ZprintPro's 30-second AI quote flow answers three pain points: fastest delivery, exact price, cutoff time. Confirm by noon, ship same afternoon, SF Express next-day 12:00 local or DHL 2-4 day international.</p>\n\n<p>4-step AI quot"
"src/data/blog-data/en.json",620,"紙","""content"": ""<p>Need 200 C4 envelopes for a 9 AM contract meeting. ZprintPro's 30-second AI quote flow answers three pain points: fastest delivery, exact price, cutoff time. Confirm by noon, ship same afternoon, SF Express next-day 12:00 local or DHL 2-4 day international.</p>\n\n<p>4-step AI quot"
"src/data/blog-data/en.json",620,"國","""content"": ""<p>Need 200 C4 envelopes for a 9 AM contract meeting. ZprintPro's 30-second AI quote flow answers three pain points: fastest delivery, exact price, cutoff time. Confirm by noon, ship same afternoon, SF Express next-day 12:00 local or DHL 2-4 day international.</p>\n\n<p>4-step AI quot"
"src/data/blog-data/en.json",620,"際","""content"": ""<p>Need 200 C4 envelopes for a 9 AM contract meeting. ZprintPro's 30-second AI quote flow answers three pain points: fastest delivery, exact price, cutoff time. Confirm by noon, ship same afternoon, SF Express next-day 12:00 local or DHL 2-4 day international.</p>\n\n<p>4-step AI quot"
"src/data/blog-data/en.json",620,"認","""content"": ""<p>Need 200 C4 envelopes for a 9 AM contract meeting. ZprintPro's 30-second AI quote flow answers three pain points: fastest delivery, exact price, cutoff time. Confirm by noon, ship same afternoon, SF Express next-day 12:00 local or DHL 2-4 day international.</p>\n\n<p>4-step AI quot"
"src/data/blog-data/en.json",620,"證","""content"": ""<p>Need 200 C4 envelopes for a 9 AM contract meeting. ZprintPro's 30-second AI quote flow answers three pain points: fastest delivery, exact price, cutoff time. Confirm by noon, ship same afternoon, SF Express next-day 12:00 local or DHL 2-4 day international.</p>\n\n<p>4-step AI quot"
"src/data/blog-data/en.json",620,"體","""content"": ""<p>Need 200 C4 envelopes for a 9 AM contract meeting. ZprintPro's 30-second AI quote flow answers three pain points: fastest delivery, exact price, cutoff time. Confirm by noon, ship same afternoon, SF Express next-day 12:00 local or DHL 2-4 day international.</p>\n\n<p>4-step AI quot"
"src/data/blog-data/en.json",620,"系","""content"": ""<p>Need 200 C4 envelopes for a 9 AM contract meeting. ZprintPro's 30-second AI quote flow answers three pain points: fastest delivery, exact price, cutoff time. Confirm by noon, ship same afternoon, SF Express next-day 12:00 local or DHL 2-4 day international.</p>\n\n<p>4-step AI quot"
"src/data/blog-data/en.json",620,"認","""content"": ""<p>Need 200 C4 envelopes for a 9 AM contract meeting. ZprintPro's 30-second AI quote flow answers three pain points: fastest delivery, exact price, cutoff time. Confirm by noon, ship same afternoon, SF Express next-day 12:00 local or DHL 2-4 day international.</p>\n\n<p>4-step AI quot"
"src/data/blog-data/en.json",620,"證","""content"": ""<p>Need 200 C4 envelopes for a 9 AM contract meeting. ZprintPro's 30-second AI quote flow answers three pain points: fastest delivery, exact price, cutoff time. Confirm by noon, ship same afternoon, SF Express next-day 12:00 local or DHL 2-4 day international.</p>\n\n<p>4-step AI quot"
"src/data/blog-data/en.json",620,"紙","""content"": ""<p>Need 200 C4 envelopes for a 9 AM contract meeting. ZprintPro's 30-second AI quote flow answers three pain points: fastest delivery, exact price, cutoff time. Confirm by noon, ship same afternoon, SF Express next-day 12:00 local or DHL 2-4 day international.</p>\n\n<p>4-step AI quot"
"src/data/blog-data/en.json",644,"细","""content"": ""<script type=\""application/ld+json\"">\n{\""@context\"":\""https://schema.org\"",\""@type\"":\""Article\"",\""headline\"":\""Campus education printing Sept back-to-school complete guide: 5 Products x 5 Materials x 12 Applications x 5 Processes | ZprintPro\"",\""datePublished\"":\""20"
"src/data/blog-data/en.json",644,"分","""content"": ""<script type=\""application/ld+json\"">\n{\""@context\"":\""https://schema.org\"",\""@type\"":\""Article\"",\""headline\"":\""Campus education printing Sept back-to-school complete guide: 5 Products x 5 Materials x 12 Applications x 5 Processes | ZprintPro\"",\""datePublished\"":\""20"
"src/data/blog-data/en.json",644,"證","""content"": ""<script type=\""application/ld+json\"">\n{\""@context\"":\""https://schema.org\"",\""@type\"":\""Article\"",\""headline\"":\""Campus education printing Sept back-to-school complete guide: 5 Products x 5 Materials x 12 Applications x 5 Processes | ZprintPro\"",\""datePublished\"":\""20"
"src/data/blog-data/en.json",644,"書","""content"": ""<script type=\""application/ld+json\"">\n{\""@context\"":\""https://schema.org\"",\""@type\"":\""Article\"",\""headline\"":\""Campus education printing Sept back-to-school complete guide: 5 Products x 5 Materials x 12 Applications x 5 Processes | ZprintPro\"",\""datePublished\"":\""20"
"src/data/blog-data/en.json",644,"編","""content"": ""<script type=\""application/ld+json\"">\n{\""@context\"":\""https://schema.org\"",\""@type\"":\""Article\"",\""headline\"":\""Campus education printing Sept back-to-school complete guide: 5 Products x 5 Materials x 12 Applications x 5 Processes | ZprintPro\"",\""datePublished\"":\""20"
"src/data/blog-data/en.json",644,"號","""content"": ""<script type=\""application/ld+json\"">\n{\""@context\"":\""https://schema.org\"",\""@type\"":\""Article\"",\""headline\"":\""Campus education printing Sept back-to-school complete guide: 5 Products x 5 Materials x 12 Applications x 5 Processes | ZprintPro\"",\""datePublished\"":\""20"
"src/data/blog-data/en.json",644,"備","""content"": ""<script type=\""application/ld+json\"">\n{\""@context\"":\""https://schema.org\"",\""@type\"":\""Article\"",\""headline\"":\""Campus education printing Sept back-to-school complete guide: 5 Products x 5 Materials x 12 Applications x 5 Processes | ZprintPro\"",\""datePublished\"":\""20"
"src/data/blog-data/en.json",644,"索","""content"": ""<script type=\""application/ld+json\"">\n{\""@context\"":\""https://schema.org\"",\""@type\"":\""Article\"",\""headline\"":\""Campus education printing Sept back-to-school complete guide: 5 Products x 5 Materials x 12 Applications x 5 Processes | ZprintPro\"",\""datePublished\"":\""20"
"src/data/blog-data/en.json",644,"證","""content"": ""<script type=\""application/ld+json\"">\n{\""@context\"":\""https://schema.org\"",\""@type\"":\""Article\"",\""headline\"":\""Campus education printing Sept back-to-school complete guide: 5 Products x 5 Materials x 12 Applications x 5 Processes | ZprintPro\"",\""datePublished\"":\""20"
"src/data/blog-data/en.json",644,"書","""content"": ""<script type=\""application/ld+json\"">\n{\""@context\"":\""https://schema.org\"",\""@type\"":\""Article\"",\""headline\"":\""Campus education printing Sept back-to-school complete guide: 5 Products x 5 Materials x 12 Applications x 5 Processes | ZprintPro\"",\""datePublished\"":\""20"
"src/data/blog-data/en.json",644,"編","""content"": ""<script type=\""application/ld+json\"">\n{\""@context\"":\""https://schema.org\"",\""@type\"":\""Article\"",\""headline\"":\""Campus education printing Sept back-to-school complete guide: 5 Products x 5 Materials x 12 Applications x 5 Processes | ZprintPro\"",\""datePublished\"":\""20"
"src/data/blog-data/en.json",644,"號","""content"": ""<script type=\""application/ld+json\"">\n{\""@context\"":\""https://schema.org\"",\""@type\"":\""Article\"",\""headline\"":\""Campus education printing Sept back-to-school complete guide: 5 Products x 5 Materials x 12 Applications x 5 Processes | ZprintPro\"",\""datePublished\"":\""20"
"src/data/blog-data/en.json",644,"備","""content"": ""<script type=\""application/ld+json\"">\n{\""@context\"":\""https://schema.org\"",\""@type\"":\""Article\"",\""headline\"":\""Campus education printing Sept back-to-school complete guide: 5 Products x 5 Materials x 12 Applications x 5 Processes | ZprintPro\"",\""datePublished\"":\""20"
"src/data/blog-data/en.json",644,"索","""content"": ""<script type=\""application/ld+json\"">\n{\""@context\"":\""https://schema.org\"",\""@type\"":\""Article\"",\""headline\"":\""Campus education printing Sept back-to-school complete guide: 5 Products x 5 Materials x 12 Applications x 5 Processes | ZprintPro\"",\""datePublished\"":\""20"
"src/data/blog-data/en.json",644,"證","""content"": ""<script type=\""application/ld+json\"">\n{\""@context\"":\""https://schema.org\"",\""@type\"":\""Article\"",\""headline\"":\""Campus education printing Sept back-to-school complete guide: 5 Products x 5 Materials x 12 Applications x 5 Processes | ZprintPro\"",\""datePublished\"":\""20"
"src/data/blog-data/en.json",644,"書","""content"": ""<script type=\""application/ld+json\"">\n{\""@context\"":\""https://schema.org\"",\""@type\"":\""Article\"",\""headline\"":\""Campus education printing Sept back-to-school complete guide: 5 Products x 5 Materials x 12 Applications x 5 Processes | ZprintPro\"",\""datePublished\"":\""20"
"src/data/blog-data/en.json",644,"編","""content"": ""<script type=\""application/ld+json\"">\n{\""@context\"":\""https://schema.org\"",\""@type\"":\""Article\"",\""headline\"":\""Campus education printing Sept back-to-school complete guide: 5 Products x 5 Materials x 12 Applications x 5 Processes | ZprintPro\"",\""datePublished\"":\""20"
"src/data/blog-data/en.json",644,"號","""content"": ""<script type=\""application/ld+json\"">\n{\""@context\"":\""https://schema.org\"",\""@type\"":\""Article\"",\""headline\"":\""Campus education printing Sept back-to-school complete guide: 5 Products x 5 Materials x 12 Applications x 5 Processes | ZprintPro\"",\""datePublished\"":\""20"
"src/data/blog-data/en.json",644,"備","""content"": ""<script type=\""application/ld+json\"">\n{\""@context\"":\""https://schema.org\"",\""@type\"":\""Article\"",\""headline\"":\""Campus education printing Sept back-to-school complete guide: 5 Products x 5 Materials x 12 Applications x 5 Processes | ZprintPro\"",\""datePublished\"":\""20"
"src/data/blog-data/en.json",644,"索","""content"": ""<script type=\""application/ld+json\"">\n{\""@context\"":\""https://schema.org\"",\""@type\"":\""Article\"",\""headline\"":\""Campus education printing Sept back-to-school complete guide: 5 Products x 5 Materials x 12 Applications x 5 Processes | ZprintPro\"",\""datePublished\"":\""20"
"src/data/blog-data/en.json",644,"證","""content"": ""<script type=\""application/ld+json\"">\n{\""@context\"":\""https://schema.org\"",\""@type\"":\""Article\"",\""headline\"":\""Campus education printing Sept back-to-school complete guide: 5 Products x 5 Materials x 12 Applications x 5 Processes | ZprintPro\"",\""datePublished\"":\""20"
"src/data/blog-data/en.json",644,"書","""content"": ""<script type=\""application/ld+json\"">\n{\""@context\"":\""https://schema.org\"",\""@type\"":\""Article\"",\""headline\"":\""Campus education printing Sept back-to-school complete guide: 5 Products x 5 Materials x 12 Applications x 5 Processes | ZprintPro\"",\""datePublished\"":\""20"
"src/data/blog-data/en.json",644,"編","""content"": ""<script type=\""application/ld+json\"">\n{\""@context\"":\""https://schema.org\"",\""@type\"":\""Article\"",\""headline\"":\""Campus education printing Sept back-to-school complete guide: 5 Products x 5 Materials x 12 Applications x 5 Processes | ZprintPro\"",\""datePublished\"":\""20"
"src/data/blog-data/en.json",644,"號","""content"": ""<script type=\""application/ld+json\"">\n{\""@context\"":\""https://schema.org\"",\""@type\"":\""Article\"",\""headline\"":\""Campus education printing Sept back-to-school complete guide: 5 Products x 5 Materials x 12 Applications x 5 Processes | ZprintPro\"",\""datePublished\"":\""20"
"src/data/blog-data/en.json",644,"備","""content"": ""<script type=\""application/ld+json\"">\n{\""@context\"":\""https://schema.org\"",\""@type\"":\""Article\"",\""headline\"":\""Campus education printing Sept back-to-school complete guide: 5 Products x 5 Materials x 12 Applications x 5 Processes | ZprintPro\"",\""datePublished\"":\""20"
"src/data/blog-data/en.json",644,"索","""content"": ""<script type=\""application/ld+json\"">\n{\""@context\"":\""https://schema.org\"",\""@type\"":\""Article\"",\""headline\"":\""Campus education printing Sept back-to-school complete guide: 5 Products x 5 Materials x 12 Applications x 5 Processes | ZprintPro\"",\""datePublished\"":\""20"
"src/data/blog-data/en.json",644,"證","""content"": ""<script type=\""application/ld+json\"">\n{\""@context\"":\""https://schema.org\"",\""@type\"":\""Article\"",\""headline\"":\""Campus education printing Sept back-to-school complete guide: 5 Products x 5 Materials x 12 Applications x 5 Processes | ZprintPro\"",\""datePublished\"":\""20"
"src/data/blog-data/en.json",644,"書","""content"": ""<script type=\""application/ld+json\"">\n{\""@context\"":\""https://schema.org\"",\""@type\"":\""Article\"",\""headline\"":\""Campus education printing Sept back-to-school complete guide: 5 Products x 5 Materials x 12 Applications x 5 Processes | ZprintPro\"",\""datePublished\"":\""20"
"src/data/blog-data/en.json",644,"編","""content"": ""<script type=\""application/ld+json\"">\n{\""@context\"":\""https://schema.org\"",\""@type\"":\""Article\"",\""headline\"":\""Campus education printing Sept back-to-school complete guide: 5 Products x 5 Materials x 12 Applications x 5 Processes | ZprintPro\"",\""datePublished\"":\""20"
"src/data/blog-data/en.json",644,"號","""content"": ""<script type=\""application/ld+json\"">\n{\""@context\"":\""https://schema.org\"",\""@type\"":\""Article\"",\""headline\"":\""Campus education printing Sept back-to-school complete guide: 5 Products x 5 Materials x 12 Applications x 5 Processes | ZprintPro\"",\""datePublished\"":\""20"
"src/data/blog-data/en.json",644,"備","""content"": ""<script type=\""application/ld+json\"">\n{\""@context\"":\""https://schema.org\"",\""@type\"":\""Article\"",\""headline\"":\""Campus education printing Sept back-to-school complete guide: 5 Products x 5 Materials x 12 Applications x 5 Processes | ZprintPro\"",\""datePublished\"":\""20"
"src/data/blog-data/en.json",644,"索","""content"": ""<script type=\""application/ld+json\"">\n{\""@context\"":\""https://schema.org\"",\""@type\"":\""Article\"",\""headline\"":\""Campus education printing Sept back-to-school complete guide: 5 Products x 5 Materials x 12 Applications x 5 Processes | ZprintPro\"",\""datePublished\"":\""20"
"src/data/blog-data/en.json",644,"證","""content"": ""<script type=\""application/ld+json\"">\n{\""@context\"":\""https://schema.org\"",\""@type\"":\""Article\"",\""headline\"":\""Campus education printing Sept back-to-school complete guide: 5 Products x 5 Materials x 12 Applications x 5 Processes | ZprintPro\"",\""datePublished\"":\""20"
"src/data/blog-data/en.json",644,"書","""content"": ""<script type=\""application/ld+json\"">\n{\""@context\"":\""https://schema.org\"",\""@type\"":\""Article\"",\""headline\"":\""Campus education printing Sept back-to-school complete guide: 5 Products x 5 Materials x 12 Applications x 5 Processes | ZprintPro\"",\""datePublished\"":\""20"
"src/data/blog-data/en.json",644,"編","""content"": ""<script type=\""application/ld+json\"">\n{\""@context\"":\""https://schema.org\"",\""@type\"":\""Article\"",\""headline\"":\""Campus education printing Sept back-to-school complete guide: 5 Products x 5 Materials x 12 Applications x 5 Processes | ZprintPro\"",\""datePublished\"":\""20"
"src/data/blog-data/en.json",644,"號","""content"": ""<script type=\""application/ld+json\"">\n{\""@context\"":\""https://schema.org\"",\""@type\"":\""Article\"",\""headline\"":\""Campus education printing Sept back-to-school complete guide: 5 Products x 5 Materials x 12 Applications x 5 Processes | ZprintPro\"",\""datePublished\"":\""20"
"src/data/blog-data/en.json",644,"備","""content"": ""<script type=\""application/ld+json\"">\n{\""@context\"":\""https://schema.org\"",\""@type\"":\""Article\"",\""headline\"":\""Campus education printing Sept back-to-school complete guide: 5 Products x 5 Materials x 12 Applications x 5 Processes | ZprintPro\"",\""datePublished\"":\""20"
"src/data/blog-data/en.json",644,"索","""content"": ""<script type=\""application/ld+json\"">\n{\""@context\"":\""https://schema.org\"",\""@type\"":\""Article\"",\""headline\"":\""Campus education printing Sept back-to-school complete guide: 5 Products x 5 Materials x 12 Applications x 5 Processes | ZprintPro\"",\""datePublished\"":\""20"
"src/data/blog-data/en.json",644,"證","""content"": ""<script type=\""application/ld+json\"">\n{\""@context\"":\""https://schema.org\"",\""@type\"":\""Article\"",\""headline\"":\""Campus education printing Sept back-to-school complete guide: 5 Products x 5 Materials x 12 Applications x 5 Processes | ZprintPro\"",\""datePublished\"":\""20"
"src/data/blog-data/en.json",644,"書","""content"": ""<script type=\""application/ld+json\"">\n{\""@context\"":\""https://schema.org\"",\""@type\"":\""Article\"",\""headline\"":\""Campus education printing Sept back-to-school complete guide: 5 Products x 5 Materials x 12 Applications x 5 Processes | ZprintPro\"",\""datePublished\"":\""20"
"src/data/blog-data/en.json",644,"編","""content"": ""<script type=\""application/ld+json\"">\n{\""@context\"":\""https://schema.org\"",\""@type\"":\""Article\"",\""headline\"":\""Campus education printing Sept back-to-school complete guide: 5 Products x 5 Materials x 12 Applications x 5 Processes | ZprintPro\"",\""datePublished\"":\""20"
"src/data/blog-data/en.json",644,"號","""content"": ""<script type=\""application/ld+json\"">\n{\""@context\"":\""https://schema.org\"",\""@type\"":\""Article\"",\""headline\"":\""Campus education printing Sept back-to-school complete guide: 5 Products x 5 Materials x 12 Applications x 5 Processes | ZprintPro\"",\""datePublished\"":\""20"
"src/data/blog-data/en.json",644,"備","""content"": ""<script type=\""application/ld+json\"">\n{\""@context\"":\""https://schema.org\"",\""@type\"":\""Article\"",\""headline\"":\""Campus education printing Sept back-to-school complete guide: 5 Products x 5 Materials x 12 Applications x 5 Processes | ZprintPro\"",\""datePublished\"":\""20"
"src/data/blog-data/en.json",644,"索","""content"": ""<script type=\""application/ld+json\"">\n{\""@context\"":\""https://schema.org\"",\""@type\"":\""Article\"",\""headline\"":\""Campus education printing Sept back-to-school complete guide: 5 Products x 5 Materials x 12 Applications x 5 Processes | ZprintPro\"",\""datePublished\"":\""20"
"src/data/blog-data/en.json",644,"證","""content"": ""<script type=\""application/ld+json\"">\n{\""@context\"":\""https://schema.org\"",\""@type\"":\""Article\"",\""headline\"":\""Campus education printing Sept back-to-school complete guide: 5 Products x 5 Materials x 12 Applications x 5 Processes | ZprintPro\"",\""datePublished\"":\""20"
"src/data/blog-data/en.json",644,"書","""content"": ""<script type=\""application/ld+json\"">\n{\""@context\"":\""https://schema.org\"",\""@type\"":\""Article\"",\""headline\"":\""Campus education printing Sept back-to-school complete guide: 5 Products x 5 Materials x 12 Applications x 5 Processes | ZprintPro\"",\""datePublished\"":\""20"
"src/data/blog-data/en.json",644,"編","""content"": ""<script type=\""application/ld+json\"">\n{\""@context\"":\""https://schema.org\"",\""@type\"":\""Article\"",\""headline\"":\""Campus education printing Sept back-to-school complete guide: 5 Products x 5 Materials x 12 Applications x 5 Processes | ZprintPro\"",\""datePublished\"":\""20"
"src/data/blog-data/en.json",644,"號","""content"": ""<script type=\""application/ld+json\"">\n{\""@context\"":\""https://schema.org\"",\""@type\"":\""Article\"",\""headline\"":\""Campus education printing Sept back-to-school complete guide: 5 Products x 5 Materials x 12 Applications x 5 Processes | ZprintPro\"",\""datePublished\"":\""20"
"src/data/blog-data/en.json",644,"備","""content"": ""<script type=\""application/ld+json\"">\n{\""@context\"":\""https://schema.org\"",\""@type\"":\""Article\"",\""headline\"":\""Campus education printing Sept back-to-school complete guide: 5 Products x 5 Materials x 12 Applications x 5 Processes | ZprintPro\"",\""datePublished\"":\""20"
"src/data/blog-data/en.json",644,"索","""content"": ""<script type=\""application/ld+json\"">\n{\""@context\"":\""https://schema.org\"",\""@type\"":\""Article\"",\""headline\"":\""Campus education printing Sept back-to-school complete guide: 5 Products x 5 Materials x 12 Applications x 5 Processes | ZprintPro\"",\""datePublished\"":\""20"
"src/data/blog-data/en.json",644,"證","""content"": ""<script type=\""application/ld+json\"">\n{\""@context\"":\""https://schema.org\"",\""@type\"":\""Article\"",\""headline\"":\""Campus education printing Sept back-to-school complete guide: 5 Products x 5 Materials x 12 Applications x 5 Processes | ZprintPro\"",\""datePublished\"":\""20"
"src/data/blog-data/en.json",644,"書","""content"": ""<script type=\""application/ld+json\"">\n{\""@context\"":\""https://schema.org\"",\""@type\"":\""Article\"",\""headline\"":\""Campus education printing Sept back-to-school complete guide: 5 Products x 5 Materials x 12 Applications x 5 Processes | ZprintPro\"",\""datePublished\"":\""20"
"src/data/blog-data/en.json",644,"編","""content"": ""<script type=\""application/ld+json\"">\n{\""@context\"":\""https://schema.org\"",\""@type\"":\""Article\"",\""headline\"":\""Campus education printing Sept back-to-school complete guide: 5 Products x 5 Materials x 12 Applications x 5 Processes | ZprintPro\"",\""datePublished\"":\""20"
"src/data/blog-data/en.json",644,"號","""content"": ""<script type=\""application/ld+json\"">\n{\""@context\"":\""https://schema.org\"",\""@type\"":\""Article\"",\""headline\"":\""Campus education printing Sept back-to-school complete guide: 5 Products x 5 Materials x 12 Applications x 5 Processes | ZprintPro\"",\""datePublished\"":\""20"
"src/data/blog-data/en.json",644,"備","""content"": ""<script type=\""application/ld+json\"">\n{\""@context\"":\""https://schema.org\"",\""@type\"":\""Article\"",\""headline\"":\""Campus education printing Sept back-to-school complete guide: 5 Products x 5 Materials x 12 Applications x 5 Processes | ZprintPro\"",\""datePublished\"":\""20"
"src/data/blog-data/en.json",644,"索","""content"": ""<script type=\""application/ld+json\"">\n{\""@context\"":\""https://schema.org\"",\""@type\"":\""Article\"",\""headline\"":\""Campus education printing Sept back-to-school complete guide: 5 Products x 5 Materials x 12 Applications x 5 Processes | ZprintPro\"",\""datePublished\"":\""20"
"src/data/blog-data/en.json",644,"證","""content"": ""<script type=\""application/ld+json\"">\n{\""@context\"":\""https://schema.org\"",\""@type\"":\""Article\"",\""headline\"":\""Campus education printing Sept back-to-school complete guide: 5 Products x 5 Materials x 12 Applications x 5 Processes | ZprintPro\"",\""datePublished\"":\""20"
"src/data/blog-data/en.json",644,"書","""content"": ""<script type=\""application/ld+json\"">\n{\""@context\"":\""https://schema.org\"",\""@type\"":\""Article\"",\""headline\"":\""Campus education printing Sept back-to-school complete guide: 5 Products x 5 Materials x 12 Applications x 5 Processes | ZprintPro\"",\""datePublished\"":\""20"
"src/data/blog-data/en.json",644,"編","""content"": ""<script type=\""application/ld+json\"">\n{\""@context\"":\""https://schema.org\"",\""@type\"":\""Article\"",\""headline\"":\""Campus education printing Sept back-to-school complete guide: 5 Products x 5 Materials x 12 Applications x 5 Processes | ZprintPro\"",\""datePublished\"":\""20"
"src/data/blog-data/en.json",644,"號","""content"": ""<script type=\""application/ld+json\"">\n{\""@context\"":\""https://schema.org\"",\""@type\"":\""Article\"",\""headline\"":\""Campus education printing Sept back-to-school complete guide: 5 Products x 5 Materials x 12 Applications x 5 Processes | ZprintPro\"",\""datePublished\"":\""20"
"src/data/blog-data/en.json",644,"備","""content"": ""<script type=\""application/ld+json\"">\n{\""@context\"":\""https://schema.org\"",\""@type\"":\""Article\"",\""headline\"":\""Campus education printing Sept back-to-school complete guide: 5 Products x 5 Materials x 12 Applications x 5 Processes | ZprintPro\"",\""datePublished\"":\""20"
"src/data/blog-data/en.json",644,"索","""content"": ""<script type=\""application/ld+json\"">\n{\""@context\"":\""https://schema.org\"",\""@type\"":\""Article\"",\""headline\"":\""Campus education printing Sept back-to-school complete guide: 5 Products x 5 Materials x 12 Applications x 5 Processes | ZprintPro\"",\""datePublished\"":\""20"
"src/data/blog-data/en.json",644,"證","""content"": ""<script type=\""application/ld+json\"">\n{\""@context\"":\""https://schema.org\"",\""@type\"":\""Article\"",\""headline\"":\""Campus education printing Sept back-to-school complete guide: 5 Products x 5 Materials x 12 Applications x 5 Processes | ZprintPro\"",\""datePublished\"":\""20"
"src/data/blog-data/en.json",644,"書","""content"": ""<script type=\""application/ld+json\"">\n{\""@context\"":\""https://schema.org\"",\""@type\"":\""Article\"",\""headline\"":\""Campus education printing Sept back-to-school complete guide: 5 Products x 5 Materials x 12 Applications x 5 Processes | ZprintPro\"",\""datePublished\"":\""20"
"src/data/blog-data/en.json",644,"編","""content"": ""<script type=\""application/ld+json\"">\n{\""@context\"":\""https://schema.org\"",\""@type\"":\""Article\"",\""headline\"":\""Campus education printing Sept back-to-school complete guide: 5 Products x 5 Materials x 12 Applications x 5 Processes | ZprintPro\"",\""datePublished\"":\""20"
"src/data/blog-data/en.json",644,"號","""content"": ""<script type=\""application/ld+json\"">\n{\""@context\"":\""https://schema.org\"",\""@type\"":\""Article\"",\""headline\"":\""Campus education printing Sept back-to-school complete guide: 5 Products x 5 Materials x 12 Applications x 5 Processes | ZprintPro\"",\""datePublished\"":\""20"
"src/data/blog-data/en.json",644,"備","""content"": ""<script type=\""application/ld+json\"">\n{\""@context\"":\""https://schema.org\"",\""@type\"":\""Article\"",\""headline\"":\""Campus education printing Sept back-to-school complete guide: 5 Products x 5 Materials x 12 Applications x 5 Processes | ZprintPro\"",\""datePublished\"":\""20"
"src/data/blog-data/en.json",644,"索","""content"": ""<script type=\""application/ld+json\"">\n{\""@context\"":\""https://schema.org\"",\""@type\"":\""Article\"",\""headline\"":\""Campus education printing Sept back-to-school complete guide: 5 Products x 5 Materials x 12 Applications x 5 Processes | ZprintPro\"",\""datePublished\"":\""20"
"src/data/blog-data/en.json",644,"答","""content"": ""<script type=\""application/ld+json\"">\n{\""@context\"":\""https://schema.org\"",\""@type\"":\""Article\"",\""headline\"":\""Campus education printing Sept back-to-school complete guide: 5 Products x 5 Materials x 12 Applications x 5 Processes | ZprintPro\"",\""datePublished\"":\""20"
"src/data/blog-data/en.json",644,"案","""content"": ""<script type=\""application/ld+json\"">\n{\""@context\"":\""https://schema.org\"",\""@type\"":\""Article\"",\""headline\"":\""Campus education printing Sept back-to-school complete guide: 5 Products x 5 Materials x 12 Applications x 5 Processes | ZprintPro\"",\""datePublished\"":\""20"
"src/data/blog-data/en.json",644,"答","""content"": ""<script type=\""application/ld+json\"">\n{\""@context\"":\""https://schema.org\"",\""@type\"":\""Article\"",\""headline\"":\""Campus education printing Sept back-to-school complete guide: 5 Products x 5 Materials x 12 Applications x 5 Processes | ZprintPro\"",\""datePublished\"":\""20"
"src/data/blog-data/en.json",644,"案","""content"": ""<script type=\""application/ld+json\"">\n{\""@context\"":\""https://schema.org\"",\""@type\"":\""Article\"",\""headline\"":\""Campus education printing Sept back-to-school complete guide: 5 Products x 5 Materials x 12 Applications x 5 Processes | ZprintPro\"",\""datePublished\"":\""20"
"src/data/blog-data/en.json",644,"答","""content"": ""<script type=\""application/ld+json\"">\n{\""@context\"":\""https://schema.org\"",\""@type\"":\""Article\"",\""headline\"":\""Campus education printing Sept back-to-school complete guide: 5 Products x 5 Materials x 12 Applications x 5 Processes | ZprintPro\"",\""datePublished\"":\""20"
"src/data/blog-data/en.json",644,"案","""content"": ""<script type=\""application/ld+json\"">\n{\""@context\"":\""https://schema.org\"",\""@type\"":\""Article\"",\""headline\"":\""Campus education printing Sept back-to-school complete guide: 5 Products x 5 Materials x 12 Applications x 5 Processes | ZprintPro\"",\""datePublished\"":\""20"
"src/data/blog-data/en.json",644,"答","""content"": ""<script type=\""application/ld+json\"">\n{\""@context\"":\""https://schema.org\"",\""@type\"":\""Article\"",\""headline\"":\""Campus education printing Sept back-to-school complete guide: 5 Products x 5 Materials x 12 Applications x 5 Processes | ZprintPro\"",\""datePublished\"":\""20"
"src/data/blog-data/en.json",644,"案","""content"": ""<script type=\""application/ld+json\"">\n{\""@context\"":\""https://schema.org\"",\""@type\"":\""Article\"",\""headline\"":\""Campus education printing Sept back-to-school complete guide: 5 Products x 5 Materials x 12 Applications x 5 Processes | ZprintPro\"",\""datePublished\"":\""20"
"src/data/blog-data/en.json",644,"答","""content"": ""<script type=\""application/ld+json\"">\n{\""@context\"":\""https://schema.org\"",\""@type\"":\""Article\"",\""headline\"":\""Campus education printing Sept back-to-school complete guide: 5 Products x 5 Materials x 12 Applications x 5 Processes | ZprintPro\"",\""datePublished\"":\""20"
"src/data/blog-data/en.json",644,"案","""content"": ""<script type=\""application/ld+json\"">\n{\""@context\"":\""https://schema.org\"",\""@type\"":\""Article\"",\""headline\"":\""Campus education printing Sept back-to-school complete guide: 5 Products x 5 Materials x 12 Applications x 5 Processes | ZprintPro\"",\""datePublished\"":\""20"
"src/data/blog-data/en.json",644,"答","""content"": ""<script type=\""application/ld+json\"">\n{\""@context\"":\""https://schema.org\"",\""@type\"":\""Article\"",\""headline\"":\""Campus education printing Sept back-to-school complete guide: 5 Products x 5 Materials x 12 Applications x 5 Processes | ZprintPro\"",\""datePublished\"":\""20"
"src/data/blog-data/en.json",644,"案","""content"": ""<script type=\""application/ld+json\"">\n{\""@context\"":\""https://schema.org\"",\""@type\"":\""Article\"",\""headline\"":\""Campus education printing Sept back-to-school complete guide: 5 Products x 5 Materials x 12 Applications x 5 Processes | ZprintPro\"",\""datePublished\"":\""20"
"src/data/blog-data/en.json",644,"答","""content"": ""<script type=\""application/ld+json\"">\n{\""@context\"":\""https://schema.org\"",\""@type\"":\""Article\"",\""headline\"":\""Campus education printing Sept back-to-school complete guide: 5 Products x 5 Materials x 12 Applications x 5 Processes | ZprintPro\"",\""datePublished\"":\""20"
"src/data/blog-data/en.json",644,"案","""content"": ""<script type=\""application/ld+json\"">\n{\""@context\"":\""https://schema.org\"",\""@type\"":\""Article\"",\""headline\"":\""Campus education printing Sept back-to-school complete guide: 5 Products x 5 Materials x 12 Applications x 5 Processes | ZprintPro\"",\""datePublished\"":\""20"
"src/data/blog-data/en.json",644,"答","""content"": ""<script type=\""application/ld+json\"">\n{\""@context\"":\""https://schema.org\"",\""@type\"":\""Article\"",\""headline\"":\""Campus education printing Sept back-to-school complete guide: 5 Products x 5 Materials x 12 Applications x 5 Processes | ZprintPro\"",\""datePublished\"":\""20"
"src/data/blog-data/en.json",644,"案","""content"": ""<script type=\""application/ld+json\"">\n{\""@context\"":\""https://schema.org\"",\""@type\"":\""Article\"",\""headline\"":\""Campus education printing Sept back-to-school complete guide: 5 Products x 5 Materials x 12 Applications x 5 Processes | ZprintPro\"",\""datePublished\"":\""20"
"src/data/blog-data/en.json",644,"答","""content"": ""<script type=\""application/ld+json\"">\n{\""@context\"":\""https://schema.org\"",\""@type\"":\""Article\"",\""headline\"":\""Campus education printing Sept back-to-school complete guide: 5 Products x 5 Materials x 12 Applications x 5 Processes | ZprintPro\"",\""datePublished\"":\""20"
"src/data/blog-data/en.json",644,"案","""content"": ""<script type=\""application/ld+json\"">\n{\""@context\"":\""https://schema.org\"",\""@type\"":\""Article\"",\""headline\"":\""Campus education printing Sept back-to-school complete guide: 5 Products x 5 Materials x 12 Applications x 5 Processes | ZprintPro\"",\""datePublished\"":\""20"
"src/data/blog-data/en.json",644,"答","""content"": ""<script type=\""application/ld+json\"">\n{\""@context\"":\""https://schema.org\"",\""@type\"":\""Article\"",\""headline\"":\""Campus education printing Sept back-to-school complete guide: 5 Products x 5 Materials x 12 Applications x 5 Processes | ZprintPro\"",\""datePublished\"":\""20"
"src/data/blog-data/en.json",644,"案","""content"": ""<script type=\""application/ld+json\"">\n{\""@context\"":\""https://schema.org\"",\""@type\"":\""Article\"",\""headline\"":\""Campus education printing Sept back-to-school complete guide: 5 Products x 5 Materials x 12 Applications x 5 Processes | ZprintPro\"",\""datePublished\"":\""20"
"src/data/blog-data/en.json",644,"答","""content"": ""<script type=\""application/ld+json\"">\n{\""@context\"":\""https://schema.org\"",\""@type\"":\""Article\"",\""headline\"":\""Campus education printing Sept back-to-school complete guide: 5 Products x 5 Materials x 12 Applications x 5 Processes | ZprintPro\"",\""datePublished\"":\""20"
"src/data/blog-data/en.json",644,"案","""content"": ""<script type=\""application/ld+json\"">\n{\""@context\"":\""https://schema.org\"",\""@type\"":\""Article\"",\""headline\"":\""Campus education printing Sept back-to-school complete guide: 5 Products x 5 Materials x 12 Applications x 5 Processes | ZprintPro\"",\""datePublished\"":\""20"
"src/data/blog-data/en.json",644,"答","""content"": ""<script type=\""application/ld+json\"">\n{\""@context\"":\""https://schema.org\"",\""@type\"":\""Article\"",\""headline\"":\""Campus education printing Sept back-to-school complete guide: 5 Products x 5 Materials x 12 Applications x 5 Processes | ZprintPro\"",\""datePublished\"":\""20"
"src/data/blog-data/en.json",644,"案","""content"": ""<script type=\""application/ld+json\"">\n{\""@context\"":\""https://schema.org\"",\""@type\"":\""Article\"",\""headline\"":\""Campus education printing Sept back-to-school complete guide: 5 Products x 5 Materials x 12 Applications x 5 Processes | ZprintPro\"",\""datePublished\"":\""20"
"src/data/blog-data/en.json",677,"並","""content"": ""<script type=\""application/ld+json\"">\n{\""@context\"":\""https://schema.org\"",\""@type\"":\""Article\"",\""headline\"":\""2026 Hong Kong Printing Cost Baseline Report: 99-SKU Price Data for Stickers, Flyers, Books, Packaging & 12 More Categories\"",\""datePublished\"":\""2026-09-0"
"src/data/blog-data/en.json",677,"製","""content"": ""<script type=\""application/ld+json\"">\n{\""@context\"":\""https://schema.org\"",\""@type\"":\""Article\"",\""headline\"":\""2026 Hong Kong Printing Cost Baseline Report: 99-SKU Price Data for Stickers, Flyers, Books, Packaging & 12 More Categories\"",\""datePublished\"":\""2026-09-0"
"src/data/blog-data/en.json",677,"本","""content"": ""<script type=\""application/ld+json\"">\n{\""@context\"":\""https://schema.org\"",\""@type\"":\""Article\"",\""headline\"":\""2026 Hong Kong Printing Cost Baseline Report: 99-SKU Price Data for Stickers, Flyers, Books, Packaging & 12 More Categories\"",\""datePublished\"":\""2026-09-0"
"src/data/blog-data/en.json",677,"上","""content"": ""<script type=\""application/ld+json\"">\n{\""@context\"":\""https://schema.org\"",\""@type\"":\""Article\"",\""headline\"":\""2026 Hong Kong Printing Cost Baseline Report: 99-SKU Price Data for Stickers, Flyers, Books, Packaging & 12 More Categories\"",\""datePublished\"":\""2026-09-0"
"src/data/blog-data/en.json",677,"製","""content"": ""<script type=\""application/ld+json\"">\n{\""@context\"":\""https://schema.org\"",\""@type\"":\""Article\"",\""headline\"":\""2026 Hong Kong Printing Cost Baseline Report: 99-SKU Price Data for Stickers, Flyers, Books, Packaging & 12 More Categories\"",\""datePublished\"":\""2026-09-0"
"src/data/blog-data/en.json",677,"本","""content"": ""<script type=\""application/ld+json\"">\n{\""@context\"":\""https://schema.org\"",\""@type\"":\""Article\"",\""headline\"":\""2026 Hong Kong Printing Cost Baseline Report: 99-SKU Price Data for Stickers, Flyers, Books, Packaging & 12 More Categories\"",\""datePublished\"":\""2026-09-0"
"src/data/blog-data/en.json",691,"證","""content"": ""<script type=\""application/ld+json\"">\n{\""@context\"":\""https://schema.org\"",\""@type\"":\""Article\"",\""headline\"":\""Print Specifications Complete Guide 2026: A1-A6 Sizes, CMYK Colors & 6 Print Modes\"",\""datePublished\"":\""2026-09-06\"",\""dateModified\"":\""2026-09-06\"","
"src/data/blog-data/en.json",691,"書","""content"": ""<script type=\""application/ld+json\"">\n{\""@context\"":\""https://schema.org\"",\""@type\"":\""Article\"",\""headline\"":\""Print Specifications Complete Guide 2026: A1-A6 Sizes, CMYK Colors & 6 Print Modes\"",\""datePublished\"":\""2026-09-06\"",\""dateModified\"":\""2026-09-06\"","
"src/data/blog-data/en.json",691,"編","""content"": ""<script type=\""application/ld+json\"">\n{\""@context\"":\""https://schema.org\"",\""@type\"":\""Article\"",\""headline\"":\""Print Specifications Complete Guide 2026: A1-A6 Sizes, CMYK Colors & 6 Print Modes\"",\""datePublished\"":\""2026-09-06\"",\""dateModified\"":\""2026-09-06\"","
"src/data/blog-data/en.json",691,"號","""content"": ""<script type=\""application/ld+json\"">\n{\""@context\"":\""https://schema.org\"",\""@type\"":\""Article\"",\""headline\"":\""Print Specifications Complete Guide 2026: A1-A6 Sizes, CMYK Colors & 6 Print Modes\"",\""datePublished\"":\""2026-09-06\"",\""dateModified\"":\""2026-09-06\"","
"src/data/blog-data/en.json",691,"備","""content"": ""<script type=\""application/ld+json\"">\n{\""@context\"":\""https://schema.org\"",\""@type\"":\""Article\"",\""headline\"":\""Print Specifications Complete Guide 2026: A1-A6 Sizes, CMYK Colors & 6 Print Modes\"",\""datePublished\"":\""2026-09-06\"",\""dateModified\"":\""2026-09-06\"","
"src/data/blog-data/en.json",691,"索","""content"": ""<script type=\""application/ld+json\"">\n{\""@context\"":\""https://schema.org\"",\""@type\"":\""Article\"",\""headline\"":\""Print Specifications Complete Guide 2026: A1-A6 Sizes, CMYK Colors & 6 Print Modes\"",\""datePublished\"":\""2026-09-06\"",\""dateModified\"":\""2026-09-06\"","
"src/data/blog-data/en.json",691,"證","""content"": ""<script type=\""application/ld+json\"">\n{\""@context\"":\""https://schema.org\"",\""@type\"":\""Article\"",\""headline\"":\""Print Specifications Complete Guide 2026: A1-A6 Sizes, CMYK Colors & 6 Print Modes\"",\""datePublished\"":\""2026-09-06\"",\""dateModified\"":\""2026-09-06\"","
"src/data/blog-data/en.json",691,"書","""content"": ""<script type=\""application/ld+json\"">\n{\""@context\"":\""https://schema.org\"",\""@type\"":\""Article\"",\""headline\"":\""Print Specifications Complete Guide 2026: A1-A6 Sizes, CMYK Colors & 6 Print Modes\"",\""datePublished\"":\""2026-09-06\"",\""dateModified\"":\""2026-09-06\"","
"src/data/blog-data/en.json",691,"編","""content"": ""<script type=\""application/ld+json\"">\n{\""@context\"":\""https://schema.org\"",\""@type\"":\""Article\"",\""headline\"":\""Print Specifications Complete Guide 2026: A1-A6 Sizes, CMYK Colors & 6 Print Modes\"",\""datePublished\"":\""2026-09-06\"",\""dateModified\"":\""2026-09-06\"","
"src/data/blog-data/en.json",691,"號","""content"": ""<script type=\""application/ld+json\"">\n{\""@context\"":\""https://schema.org\"",\""@type\"":\""Article\"",\""headline\"":\""Print Specifications Complete Guide 2026: A1-A6 Sizes, CMYK Colors & 6 Print Modes\"",\""datePublished\"":\""2026-09-06\"",\""dateModified\"":\""2026-09-06\"","
"src/data/blog-data/en.json",691,"備","""content"": ""<script type=\""application/ld+json\"">\n{\""@context\"":\""https://schema.org\"",\""@type\"":\""Article\"",\""headline\"":\""Print Specifications Complete Guide 2026: A1-A6 Sizes, CMYK Colors & 6 Print Modes\"",\""datePublished\"":\""2026-09-06\"",\""dateModified\"":\""2026-09-06\"","
"src/data/blog-data/en.json",691,"索","""content"": ""<script type=\""application/ld+json\"">\n{\""@context\"":\""https://schema.org\"",\""@type\"":\""Article\"",\""headline\"":\""Print Specifications Complete Guide 2026: A1-A6 Sizes, CMYK Colors & 6 Print Modes\"",\""datePublished\"":\""2026-09-06\"",\""dateModified\"":\""2026-09-06\"","
"src/data/blog-data/en.json",691,"證","""content"": ""<script type=\""application/ld+json\"">\n{\""@context\"":\""https://schema.org\"",\""@type\"":\""Article\"",\""headline\"":\""Print Specifications Complete Guide 2026: A1-A6 Sizes, CMYK Colors & 6 Print Modes\"",\""datePublished\"":\""2026-09-06\"",\""dateModified\"":\""2026-09-06\"","
"src/data/blog-data/en.json",691,"書","""content"": ""<script type=\""application/ld+json\"">\n{\""@context\"":\""https://schema.org\"",\""@type\"":\""Article\"",\""headline\"":\""Print Specifications Complete Guide 2026: A1-A6 Sizes, CMYK Colors & 6 Print Modes\"",\""datePublished\"":\""2026-09-06\"",\""dateModified\"":\""2026-09-06\"","
"src/data/blog-data/en.json",691,"編","""content"": ""<script type=\""application/ld+json\"">\n{\""@context\"":\""https://schema.org\"",\""@type\"":\""Article\"",\""headline\"":\""Print Specifications Complete Guide 2026: A1-A6 Sizes, CMYK Colors & 6 Print Modes\"",\""datePublished\"":\""2026-09-06\"",\""dateModified\"":\""2026-09-06\"","
"src/data/blog-data/en.json",691,"號","""content"": ""<script type=\""application/ld+json\"">\n{\""@context\"":\""https://schema.org\"",\""@type\"":\""Article\"",\""headline\"":\""Print Specifications Complete Guide 2026: A1-A6 Sizes, CMYK Colors & 6 Print Modes\"",\""datePublished\"":\""2026-09-06\"",\""dateModified\"":\""2026-09-06\"","
"src/data/blog-data/en.json",691,"備","""content"": ""<script type=\""application/ld+json\"">\n{\""@context\"":\""https://schema.org\"",\""@type\"":\""Article\"",\""headline\"":\""Print Specifications Complete Guide 2026: A1-A6 Sizes, CMYK Colors & 6 Print Modes\"",\""datePublished\"":\""2026-09-06\"",\""dateModified\"":\""2026-09-06\"","
"src/data/blog-data/en.json",691,"索","""content"": ""<script type=\""application/ld+json\"">\n{\""@context\"":\""https://schema.org\"",\""@type\"":\""Article\"",\""headline\"":\""Print Specifications Complete Guide 2026: A1-A6 Sizes, CMYK Colors & 6 Print Modes\"",\""datePublished\"":\""2026-09-06\"",\""dateModified\"":\""2026-09-06\"","
"src/data/blog-data/en.json",702,"書","""category"": ""書籍印刷"","
"src/data/blog-data/en.json",702,"籍","""category"": ""書籍印刷"","
"src/data/blog-data/en.json",702,"印","""category"": ""書籍印刷"","
"src/data/blog-data/en.json",702,"刷","""category"": ""書籍印刷"","
"src/data/blog-data/en.json",709,"认","""description"": ""School exercise book printing 100 MOQ, 4 paper stocks + 3 bindings + 4 print modes ZprintPro global clients, ISO 认证体系 + FSC + FDA + EU REACH, DHL 2-4 day, 30s WhatsApp quote."","
"src/data/blog-data/en.json",709,"证","""description"": ""School exercise book printing 100 MOQ, 4 paper stocks + 3 bindings + 4 print modes ZprintPro global clients, ISO 认证体系 + FSC + FDA + EU REACH, DHL 2-4 day, 30s WhatsApp quote."","
"src/data/blog-data/en.json",709,"体","""description"": ""School exercise book printing 100 MOQ, 4 paper stocks + 3 bindings + 4 print modes ZprintPro global clients, ISO 认证体系 + FSC + FDA + EU REACH, DHL 2-4 day, 30s WhatsApp quote."","
"src/data/blog-data/en.json",709,"系","""description"": ""School exercise book printing 100 MOQ, 4 paper stocks + 3 bindings + 4 print modes ZprintPro global clients, ISO 认证体系 + FSC + FDA + EU REACH, DHL 2-4 day, 30s WhatsApp quote."","
"src/data/blog-data/en.json",712,"认","""content"": ""<script type=\""application/ld+json\"">\n{\""@context\"":\""https://schema.org\"",\""@type\"":\""Article\"",\""headline\"":\""School Exercise Book Printing Guide 2026: 4 Stocks 3 Bindings 100 MOQ\"",\""datePublished\"":\""2026-09-17\"",\""dateModified\"":\""2026-09-17\"",\""author\"":"
"src/data/blog-data/en.json",712,"证","""content"": ""<script type=\""application/ld+json\"">\n{\""@context\"":\""https://schema.org\"",\""@type\"":\""Article\"",\""headline\"":\""School Exercise Book Printing Guide 2026: 4 Stocks 3 Bindings 100 MOQ\"",\""datePublished\"":\""2026-09-17\"",\""dateModified\"":\""2026-09-17\"",\""author\"":"
"src/data/blog-data/en.json",712,"体","""content"": ""<script type=\""application/ld+json\"">\n{\""@context\"":\""https://schema.org\"",\""@type\"":\""Article\"",\""headline\"":\""School Exercise Book Printing Guide 2026: 4 Stocks 3 Bindings 100 MOQ\"",\""datePublished\"":\""2026-09-17\"",\""dateModified\"":\""2026-09-17\"",\""author\"":"
"src/data/blog-data/en.json",712,"系","""content"": ""<script type=\""application/ld+json\"">\n{\""@context\"":\""https://schema.org\"",\""@type\"":\""Article\"",\""headline\"":\""School Exercise Book Printing Guide 2026: 4 Stocks 3 Bindings 100 MOQ\"",\""datePublished\"":\""2026-09-17\"",\""dateModified\"":\""2026-09-17\"",\""author\"":"
"src/data/blog-data/en.json",712,"月","""content"": ""<script type=\""application/ld+json\"">\n{\""@context\"":\""https://schema.org\"",\""@type\"":\""Article\"",\""headline\"":\""School Exercise Book Printing Guide 2026: 4 Stocks 3 Bindings 100 MOQ\"",\""datePublished\"":\""2026-09-17\"",\""dateModified\"":\""2026-09-17\"",\""author\"":"
"src/data/blog-data/en.json",712,"月","""content"": ""<script type=\""application/ld+json\"">\n{\""@context\"":\""https://schema.org\"",\""@type\"":\""Article\"",\""headline\"":\""School Exercise Book Printing Guide 2026: 4 Stocks 3 Bindings 100 MOQ\"",\""datePublished\"":\""2026-09-17\"",\""dateModified\"":\""2026-09-17\"",\""author\"":"
"src/data/blog-data/en.json",712,"认","""content"": ""<script type=\""application/ld+json\"">\n{\""@context\"":\""https://schema.org\"",\""@type\"":\""Article\"",\""headline\"":\""School Exercise Book Printing Guide 2026: 4 Stocks 3 Bindings 100 MOQ\"",\""datePublished\"":\""2026-09-17\"",\""dateModified\"":\""2026-09-17\"",\""author\"":"
"src/data/blog-data/en.json",712,"证","""content"": ""<script type=\""application/ld+json\"">\n{\""@context\"":\""https://schema.org\"",\""@type\"":\""Article\"",\""headline\"":\""School Exercise Book Printing Guide 2026: 4 Stocks 3 Bindings 100 MOQ\"",\""datePublished\"":\""2026-09-17\"",\""dateModified\"":\""2026-09-17\"",\""author\"":"
"src/data/blog-data/en.json",712,"体","""content"": ""<script type=\""application/ld+json\"">\n{\""@context\"":\""https://schema.org\"",\""@type\"":\""Article\"",\""headline\"":\""School Exercise Book Printing Guide 2026: 4 Stocks 3 Bindings 100 MOQ\"",\""datePublished\"":\""2026-09-17\"",\""dateModified\"":\""2026-09-17\"",\""author\"":"
"src/data/blog-data/en.json",712,"系","""content"": ""<script type=\""application/ld+json\"">\n{\""@context\"":\""https://schema.org\"",\""@type\"":\""Article\"",\""headline\"":\""School Exercise Book Printing Guide 2026: 4 Stocks 3 Bindings 100 MOQ\"",\""datePublished\"":\""2026-09-17\"",\""dateModified\"":\""2026-09-17\"",\""author\"":"
"src/data/blog-data/en.json",712,"认","""content"": ""<script type=\""application/ld+json\"">\n{\""@context\"":\""https://schema.org\"",\""@type\"":\""Article\"",\""headline\"":\""School Exercise Book Printing Guide 2026: 4 Stocks 3 Bindings 100 MOQ\"",\""datePublished\"":\""2026-09-17\"",\""dateModified\"":\""2026-09-17\"",\""author\"":"
"src/data/blog-data/en.json",712,"证","""content"": ""<script type=\""application/ld+json\"">\n{\""@context\"":\""https://schema.org\"",\""@type\"":\""Article\"",\""headline\"":\""School Exercise Book Printing Guide 2026: 4 Stocks 3 Bindings 100 MOQ\"",\""datePublished\"":\""2026-09-17\"",\""dateModified\"":\""2026-09-17\"",\""author\"":"
"src/data/blog-data/en.json",712,"认","""content"": ""<script type=\""application/ld+json\"">\n{\""@context\"":\""https://schema.org\"",\""@type\"":\""Article\"",\""headline\"":\""School Exercise Book Printing Guide 2026: 4 Stocks 3 Bindings 100 MOQ\"",\""datePublished\"":\""2026-09-17\"",\""dateModified\"":\""2026-09-17\"",\""author\"":"
"src/data/blog-data/en.json",712,"证","""content"": ""<script type=\""application/ld+json\"">\n{\""@context\"":\""https://schema.org\"",\""@type\"":\""Article\"",\""headline\"":\""School Exercise Book Printing Guide 2026: 4 Stocks 3 Bindings 100 MOQ\"",\""datePublished\"":\""2026-09-17\"",\""dateModified\"":\""2026-09-17\"",\""author\"":"
"src/data/blog-data/en.json",712,"体","""content"": ""<script type=\""application/ld+json\"">\n{\""@context\"":\""https://schema.org\"",\""@type\"":\""Article\"",\""headline\"":\""School Exercise Book Printing Guide 2026: 4 Stocks 3 Bindings 100 MOQ\"",\""datePublished\"":\""2026-09-17\"",\""dateModified\"":\""2026-09-17\"",\""author\"":"
"src/data/blog-data/en.json",712,"系","""content"": ""<script type=\""application/ld+json\"">\n{\""@context\"":\""https://schema.org\"",\""@type\"":\""Article\"",\""headline\"":\""School Exercise Book Printing Guide 2026: 4 Stocks 3 Bindings 100 MOQ\"",\""datePublished\"":\""2026-09-17\"",\""dateModified\"":\""2026-09-17\"",\""author\"":"
"src/data/blog-data/en.json",728,"彩","""content"": ""<p>If you are printing a zine in 2026, the two questions that decide everything are <strong>how many copies you must order</strong> and <strong>what one copy costs</strong>. Saddle-stitched zines start at <strong>100 copies, HK$6-32 per copy</strong>, dropping to <strong>HK$1.20 per c"
"src/data/blog-data/en.json",728,"龍","""content"": ""<p>If you are printing a zine in 2026, the two questions that decide everything are <strong>how many copies you must order</strong> and <strong>what one copy costs</strong>. Saddle-stitched zines start at <strong>100 copies, HK$6-32 per copy</strong>, dropping to <strong>HK$1.20 per c"
"src/data/blog-data/en.json",728,"印","""content"": ""<p>If you are printing a zine in 2026, the two questions that decide everything are <strong>how many copies you must order</strong> and <strong>what one copy costs</strong>. Saddle-stitched zines start at <strong>100 copies, HK$6-32 per copy</strong>, dropping to <strong>HK$1.20 per c"
"src/data/blog-data/en.json",728,"刷","""content"": ""<p>If you are printing a zine in 2026, the two questions that decide everything are <strong>how many copies you must order</strong> and <strong>what one copy costs</strong>. Saddle-stitched zines start at <strong>100 copies, HK$6-32 per copy</strong>, dropping to <strong>HK$1.20 per c"
"src/data/blog-posts.ts",1834,"认","en: 'School exercise book printing 100 MOQ, 4 paper stocks + 3 bindings + 4 print modes ZprintPro global clients, ISO 认证体系 + FSC + FDA + EU REACH certified, DHL 2-4 day cross-border, 30s WhatsApp quote.',"
"src/data/blog-posts.ts",1834,"证","en: 'School exercise book printing 100 MOQ, 4 paper stocks + 3 bindings + 4 print modes ZprintPro global clients, ISO 认证体系 + FSC + FDA + EU REACH certified, DHL 2-4 day cross-border, 30s WhatsApp quote.',"
"src/data/blog-posts.ts",1834,"体","en: 'School exercise book printing 100 MOQ, 4 paper stocks + 3 bindings + 4 print modes ZprintPro global clients, ISO 认证体系 + FSC + FDA + EU REACH certified, DHL 2-4 day cross-border, 30s WhatsApp quote.',"
"src/data/blog-posts.ts",1834,"系","en: 'School exercise book printing 100 MOQ, 4 paper stocks + 3 bindings + 4 print modes ZprintPro global clients, ISO 认证体系 + FSC + FDA + EU REACH certified, DHL 2-4 day cross-border, 30s WhatsApp quote.',"
"src/data/buying-guides.ts",930,"輸","en: '<p>Candle and soap labels need <strong>FDA food-safe materials</strong>, <strong>water-resistant finishes</strong>, and <strong>small-batch MOQ (100-500 pcs)</strong> to survive handmade soap lather and candle wax warming. This guide uses the real specs of <a href=""/en/product/fruit-food-label"
"src/data/buying-guides.ts",930,"入","en: '<p>Candle and soap labels need <strong>FDA food-safe materials</strong>, <strong>water-resistant finishes</strong>, and <strong>small-batch MOQ (100-500 pcs)</strong> to survive handmade soap lather and candle wax warming. This guide uses the real specs of <a href=""/en/product/fruit-food-label"
"src/data/buying-guides.ts",930,"六","en: '<p>Candle and soap labels need <strong>FDA food-safe materials</strong>, <strong>water-resistant finishes</strong>, and <strong>small-batch MOQ (100-500 pcs)</strong> to survive handmade soap lather and candle wax warming. This guide uses the real specs of <a href=""/en/product/fruit-food-label"
"src/data/buying-guides.ts",930,"色","en: '<p>Candle and soap labels need <strong>FDA food-safe materials</strong>, <strong>water-resistant finishes</strong>, and <strong>small-batch MOQ (100-500 pcs)</strong> to survive handmade soap lather and candle wax warming. This guide uses the real specs of <a href=""/en/product/fruit-food-label"
"src/data/buying-guides.ts",930,"印","en: '<p>Candle and soap labels need <strong>FDA food-safe materials</strong>, <strong>water-resistant finishes</strong>, and <strong>small-batch MOQ (100-500 pcs)</strong> to survive handmade soap lather and candle wax warming. This guide uses the real specs of <a href=""/en/product/fruit-food-label"
"src/data/buying-guides.ts",930,"刷","en: '<p>Candle and soap labels need <strong>FDA food-safe materials</strong>, <strong>water-resistant finishes</strong>, and <strong>small-batch MOQ (100-500 pcs)</strong> to survive handmade soap lather and candle wax warming. This guide uses the real specs of <a href=""/en/product/fruit-food-label"
"src/data/buying-guides.ts",930,"設","en: '<p>Candle and soap labels need <strong>FDA food-safe materials</strong>, <strong>water-resistant finishes</strong>, and <strong>small-batch MOQ (100-500 pcs)</strong> to survive handmade soap lather and candle wax warming. This guide uses the real specs of <a href=""/en/product/fruit-food-label"
"src/data/buying-guides.ts",930,"備","en: '<p>Candle and soap labels need <strong>FDA food-safe materials</strong>, <strong>water-resistant finishes</strong>, and <strong>small-batch MOQ (100-500 pcs)</strong> to survive handmade soap lather and candle wax warming. This guide uses the real specs of <a href=""/en/product/fruit-food-label"
"src/data/buying-guides.ts",930,"批","en: '<p>Candle and soap labels need <strong>FDA food-safe materials</strong>, <strong>water-resistant finishes</strong>, and <strong>small-batch MOQ (100-500 pcs)</strong> to survive handmade soap lather and candle wax warming. This guide uses the real specs of <a href=""/en/product/fruit-food-label"
"src/data/buying-guides.ts",930,"量","en: '<p>Candle and soap labels need <strong>FDA food-safe materials</strong>, <strong>water-resistant finishes</strong>, and <strong>small-batch MOQ (100-500 pcs)</strong> to survive handmade soap lather and candle wax warming. This guide uses the real specs of <a href=""/en/product/fruit-food-label"
"src/data/buying-guides.ts",930,"以","en: '<p>Candle and soap labels need <strong>FDA food-safe materials</strong>, <strong>water-resistant finishes</strong>, and <strong>small-batch MOQ (100-500 pcs)</strong> to survive handmade soap lather and candle wax warming. This guide uses the real specs of <a href=""/en/product/fruit-food-label"
"src/data/buying-guides.ts",930,"上","en: '<p>Candle and soap labels need <strong>FDA food-safe materials</strong>, <strong>water-resistant finishes</strong>, and <strong>small-batch MOQ (100-500 pcs)</strong> to survive handmade soap lather and candle wax warming. This guide uses the real specs of <a href=""/en/product/fruit-food-label"
"src/data/buying-guides.ts",930,"批","en: '<p>Candle and soap labels need <strong>FDA food-safe materials</strong>, <strong>water-resistant finishes</strong>, and <strong>small-batch MOQ (100-500 pcs)</strong> to survive handmade soap lather and candle wax warming. This guide uses the real specs of <a href=""/en/product/fruit-food-label"
"src/data/buying-guides.ts",930,"量","en: '<p>Candle and soap labels need <strong>FDA food-safe materials</strong>, <strong>water-resistant finishes</strong>, and <strong>small-batch MOQ (100-500 pcs)</strong> to survive handmade soap lather and candle wax warming. This guide uses the real specs of <a href=""/en/product/fruit-food-label"
"src/data/buying-guides.ts",930,"以","en: '<p>Candle and soap labels need <strong>FDA food-safe materials</strong>, <strong>water-resistant finishes</strong>, and <strong>small-batch MOQ (100-500 pcs)</strong> to survive handmade soap lather and candle wax warming. This guide uses the real specs of <a href=""/en/product/fruit-food-label"
"src/data/buying-guides.ts",930,"上","en: '<p>Candle and soap labels need <strong>FDA food-safe materials</strong>, <strong>water-resistant finishes</strong>, and <strong>small-batch MOQ (100-500 pcs)</strong> to survive handmade soap lather and candle wax warming. This guide uses the real specs of <a href=""/en/product/fruit-food-label"
"src/data/buying-guides.ts",930,"数","en: '<p>Candle and soap labels need <strong>FDA food-safe materials</strong>, <strong>water-resistant finishes</strong>, and <strong>small-batch MOQ (100-500 pcs)</strong> to survive handmade soap lather and candle wax warming. This guide uses the real specs of <a href=""/en/product/fruit-food-label"
"src/data/buying-guides.ts",930,"据","en: '<p>Candle and soap labels need <strong>FDA food-safe materials</strong>, <strong>water-resistant finishes</strong>, and <strong>small-batch MOQ (100-500 pcs)</strong> to survive handmade soap lather and candle wax warming. This guide uses the real specs of <a href=""/en/product/fruit-food-label"
"src/data/buying-guides.ts",930,"来","en: '<p>Candle and soap labels need <strong>FDA food-safe materials</strong>, <strong>water-resistant finishes</strong>, and <strong>small-batch MOQ (100-500 pcs)</strong> to survive handmade soap lather and candle wax warming. This guide uses the real specs of <a href=""/en/product/fruit-food-label"
"src/data/buying-guides.ts",930,"源","en: '<p>Candle and soap labels need <strong>FDA food-safe materials</strong>, <strong>water-resistant finishes</strong>, and <strong>small-batch MOQ (100-500 pcs)</strong> to survive handmade soap lather and candle wax warming. This guide uses the real specs of <a href=""/en/product/fruit-food-label"
"src/data/buying-guides.ts",930,"数","en: '<p>Candle and soap labels need <strong>FDA food-safe materials</strong>, <strong>water-resistant finishes</strong>, and <strong>small-batch MOQ (100-500 pcs)</strong> to survive handmade soap lather and candle wax warming. This guide uses the real specs of <a href=""/en/product/fruit-food-label"
"src/data/buying-guides.ts",930,"据","en: '<p>Candle and soap labels need <strong>FDA food-safe materials</strong>, <strong>water-resistant finishes</strong>, and <strong>small-batch MOQ (100-500 pcs)</strong> to survive handmade soap lather and candle wax warming. This guide uses the real specs of <a href=""/en/product/fruit-food-label"
"src/data/buying-guides.ts",930,"数","en: '<p>Candle and soap labels need <strong>FDA food-safe materials</strong>, <strong>water-resistant finishes</strong>, and <strong>small-batch MOQ (100-500 pcs)</strong> to survive handmade soap lather and candle wax warming. This guide uses the real specs of <a href=""/en/product/fruit-food-label"
"src/data/buying-guides.ts",930,"据","en: '<p>Candle and soap labels need <strong>FDA food-safe materials</strong>, <strong>water-resistant finishes</strong>, and <strong>small-batch MOQ (100-500 pcs)</strong> to survive handmade soap lather and candle wax warming. This guide uses the real specs of <a href=""/en/product/fruit-food-label"
"src/data/buying-guides.ts",930,"数","en: '<p>Candle and soap labels need <strong>FDA food-safe materials</strong>, <strong>water-resistant finishes</strong>, and <strong>small-batch MOQ (100-500 pcs)</strong> to survive handmade soap lather and candle wax warming. This guide uses the real specs of <a href=""/en/product/fruit-food-label"
"src/data/buying-guides.ts",930,"据","en: '<p>Candle and soap labels need <strong>FDA food-safe materials</strong>, <strong>water-resistant finishes</strong>, and <strong>small-batch MOQ (100-500 pcs)</strong> to survive handmade soap lather and candle wax warming. This guide uses the real specs of <a href=""/en/product/fruit-food-label"
"src/data/buying-guides.ts",930,"九","en: '<p>Candle and soap labels need <strong>FDA food-safe materials</strong>, <strong>water-resistant finishes</strong>, and <strong>small-batch MOQ (100-500 pcs)</strong> to survive handmade soap lather and candle wax warming. This guide uses the real specs of <a href=""/en/product/fruit-food-label"
"src/data/buying-guides.ts",930,"数","en: '<p>Candle and soap labels need <strong>FDA food-safe materials</strong>, <strong>water-resistant finishes</strong>, and <strong>small-batch MOQ (100-500 pcs)</strong> to survive handmade soap lather and candle wax warming. This guide uses the real specs of <a href=""/en/product/fruit-food-label"
"src/data/buying-guides.ts",930,"据","en: '<p>Candle and soap labels need <strong>FDA food-safe materials</strong>, <strong>water-resistant finishes</strong>, and <strong>small-batch MOQ (100-500 pcs)</strong> to survive handmade soap lather and candle wax warming. This guide uses the real specs of <a href=""/en/product/fruit-food-label"
"src/data/buying-guides.ts",930,"诚","en: '<p>Candle and soap labels need <strong>FDA food-safe materials</strong>, <strong>water-resistant finishes</strong>, and <strong>small-batch MOQ (100-500 pcs)</strong> to survive handmade soap lather and candle wax warming. This guide uses the real specs of <a href=""/en/product/fruit-food-label"
"src/data/buying-guides.ts",930,"信","en: '<p>Candle and soap labels need <strong>FDA food-safe materials</strong>, <strong>water-resistant finishes</strong>, and <strong>small-batch MOQ (100-500 pcs)</strong> to survive handmade soap lather and candle wax warming. This guide uses the real specs of <a href=""/en/product/fruit-food-label"
"src/data/buying-guides.ts",930,"红","en: '<p>Candle and soap labels need <strong>FDA food-safe materials</strong>, <strong>water-resistant finishes</strong>, and <strong>small-batch MOQ (100-500 pcs)</strong> to survive handmade soap lather and candle wax warming. This guide uses the real specs of <a href=""/en/product/fruit-food-label"
"src/data/buying-guides.ts",930,"线","en: '<p>Candle and soap labels need <strong>FDA food-safe materials</strong>, <strong>water-resistant finishes</strong>, and <strong>small-batch MOQ (100-500 pcs)</strong> to survive handmade soap lather and candle wax warming. This guide uses the real specs of <a href=""/en/product/fruit-food-label"
"src/data/buying-guides.ts",930,"校","en: '<p>Candle and soap labels need <strong>FDA food-safe materials</strong>, <strong>water-resistant finishes</strong>, and <strong>small-batch MOQ (100-500 pcs)</strong> to survive handmade soap lather and candle wax warming. This guide uses the real specs of <a href=""/en/product/fruit-food-label"
"src/data/buying-guides.ts",930,"准","en: '<p>Candle and soap labels need <strong>FDA food-safe materials</strong>, <strong>water-resistant finishes</strong>, and <strong>small-batch MOQ (100-500 pcs)</strong> to survive handmade soap lather and candle wax warming. This guide uses the real specs of <a href=""/en/product/fruit-food-label"
"src/data/buying-guides.ts",930,"拍","en: '<p>Candle and soap labels need <strong>FDA food-safe materials</strong>, <strong>water-resistant finishes</strong>, and <strong>small-batch MOQ (100-500 pcs)</strong> to survive handmade soap lather and candle wax warming. This guide uses the real specs of <a href=""/en/product/fruit-food-label"
"src/data/buying-guides.ts",930,"板","en: '<p>Candle and soap labels need <strong>FDA food-safe materials</strong>, <strong>water-resistant finishes</strong>, and <strong>small-batch MOQ (100-500 pcs)</strong> to survive handmade soap lather and candle wax warming. This guide uses the real specs of <a href=""/en/product/fruit-food-label"
"src/data/buying-guides.ts",930,"日","en: '<p>Candle and soap labels need <strong>FDA food-safe materials</strong>, <strong>water-resistant finishes</strong>, and <strong>small-batch MOQ (100-500 pcs)</strong> to survive handmade soap lather and candle wax warming. This guide uses the real specs of <a href=""/en/product/fruit-food-label"
"src/data/category-seo-content.ts",537,"满","'Variable size output up to 3.2 meters wide, unlimited length —满足 building hoarding and other large-scale needs.',"
"src/data/category-seo-content.ts",537,"足","'Variable size output up to 3.2 meters wide, unlimited length —满足 building hoarding and other large-scale needs.',"
"src/data/category-seo-content.ts",2108,"立","{ name: '3D Craft', description: 'Three-dimensional effects transform flat packets into立体 artworks with extremely high collectible value.' },"
"src/data/category-seo-content.ts",2108,"体","{ name: '3D Craft', description: 'Three-dimensional effects transform flat packets into立体 artworks with extremely high collectible value.' },"
"src/data/category-seo-content.ts",2109,"镂","{ name: 'Laser Cutting', description: 'Fine pattern镂空 cutting with dreamy light-through effects — ideal for premium customization.' },"
"src/data/category-seo-content.ts",2109,"空","{ name: 'Laser Cutting', description: 'Fine pattern镂空 cutting with dreamy light-through effects — ideal for premium customization.' },"
"src/data/category-seo-content.ts",2150,"利","{ q: 'CNY 2027 利是封備貨時間線 + 行業趨勢？', a: '8 月設計 → 9 月打樣 (HK$200 含郵費) → 10 月量產 (5-7 天交期) → 11 月前完成派發 (旺季 +30% 費用). 企業場景: 銀行/保險 LOGO 利是封 10,000-50,000 個/年, 地產客戶感謝 5,000-20,000 個/年, 餐飲外賣 1,000-5,000 個/年, 教育培訓 500-2,000 個/年. 行業趨勢: 客製化 +58% (企業 LOGO 從 18% 升到 28%), 環保材質 (FSC 紅卡 + 大豆油墨) +42%. 對打 e-print HK$1.6"
"src/data/category-seo-content.ts",2150,"是","{ q: 'CNY 2027 利是封備貨時間線 + 行業趨勢？', a: '8 月設計 → 9 月打樣 (HK$200 含郵費) → 10 月量產 (5-7 天交期) → 11 月前完成派發 (旺季 +30% 費用). 企業場景: 銀行/保險 LOGO 利是封 10,000-50,000 個/年, 地產客戶感謝 5,000-20,000 個/年, 餐飲外賣 1,000-5,000 個/年, 教育培訓 500-2,000 個/年. 行業趨勢: 客製化 +58% (企業 LOGO 從 18% 升到 28%), 環保材質 (FSC 紅卡 + 大豆油墨) +42%. 對打 e-print HK$1.6"
"src/data/category-seo-content.ts",2150,"封","{ q: 'CNY 2027 利是封備貨時間線 + 行業趨勢？', a: '8 月設計 → 9 月打樣 (HK$200 含郵費) → 10 月量產 (5-7 天交期) → 11 月前完成派發 (旺季 +30% 費用). 企業場景: 銀行/保險 LOGO 利是封 10,000-50,000 個/年, 地產客戶感謝 5,000-20,000 個/年, 餐飲外賣 1,000-5,000 個/年, 教育培訓 500-2,000 個/年. 行業趨勢: 客製化 +58% (企業 LOGO 從 18% 升到 28%), 環保材質 (FSC 紅卡 + 大豆油墨) +42%. 對打 e-print HK$1.6"
"src/data/category-seo-content.ts",2150,"備","{ q: 'CNY 2027 利是封備貨時間線 + 行業趨勢？', a: '8 月設計 → 9 月打樣 (HK$200 含郵費) → 10 月量產 (5-7 天交期) → 11 月前完成派發 (旺季 +30% 費用). 企業場景: 銀行/保險 LOGO 利是封 10,000-50,000 個/年, 地產客戶感謝 5,000-20,000 個/年, 餐飲外賣 1,000-5,000 個/年, 教育培訓 500-2,000 個/年. 行業趨勢: 客製化 +58% (企業 LOGO 從 18% 升到 28%), 環保材質 (FSC 紅卡 + 大豆油墨) +42%. 對打 e-print HK$1.6"
"src/data/category-seo-content.ts",2150,"貨","{ q: 'CNY 2027 利是封備貨時間線 + 行業趨勢？', a: '8 月設計 → 9 月打樣 (HK$200 含郵費) → 10 月量產 (5-7 天交期) → 11 月前完成派發 (旺季 +30% 費用). 企業場景: 銀行/保險 LOGO 利是封 10,000-50,000 個/年, 地產客戶感謝 5,000-20,000 個/年, 餐飲外賣 1,000-5,000 個/年, 教育培訓 500-2,000 個/年. 行業趨勢: 客製化 +58% (企業 LOGO 從 18% 升到 28%), 環保材質 (FSC 紅卡 + 大豆油墨) +42%. 對打 e-print HK$1.6"
"src/data/category-seo-content.ts",2150,"時","{ q: 'CNY 2027 利是封備貨時間線 + 行業趨勢？', a: '8 月設計 → 9 月打樣 (HK$200 含郵費) → 10 月量產 (5-7 天交期) → 11 月前完成派發 (旺季 +30% 費用). 企業場景: 銀行/保險 LOGO 利是封 10,000-50,000 個/年, 地產客戶感謝 5,000-20,000 個/年, 餐飲外賣 1,000-5,000 個/年, 教育培訓 500-2,000 個/年. 行業趨勢: 客製化 +58% (企業 LOGO 從 18% 升到 28%), 環保材質 (FSC 紅卡 + 大豆油墨) +42%. 對打 e-print HK$1.6"
"src/data/category-seo-content.ts",2150,"間","{ q: 'CNY 2027 利是封備貨時間線 + 行業趨勢？', a: '8 月設計 → 9 月打樣 (HK$200 含郵費) → 10 月量產 (5-7 天交期) → 11 月前完成派發 (旺季 +30% 費用). 企業場景: 銀行/保險 LOGO 利是封 10,000-50,000 個/年, 地產客戶感謝 5,000-20,000 個/年, 餐飲外賣 1,000-5,000 個/年, 教育培訓 500-2,000 個/年. 行業趨勢: 客製化 +58% (企業 LOGO 從 18% 升到 28%), 環保材質 (FSC 紅卡 + 大豆油墨) +42%. 對打 e-print HK$1.6"
"src/data/category-seo-content.ts",2150,"線","{ q: 'CNY 2027 利是封備貨時間線 + 行業趨勢？', a: '8 月設計 → 9 月打樣 (HK$200 含郵費) → 10 月量產 (5-7 天交期) → 11 月前完成派發 (旺季 +30% 費用). 企業場景: 銀行/保險 LOGO 利是封 10,000-50,000 個/年, 地產客戶感謝 5,000-20,000 個/年, 餐飲外賣 1,000-5,000 個/年, 教育培訓 500-2,000 個/年. 行業趨勢: 客製化 +58% (企業 LOGO 從 18% 升到 28%), 環保材質 (FSC 紅卡 + 大豆油墨) +42%. 對打 e-print HK$1.6"
"src/data/category-seo-content.ts",2150,"行","{ q: 'CNY 2027 利是封備貨時間線 + 行業趨勢？', a: '8 月設計 → 9 月打樣 (HK$200 含郵費) → 10 月量產 (5-7 天交期) → 11 月前完成派發 (旺季 +30% 費用). 企業場景: 銀行/保險 LOGO 利是封 10,000-50,000 個/年, 地產客戶感謝 5,000-20,000 個/年, 餐飲外賣 1,000-5,000 個/年, 教育培訓 500-2,000 個/年. 行業趨勢: 客製化 +58% (企業 LOGO 從 18% 升到 28%), 環保材質 (FSC 紅卡 + 大豆油墨) +42%. 對打 e-print HK$1.6"
"src/data/category-seo-content.ts",2150,"業","{ q: 'CNY 2027 利是封備貨時間線 + 行業趨勢？', a: '8 月設計 → 9 月打樣 (HK$200 含郵費) → 10 月量產 (5-7 天交期) → 11 月前完成派發 (旺季 +30% 費用). 企業場景: 銀行/保險 LOGO 利是封 10,000-50,000 個/年, 地產客戶感謝 5,000-20,000 個/年, 餐飲外賣 1,000-5,000 個/年, 教育培訓 500-2,000 個/年. 行業趨勢: 客製化 +58% (企業 LOGO 從 18% 升到 28%), 環保材質 (FSC 紅卡 + 大豆油墨) +42%. 對打 e-print HK$1.6"
"src/data/category-seo-content.ts",2150,"趨","{ q: 'CNY 2027 利是封備貨時間線 + 行業趨勢？', a: '8 月設計 → 9 月打樣 (HK$200 含郵費) → 10 月量產 (5-7 天交期) → 11 月前完成派發 (旺季 +30% 費用). 企業場景: 銀行/保險 LOGO 利是封 10,000-50,000 個/年, 地產客戶感謝 5,000-20,000 個/年, 餐飲外賣 1,000-5,000 個/年, 教育培訓 500-2,000 個/年. 行業趨勢: 客製化 +58% (企業 LOGO 從 18% 升到 28%), 環保材質 (FSC 紅卡 + 大豆油墨) +42%. 對打 e-print HK$1.6"
"src/data/category-seo-content.ts",2150,"勢","{ q: 'CNY 2027 利是封備貨時間線 + 行業趨勢？', a: '8 月設計 → 9 月打樣 (HK$200 含郵費) → 10 月量產 (5-7 天交期) → 11 月前完成派發 (旺季 +30% 費用). 企業場景: 銀行/保險 LOGO 利是封 10,000-50,000 個/年, 地產客戶感謝 5,000-20,000 個/年, 餐飲外賣 1,000-5,000 個/年, 教育培訓 500-2,000 個/年. 行業趨勢: 客製化 +58% (企業 LOGO 從 18% 升到 28%), 環保材質 (FSC 紅卡 + 大豆油墨) +42%. 對打 e-print HK$1.6"
"src/data/category-seo-content.ts",2150,"月","{ q: 'CNY 2027 利是封備貨時間線 + 行業趨勢？', a: '8 月設計 → 9 月打樣 (HK$200 含郵費) → 10 月量產 (5-7 天交期) → 11 月前完成派發 (旺季 +30% 費用). 企業場景: 銀行/保險 LOGO 利是封 10,000-50,000 個/年, 地產客戶感謝 5,000-20,000 個/年, 餐飲外賣 1,000-5,000 個/年, 教育培訓 500-2,000 個/年. 行業趨勢: 客製化 +58% (企業 LOGO 從 18% 升到 28%), 環保材質 (FSC 紅卡 + 大豆油墨) +42%. 對打 e-print HK$1.6"
"src/data/category-seo-content.ts",2150,"設","{ q: 'CNY 2027 利是封備貨時間線 + 行業趨勢？', a: '8 月設計 → 9 月打樣 (HK$200 含郵費) → 10 月量產 (5-7 天交期) → 11 月前完成派發 (旺季 +30% 費用). 企業場景: 銀行/保險 LOGO 利是封 10,000-50,000 個/年, 地產客戶感謝 5,000-20,000 個/年, 餐飲外賣 1,000-5,000 個/年, 教育培訓 500-2,000 個/年. 行業趨勢: 客製化 +58% (企業 LOGO 從 18% 升到 28%), 環保材質 (FSC 紅卡 + 大豆油墨) +42%. 對打 e-print HK$1.6"
"src/data/category-seo-content.ts",2150,"計","{ q: 'CNY 2027 利是封備貨時間線 + 行業趨勢？', a: '8 月設計 → 9 月打樣 (HK$200 含郵費) → 10 月量產 (5-7 天交期) → 11 月前完成派發 (旺季 +30% 費用). 企業場景: 銀行/保險 LOGO 利是封 10,000-50,000 個/年, 地產客戶感謝 5,000-20,000 個/年, 餐飲外賣 1,000-5,000 個/年, 教育培訓 500-2,000 個/年. 行業趨勢: 客製化 +58% (企業 LOGO 從 18% 升到 28%), 環保材質 (FSC 紅卡 + 大豆油墨) +42%. 對打 e-print HK$1.6"
"src/data/category-seo-content.ts",2150,"月","{ q: 'CNY 2027 利是封備貨時間線 + 行業趨勢？', a: '8 月設計 → 9 月打樣 (HK$200 含郵費) → 10 月量產 (5-7 天交期) → 11 月前完成派發 (旺季 +30% 費用). 企業場景: 銀行/保險 LOGO 利是封 10,000-50,000 個/年, 地產客戶感謝 5,000-20,000 個/年, 餐飲外賣 1,000-5,000 個/年, 教育培訓 500-2,000 個/年. 行業趨勢: 客製化 +58% (企業 LOGO 從 18% 升到 28%), 環保材質 (FSC 紅卡 + 大豆油墨) +42%. 對打 e-print HK$1.6"
"src/data/category-seo-content.ts",2150,"打","{ q: 'CNY 2027 利是封備貨時間線 + 行業趨勢？', a: '8 月設計 → 9 月打樣 (HK$200 含郵費) → 10 月量產 (5-7 天交期) → 11 月前完成派發 (旺季 +30% 費用). 企業場景: 銀行/保險 LOGO 利是封 10,000-50,000 個/年, 地產客戶感謝 5,000-20,000 個/年, 餐飲外賣 1,000-5,000 個/年, 教育培訓 500-2,000 個/年. 行業趨勢: 客製化 +58% (企業 LOGO 從 18% 升到 28%), 環保材質 (FSC 紅卡 + 大豆油墨) +42%. 對打 e-print HK$1.6"
"src/data/category-seo-content.ts",2150,"樣","{ q: 'CNY 2027 利是封備貨時間線 + 行業趨勢？', a: '8 月設計 → 9 月打樣 (HK$200 含郵費) → 10 月量產 (5-7 天交期) → 11 月前完成派發 (旺季 +30% 費用). 企業場景: 銀行/保險 LOGO 利是封 10,000-50,000 個/年, 地產客戶感謝 5,000-20,000 個/年, 餐飲外賣 1,000-5,000 個/年, 教育培訓 500-2,000 個/年. 行業趨勢: 客製化 +58% (企業 LOGO 從 18% 升到 28%), 環保材質 (FSC 紅卡 + 大豆油墨) +42%. 對打 e-print HK$1.6"
"src/data/category-seo-content.ts",2150,"含","{ q: 'CNY 2027 利是封備貨時間線 + 行業趨勢？', a: '8 月設計 → 9 月打樣 (HK$200 含郵費) → 10 月量產 (5-7 天交期) → 11 月前完成派發 (旺季 +30% 費用). 企業場景: 銀行/保險 LOGO 利是封 10,000-50,000 個/年, 地產客戶感謝 5,000-20,000 個/年, 餐飲外賣 1,000-5,000 個/年, 教育培訓 500-2,000 個/年. 行業趨勢: 客製化 +58% (企業 LOGO 從 18% 升到 28%), 環保材質 (FSC 紅卡 + 大豆油墨) +42%. 對打 e-print HK$1.6"
"src/data/category-seo-content.ts",2150,"郵","{ q: 'CNY 2027 利是封備貨時間線 + 行業趨勢？', a: '8 月設計 → 9 月打樣 (HK$200 含郵費) → 10 月量產 (5-7 天交期) → 11 月前完成派發 (旺季 +30% 費用). 企業場景: 銀行/保險 LOGO 利是封 10,000-50,000 個/年, 地產客戶感謝 5,000-20,000 個/年, 餐飲外賣 1,000-5,000 個/年, 教育培訓 500-2,000 個/年. 行業趨勢: 客製化 +58% (企業 LOGO 從 18% 升到 28%), 環保材質 (FSC 紅卡 + 大豆油墨) +42%. 對打 e-print HK$1.6"
"src/data/category-seo-content.ts",2150,"費","{ q: 'CNY 2027 利是封備貨時間線 + 行業趨勢？', a: '8 月設計 → 9 月打樣 (HK$200 含郵費) → 10 月量產 (5-7 天交期) → 11 月前完成派發 (旺季 +30% 費用). 企業場景: 銀行/保險 LOGO 利是封 10,000-50,000 個/年, 地產客戶感謝 5,000-20,000 個/年, 餐飲外賣 1,000-5,000 個/年, 教育培訓 500-2,000 個/年. 行業趨勢: 客製化 +58% (企業 LOGO 從 18% 升到 28%), 環保材質 (FSC 紅卡 + 大豆油墨) +42%. 對打 e-print HK$1.6"
"src/data/category-seo-content.ts",2150,"月","{ q: 'CNY 2027 利是封備貨時間線 + 行業趨勢？', a: '8 月設計 → 9 月打樣 (HK$200 含郵費) → 10 月量產 (5-7 天交期) → 11 月前完成派發 (旺季 +30% 費用). 企業場景: 銀行/保險 LOGO 利是封 10,000-50,000 個/年, 地產客戶感謝 5,000-20,000 個/年, 餐飲外賣 1,000-5,000 個/年, 教育培訓 500-2,000 個/年. 行業趨勢: 客製化 +58% (企業 LOGO 從 18% 升到 28%), 環保材質 (FSC 紅卡 + 大豆油墨) +42%. 對打 e-print HK$1.6"
"src/data/category-seo-content.ts",2150,"量","{ q: 'CNY 2027 利是封備貨時間線 + 行業趨勢？', a: '8 月設計 → 9 月打樣 (HK$200 含郵費) → 10 月量產 (5-7 天交期) → 11 月前完成派發 (旺季 +30% 費用). 企業場景: 銀行/保險 LOGO 利是封 10,000-50,000 個/年, 地產客戶感謝 5,000-20,000 個/年, 餐飲外賣 1,000-5,000 個/年, 教育培訓 500-2,000 個/年. 行業趨勢: 客製化 +58% (企業 LOGO 從 18% 升到 28%), 環保材質 (FSC 紅卡 + 大豆油墨) +42%. 對打 e-print HK$1.6"
"src/data/category-seo-content.ts",2150,"產","{ q: 'CNY 2027 利是封備貨時間線 + 行業趨勢？', a: '8 月設計 → 9 月打樣 (HK$200 含郵費) → 10 月量產 (5-7 天交期) → 11 月前完成派發 (旺季 +30% 費用). 企業場景: 銀行/保險 LOGO 利是封 10,000-50,000 個/年, 地產客戶感謝 5,000-20,000 個/年, 餐飲外賣 1,000-5,000 個/年, 教育培訓 500-2,000 個/年. 行業趨勢: 客製化 +58% (企業 LOGO 從 18% 升到 28%), 環保材質 (FSC 紅卡 + 大豆油墨) +42%. 對打 e-print HK$1.6"
"src/data/category-seo-content.ts",2150,"天","{ q: 'CNY 2027 利是封備貨時間線 + 行業趨勢？', a: '8 月設計 → 9 月打樣 (HK$200 含郵費) → 10 月量產 (5-7 天交期) → 11 月前完成派發 (旺季 +30% 費用). 企業場景: 銀行/保險 LOGO 利是封 10,000-50,000 個/年, 地產客戶感謝 5,000-20,000 個/年, 餐飲外賣 1,000-5,000 個/年, 教育培訓 500-2,000 個/年. 行業趨勢: 客製化 +58% (企業 LOGO 從 18% 升到 28%), 環保材質 (FSC 紅卡 + 大豆油墨) +42%. 對打 e-print HK$1.6"
"src/data/category-seo-content.ts",2150,"交","{ q: 'CNY 2027 利是封備貨時間線 + 行業趨勢？', a: '8 月設計 → 9 月打樣 (HK$200 含郵費) → 10 月量產 (5-7 天交期) → 11 月前完成派發 (旺季 +30% 費用). 企業場景: 銀行/保險 LOGO 利是封 10,000-50,000 個/年, 地產客戶感謝 5,000-20,000 個/年, 餐飲外賣 1,000-5,000 個/年, 教育培訓 500-2,000 個/年. 行業趨勢: 客製化 +58% (企業 LOGO 從 18% 升到 28%), 環保材質 (FSC 紅卡 + 大豆油墨) +42%. 對打 e-print HK$1.6"
"src/data/category-seo-content.ts",2150,"期","{ q: 'CNY 2027 利是封備貨時間線 + 行業趨勢？', a: '8 月設計 → 9 月打樣 (HK$200 含郵費) → 10 月量產 (5-7 天交期) → 11 月前完成派發 (旺季 +30% 費用). 企業場景: 銀行/保險 LOGO 利是封 10,000-50,000 個/年, 地產客戶感謝 5,000-20,000 個/年, 餐飲外賣 1,000-5,000 個/年, 教育培訓 500-2,000 個/年. 行業趨勢: 客製化 +58% (企業 LOGO 從 18% 升到 28%), 環保材質 (FSC 紅卡 + 大豆油墨) +42%. 對打 e-print HK$1.6"
"src/data/category-seo-content.ts",2150,"月","{ q: 'CNY 2027 利是封備貨時間線 + 行業趨勢？', a: '8 月設計 → 9 月打樣 (HK$200 含郵費) → 10 月量產 (5-7 天交期) → 11 月前完成派發 (旺季 +30% 費用). 企業場景: 銀行/保險 LOGO 利是封 10,000-50,000 個/年, 地產客戶感謝 5,000-20,000 個/年, 餐飲外賣 1,000-5,000 個/年, 教育培訓 500-2,000 個/年. 行業趨勢: 客製化 +58% (企業 LOGO 從 18% 升到 28%), 環保材質 (FSC 紅卡 + 大豆油墨) +42%. 對打 e-print HK$1.6"
"src/data/category-seo-content.ts",2150,"前","{ q: 'CNY 2027 利是封備貨時間線 + 行業趨勢？', a: '8 月設計 → 9 月打樣 (HK$200 含郵費) → 10 月量產 (5-7 天交期) → 11 月前完成派發 (旺季 +30% 費用). 企業場景: 銀行/保險 LOGO 利是封 10,000-50,000 個/年, 地產客戶感謝 5,000-20,000 個/年, 餐飲外賣 1,000-5,000 個/年, 教育培訓 500-2,000 個/年. 行業趨勢: 客製化 +58% (企業 LOGO 從 18% 升到 28%), 環保材質 (FSC 紅卡 + 大豆油墨) +42%. 對打 e-print HK$1.6"
"src/data/category-seo-content.ts",2150,"完","{ q: 'CNY 2027 利是封備貨時間線 + 行業趨勢？', a: '8 月設計 → 9 月打樣 (HK$200 含郵費) → 10 月量產 (5-7 天交期) → 11 月前完成派發 (旺季 +30% 費用). 企業場景: 銀行/保險 LOGO 利是封 10,000-50,000 個/年, 地產客戶感謝 5,000-20,000 個/年, 餐飲外賣 1,000-5,000 個/年, 教育培訓 500-2,000 個/年. 行業趨勢: 客製化 +58% (企業 LOGO 從 18% 升到 28%), 環保材質 (FSC 紅卡 + 大豆油墨) +42%. 對打 e-print HK$1.6"
"src/data/category-seo-content.ts",2150,"成","{ q: 'CNY 2027 利是封備貨時間線 + 行業趨勢？', a: '8 月設計 → 9 月打樣 (HK$200 含郵費) → 10 月量產 (5-7 天交期) → 11 月前完成派發 (旺季 +30% 費用). 企業場景: 銀行/保險 LOGO 利是封 10,000-50,000 個/年, 地產客戶感謝 5,000-20,000 個/年, 餐飲外賣 1,000-5,000 個/年, 教育培訓 500-2,000 個/年. 行業趨勢: 客製化 +58% (企業 LOGO 從 18% 升到 28%), 環保材質 (FSC 紅卡 + 大豆油墨) +42%. 對打 e-print HK$1.6"
"src/data/category-seo-content.ts",2150,"派","{ q: 'CNY 2027 利是封備貨時間線 + 行業趨勢？', a: '8 月設計 → 9 月打樣 (HK$200 含郵費) → 10 月量產 (5-7 天交期) → 11 月前完成派發 (旺季 +30% 費用). 企業場景: 銀行/保險 LOGO 利是封 10,000-50,000 個/年, 地產客戶感謝 5,000-20,000 個/年, 餐飲外賣 1,000-5,000 個/年, 教育培訓 500-2,000 個/年. 行業趨勢: 客製化 +58% (企業 LOGO 從 18% 升到 28%), 環保材質 (FSC 紅卡 + 大豆油墨) +42%. 對打 e-print HK$1.6"
"src/data/category-seo-content.ts",2150,"發","{ q: 'CNY 2027 利是封備貨時間線 + 行業趨勢？', a: '8 月設計 → 9 月打樣 (HK$200 含郵費) → 10 月量產 (5-7 天交期) → 11 月前完成派發 (旺季 +30% 費用). 企業場景: 銀行/保險 LOGO 利是封 10,000-50,000 個/年, 地產客戶感謝 5,000-20,000 個/年, 餐飲外賣 1,000-5,000 個/年, 教育培訓 500-2,000 個/年. 行業趨勢: 客製化 +58% (企業 LOGO 從 18% 升到 28%), 環保材質 (FSC 紅卡 + 大豆油墨) +42%. 對打 e-print HK$1.6"
"src/data/category-seo-content.ts",2150,"旺","{ q: 'CNY 2027 利是封備貨時間線 + 行業趨勢？', a: '8 月設計 → 9 月打樣 (HK$200 含郵費) → 10 月量產 (5-7 天交期) → 11 月前完成派發 (旺季 +30% 費用). 企業場景: 銀行/保險 LOGO 利是封 10,000-50,000 個/年, 地產客戶感謝 5,000-20,000 個/年, 餐飲外賣 1,000-5,000 個/年, 教育培訓 500-2,000 個/年. 行業趨勢: 客製化 +58% (企業 LOGO 從 18% 升到 28%), 環保材質 (FSC 紅卡 + 大豆油墨) +42%. 對打 e-print HK$1.6"
"src/data/category-seo-content.ts",2150,"季","{ q: 'CNY 2027 利是封備貨時間線 + 行業趨勢？', a: '8 月設計 → 9 月打樣 (HK$200 含郵費) → 10 月量產 (5-7 天交期) → 11 月前完成派發 (旺季 +30% 費用). 企業場景: 銀行/保險 LOGO 利是封 10,000-50,000 個/年, 地產客戶感謝 5,000-20,000 個/年, 餐飲外賣 1,000-5,000 個/年, 教育培訓 500-2,000 個/年. 行業趨勢: 客製化 +58% (企業 LOGO 從 18% 升到 28%), 環保材質 (FSC 紅卡 + 大豆油墨) +42%. 對打 e-print HK$1.6"
"src/data/category-seo-content.ts",2150,"費","{ q: 'CNY 2027 利是封備貨時間線 + 行業趨勢？', a: '8 月設計 → 9 月打樣 (HK$200 含郵費) → 10 月量產 (5-7 天交期) → 11 月前完成派發 (旺季 +30% 費用). 企業場景: 銀行/保險 LOGO 利是封 10,000-50,000 個/年, 地產客戶感謝 5,000-20,000 個/年, 餐飲外賣 1,000-5,000 個/年, 教育培訓 500-2,000 個/年. 行業趨勢: 客製化 +58% (企業 LOGO 從 18% 升到 28%), 環保材質 (FSC 紅卡 + 大豆油墨) +42%. 對打 e-print HK$1.6"
"src/data/category-seo-content.ts",2150,"用","{ q: 'CNY 2027 利是封備貨時間線 + 行業趨勢？', a: '8 月設計 → 9 月打樣 (HK$200 含郵費) → 10 月量產 (5-7 天交期) → 11 月前完成派發 (旺季 +30% 費用). 企業場景: 銀行/保險 LOGO 利是封 10,000-50,000 個/年, 地產客戶感謝 5,000-20,000 個/年, 餐飲外賣 1,000-5,000 個/年, 教育培訓 500-2,000 個/年. 行業趨勢: 客製化 +58% (企業 LOGO 從 18% 升到 28%), 環保材質 (FSC 紅卡 + 大豆油墨) +42%. 對打 e-print HK$1.6"
"src/data/category-seo-content.ts",2150,"企","{ q: 'CNY 2027 利是封備貨時間線 + 行業趨勢？', a: '8 月設計 → 9 月打樣 (HK$200 含郵費) → 10 月量產 (5-7 天交期) → 11 月前完成派發 (旺季 +30% 費用). 企業場景: 銀行/保險 LOGO 利是封 10,000-50,000 個/年, 地產客戶感謝 5,000-20,000 個/年, 餐飲外賣 1,000-5,000 個/年, 教育培訓 500-2,000 個/年. 行業趨勢: 客製化 +58% (企業 LOGO 從 18% 升到 28%), 環保材質 (FSC 紅卡 + 大豆油墨) +42%. 對打 e-print HK$1.6"
"src/data/category-seo-content.ts",2150,"業","{ q: 'CNY 2027 利是封備貨時間線 + 行業趨勢？', a: '8 月設計 → 9 月打樣 (HK$200 含郵費) → 10 月量產 (5-7 天交期) → 11 月前完成派發 (旺季 +30% 費用). 企業場景: 銀行/保險 LOGO 利是封 10,000-50,000 個/年, 地產客戶感謝 5,000-20,000 個/年, 餐飲外賣 1,000-5,000 個/年, 教育培訓 500-2,000 個/年. 行業趨勢: 客製化 +58% (企業 LOGO 從 18% 升到 28%), 環保材質 (FSC 紅卡 + 大豆油墨) +42%. 對打 e-print HK$1.6"
"src/data/category-seo-content.ts",2150,"場","{ q: 'CNY 2027 利是封備貨時間線 + 行業趨勢？', a: '8 月設計 → 9 月打樣 (HK$200 含郵費) → 10 月量產 (5-7 天交期) → 11 月前完成派發 (旺季 +30% 費用). 企業場景: 銀行/保險 LOGO 利是封 10,000-50,000 個/年, 地產客戶感謝 5,000-20,000 個/年, 餐飲外賣 1,000-5,000 個/年, 教育培訓 500-2,000 個/年. 行業趨勢: 客製化 +58% (企業 LOGO 從 18% 升到 28%), 環保材質 (FSC 紅卡 + 大豆油墨) +42%. 對打 e-print HK$1.6"
"src/data/category-seo-content.ts",2150,"景","{ q: 'CNY 2027 利是封備貨時間線 + 行業趨勢？', a: '8 月設計 → 9 月打樣 (HK$200 含郵費) → 10 月量產 (5-7 天交期) → 11 月前完成派發 (旺季 +30% 費用). 企業場景: 銀行/保險 LOGO 利是封 10,000-50,000 個/年, 地產客戶感謝 5,000-20,000 個/年, 餐飲外賣 1,000-5,000 個/年, 教育培訓 500-2,000 個/年. 行業趨勢: 客製化 +58% (企業 LOGO 從 18% 升到 28%), 環保材質 (FSC 紅卡 + 大豆油墨) +42%. 對打 e-print HK$1.6"
"src/data/category-seo-content.ts",2150,"銀","{ q: 'CNY 2027 利是封備貨時間線 + 行業趨勢？', a: '8 月設計 → 9 月打樣 (HK$200 含郵費) → 10 月量產 (5-7 天交期) → 11 月前完成派發 (旺季 +30% 費用). 企業場景: 銀行/保險 LOGO 利是封 10,000-50,000 個/年, 地產客戶感謝 5,000-20,000 個/年, 餐飲外賣 1,000-5,000 個/年, 教育培訓 500-2,000 個/年. 行業趨勢: 客製化 +58% (企業 LOGO 從 18% 升到 28%), 環保材質 (FSC 紅卡 + 大豆油墨) +42%. 對打 e-print HK$1.6"
"src/data/category-seo-content.ts",2150,"行","{ q: 'CNY 2027 利是封備貨時間線 + 行業趨勢？', a: '8 月設計 → 9 月打樣 (HK$200 含郵費) → 10 月量產 (5-7 天交期) → 11 月前完成派發 (旺季 +30% 費用). 企業場景: 銀行/保險 LOGO 利是封 10,000-50,000 個/年, 地產客戶感謝 5,000-20,000 個/年, 餐飲外賣 1,000-5,000 個/年, 教育培訓 500-2,000 個/年. 行業趨勢: 客製化 +58% (企業 LOGO 從 18% 升到 28%), 環保材質 (FSC 紅卡 + 大豆油墨) +42%. 對打 e-print HK$1.6"
"src/data/category-seo-content.ts",2150,"保","{ q: 'CNY 2027 利是封備貨時間線 + 行業趨勢？', a: '8 月設計 → 9 月打樣 (HK$200 含郵費) → 10 月量產 (5-7 天交期) → 11 月前完成派發 (旺季 +30% 費用). 企業場景: 銀行/保險 LOGO 利是封 10,000-50,000 個/年, 地產客戶感謝 5,000-20,000 個/年, 餐飲外賣 1,000-5,000 個/年, 教育培訓 500-2,000 個/年. 行業趨勢: 客製化 +58% (企業 LOGO 從 18% 升到 28%), 環保材質 (FSC 紅卡 + 大豆油墨) +42%. 對打 e-print HK$1.6"
"src/data/category-seo-content.ts",2150,"險","{ q: 'CNY 2027 利是封備貨時間線 + 行業趨勢？', a: '8 月設計 → 9 月打樣 (HK$200 含郵費) → 10 月量產 (5-7 天交期) → 11 月前完成派發 (旺季 +30% 費用). 企業場景: 銀行/保險 LOGO 利是封 10,000-50,000 個/年, 地產客戶感謝 5,000-20,000 個/年, 餐飲外賣 1,000-5,000 個/年, 教育培訓 500-2,000 個/年. 行業趨勢: 客製化 +58% (企業 LOGO 從 18% 升到 28%), 環保材質 (FSC 紅卡 + 大豆油墨) +42%. 對打 e-print HK$1.6"
"src/data/category-seo-content.ts",2150,"利","{ q: 'CNY 2027 利是封備貨時間線 + 行業趨勢？', a: '8 月設計 → 9 月打樣 (HK$200 含郵費) → 10 月量產 (5-7 天交期) → 11 月前完成派發 (旺季 +30% 費用). 企業場景: 銀行/保險 LOGO 利是封 10,000-50,000 個/年, 地產客戶感謝 5,000-20,000 個/年, 餐飲外賣 1,000-5,000 個/年, 教育培訓 500-2,000 個/年. 行業趨勢: 客製化 +58% (企業 LOGO 從 18% 升到 28%), 環保材質 (FSC 紅卡 + 大豆油墨) +42%. 對打 e-print HK$1.6"
"src/data/category-seo-content.ts",2150,"是","{ q: 'CNY 2027 利是封備貨時間線 + 行業趨勢？', a: '8 月設計 → 9 月打樣 (HK$200 含郵費) → 10 月量產 (5-7 天交期) → 11 月前完成派發 (旺季 +30% 費用). 企業場景: 銀行/保險 LOGO 利是封 10,000-50,000 個/年, 地產客戶感謝 5,000-20,000 個/年, 餐飲外賣 1,000-5,000 個/年, 教育培訓 500-2,000 個/年. 行業趨勢: 客製化 +58% (企業 LOGO 從 18% 升到 28%), 環保材質 (FSC 紅卡 + 大豆油墨) +42%. 對打 e-print HK$1.6"
"src/data/category-seo-content.ts",2150,"封","{ q: 'CNY 2027 利是封備貨時間線 + 行業趨勢？', a: '8 月設計 → 9 月打樣 (HK$200 含郵費) → 10 月量產 (5-7 天交期) → 11 月前完成派發 (旺季 +30% 費用). 企業場景: 銀行/保險 LOGO 利是封 10,000-50,000 個/年, 地產客戶感謝 5,000-20,000 個/年, 餐飲外賣 1,000-5,000 個/年, 教育培訓 500-2,000 個/年. 行業趨勢: 客製化 +58% (企業 LOGO 從 18% 升到 28%), 環保材質 (FSC 紅卡 + 大豆油墨) +42%. 對打 e-print HK$1.6"
"src/data/category-seo-content.ts",2150,"個","{ q: 'CNY 2027 利是封備貨時間線 + 行業趨勢？', a: '8 月設計 → 9 月打樣 (HK$200 含郵費) → 10 月量產 (5-7 天交期) → 11 月前完成派發 (旺季 +30% 費用). 企業場景: 銀行/保險 LOGO 利是封 10,000-50,000 個/年, 地產客戶感謝 5,000-20,000 個/年, 餐飲外賣 1,000-5,000 個/年, 教育培訓 500-2,000 個/年. 行業趨勢: 客製化 +58% (企業 LOGO 從 18% 升到 28%), 環保材質 (FSC 紅卡 + 大豆油墨) +42%. 對打 e-print HK$1.6"
"src/data/category-seo-content.ts",2150,"年","{ q: 'CNY 2027 利是封備貨時間線 + 行業趨勢？', a: '8 月設計 → 9 月打樣 (HK$200 含郵費) → 10 月量產 (5-7 天交期) → 11 月前完成派發 (旺季 +30% 費用). 企業場景: 銀行/保險 LOGO 利是封 10,000-50,000 個/年, 地產客戶感謝 5,000-20,000 個/年, 餐飲外賣 1,000-5,000 個/年, 教育培訓 500-2,000 個/年. 行業趨勢: 客製化 +58% (企業 LOGO 從 18% 升到 28%), 環保材質 (FSC 紅卡 + 大豆油墨) +42%. 對打 e-print HK$1.6"
"src/data/category-seo-content.ts",2150,"地","{ q: 'CNY 2027 利是封備貨時間線 + 行業趨勢？', a: '8 月設計 → 9 月打樣 (HK$200 含郵費) → 10 月量產 (5-7 天交期) → 11 月前完成派發 (旺季 +30% 費用). 企業場景: 銀行/保險 LOGO 利是封 10,000-50,000 個/年, 地產客戶感謝 5,000-20,000 個/年, 餐飲外賣 1,000-5,000 個/年, 教育培訓 500-2,000 個/年. 行業趨勢: 客製化 +58% (企業 LOGO 從 18% 升到 28%), 環保材質 (FSC 紅卡 + 大豆油墨) +42%. 對打 e-print HK$1.6"
"src/data/category-seo-content.ts",2150,"產","{ q: 'CNY 2027 利是封備貨時間線 + 行業趨勢？', a: '8 月設計 → 9 月打樣 (HK$200 含郵費) → 10 月量產 (5-7 天交期) → 11 月前完成派發 (旺季 +30% 費用). 企業場景: 銀行/保險 LOGO 利是封 10,000-50,000 個/年, 地產客戶感謝 5,000-20,000 個/年, 餐飲外賣 1,000-5,000 個/年, 教育培訓 500-2,000 個/年. 行業趨勢: 客製化 +58% (企業 LOGO 從 18% 升到 28%), 環保材質 (FSC 紅卡 + 大豆油墨) +42%. 對打 e-print HK$1.6"
"src/data/category-seo-content.ts",2150,"客","{ q: 'CNY 2027 利是封備貨時間線 + 行業趨勢？', a: '8 月設計 → 9 月打樣 (HK$200 含郵費) → 10 月量產 (5-7 天交期) → 11 月前完成派發 (旺季 +30% 費用). 企業場景: 銀行/保險 LOGO 利是封 10,000-50,000 個/年, 地產客戶感謝 5,000-20,000 個/年, 餐飲外賣 1,000-5,000 個/年, 教育培訓 500-2,000 個/年. 行業趨勢: 客製化 +58% (企業 LOGO 從 18% 升到 28%), 環保材質 (FSC 紅卡 + 大豆油墨) +42%. 對打 e-print HK$1.6"
"src/data/category-seo-content.ts",2150,"戶","{ q: 'CNY 2027 利是封備貨時間線 + 行業趨勢？', a: '8 月設計 → 9 月打樣 (HK$200 含郵費) → 10 月量產 (5-7 天交期) → 11 月前完成派發 (旺季 +30% 費用). 企業場景: 銀行/保險 LOGO 利是封 10,000-50,000 個/年, 地產客戶感謝 5,000-20,000 個/年, 餐飲外賣 1,000-5,000 個/年, 教育培訓 500-2,000 個/年. 行業趨勢: 客製化 +58% (企業 LOGO 從 18% 升到 28%), 環保材質 (FSC 紅卡 + 大豆油墨) +42%. 對打 e-print HK$1.6"
"src/data/category-seo-content.ts",2150,"感","{ q: 'CNY 2027 利是封備貨時間線 + 行業趨勢？', a: '8 月設計 → 9 月打樣 (HK$200 含郵費) → 10 月量產 (5-7 天交期) → 11 月前完成派發 (旺季 +30% 費用). 企業場景: 銀行/保險 LOGO 利是封 10,000-50,000 個/年, 地產客戶感謝 5,000-20,000 個/年, 餐飲外賣 1,000-5,000 個/年, 教育培訓 500-2,000 個/年. 行業趨勢: 客製化 +58% (企業 LOGO 從 18% 升到 28%), 環保材質 (FSC 紅卡 + 大豆油墨) +42%. 對打 e-print HK$1.6"
"src/data/category-seo-content.ts",2150,"謝","{ q: 'CNY 2027 利是封備貨時間線 + 行業趨勢？', a: '8 月設計 → 9 月打樣 (HK$200 含郵費) → 10 月量產 (5-7 天交期) → 11 月前完成派發 (旺季 +30% 費用). 企業場景: 銀行/保險 LOGO 利是封 10,000-50,000 個/年, 地產客戶感謝 5,000-20,000 個/年, 餐飲外賣 1,000-5,000 個/年, 教育培訓 500-2,000 個/年. 行業趨勢: 客製化 +58% (企業 LOGO 從 18% 升到 28%), 環保材質 (FSC 紅卡 + 大豆油墨) +42%. 對打 e-print HK$1.6"
"src/data/category-seo-content.ts",2150,"個","{ q: 'CNY 2027 利是封備貨時間線 + 行業趨勢？', a: '8 月設計 → 9 月打樣 (HK$200 含郵費) → 10 月量產 (5-7 天交期) → 11 月前完成派發 (旺季 +30% 費用). 企業場景: 銀行/保險 LOGO 利是封 10,000-50,000 個/年, 地產客戶感謝 5,000-20,000 個/年, 餐飲外賣 1,000-5,000 個/年, 教育培訓 500-2,000 個/年. 行業趨勢: 客製化 +58% (企業 LOGO 從 18% 升到 28%), 環保材質 (FSC 紅卡 + 大豆油墨) +42%. 對打 e-print HK$1.6"
"src/data/category-seo-content.ts",2150,"年","{ q: 'CNY 2027 利是封備貨時間線 + 行業趨勢？', a: '8 月設計 → 9 月打樣 (HK$200 含郵費) → 10 月量產 (5-7 天交期) → 11 月前完成派發 (旺季 +30% 費用). 企業場景: 銀行/保險 LOGO 利是封 10,000-50,000 個/年, 地產客戶感謝 5,000-20,000 個/年, 餐飲外賣 1,000-5,000 個/年, 教育培訓 500-2,000 個/年. 行業趨勢: 客製化 +58% (企業 LOGO 從 18% 升到 28%), 環保材質 (FSC 紅卡 + 大豆油墨) +42%. 對打 e-print HK$1.6"
"src/data/category-seo-content.ts",2150,"餐","{ q: 'CNY 2027 利是封備貨時間線 + 行業趨勢？', a: '8 月設計 → 9 月打樣 (HK$200 含郵費) → 10 月量產 (5-7 天交期) → 11 月前完成派發 (旺季 +30% 費用). 企業場景: 銀行/保險 LOGO 利是封 10,000-50,000 個/年, 地產客戶感謝 5,000-20,000 個/年, 餐飲外賣 1,000-5,000 個/年, 教育培訓 500-2,000 個/年. 行業趨勢: 客製化 +58% (企業 LOGO 從 18% 升到 28%), 環保材質 (FSC 紅卡 + 大豆油墨) +42%. 對打 e-print HK$1.6"
"src/data/category-seo-content.ts",2150,"飲","{ q: 'CNY 2027 利是封備貨時間線 + 行業趨勢？', a: '8 月設計 → 9 月打樣 (HK$200 含郵費) → 10 月量產 (5-7 天交期) → 11 月前完成派發 (旺季 +30% 費用). 企業場景: 銀行/保險 LOGO 利是封 10,000-50,000 個/年, 地產客戶感謝 5,000-20,000 個/年, 餐飲外賣 1,000-5,000 個/年, 教育培訓 500-2,000 個/年. 行業趨勢: 客製化 +58% (企業 LOGO 從 18% 升到 28%), 環保材質 (FSC 紅卡 + 大豆油墨) +42%. 對打 e-print HK$1.6"
"src/data/category-seo-content.ts",2150,"外","{ q: 'CNY 2027 利是封備貨時間線 + 行業趨勢？', a: '8 月設計 → 9 月打樣 (HK$200 含郵費) → 10 月量產 (5-7 天交期) → 11 月前完成派發 (旺季 +30% 費用). 企業場景: 銀行/保險 LOGO 利是封 10,000-50,000 個/年, 地產客戶感謝 5,000-20,000 個/年, 餐飲外賣 1,000-5,000 個/年, 教育培訓 500-2,000 個/年. 行業趨勢: 客製化 +58% (企業 LOGO 從 18% 升到 28%), 環保材質 (FSC 紅卡 + 大豆油墨) +42%. 對打 e-print HK$1.6"
"src/data/category-seo-content.ts",2150,"賣","{ q: 'CNY 2027 利是封備貨時間線 + 行業趨勢？', a: '8 月設計 → 9 月打樣 (HK$200 含郵費) → 10 月量產 (5-7 天交期) → 11 月前完成派發 (旺季 +30% 費用). 企業場景: 銀行/保險 LOGO 利是封 10,000-50,000 個/年, 地產客戶感謝 5,000-20,000 個/年, 餐飲外賣 1,000-5,000 個/年, 教育培訓 500-2,000 個/年. 行業趨勢: 客製化 +58% (企業 LOGO 從 18% 升到 28%), 環保材質 (FSC 紅卡 + 大豆油墨) +42%. 對打 e-print HK$1.6"
"src/data/category-seo-content.ts",2150,"個","{ q: 'CNY 2027 利是封備貨時間線 + 行業趨勢？', a: '8 月設計 → 9 月打樣 (HK$200 含郵費) → 10 月量產 (5-7 天交期) → 11 月前完成派發 (旺季 +30% 費用). 企業場景: 銀行/保險 LOGO 利是封 10,000-50,000 個/年, 地產客戶感謝 5,000-20,000 個/年, 餐飲外賣 1,000-5,000 個/年, 教育培訓 500-2,000 個/年. 行業趨勢: 客製化 +58% (企業 LOGO 從 18% 升到 28%), 環保材質 (FSC 紅卡 + 大豆油墨) +42%. 對打 e-print HK$1.6"
"src/data/category-seo-content.ts",2150,"年","{ q: 'CNY 2027 利是封備貨時間線 + 行業趨勢？', a: '8 月設計 → 9 月打樣 (HK$200 含郵費) → 10 月量產 (5-7 天交期) → 11 月前完成派發 (旺季 +30% 費用). 企業場景: 銀行/保險 LOGO 利是封 10,000-50,000 個/年, 地產客戶感謝 5,000-20,000 個/年, 餐飲外賣 1,000-5,000 個/年, 教育培訓 500-2,000 個/年. 行業趨勢: 客製化 +58% (企業 LOGO 從 18% 升到 28%), 環保材質 (FSC 紅卡 + 大豆油墨) +42%. 對打 e-print HK$1.6"
"src/data/category-seo-content.ts",2150,"教","{ q: 'CNY 2027 利是封備貨時間線 + 行業趨勢？', a: '8 月設計 → 9 月打樣 (HK$200 含郵費) → 10 月量產 (5-7 天交期) → 11 月前完成派發 (旺季 +30% 費用). 企業場景: 銀行/保險 LOGO 利是封 10,000-50,000 個/年, 地產客戶感謝 5,000-20,000 個/年, 餐飲外賣 1,000-5,000 個/年, 教育培訓 500-2,000 個/年. 行業趨勢: 客製化 +58% (企業 LOGO 從 18% 升到 28%), 環保材質 (FSC 紅卡 + 大豆油墨) +42%. 對打 e-print HK$1.6"
"src/data/category-seo-content.ts",2150,"育","{ q: 'CNY 2027 利是封備貨時間線 + 行業趨勢？', a: '8 月設計 → 9 月打樣 (HK$200 含郵費) → 10 月量產 (5-7 天交期) → 11 月前完成派發 (旺季 +30% 費用). 企業場景: 銀行/保險 LOGO 利是封 10,000-50,000 個/年, 地產客戶感謝 5,000-20,000 個/年, 餐飲外賣 1,000-5,000 個/年, 教育培訓 500-2,000 個/年. 行業趨勢: 客製化 +58% (企業 LOGO 從 18% 升到 28%), 環保材質 (FSC 紅卡 + 大豆油墨) +42%. 對打 e-print HK$1.6"
"src/data/category-seo-content.ts",2150,"培","{ q: 'CNY 2027 利是封備貨時間線 + 行業趨勢？', a: '8 月設計 → 9 月打樣 (HK$200 含郵費) → 10 月量產 (5-7 天交期) → 11 月前完成派發 (旺季 +30% 費用). 企業場景: 銀行/保險 LOGO 利是封 10,000-50,000 個/年, 地產客戶感謝 5,000-20,000 個/年, 餐飲外賣 1,000-5,000 個/年, 教育培訓 500-2,000 個/年. 行業趨勢: 客製化 +58% (企業 LOGO 從 18% 升到 28%), 環保材質 (FSC 紅卡 + 大豆油墨) +42%. 對打 e-print HK$1.6"
"src/data/category-seo-content.ts",2150,"訓","{ q: 'CNY 2027 利是封備貨時間線 + 行業趨勢？', a: '8 月設計 → 9 月打樣 (HK$200 含郵費) → 10 月量產 (5-7 天交期) → 11 月前完成派發 (旺季 +30% 費用). 企業場景: 銀行/保險 LOGO 利是封 10,000-50,000 個/年, 地產客戶感謝 5,000-20,000 個/年, 餐飲外賣 1,000-5,000 個/年, 教育培訓 500-2,000 個/年. 行業趨勢: 客製化 +58% (企業 LOGO 從 18% 升到 28%), 環保材質 (FSC 紅卡 + 大豆油墨) +42%. 對打 e-print HK$1.6"
"src/data/category-seo-content.ts",2150,"個","{ q: 'CNY 2027 利是封備貨時間線 + 行業趨勢？', a: '8 月設計 → 9 月打樣 (HK$200 含郵費) → 10 月量產 (5-7 天交期) → 11 月前完成派發 (旺季 +30% 費用). 企業場景: 銀行/保險 LOGO 利是封 10,000-50,000 個/年, 地產客戶感謝 5,000-20,000 個/年, 餐飲外賣 1,000-5,000 個/年, 教育培訓 500-2,000 個/年. 行業趨勢: 客製化 +58% (企業 LOGO 從 18% 升到 28%), 環保材質 (FSC 紅卡 + 大豆油墨) +42%. 對打 e-print HK$1.6"
"src/data/category-seo-content.ts",2150,"年","{ q: 'CNY 2027 利是封備貨時間線 + 行業趨勢？', a: '8 月設計 → 9 月打樣 (HK$200 含郵費) → 10 月量產 (5-7 天交期) → 11 月前完成派發 (旺季 +30% 費用). 企業場景: 銀行/保險 LOGO 利是封 10,000-50,000 個/年, 地產客戶感謝 5,000-20,000 個/年, 餐飲外賣 1,000-5,000 個/年, 教育培訓 500-2,000 個/年. 行業趨勢: 客製化 +58% (企業 LOGO 從 18% 升到 28%), 環保材質 (FSC 紅卡 + 大豆油墨) +42%. 對打 e-print HK$1.6"
"src/data/category-seo-content.ts",2150,"行","{ q: 'CNY 2027 利是封備貨時間線 + 行業趨勢？', a: '8 月設計 → 9 月打樣 (HK$200 含郵費) → 10 月量產 (5-7 天交期) → 11 月前完成派發 (旺季 +30% 費用). 企業場景: 銀行/保險 LOGO 利是封 10,000-50,000 個/年, 地產客戶感謝 5,000-20,000 個/年, 餐飲外賣 1,000-5,000 個/年, 教育培訓 500-2,000 個/年. 行業趨勢: 客製化 +58% (企業 LOGO 從 18% 升到 28%), 環保材質 (FSC 紅卡 + 大豆油墨) +42%. 對打 e-print HK$1.6"
"src/data/category-seo-content.ts",2150,"業","{ q: 'CNY 2027 利是封備貨時間線 + 行業趨勢？', a: '8 月設計 → 9 月打樣 (HK$200 含郵費) → 10 月量產 (5-7 天交期) → 11 月前完成派發 (旺季 +30% 費用). 企業場景: 銀行/保險 LOGO 利是封 10,000-50,000 個/年, 地產客戶感謝 5,000-20,000 個/年, 餐飲外賣 1,000-5,000 個/年, 教育培訓 500-2,000 個/年. 行業趨勢: 客製化 +58% (企業 LOGO 從 18% 升到 28%), 環保材質 (FSC 紅卡 + 大豆油墨) +42%. 對打 e-print HK$1.6"
"src/data/category-seo-content.ts",2150,"趨","{ q: 'CNY 2027 利是封備貨時間線 + 行業趨勢？', a: '8 月設計 → 9 月打樣 (HK$200 含郵費) → 10 月量產 (5-7 天交期) → 11 月前完成派發 (旺季 +30% 費用). 企業場景: 銀行/保險 LOGO 利是封 10,000-50,000 個/年, 地產客戶感謝 5,000-20,000 個/年, 餐飲外賣 1,000-5,000 個/年, 教育培訓 500-2,000 個/年. 行業趨勢: 客製化 +58% (企業 LOGO 從 18% 升到 28%), 環保材質 (FSC 紅卡 + 大豆油墨) +42%. 對打 e-print HK$1.6"
"src/data/category-seo-content.ts",2150,"勢","{ q: 'CNY 2027 利是封備貨時間線 + 行業趨勢？', a: '8 月設計 → 9 月打樣 (HK$200 含郵費) → 10 月量產 (5-7 天交期) → 11 月前完成派發 (旺季 +30% 費用). 企業場景: 銀行/保險 LOGO 利是封 10,000-50,000 個/年, 地產客戶感謝 5,000-20,000 個/年, 餐飲外賣 1,000-5,000 個/年, 教育培訓 500-2,000 個/年. 行業趨勢: 客製化 +58% (企業 LOGO 從 18% 升到 28%), 環保材質 (FSC 紅卡 + 大豆油墨) +42%. 對打 e-print HK$1.6"
"src/data/category-seo-content.ts",2150,"客","{ q: 'CNY 2027 利是封備貨時間線 + 行業趨勢？', a: '8 月設計 → 9 月打樣 (HK$200 含郵費) → 10 月量產 (5-7 天交期) → 11 月前完成派發 (旺季 +30% 費用). 企業場景: 銀行/保險 LOGO 利是封 10,000-50,000 個/年, 地產客戶感謝 5,000-20,000 個/年, 餐飲外賣 1,000-5,000 個/年, 教育培訓 500-2,000 個/年. 行業趨勢: 客製化 +58% (企業 LOGO 從 18% 升到 28%), 環保材質 (FSC 紅卡 + 大豆油墨) +42%. 對打 e-print HK$1.6"
"src/data/category-seo-content.ts",2150,"製","{ q: 'CNY 2027 利是封備貨時間線 + 行業趨勢？', a: '8 月設計 → 9 月打樣 (HK$200 含郵費) → 10 月量產 (5-7 天交期) → 11 月前完成派發 (旺季 +30% 費用). 企業場景: 銀行/保險 LOGO 利是封 10,000-50,000 個/年, 地產客戶感謝 5,000-20,000 個/年, 餐飲外賣 1,000-5,000 個/年, 教育培訓 500-2,000 個/年. 行業趨勢: 客製化 +58% (企業 LOGO 從 18% 升到 28%), 環保材質 (FSC 紅卡 + 大豆油墨) +42%. 對打 e-print HK$1.6"
"src/data/category-seo-content.ts",2150,"化","{ q: 'CNY 2027 利是封備貨時間線 + 行業趨勢？', a: '8 月設計 → 9 月打樣 (HK$200 含郵費) → 10 月量產 (5-7 天交期) → 11 月前完成派發 (旺季 +30% 費用). 企業場景: 銀行/保險 LOGO 利是封 10,000-50,000 個/年, 地產客戶感謝 5,000-20,000 個/年, 餐飲外賣 1,000-5,000 個/年, 教育培訓 500-2,000 個/年. 行業趨勢: 客製化 +58% (企業 LOGO 從 18% 升到 28%), 環保材質 (FSC 紅卡 + 大豆油墨) +42%. 對打 e-print HK$1.6"
"src/data/category-seo-content.ts",2150,"企","{ q: 'CNY 2027 利是封備貨時間線 + 行業趨勢？', a: '8 月設計 → 9 月打樣 (HK$200 含郵費) → 10 月量產 (5-7 天交期) → 11 月前完成派發 (旺季 +30% 費用). 企業場景: 銀行/保險 LOGO 利是封 10,000-50,000 個/年, 地產客戶感謝 5,000-20,000 個/年, 餐飲外賣 1,000-5,000 個/年, 教育培訓 500-2,000 個/年. 行業趨勢: 客製化 +58% (企業 LOGO 從 18% 升到 28%), 環保材質 (FSC 紅卡 + 大豆油墨) +42%. 對打 e-print HK$1.6"
"src/data/category-seo-content.ts",2150,"業","{ q: 'CNY 2027 利是封備貨時間線 + 行業趨勢？', a: '8 月設計 → 9 月打樣 (HK$200 含郵費) → 10 月量產 (5-7 天交期) → 11 月前完成派發 (旺季 +30% 費用). 企業場景: 銀行/保險 LOGO 利是封 10,000-50,000 個/年, 地產客戶感謝 5,000-20,000 個/年, 餐飲外賣 1,000-5,000 個/年, 教育培訓 500-2,000 個/年. 行業趨勢: 客製化 +58% (企業 LOGO 從 18% 升到 28%), 環保材質 (FSC 紅卡 + 大豆油墨) +42%. 對打 e-print HK$1.6"
"src/data/category-seo-content.ts",2150,"從","{ q: 'CNY 2027 利是封備貨時間線 + 行業趨勢？', a: '8 月設計 → 9 月打樣 (HK$200 含郵費) → 10 月量產 (5-7 天交期) → 11 月前完成派發 (旺季 +30% 費用). 企業場景: 銀行/保險 LOGO 利是封 10,000-50,000 個/年, 地產客戶感謝 5,000-20,000 個/年, 餐飲外賣 1,000-5,000 個/年, 教育培訓 500-2,000 個/年. 行業趨勢: 客製化 +58% (企業 LOGO 從 18% 升到 28%), 環保材質 (FSC 紅卡 + 大豆油墨) +42%. 對打 e-print HK$1.6"
"src/data/category-seo-content.ts",2150,"升","{ q: 'CNY 2027 利是封備貨時間線 + 行業趨勢？', a: '8 月設計 → 9 月打樣 (HK$200 含郵費) → 10 月量產 (5-7 天交期) → 11 月前完成派發 (旺季 +30% 費用). 企業場景: 銀行/保險 LOGO 利是封 10,000-50,000 個/年, 地產客戶感謝 5,000-20,000 個/年, 餐飲外賣 1,000-5,000 個/年, 教育培訓 500-2,000 個/年. 行業趨勢: 客製化 +58% (企業 LOGO 從 18% 升到 28%), 環保材質 (FSC 紅卡 + 大豆油墨) +42%. 對打 e-print HK$1.6"
"src/data/category-seo-content.ts",2150,"到","{ q: 'CNY 2027 利是封備貨時間線 + 行業趨勢？', a: '8 月設計 → 9 月打樣 (HK$200 含郵費) → 10 月量產 (5-7 天交期) → 11 月前完成派發 (旺季 +30% 費用). 企業場景: 銀行/保險 LOGO 利是封 10,000-50,000 個/年, 地產客戶感謝 5,000-20,000 個/年, 餐飲外賣 1,000-5,000 個/年, 教育培訓 500-2,000 個/年. 行業趨勢: 客製化 +58% (企業 LOGO 從 18% 升到 28%), 環保材質 (FSC 紅卡 + 大豆油墨) +42%. 對打 e-print HK$1.6"
"src/data/category-seo-content.ts",2150,"環","{ q: 'CNY 2027 利是封備貨時間線 + 行業趨勢？', a: '8 月設計 → 9 月打樣 (HK$200 含郵費) → 10 月量產 (5-7 天交期) → 11 月前完成派發 (旺季 +30% 費用). 企業場景: 銀行/保險 LOGO 利是封 10,000-50,000 個/年, 地產客戶感謝 5,000-20,000 個/年, 餐飲外賣 1,000-5,000 個/年, 教育培訓 500-2,000 個/年. 行業趨勢: 客製化 +58% (企業 LOGO 從 18% 升到 28%), 環保材質 (FSC 紅卡 + 大豆油墨) +42%. 對打 e-print HK$1.6"
"src/data/category-seo-content.ts",2150,"保","{ q: 'CNY 2027 利是封備貨時間線 + 行業趨勢？', a: '8 月設計 → 9 月打樣 (HK$200 含郵費) → 10 月量產 (5-7 天交期) → 11 月前完成派發 (旺季 +30% 費用). 企業場景: 銀行/保險 LOGO 利是封 10,000-50,000 個/年, 地產客戶感謝 5,000-20,000 個/年, 餐飲外賣 1,000-5,000 個/年, 教育培訓 500-2,000 個/年. 行業趨勢: 客製化 +58% (企業 LOGO 從 18% 升到 28%), 環保材質 (FSC 紅卡 + 大豆油墨) +42%. 對打 e-print HK$1.6"
"src/data/category-seo-content.ts",2150,"材","{ q: 'CNY 2027 利是封備貨時間線 + 行業趨勢？', a: '8 月設計 → 9 月打樣 (HK$200 含郵費) → 10 月量產 (5-7 天交期) → 11 月前完成派發 (旺季 +30% 費用). 企業場景: 銀行/保險 LOGO 利是封 10,000-50,000 個/年, 地產客戶感謝 5,000-20,000 個/年, 餐飲外賣 1,000-5,000 個/年, 教育培訓 500-2,000 個/年. 行業趨勢: 客製化 +58% (企業 LOGO 從 18% 升到 28%), 環保材質 (FSC 紅卡 + 大豆油墨) +42%. 對打 e-print HK$1.6"
"src/data/category-seo-content.ts",2150,"質","{ q: 'CNY 2027 利是封備貨時間線 + 行業趨勢？', a: '8 月設計 → 9 月打樣 (HK$200 含郵費) → 10 月量產 (5-7 天交期) → 11 月前完成派發 (旺季 +30% 費用). 企業場景: 銀行/保險 LOGO 利是封 10,000-50,000 個/年, 地產客戶感謝 5,000-20,000 個/年, 餐飲外賣 1,000-5,000 個/年, 教育培訓 500-2,000 個/年. 行業趨勢: 客製化 +58% (企業 LOGO 從 18% 升到 28%), 環保材質 (FSC 紅卡 + 大豆油墨) +42%. 對打 e-print HK$1.6"
"src/data/category-seo-content.ts",2150,"紅","{ q: 'CNY 2027 利是封備貨時間線 + 行業趨勢？', a: '8 月設計 → 9 月打樣 (HK$200 含郵費) → 10 月量產 (5-7 天交期) → 11 月前完成派發 (旺季 +30% 費用). 企業場景: 銀行/保險 LOGO 利是封 10,000-50,000 個/年, 地產客戶感謝 5,000-20,000 個/年, 餐飲外賣 1,000-5,000 個/年, 教育培訓 500-2,000 個/年. 行業趨勢: 客製化 +58% (企業 LOGO 從 18% 升到 28%), 環保材質 (FSC 紅卡 + 大豆油墨) +42%. 對打 e-print HK$1.6"
"src/data/category-seo-content.ts",2150,"卡","{ q: 'CNY 2027 利是封備貨時間線 + 行業趨勢？', a: '8 月設計 → 9 月打樣 (HK$200 含郵費) → 10 月量產 (5-7 天交期) → 11 月前完成派發 (旺季 +30% 費用). 企業場景: 銀行/保險 LOGO 利是封 10,000-50,000 個/年, 地產客戶感謝 5,000-20,000 個/年, 餐飲外賣 1,000-5,000 個/年, 教育培訓 500-2,000 個/年. 行業趨勢: 客製化 +58% (企業 LOGO 從 18% 升到 28%), 環保材質 (FSC 紅卡 + 大豆油墨) +42%. 對打 e-print HK$1.6"
"src/data/category-seo-content.ts",2150,"大","{ q: 'CNY 2027 利是封備貨時間線 + 行業趨勢？', a: '8 月設計 → 9 月打樣 (HK$200 含郵費) → 10 月量產 (5-7 天交期) → 11 月前完成派發 (旺季 +30% 費用). 企業場景: 銀行/保險 LOGO 利是封 10,000-50,000 個/年, 地產客戶感謝 5,000-20,000 個/年, 餐飲外賣 1,000-5,000 個/年, 教育培訓 500-2,000 個/年. 行業趨勢: 客製化 +58% (企業 LOGO 從 18% 升到 28%), 環保材質 (FSC 紅卡 + 大豆油墨) +42%. 對打 e-print HK$1.6"
"src/data/category-seo-content.ts",2150,"豆","{ q: 'CNY 2027 利是封備貨時間線 + 行業趨勢？', a: '8 月設計 → 9 月打樣 (HK$200 含郵費) → 10 月量產 (5-7 天交期) → 11 月前完成派發 (旺季 +30% 費用). 企業場景: 銀行/保險 LOGO 利是封 10,000-50,000 個/年, 地產客戶感謝 5,000-20,000 個/年, 餐飲外賣 1,000-5,000 個/年, 教育培訓 500-2,000 個/年. 行業趨勢: 客製化 +58% (企業 LOGO 從 18% 升到 28%), 環保材質 (FSC 紅卡 + 大豆油墨) +42%. 對打 e-print HK$1.6"
"src/data/category-seo-content.ts",2150,"油","{ q: 'CNY 2027 利是封備貨時間線 + 行業趨勢？', a: '8 月設計 → 9 月打樣 (HK$200 含郵費) → 10 月量產 (5-7 天交期) → 11 月前完成派發 (旺季 +30% 費用). 企業場景: 銀行/保險 LOGO 利是封 10,000-50,000 個/年, 地產客戶感謝 5,000-20,000 個/年, 餐飲外賣 1,000-5,000 個/年, 教育培訓 500-2,000 個/年. 行業趨勢: 客製化 +58% (企業 LOGO 從 18% 升到 28%), 環保材質 (FSC 紅卡 + 大豆油墨) +42%. 對打 e-print HK$1.6"
"src/data/category-seo-content.ts",2150,"墨","{ q: 'CNY 2027 利是封備貨時間線 + 行業趨勢？', a: '8 月設計 → 9 月打樣 (HK$200 含郵費) → 10 月量產 (5-7 天交期) → 11 月前完成派發 (旺季 +30% 費用). 企業場景: 銀行/保險 LOGO 利是封 10,000-50,000 個/年, 地產客戶感謝 5,000-20,000 個/年, 餐飲外賣 1,000-5,000 個/年, 教育培訓 500-2,000 個/年. 行業趨勢: 客製化 +58% (企業 LOGO 從 18% 升到 28%), 環保材質 (FSC 紅卡 + 大豆油墨) +42%. 對打 e-print HK$1.6"
"src/data/category-seo-content.ts",2150,"對","{ q: 'CNY 2027 利是封備貨時間線 + 行業趨勢？', a: '8 月設計 → 9 月打樣 (HK$200 含郵費) → 10 月量產 (5-7 天交期) → 11 月前完成派發 (旺季 +30% 費用). 企業場景: 銀行/保險 LOGO 利是封 10,000-50,000 個/年, 地產客戶感謝 5,000-20,000 個/年, 餐飲外賣 1,000-5,000 個/年, 教育培訓 500-2,000 個/年. 行業趨勢: 客製化 +58% (企業 LOGO 從 18% 升到 28%), 環保材質 (FSC 紅卡 + 大豆油墨) +42%. 對打 e-print HK$1.6"
"src/data/category-seo-content.ts",2150,"打","{ q: 'CNY 2027 利是封備貨時間線 + 行業趨勢？', a: '8 月設計 → 9 月打樣 (HK$200 含郵費) → 10 月量產 (5-7 天交期) → 11 月前完成派發 (旺季 +30% 費用). 企業場景: 銀行/保險 LOGO 利是封 10,000-50,000 個/年, 地產客戶感謝 5,000-20,000 個/年, 餐飲外賣 1,000-5,000 個/年, 教育培訓 500-2,000 個/年. 行業趨勢: 客製化 +58% (企業 LOGO 從 18% 升到 28%), 環保材質 (FSC 紅卡 + 大豆油墨) +42%. 對打 e-print HK$1.6"
"src/data/category-seo-content.ts",2150,"個","{ q: 'CNY 2027 利是封備貨時間線 + 行業趨勢？', a: '8 月設計 → 9 月打樣 (HK$200 含郵費) → 10 月量產 (5-7 天交期) → 11 月前完成派發 (旺季 +30% 費用). 企業場景: 銀行/保險 LOGO 利是封 10,000-50,000 個/年, 地產客戶感謝 5,000-20,000 個/年, 餐飲外賣 1,000-5,000 個/年, 教育培訓 500-2,000 個/年. 行業趨勢: 客製化 +58% (企業 LOGO 從 18% 升到 28%), 環保材質 (FSC 紅卡 + 大豆油墨) +42%. 對打 e-print HK$1.6"
"src/data/category-seo-content.ts",2150,"個","{ q: 'CNY 2027 利是封備貨時間線 + 行業趨勢？', a: '8 月設計 → 9 月打樣 (HK$200 含郵費) → 10 月量產 (5-7 天交期) → 11 月前完成派發 (旺季 +30% 費用). 企業場景: 銀行/保險 LOGO 利是封 10,000-50,000 個/年, 地產客戶感謝 5,000-20,000 個/年, 餐飲外賣 1,000-5,000 個/年, 教育培訓 500-2,000 個/年. 行業趨勢: 客製化 +58% (企業 LOGO 從 18% 升到 28%), 環保材質 (FSC 紅卡 + 大豆油墨) +42%. 對打 e-print HK$1.6"
"src/data/category-seo-content.ts",2150,"我","{ q: 'CNY 2027 利是封備貨時間線 + 行業趨勢？', a: '8 月設計 → 9 月打樣 (HK$200 含郵費) → 10 月量產 (5-7 天交期) → 11 月前完成派發 (旺季 +30% 費用). 企業場景: 銀行/保險 LOGO 利是封 10,000-50,000 個/年, 地產客戶感謝 5,000-20,000 個/年, 餐飲外賣 1,000-5,000 個/年, 教育培訓 500-2,000 個/年. 行業趨勢: 客製化 +58% (企業 LOGO 從 18% 升到 28%), 環保材質 (FSC 紅卡 + 大豆油墨) +42%. 對打 e-print HK$1.6"
"src/data/category-seo-content.ts",2150,"方","{ q: 'CNY 2027 利是封備貨時間線 + 行業趨勢？', a: '8 月設計 → 9 月打樣 (HK$200 含郵費) → 10 月量產 (5-7 天交期) → 11 月前完成派發 (旺季 +30% 費用). 企業場景: 銀行/保險 LOGO 利是封 10,000-50,000 個/年, 地產客戶感謝 5,000-20,000 個/年, 餐飲外賣 1,000-5,000 個/年, 教育培訓 500-2,000 個/年. 行業趨勢: 客製化 +58% (企業 LOGO 從 18% 升到 28%), 環保材質 (FSC 紅卡 + 大豆油墨) +42%. 對打 e-print HK$1.6"
"src/data/category-seo-content.ts",2150,"個","{ q: 'CNY 2027 利是封備貨時間線 + 行業趨勢？', a: '8 月設計 → 9 月打樣 (HK$200 含郵費) → 10 月量產 (5-7 天交期) → 11 月前完成派發 (旺季 +30% 費用). 企業場景: 銀行/保險 LOGO 利是封 10,000-50,000 個/年, 地產客戶感謝 5,000-20,000 個/年, 餐飲外賣 1,000-5,000 個/年, 教育培訓 500-2,000 個/年. 行業趨勢: 客製化 +58% (企業 LOGO 從 18% 升到 28%), 環保材質 (FSC 紅卡 + 大豆油墨) +42%. 對打 e-print HK$1.6"
"src/data/category-seo-content.ts",2150,"個","{ q: 'CNY 2027 利是封備貨時間線 + 行業趨勢？', a: '8 月設計 → 9 月打樣 (HK$200 含郵費) → 10 月量產 (5-7 天交期) → 11 月前完成派發 (旺季 +30% 費用). 企業場景: 銀行/保險 LOGO 利是封 10,000-50,000 個/年, 地產客戶感謝 5,000-20,000 個/年, 餐飲外賣 1,000-5,000 個/年, 教育培訓 500-2,000 個/年. 行業趨勢: 客製化 +58% (企業 LOGO 從 18% 升到 28%), 環保材質 (FSC 紅卡 + 大豆油墨) +42%. 對打 e-print HK$1.6"
"src/data/category-seo-content.ts",2150,"燙","{ q: 'CNY 2027 利是封備貨時間線 + 行業趨勢？', a: '8 月設計 → 9 月打樣 (HK$200 含郵費) → 10 月量產 (5-7 天交期) → 11 月前完成派發 (旺季 +30% 費用). 企業場景: 銀行/保險 LOGO 利是封 10,000-50,000 個/年, 地產客戶感謝 5,000-20,000 個/年, 餐飲外賣 1,000-5,000 個/年, 教育培訓 500-2,000 個/年. 行業趨勢: 客製化 +58% (企業 LOGO 從 18% 升到 28%), 環保材質 (FSC 紅卡 + 大豆油墨) +42%. 對打 e-print HK$1.6"
"src/data/category-seo-content.ts",2150,"金","{ q: 'CNY 2027 利是封備貨時間線 + 行業趨勢？', a: '8 月設計 → 9 月打樣 (HK$200 含郵費) → 10 月量產 (5-7 天交期) → 11 月前完成派發 (旺季 +30% 費用). 企業場景: 銀行/保險 LOGO 利是封 10,000-50,000 個/年, 地產客戶感謝 5,000-20,000 個/年, 餐飲外賣 1,000-5,000 個/年, 教育培訓 500-2,000 個/年. 行業趨勢: 客製化 +58% (企業 LOGO 從 18% 升到 28%), 環保材質 (FSC 紅卡 + 大豆油墨) +42%. 對打 e-print HK$1.6"
"src/data/category-seo-content.ts",2150,"早","{ q: 'CNY 2027 利是封備貨時間線 + 行業趨勢？', a: '8 月設計 → 9 月打樣 (HK$200 含郵費) → 10 月量產 (5-7 天交期) → 11 月前完成派發 (旺季 +30% 費用). 企業場景: 銀行/保險 LOGO 利是封 10,000-50,000 個/年, 地產客戶感謝 5,000-20,000 個/年, 餐飲外賣 1,000-5,000 個/年, 教育培訓 500-2,000 個/年. 行業趨勢: 客製化 +58% (企業 LOGO 從 18% 升到 28%), 環保材質 (FSC 紅卡 + 大豆油墨) +42%. 對打 e-print HK$1.6"
"src/data/category-seo-content.ts",2150,"鳥","{ q: 'CNY 2027 利是封備貨時間線 + 行業趨勢？', a: '8 月設計 → 9 月打樣 (HK$200 含郵費) → 10 月量產 (5-7 天交期) → 11 月前完成派發 (旺季 +30% 費用). 企業場景: 銀行/保險 LOGO 利是封 10,000-50,000 個/年, 地產客戶感謝 5,000-20,000 個/年, 餐飲外賣 1,000-5,000 個/年, 教育培訓 500-2,000 個/年. 行業趨勢: 客製化 +58% (企業 LOGO 從 18% 升到 28%), 環保材質 (FSC 紅卡 + 大豆油墨) +42%. 對打 e-print HK$1.6"
"src/data/category-seo-content.ts",2150,"折","{ q: 'CNY 2027 利是封備貨時間線 + 行業趨勢？', a: '8 月設計 → 9 月打樣 (HK$200 含郵費) → 10 月量產 (5-7 天交期) → 11 月前完成派發 (旺季 +30% 費用). 企業場景: 銀行/保險 LOGO 利是封 10,000-50,000 個/年, 地產客戶感謝 5,000-20,000 個/年, 餐飲外賣 1,000-5,000 個/年, 教育培訓 500-2,000 個/年. 行業趨勢: 客製化 +58% (企業 LOGO 從 18% 升到 28%), 環保材質 (FSC 紅卡 + 大豆油墨) +42%. 對打 e-print HK$1.6"
"src/data/category-seo-content.ts",2150,"個","{ q: 'CNY 2027 利是封備貨時間線 + 行業趨勢？', a: '8 月設計 → 9 月打樣 (HK$200 含郵費) → 10 月量產 (5-7 天交期) → 11 月前完成派發 (旺季 +30% 費用). 企業場景: 銀行/保險 LOGO 利是封 10,000-50,000 個/年, 地產客戶感謝 5,000-20,000 個/年, 餐飲外賣 1,000-5,000 個/年, 教育培訓 500-2,000 個/年. 行業趨勢: 客製化 +58% (企業 LOGO 從 18% 升到 28%), 環保材質 (FSC 紅卡 + 大豆油墨) +42%. 對打 e-print HK$1.6"
"src/data/category-seo-content.ts",2787,"镂","'Precision die-cutting with fully customizable shapes: round, irregular,镂空.',"
"src/data/category-seo-content.ts",2787,"空","'Precision die-cutting with fully customizable shapes: round, irregular,镂空.',"
"src/data/category-seo-content.ts",4605,"離","'Local SF Express 24h HK,離島 1-2 days, free pickup over HKD 500',"
"src/data/category-seo-content.ts",4605,"島","'Local SF Express 24h HK,離島 1-2 days, free pickup over HKD 500',"
"src/data/category-seo-content.ts",4654,"離","{ title: 'SF Express Local 24h', description: 'HK 24h delivery,離島 1-2 days, free pickup over HKD 500' },"
"src/data/category-seo-content.ts",4654,"島","{ title: 'SF Express Local 24h', description: 'HK 24h delivery,離島 1-2 days, free pickup over HKD 500' },"
"src/data/sku-seo-data.ts",3482,"壓","""description"": ""壓紋名片"","
"src/data/sku-seo-data.ts",3482,"紋","""description"": ""壓紋名片"","
"src/data/sku-seo-data.ts",3482,"名","""description"": ""壓紋名片"","
"src/data/sku-seo-data.ts",3482,"片","""description"": ""壓紋名片"","
"src/data/sku-seo-data.ts",3483,"婚","""h1"": ""婚禮名片"","
"src/data/sku-seo-data.ts",3483,"禮","""h1"": ""婚禮名片"","
"src/data/sku-seo-data.ts",3483,"名","""h1"": ""婚禮名片"","
"src/data/sku-seo-data.ts",3483,"片","""h1"": ""婚禮名片"","
"src/data/sku-seo-data.ts",3485,"名","""400g名片"""
"src/data/sku-seo-data.ts",3485,"片","""400g名片"""
"src/data/sku-seo-data.ts",3515,"厚","""en"": ""厚口 カード"","
"src/data/sku-seo-data.ts",3515,"口","""en"": ""厚口 カード"","
"src/data/sku-seo-data.ts",3537,"婚","""description"": ""婚禮名片"","
"src/data/sku-seo-data.ts",3537,"禮","""description"": ""婚禮名片"","
"src/data/sku-seo-data.ts",3537,"名","""description"": ""婚禮名片"","
"src/data/sku-seo-data.ts",3537,"片","""description"": ""婚禮名片"","
"src/data/sku-seo-data.ts",3538,"金","""h1"": ""金屬光澤名片"","
"src/data/sku-seo-data.ts",3538,"屬","""h1"": ""金屬光澤名片"","
"src/data/sku-seo-data.ts",3538,"光","""h1"": ""金屬光澤名片"","
"src/data/sku-seo-data.ts",3538,"澤","""h1"": ""金屬光澤名片"","
"src/data/sku-seo-data.ts",3538,"名","""h1"": ""金屬光澤名片"","
"src/data/sku-seo-data.ts",3538,"片","""h1"": ""金屬光澤名片"","
"src/data/sku-seo-data.ts",3540,"燙","""燙金名片"""
"src/data/sku-seo-data.ts",3540,"金","""燙金名片"""
"src/data/sku-seo-data.ts",3540,"名","""燙金名片"""
"src/data/sku-seo-data.ts",3540,"片","""燙金名片"""
"src/data/sku-seo-data.ts",3570,"箔","""en"": ""箔押し カード"","
"src/data/sku-seo-data.ts",3570,"押","""en"": ""箔押し カード"","
