method,file,line,col,char,bucket_A,field_A,bucket_B,field_B,arrayElement,guardEn,resolveEn,rendersChineseFAQ,whitelist,excerpt,fileBucketChars_A
A,"src/data/blog-data/en.json",5,230,"國","description","description","description","description",,Y,Y,,"","""description"": ""Complete guide to custom stickers, packaging boxes, and labels for US small business. Compare vinyl/PVC/Kraft/clear materials, 50-1000 MOQ, Free shipping over $99, FedEx Ground 5-7 day",53
A,"src/data/blog-data/en.json",5,231,"際","description","description","description","description",,Y,Y,,"","""description"": ""Complete guide to custom stickers, packaging boxes, and labels for US small business. Compare vinyl/PVC/Kraft/clear materials, 50-1000 MOQ, Free shipping over $99, FedEx Ground 5-7 day",53
A,"src/data/blog-data/en.json",5,232,"認","description","description","description","description",,Y,Y,,"","""description"": ""Complete guide to custom stickers, packaging boxes, and labels for US small business. Compare vinyl/PVC/Kraft/clear materials, 50-1000 MOQ, Free shipping over $99, FedEx Ground 5-7 day",53
A,"src/data/blog-data/en.json",5,233,"證","description","description","description","description",,Y,Y,,"","""description"": ""Complete guide to custom stickers, packaging boxes, and labels for US small business. Compare vinyl/PVC/Kraft/clear materials, 50-1000 MOQ, Free shipping over $99, FedEx Ground 5-7 day",53
A,"src/data/blog-data/en.json",5,234,"體","description","description","description","description",,Y,Y,,"","""description"": ""Complete guide to custom stickers, packaging boxes, and labels for US small business. Compare vinyl/PVC/Kraft/clear materials, 50-1000 MOQ, Free shipping over $99, FedEx Ground 5-7 day",53
A,"src/data/blog-data/en.json",5,235,"系","description","description","description","description",,Y,Y,,"","""description"": ""Complete guide to custom stickers, packaging boxes, and labels for US small business. Compare vinyl/PVC/Kraft/clear materials, 50-1000 MOQ, Free shipping over $99, FedEx Ground 5-7 day",53
A,"src/data/blog-data/en.json",8,1778,"進","content","content","content","content",,Y,Y,Y,"","""content"": ""<p>US small business and DTC brand owners order custom stickers, packaging boxes, and labels weekly from Asia factory-direct printing suppliers. With hundreds of competing suppliers — Stic",688
A,"src/data/blog-data/en.json",8,1779,"口","content","content","content","content",,Y,Y,Y,"","""content"": ""<p>US small business and DTC brand owners order custom stickers, packaging boxes, and labels weekly from Asia factory-direct printing suppliers. With hundreds of competing suppliers — Stic",688
A,"src/data/blog-data/en.json",8,1780,"印","content","content","content","content",,Y,Y,Y,"","""content"": ""<p>US small business and DTC brand owners order custom stickers, packaging boxes, and labels weekly from Asia factory-direct printing suppliers. With hundreds of competing suppliers — Stic",688
A,"src/data/blog-data/en.json",8,1781,"刷","content","content","content","content",,Y,Y,Y,"","""content"": ""<p>US small business and DTC brand owners order custom stickers, packaging boxes, and labels weekly from Asia factory-direct printing suppliers. With hundreds of competing suppliers — Stic",688
A,"src/data/blog-data/en.json",8,1782,"設","content","content","content","content",,Y,Y,Y,"","""content"": ""<p>US small business and DTC brand owners order custom stickers, packaging boxes, and labels weekly from Asia factory-direct printing suppliers. With hundreds of competing suppliers — Stic",688
A,"src/data/blog-data/en.json",8,1783,"備","content","content","content","content",,Y,Y,Y,"","""content"": ""<p>US small business and DTC brand owners order custom stickers, packaging boxes, and labels weekly from Asia factory-direct printing suppliers. With hundreds of competing suppliers — Stic",688
A,"src/data/blog-data/en.json",8,3545,"進","content","content","content","content",,Y,Y,Y,"","""content"": ""<p>US small business and DTC brand owners order custom stickers, packaging boxes, and labels weekly from Asia factory-direct printing suppliers. With hundreds of competing suppliers — Stic",688
A,"src/data/blog-data/en.json",8,3546,"口","content","content","content","content",,Y,Y,Y,"","""content"": ""<p>US small business and DTC brand owners order custom stickers, packaging boxes, and labels weekly from Asia factory-direct printing suppliers. With hundreds of competing suppliers — Stic",688
A,"src/data/blog-data/en.json",8,3547,"印","content","content","content","content",,Y,Y,Y,"","""content"": ""<p>US small business and DTC brand owners order custom stickers, packaging boxes, and labels weekly from Asia factory-direct printing suppliers. With hundreds of competing suppliers — Stic",688
A,"src/data/blog-data/en.json",8,3548,"刷","content","content","content","content",,Y,Y,Y,"","""content"": ""<p>US small business and DTC brand owners order custom stickers, packaging boxes, and labels weekly from Asia factory-direct printing suppliers. With hundreds of competing suppliers — Stic",688
A,"src/data/blog-data/en.json",8,3549,"設","content","content","content","content",,Y,Y,Y,"","""content"": ""<p>US small business and DTC brand owners order custom stickers, packaging boxes, and labels weekly from Asia factory-direct printing suppliers. With hundreds of competing suppliers — Stic",688
A,"src/data/blog-data/en.json",8,3550,"備","content","content","content","content",,Y,Y,Y,"","""content"": ""<p>US small business and DTC brand owners order custom stickers, packaging boxes, and labels weekly from Asia factory-direct printing suppliers. With hundreds of competing suppliers — Stic",688
A,"src/data/blog-data/en.json",8,4238,"進","content","content","content","content",,Y,Y,Y,"","""content"": ""<p>US small business and DTC brand owners order custom stickers, packaging boxes, and labels weekly from Asia factory-direct printing suppliers. With hundreds of competing suppliers — Stic",688
A,"src/data/blog-data/en.json",8,4239,"口","content","content","content","content",,Y,Y,Y,"","""content"": ""<p>US small business and DTC brand owners order custom stickers, packaging boxes, and labels weekly from Asia factory-direct printing suppliers. With hundreds of competing suppliers — Stic",688
A,"src/data/blog-data/en.json",8,4240,"印","content","content","content","content",,Y,Y,Y,"","""content"": ""<p>US small business and DTC brand owners order custom stickers, packaging boxes, and labels weekly from Asia factory-direct printing suppliers. With hundreds of competing suppliers — Stic",688
A,"src/data/blog-data/en.json",8,4241,"刷","content","content","content","content",,Y,Y,Y,"","""content"": ""<p>US small business and DTC brand owners order custom stickers, packaging boxes, and labels weekly from Asia factory-direct printing suppliers. With hundreds of competing suppliers — Stic",688
A,"src/data/blog-data/en.json",8,4242,"設","content","content","content","content",,Y,Y,Y,"","""content"": ""<p>US small business and DTC brand owners order custom stickers, packaging boxes, and labels weekly from Asia factory-direct printing suppliers. With hundreds of competing suppliers — Stic",688
A,"src/data/blog-data/en.json",8,4243,"備","content","content","content","content",,Y,Y,Y,"","""content"": ""<p>US small business and DTC brand owners order custom stickers, packaging boxes, and labels weekly from Asia factory-direct printing suppliers. With hundreds of competing suppliers — Stic",688
A,"src/data/blog-data/en.json",16,4888,"國","content","content","content","content",,Y,Y,,"","""content"": ""<p>Many designers and corporate marketing teams fa issues when preparing print files: white edges appearing on finished prints, blurry images, color vastly different from screen — most com",688
A,"src/data/blog-data/en.json",16,4889,"際","content","content","content","content",,Y,Y,,"","""content"": ""<p>Many designers and corporate marketing teams fa issues when preparing print files: white edges appearing on finished prints, blurry images, color vastly different from screen — most com",688
A,"src/data/blog-data/en.json",16,4890,"認","content","content","content","content",,Y,Y,,"","""content"": ""<p>Many designers and corporate marketing teams fa issues when preparing print files: white edges appearing on finished prints, blurry images, color vastly different from screen — most com",688
A,"src/data/blog-data/en.json",16,4891,"證","content","content","content","content",,Y,Y,,"","""content"": ""<p>Many designers and corporate marketing teams fa issues when preparing print files: white edges appearing on finished prints, blurry images, color vastly different from screen — most com",688
A,"src/data/blog-data/en.json",16,4892,"體","content","content","content","content",,Y,Y,,"","""content"": ""<p>Many designers and corporate marketing teams fa issues when preparing print files: white edges appearing on finished prints, blurry images, color vastly different from screen — most com",688
A,"src/data/blog-data/en.json",16,4893,"系","content","content","content","content",,Y,Y,,"","""content"": ""<p>Many designers and corporate marketing teams fa issues when preparing print files: white edges appearing on finished prints, blurry images, color vastly different from screen — most com",688
A,"src/data/blog-data/en.json",24,5076,"國","content","content","content","content",,Y,Y,,"","""content"": ""<p>Brand image building needs systematic material support. From a sticker to product packaging, every touchpoint is a brand-to-customer communication opportunity. This article provides a c",688
A,"src/data/blog-data/en.json",24,5077,"際","content","content","content","content",,Y,Y,,"","""content"": ""<p>Brand image building needs systematic material support. From a sticker to product packaging, every touchpoint is a brand-to-customer communication opportunity. This article provides a c",688
A,"src/data/blog-data/en.json",24,5078,"認","content","content","content","content",,Y,Y,,"","""content"": ""<p>Brand image building needs systematic material support. From a sticker to product packaging, every touchpoint is a brand-to-customer communication opportunity. This article provides a c",688
A,"src/data/blog-data/en.json",24,5079,"證","content","content","content","content",,Y,Y,,"","""content"": ""<p>Brand image building needs systematic material support. From a sticker to product packaging, every touchpoint is a brand-to-customer communication opportunity. This article provides a c",688
A,"src/data/blog-data/en.json",24,5080,"體","content","content","content","content",,Y,Y,,"","""content"": ""<p>Brand image building needs systematic material support. From a sticker to product packaging, every touchpoint is a brand-to-customer communication opportunity. This article provides a c",688
A,"src/data/blog-data/en.json",24,5081,"系","content","content","content","content",,Y,Y,,"","""content"": ""<p>Brand image building needs systematic material support. From a sticker to product packaging, every touchpoint is a brand-to-customer communication opportunity. This article provides a c",688
A,"src/data/blog-data/en.json",56,5327,"國","content","content","content","content",,Y,Y,,"","""content"": ""<p>In competitive retail, packaging is both protection and a brand's first touchpoint with consumers. What new directions will packaging design take in 2024-2026? This article systematical",688
A,"src/data/blog-data/en.json",56,5328,"際","content","content","content","content",,Y,Y,,"","""content"": ""<p>In competitive retail, packaging is both protection and a brand's first touchpoint with consumers. What new directions will packaging design take in 2024-2026? This article systematical",688
A,"src/data/blog-data/en.json",56,5329,"認","content","content","content","content",,Y,Y,,"","""content"": ""<p>In competitive retail, packaging is both protection and a brand's first touchpoint with consumers. What new directions will packaging design take in 2024-2026? This article systematical",688
A,"src/data/blog-data/en.json",56,5330,"證","content","content","content","content",,Y,Y,,"","""content"": ""<p>In competitive retail, packaging is both protection and a brand's first touchpoint with consumers. What new directions will packaging design take in 2024-2026? This article systematical",688
A,"src/data/blog-data/en.json",56,5331,"體","content","content","content","content",,Y,Y,,"","""content"": ""<p>In competitive retail, packaging is both protection and a brand's first touchpoint with consumers. What new directions will packaging design take in 2024-2026? This article systematical",688
A,"src/data/blog-data/en.json",56,5332,"系","content","content","content","content",,Y,Y,,"","""content"": ""<p>In competitive retail, packaging is both protection and a brand's first touchpoint with consumers. What new directions will packaging design take in 2024-2026? This article systematical",688
A,"src/data/blog-data/en.json",64,649,"進","content","content","content","content",,Y,Y,,"","""content"": ""<p class=\""text-base text-[#1A56DB] font-medium mb-4\""><strong>TL;DR:</strong> CMYK vs RGB is the core decision for print color quality control. CMYK 4-color overprint reproduces ~85% of s",688
A,"src/data/blog-data/en.json",64,650,"口","content","content","content","content",,Y,Y,,"","""content"": ""<p class=\""text-base text-[#1A56DB] font-medium mb-4\""><strong>TL;DR:</strong> CMYK vs RGB is the core decision for print color quality control. CMYK 4-color overprint reproduces ~85% of s",688
A,"src/data/blog-data/en.json",64,651,"印","content","content","content","content",,Y,Y,,"","""content"": ""<p class=\""text-base text-[#1A56DB] font-medium mb-4\""><strong>TL;DR:</strong> CMYK vs RGB is the core decision for print color quality control. CMYK 4-color overprint reproduces ~85% of s",688
A,"src/data/blog-data/en.json",64,652,"刷","content","content","content","content",,Y,Y,,"","""content"": ""<p class=\""text-base text-[#1A56DB] font-medium mb-4\""><strong>TL;DR:</strong> CMYK vs RGB is the core decision for print color quality control. CMYK 4-color overprint reproduces ~85% of s",688
A,"src/data/blog-data/en.json",64,653,"設","content","content","content","content",,Y,Y,,"","""content"": ""<p class=\""text-base text-[#1A56DB] font-medium mb-4\""><strong>TL;DR:</strong> CMYK vs RGB is the core decision for print color quality control. CMYK 4-color overprint reproduces ~85% of s",688
A,"src/data/blog-data/en.json",64,654,"備","content","content","content","content",,Y,Y,,"","""content"": ""<p class=\""text-base text-[#1A56DB] font-medium mb-4\""><strong>TL;DR:</strong> CMYK vs RGB is the core decision for print color quality control. CMYK 4-color overprint reproduces ~85% of s",688
A,"src/data/blog-data/en.json",64,4381,"進","content","content","content","content",,Y,Y,,"","""content"": ""<p class=\""text-base text-[#1A56DB] font-medium mb-4\""><strong>TL;DR:</strong> CMYK vs RGB is the core decision for print color quality control. CMYK 4-color overprint reproduces ~85% of s",688
A,"src/data/blog-data/en.json",64,4382,"口","content","content","content","content",,Y,Y,,"","""content"": ""<p class=\""text-base text-[#1A56DB] font-medium mb-4\""><strong>TL;DR:</strong> CMYK vs RGB is the core decision for print color quality control. CMYK 4-color overprint reproduces ~85% of s",688
A,"src/data/blog-data/en.json",64,4383,"印","content","content","content","content",,Y,Y,,"","""content"": ""<p class=\""text-base text-[#1A56DB] font-medium mb-4\""><strong>TL;DR:</strong> CMYK vs RGB is the core decision for print color quality control. CMYK 4-color overprint reproduces ~85% of s",688
A,"src/data/blog-data/en.json",64,4384,"刷","content","content","content","content",,Y,Y,,"","""content"": ""<p class=\""text-base text-[#1A56DB] font-medium mb-4\""><strong>TL;DR:</strong> CMYK vs RGB is the core decision for print color quality control. CMYK 4-color overprint reproduces ~85% of s",688
A,"src/data/blog-data/en.json",64,4385,"設","content","content","content","content",,Y,Y,,"","""content"": ""<p class=\""text-base text-[#1A56DB] font-medium mb-4\""><strong>TL;DR:</strong> CMYK vs RGB is the core decision for print color quality control. CMYK 4-color overprint reproduces ~85% of s",688
A,"src/data/blog-data/en.json",64,4386,"備","content","content","content","content",,Y,Y,,"","""content"": ""<p class=\""text-base text-[#1A56DB] font-medium mb-4\""><strong>TL;DR:</strong> CMYK vs RGB is the core decision for print color quality control. CMYK 4-color overprint reproduces ~85% of s",688
A,"src/data/blog-data/en.json",64,8841,"進","content","content","content","content",,Y,Y,,"","""content"": ""<p class=\""text-base text-[#1A56DB] font-medium mb-4\""><strong>TL;DR:</strong> CMYK vs RGB is the core decision for print color quality control. CMYK 4-color overprint reproduces ~85% of s",688
A,"src/data/blog-data/en.json",64,8842,"口","content","content","content","content",,Y,Y,,"","""content"": ""<p class=\""text-base text-[#1A56DB] font-medium mb-4\""><strong>TL;DR:</strong> CMYK vs RGB is the core decision for print color quality control. CMYK 4-color overprint reproduces ~85% of s",688
A,"src/data/blog-data/en.json",64,8843,"印","content","content","content","content",,Y,Y,,"","""content"": ""<p class=\""text-base text-[#1A56DB] font-medium mb-4\""><strong>TL;DR:</strong> CMYK vs RGB is the core decision for print color quality control. CMYK 4-color overprint reproduces ~85% of s",688
A,"src/data/blog-data/en.json",64,8844,"刷","content","content","content","content",,Y,Y,,"","""content"": ""<p class=\""text-base text-[#1A56DB] font-medium mb-4\""><strong>TL;DR:</strong> CMYK vs RGB is the core decision for print color quality control. CMYK 4-color overprint reproduces ~85% of s",688
A,"src/data/blog-data/en.json",64,8845,"設","content","content","content","content",,Y,Y,,"","""content"": ""<p class=\""text-base text-[#1A56DB] font-medium mb-4\""><strong>TL;DR:</strong> CMYK vs RGB is the core decision for print color quality control. CMYK 4-color overprint reproduces ~85% of s",688
A,"src/data/blog-data/en.json",64,8846,"備","content","content","content","content",,Y,Y,,"","""content"": ""<p class=\""text-base text-[#1A56DB] font-medium mb-4\""><strong>TL;DR:</strong> CMYK vs RGB is the core decision for print color quality control. CMYK 4-color overprint reproduces ~85% of s",688
A,"src/data/blog-data/en.json",64,11594,"進","content","content","content","content",,Y,Y,,"","""content"": ""<p class=\""text-base text-[#1A56DB] font-medium mb-4\""><strong>TL;DR:</strong> CMYK vs RGB is the core decision for print color quality control. CMYK 4-color overprint reproduces ~85% of s",688
A,"src/data/blog-data/en.json",64,11595,"口","content","content","content","content",,Y,Y,,"","""content"": ""<p class=\""text-base text-[#1A56DB] font-medium mb-4\""><strong>TL;DR:</strong> CMYK vs RGB is the core decision for print color quality control. CMYK 4-color overprint reproduces ~85% of s",688
A,"src/data/blog-data/en.json",64,11596,"印","content","content","content","content",,Y,Y,,"","""content"": ""<p class=\""text-base text-[#1A56DB] font-medium mb-4\""><strong>TL;DR:</strong> CMYK vs RGB is the core decision for print color quality control. CMYK 4-color overprint reproduces ~85% of s",688
A,"src/data/blog-data/en.json",64,11597,"刷","content","content","content","content",,Y,Y,,"","""content"": ""<p class=\""text-base text-[#1A56DB] font-medium mb-4\""><strong>TL;DR:</strong> CMYK vs RGB is the core decision for print color quality control. CMYK 4-color overprint reproduces ~85% of s",688
A,"src/data/blog-data/en.json",64,11598,"設","content","content","content","content",,Y,Y,,"","""content"": ""<p class=\""text-base text-[#1A56DB] font-medium mb-4\""><strong>TL;DR:</strong> CMYK vs RGB is the core decision for print color quality control. CMYK 4-color overprint reproduces ~85% of s",688
A,"src/data/blog-data/en.json",64,11599,"備","content","content","content","content",,Y,Y,,"","""content"": ""<p class=\""text-base text-[#1A56DB] font-medium mb-4\""><strong>TL;DR:</strong> CMYK vs RGB is the core decision for print color quality control. CMYK 4-color overprint reproduces ~85% of s",688
A,"src/data/blog-data/en.json",64,12004,"進","content","content","content","content",,Y,Y,,"","""content"": ""<p class=\""text-base text-[#1A56DB] font-medium mb-4\""><strong>TL;DR:</strong> CMYK vs RGB is the core decision for print color quality control. CMYK 4-color overprint reproduces ~85% of s",688
A,"src/data/blog-data/en.json",64,12005,"口","content","content","content","content",,Y,Y,,"","""content"": ""<p class=\""text-base text-[#1A56DB] font-medium mb-4\""><strong>TL;DR:</strong> CMYK vs RGB is the core decision for print color quality control. CMYK 4-color overprint reproduces ~85% of s",688
A,"src/data/blog-data/en.json",64,12006,"印","content","content","content","content",,Y,Y,,"","""content"": ""<p class=\""text-base text-[#1A56DB] font-medium mb-4\""><strong>TL;DR:</strong> CMYK vs RGB is the core decision for print color quality control. CMYK 4-color overprint reproduces ~85% of s",688
A,"src/data/blog-data/en.json",64,12007,"刷","content","content","content","content",,Y,Y,,"","""content"": ""<p class=\""text-base text-[#1A56DB] font-medium mb-4\""><strong>TL;DR:</strong> CMYK vs RGB is the core decision for print color quality control. CMYK 4-color overprint reproduces ~85% of s",688
A,"src/data/blog-data/en.json",64,12008,"設","content","content","content","content",,Y,Y,,"","""content"": ""<p class=\""text-base text-[#1A56DB] font-medium mb-4\""><strong>TL;DR:</strong> CMYK vs RGB is the core decision for print color quality control. CMYK 4-color overprint reproduces ~85% of s",688
A,"src/data/blog-data/en.json",64,12009,"備","content","content","content","content",,Y,Y,,"","""content"": ""<p class=\""text-base text-[#1A56DB] font-medium mb-4\""><strong>TL;DR:</strong> CMYK vs RGB is the core decision for print color quality control. CMYK 4-color overprint reproduces ~85% of s",688
A,"src/data/blog-data/en.json",72,13865,"國","content","content","content","content",,Y,Y,,"","""content"": ""<p class=\""text-base text-[#1A56DB] font-medium mb-4\""><strong>TL;DR:</strong> Choose paper by use case first: weight for function, coating for finish, budget for volume. This guide covers",688
A,"src/data/blog-data/en.json",72,13866,"際","content","content","content","content",,Y,Y,,"","""content"": ""<p class=\""text-base text-[#1A56DB] font-medium mb-4\""><strong>TL;DR:</strong> Choose paper by use case first: weight for function, coating for finish, budget for volume. This guide covers",688
A,"src/data/blog-data/en.json",72,13867,"認","content","content","content","content",,Y,Y,,"","""content"": ""<p class=\""text-base text-[#1A56DB] font-medium mb-4\""><strong>TL;DR:</strong> Choose paper by use case first: weight for function, coating for finish, budget for volume. This guide covers",688
A,"src/data/blog-data/en.json",72,13868,"證","content","content","content","content",,Y,Y,,"","""content"": ""<p class=\""text-base text-[#1A56DB] font-medium mb-4\""><strong>TL;DR:</strong> Choose paper by use case first: weight for function, coating for finish, budget for volume. This guide covers",688
A,"src/data/blog-data/en.json",72,13869,"體","content","content","content","content",,Y,Y,,"","""content"": ""<p class=\""text-base text-[#1A56DB] font-medium mb-4\""><strong>TL;DR:</strong> Choose paper by use case first: weight for function, coating for finish, budget for volume. This guide covers",688
A,"src/data/blog-data/en.json",72,13870,"系","content","content","content","content",,Y,Y,,"","""content"": ""<p class=\""text-base text-[#1A56DB] font-medium mb-4\""><strong>TL;DR:</strong> Choose paper by use case first: weight for function, coating for finish, budget for volume. This guide covers",688
A,"src/data/blog-data/en.json",80,5447,"國","content","content","content","content",,Y,Y,,"","""content"": ""<p>Sustainability is now a global trend. More companies embed ESG (Environmental, Social, Governance) into core strategy, and eco-printing is a key part of that. This article provides syst",688
A,"src/data/blog-data/en.json",80,5448,"際","content","content","content","content",,Y,Y,,"","""content"": ""<p>Sustainability is now a global trend. More companies embed ESG (Environmental, Social, Governance) into core strategy, and eco-printing is a key part of that. This article provides syst",688
A,"src/data/blog-data/en.json",80,5449,"認","content","content","content","content",,Y,Y,,"","""content"": ""<p>Sustainability is now a global trend. More companies embed ESG (Environmental, Social, Governance) into core strategy, and eco-printing is a key part of that. This article provides syst",688
A,"src/data/blog-data/en.json",80,5450,"證","content","content","content","content",,Y,Y,,"","""content"": ""<p>Sustainability is now a global trend. More companies embed ESG (Environmental, Social, Governance) into core strategy, and eco-printing is a key part of that. This article provides syst",688
A,"src/data/blog-data/en.json",80,5451,"體","content","content","content","content",,Y,Y,,"","""content"": ""<p>Sustainability is now a global trend. More companies embed ESG (Environmental, Social, Governance) into core strategy, and eco-printing is a key part of that. This article provides syst",688
A,"src/data/blog-data/en.json",80,5452,"系","content","content","content","content",,Y,Y,,"","""content"": ""<p>Sustainability is now a global trend. More companies embed ESG (Environmental, Social, Governance) into core strategy, and eco-printing is a key part of that. This article provides syst",688
A,"src/data/blog-data/en.json",96,466,"進","content","content","content","content",,Y,Y,,"","""content"": ""<p><strong>Food packaging printing</strong> is the most strictly regulated branch of <a href=\""/en/category/packaging/\"">packaging box</a> production. The global food packaging market reac",688
A,"src/data/blog-data/en.json",96,467,"口","content","content","content","content",,Y,Y,,"","""content"": ""<p><strong>Food packaging printing</strong> is the most strictly regulated branch of <a href=\""/en/category/packaging/\"">packaging box</a> production. The global food packaging market reac",688
A,"src/data/blog-data/en.json",96,468,"印","content","content","content","content",,Y,Y,,"","""content"": ""<p><strong>Food packaging printing</strong> is the most strictly regulated branch of <a href=\""/en/category/packaging/\"">packaging box</a> production. The global food packaging market reac",688
A,"src/data/blog-data/en.json",96,469,"刷","content","content","content","content",,Y,Y,,"","""content"": ""<p><strong>Food packaging printing</strong> is the most strictly regulated branch of <a href=\""/en/category/packaging/\"">packaging box</a> production. The global food packaging market reac",688
A,"src/data/blog-data/en.json",96,470,"設","content","content","content","content",,Y,Y,,"","""content"": ""<p><strong>Food packaging printing</strong> is the most strictly regulated branch of <a href=\""/en/category/packaging/\"">packaging box</a> production. The global food packaging market reac",688
A,"src/data/blog-data/en.json",96,471,"備","content","content","content","content",,Y,Y,,"","""content"": ""<p><strong>Food packaging printing</strong> is the most strictly regulated branch of <a href=\""/en/category/packaging/\"">packaging box</a> production. The global food packaging market reac",688
A,"src/data/blog-data/en.json",96,6393,"國","content","content","content","content",,Y,Y,,"","""content"": ""<p><strong>Food packaging printing</strong> is the most strictly regulated branch of <a href=\""/en/category/packaging/\"">packaging box</a> production. The global food packaging market reac",688
A,"src/data/blog-data/en.json",96,6394,"際","content","content","content","content",,Y,Y,,"","""content"": ""<p><strong>Food packaging printing</strong> is the most strictly regulated branch of <a href=\""/en/category/packaging/\"">packaging box</a> production. The global food packaging market reac",688
A,"src/data/blog-data/en.json",96,6395,"認","content","content","content","content",,Y,Y,,"","""content"": ""<p><strong>Food packaging printing</strong> is the most strictly regulated branch of <a href=\""/en/category/packaging/\"">packaging box</a> production. The global food packaging market reac",688
A,"src/data/blog-data/en.json",96,6396,"證","content","content","content","content",,Y,Y,,"","""content"": ""<p><strong>Food packaging printing</strong> is the most strictly regulated branch of <a href=\""/en/category/packaging/\"">packaging box</a> production. The global food packaging market reac",688
A,"src/data/blog-data/en.json",96,6397,"體","content","content","content","content",,Y,Y,,"","""content"": ""<p><strong>Food packaging printing</strong> is the most strictly regulated branch of <a href=\""/en/category/packaging/\"">packaging box</a> production. The global food packaging market reac",688
A,"src/data/blog-data/en.json",96,6398,"系","content","content","content","content",,Y,Y,,"","""content"": ""<p><strong>Food packaging printing</strong> is the most strictly regulated branch of <a href=\""/en/category/packaging/\"">packaging box</a> production. The global food packaging market reac",688
A,"src/data/blog-data/en.json",96,12133,"認","content","content","content","content",,Y,Y,,"","""content"": ""<p><strong>Food packaging printing</strong> is the most strictly regulated branch of <a href=\""/en/category/packaging/\"">packaging box</a> production. The global food packaging market reac",688
A,"src/data/blog-data/en.json",96,12134,"證","content","content","content","content",,Y,Y,,"","""content"": ""<p><strong>Food packaging printing</strong> is the most strictly regulated branch of <a href=\""/en/category/packaging/\"">packaging box</a> production. The global food packaging market reac",688
A,"src/data/blog-data/en.json",96,12135,"紙","content","content","content","content",,Y,Y,,"","""content"": ""<p><strong>Food packaging printing</strong> is the most strictly regulated branch of <a href=\""/en/category/packaging/\"">packaging box</a> production. The global food packaging market reac",688
A,"src/data/blog-data/en.json",96,12179,"國","content","content","content","content",,Y,Y,,"","""content"": ""<p><strong>Food packaging printing</strong> is the most strictly regulated branch of <a href=\""/en/category/packaging/\"">packaging box</a> production. The global food packaging market reac",688
A,"src/data/blog-data/en.json",96,12180,"際","content","content","content","content",,Y,Y,,"","""content"": ""<p><strong>Food packaging printing</strong> is the most strictly regulated branch of <a href=\""/en/category/packaging/\"">packaging box</a> production. The global food packaging market reac",688
A,"src/data/blog-data/en.json",96,12181,"認","content","content","content","content",,Y,Y,,"","""content"": ""<p><strong>Food packaging printing</strong> is the most strictly regulated branch of <a href=\""/en/category/packaging/\"">packaging box</a> production. The global food packaging market reac",688
A,"src/data/blog-data/en.json",96,12182,"證","content","content","content","content",,Y,Y,,"","""content"": ""<p><strong>Food packaging printing</strong> is the most strictly regulated branch of <a href=\""/en/category/packaging/\"">packaging box</a> production. The global food packaging market reac",688
A,"src/data/blog-data/en.json",96,12183,"體","content","content","content","content",,Y,Y,,"","""content"": ""<p><strong>Food packaging printing</strong> is the most strictly regulated branch of <a href=\""/en/category/packaging/\"">packaging box</a> production. The global food packaging market reac",688
A,"src/data/blog-data/en.json",96,12184,"系","content","content","content","content",,Y,Y,,"","""content"": ""<p><strong>Food packaging printing</strong> is the most strictly regulated branch of <a href=\""/en/category/packaging/\"">packaging box</a> production. The global food packaging market reac",688
A,"src/data/blog-data/en.json",104,5542,"國","content","content","content","content",,Y,Y,,"","""content"": ""<p>Paper bags are a critical part of brand packaging. Whether you run a boutique, gift store, café, or event business, a well-crafted <a href=\""/en/product/kraft-paper-bags/\"">branded pape",688
A,"src/data/blog-data/en.json",104,5543,"際","content","content","content","content",,Y,Y,,"","""content"": ""<p>Paper bags are a critical part of brand packaging. Whether you run a boutique, gift store, café, or event business, a well-crafted <a href=\""/en/product/kraft-paper-bags/\"">branded pape",688
A,"src/data/blog-data/en.json",104,5544,"認","content","content","content","content",,Y,Y,,"","""content"": ""<p>Paper bags are a critical part of brand packaging. Whether you run a boutique, gift store, café, or event business, a well-crafted <a href=\""/en/product/kraft-paper-bags/\"">branded pape",688
A,"src/data/blog-data/en.json",104,5545,"證","content","content","content","content",,Y,Y,,"","""content"": ""<p>Paper bags are a critical part of brand packaging. Whether you run a boutique, gift store, café, or event business, a well-crafted <a href=\""/en/product/kraft-paper-bags/\"">branded pape",688
A,"src/data/blog-data/en.json",104,5546,"體","content","content","content","content",,Y,Y,,"","""content"": ""<p>Paper bags are a critical part of brand packaging. Whether you run a boutique, gift store, café, or event business, a well-crafted <a href=\""/en/product/kraft-paper-bags/\"">branded pape",688
A,"src/data/blog-data/en.json",104,5547,"系","content","content","content","content",,Y,Y,,"","""content"": ""<p>Paper bags are a critical part of brand packaging. Whether you run a boutique, gift store, café, or event business, a well-crafted <a href=\""/en/product/kraft-paper-bags/\"">branded pape",688
A,"src/data/blog-data/en.json",125,18,"餐","category","category","category","category",,Y,Y,,"","""category"": ""餐飲外賣"",",33
A,"src/data/blog-data/en.json",125,19,"飲","category","category","category","category",,Y,Y,,"","""category"": ""餐飲外賣"",",33
A,"src/data/blog-data/en.json",125,20,"外","category","category","category","category",,Y,Y,,"","""category"": ""餐飲外賣"",",33
A,"src/data/blog-data/en.json",125,21,"賣","category","category","category","category",,Y,Y,,"","""category"": ""餐飲外賣"",",33
A,"src/data/blog-data/en.json",131,40,"進","description","description","description","description",,Y,Y,,"","""description"": ""ZprintPro features 進口印刷設備 6+1 printing presses, HP digital printers, and Martini perfect binding lines for full-service printing solutions."",",53
A,"src/data/blog-data/en.json",131,41,"口","description","description","description","description",,Y,Y,,"","""description"": ""ZprintPro features 進口印刷設備 6+1 printing presses, HP digital printers, and Martini perfect binding lines for full-service printing solutions."",",53
A,"src/data/blog-data/en.json",131,42,"印","description","description","description","description",,Y,Y,,"","""description"": ""ZprintPro features 進口印刷設備 6+1 printing presses, HP digital printers, and Martini perfect binding lines for full-service printing solutions."",",53
A,"src/data/blog-data/en.json",131,43,"刷","description","description","description","description",,Y,Y,,"","""description"": ""ZprintPro features 進口印刷設備 6+1 printing presses, HP digital printers, and Martini perfect binding lines for full-service printing solutions."",",53
A,"src/data/blog-data/en.json",131,44,"設","description","description","description","description",,Y,Y,,"","""description"": ""ZprintPro features 進口印刷設備 6+1 printing presses, HP digital printers, and Martini perfect binding lines for full-service printing solutions."",",53
A,"src/data/blog-data/en.json",131,45,"備","description","description","description","description",,Y,Y,,"","""description"": ""ZprintPro features 進口印刷設備 6+1 printing presses, HP digital printers, and Martini perfect binding lines for full-service printing solutions."",",53
A,"src/data/blog-data/en.json",134,1309,"進","content","content","content","content",,Y,Y,,"","""content"": ""<p>ZprintPro is a Shenzhen-rooted, globally-serving printing enterprise with 15 years of expertise. From corporate stationery to retail packaging, this article gives an in-depth look at ou",688
A,"src/data/blog-data/en.json",134,1310,"口","content","content","content","content",,Y,Y,,"","""content"": ""<p>ZprintPro is a Shenzhen-rooted, globally-serving printing enterprise with 15 years of expertise. From corporate stationery to retail packaging, this article gives an in-depth look at ou",688
A,"src/data/blog-data/en.json",134,1311,"印","content","content","content","content",,Y,Y,,"","""content"": ""<p>ZprintPro is a Shenzhen-rooted, globally-serving printing enterprise with 15 years of expertise. From corporate stationery to retail packaging, this article gives an in-depth look at ou",688
A,"src/data/blog-data/en.json",134,1312,"刷","content","content","content","content",,Y,Y,,"","""content"": ""<p>ZprintPro is a Shenzhen-rooted, globally-serving printing enterprise with 15 years of expertise. From corporate stationery to retail packaging, this article gives an in-depth look at ou",688
A,"src/data/blog-data/en.json",134,1313,"設","content","content","content","content",,Y,Y,,"","""content"": ""<p>ZprintPro is a Shenzhen-rooted, globally-serving printing enterprise with 15 years of expertise. From corporate stationery to retail packaging, this article gives an in-depth look at ou",688
A,"src/data/blog-data/en.json",134,1314,"備","content","content","content","content",,Y,Y,,"","""content"": ""<p>ZprintPro is a Shenzhen-rooted, globally-serving printing enterprise with 15 years of expertise. From corporate stationery to retail packaging, this article gives an in-depth look at ou",688
A,"src/data/blog-data/en.json",134,1409,"進","content","content","content","content",,Y,Y,,"","""content"": ""<p>ZprintPro is a Shenzhen-rooted, globally-serving printing enterprise with 15 years of expertise. From corporate stationery to retail packaging, this article gives an in-depth look at ou",688
A,"src/data/blog-data/en.json",134,1410,"口","content","content","content","content",,Y,Y,,"","""content"": ""<p>ZprintPro is a Shenzhen-rooted, globally-serving printing enterprise with 15 years of expertise. From corporate stationery to retail packaging, this article gives an in-depth look at ou",688
A,"src/data/blog-data/en.json",134,1411,"印","content","content","content","content",,Y,Y,,"","""content"": ""<p>ZprintPro is a Shenzhen-rooted, globally-serving printing enterprise with 15 years of expertise. From corporate stationery to retail packaging, this article gives an in-depth look at ou",688
A,"src/data/blog-data/en.json",134,1412,"刷","content","content","content","content",,Y,Y,,"","""content"": ""<p>ZprintPro is a Shenzhen-rooted, globally-serving printing enterprise with 15 years of expertise. From corporate stationery to retail packaging, this article gives an in-depth look at ou",688
A,"src/data/blog-data/en.json",134,1413,"設","content","content","content","content",,Y,Y,,"","""content"": ""<p>ZprintPro is a Shenzhen-rooted, globally-serving printing enterprise with 15 years of expertise. From corporate stationery to retail packaging, this article gives an in-depth look at ou",688
A,"src/data/blog-data/en.json",134,1414,"備","content","content","content","content",,Y,Y,,"","""content"": ""<p>ZprintPro is a Shenzhen-rooted, globally-serving printing enterprise with 15 years of expertise. From corporate stationery to retail packaging, this article gives an in-depth look at ou",688
A,"src/data/blog-data/en.json",134,1893,"進","content","content","content","content",,Y,Y,,"","""content"": ""<p>ZprintPro is a Shenzhen-rooted, globally-serving printing enterprise with 15 years of expertise. From corporate stationery to retail packaging, this article gives an in-depth look at ou",688
A,"src/data/blog-data/en.json",134,1894,"口","content","content","content","content",,Y,Y,,"","""content"": ""<p>ZprintPro is a Shenzhen-rooted, globally-serving printing enterprise with 15 years of expertise. From corporate stationery to retail packaging, this article gives an in-depth look at ou",688
A,"src/data/blog-data/en.json",134,1895,"印","content","content","content","content",,Y,Y,,"","""content"": ""<p>ZprintPro is a Shenzhen-rooted, globally-serving printing enterprise with 15 years of expertise. From corporate stationery to retail packaging, this article gives an in-depth look at ou",688
A,"src/data/blog-data/en.json",134,1896,"刷","content","content","content","content",,Y,Y,,"","""content"": ""<p>ZprintPro is a Shenzhen-rooted, globally-serving printing enterprise with 15 years of expertise. From corporate stationery to retail packaging, this article gives an in-depth look at ou",688
A,"src/data/blog-data/en.json",134,1897,"設","content","content","content","content",,Y,Y,,"","""content"": ""<p>ZprintPro is a Shenzhen-rooted, globally-serving printing enterprise with 15 years of expertise. From corporate stationery to retail packaging, this article gives an in-depth look at ou",688
A,"src/data/blog-data/en.json",134,1898,"備","content","content","content","content",,Y,Y,,"","""content"": ""<p>ZprintPro is a Shenzhen-rooted, globally-serving printing enterprise with 15 years of expertise. From corporate stationery to retail packaging, this article gives an in-depth look at ou",688
A,"src/data/blog-data/en.json",134,2304,"國","content","content","content","content",,Y,Y,,"","""content"": ""<p>ZprintPro is a Shenzhen-rooted, globally-serving printing enterprise with 15 years of expertise. From corporate stationery to retail packaging, this article gives an in-depth look at ou",688
A,"src/data/blog-data/en.json",134,2305,"際","content","content","content","content",,Y,Y,,"","""content"": ""<p>ZprintPro is a Shenzhen-rooted, globally-serving printing enterprise with 15 years of expertise. From corporate stationery to retail packaging, this article gives an in-depth look at ou",688
A,"src/data/blog-data/en.json",134,2306,"認","content","content","content","content",,Y,Y,,"","""content"": ""<p>ZprintPro is a Shenzhen-rooted, globally-serving printing enterprise with 15 years of expertise. From corporate stationery to retail packaging, this article gives an in-depth look at ou",688
A,"src/data/blog-data/en.json",134,2307,"證","content","content","content","content",,Y,Y,,"","""content"": ""<p>ZprintPro is a Shenzhen-rooted, globally-serving printing enterprise with 15 years of expertise. From corporate stationery to retail packaging, this article gives an in-depth look at ou",688
A,"src/data/blog-data/en.json",134,2308,"體","content","content","content","content",,Y,Y,,"","""content"": ""<p>ZprintPro is a Shenzhen-rooted, globally-serving printing enterprise with 15 years of expertise. From corporate stationery to retail packaging, this article gives an in-depth look at ou",688
A,"src/data/blog-data/en.json",134,2309,"系","content","content","content","content",,Y,Y,,"","""content"": ""<p>ZprintPro is a Shenzhen-rooted, globally-serving printing enterprise with 15 years of expertise. From corporate stationery to retail packaging, this article gives an in-depth look at ou",688
A,"src/data/blog-data/en.json",137,10669,"國","content","content","content","content",,Y,Y,,"","""content"": ""<p>Custom packaging box printing — from lid-base boxes to mailer boxes, white card to specialty paper, foil stamping to embossing. This guide decodes box styles, paper materials, finish co",688
A,"src/data/blog-data/en.json",137,10670,"際","content","content","content","content",,Y,Y,,"","""content"": ""<p>Custom packaging box printing — from lid-base boxes to mailer boxes, white card to specialty paper, foil stamping to embossing. This guide decodes box styles, paper materials, finish co",688
A,"src/data/blog-data/en.json",137,10671,"認","content","content","content","content",,Y,Y,,"","""content"": ""<p>Custom packaging box printing — from lid-base boxes to mailer boxes, white card to specialty paper, foil stamping to embossing. This guide decodes box styles, paper materials, finish co",688
A,"src/data/blog-data/en.json",137,10672,"證","content","content","content","content",,Y,Y,,"","""content"": ""<p>Custom packaging box printing — from lid-base boxes to mailer boxes, white card to specialty paper, foil stamping to embossing. This guide decodes box styles, paper materials, finish co",688
A,"src/data/blog-data/en.json",137,10673,"體","content","content","content","content",,Y,Y,,"","""content"": ""<p>Custom packaging box printing — from lid-base boxes to mailer boxes, white card to specialty paper, foil stamping to embossing. This guide decodes box styles, paper materials, finish co",688
A,"src/data/blog-data/en.json",137,10674,"系","content","content","content","content",,Y,Y,,"","""content"": ""<p>Custom packaging box printing — from lid-base boxes to mailer boxes, white card to specialty paper, foil stamping to embossing. This guide decodes box styles, paper materials, finish co",688
A,"src/data/blog-data/en.json",143,18,"寵","category","category","category","category",,Y,Y,,"","""category"": ""寵物"",",33
A,"src/data/blog-data/en.json",143,19,"物","category","category","category","category",,Y,Y,,"","""category"": ""寵物"",",33
A,"src/data/blog-data/en.json",147,7656,"國","content","content","content","content",,Y,Y,,"","""content"": ""<p class=\""text-base text-[#1A56DB] font-medium mb-4\""><strong>TL;DR:</strong> Apparel, streetwear, and boutique owners — a premium branded paper bag drives Instagram, TikTok, and repeat s",688
A,"src/data/blog-data/en.json",147,7657,"際","content","content","content","content",,Y,Y,,"","""content"": ""<p class=\""text-base text-[#1A56DB] font-medium mb-4\""><strong>TL;DR:</strong> Apparel, streetwear, and boutique owners — a premium branded paper bag drives Instagram, TikTok, and repeat s",688
A,"src/data/blog-data/en.json",147,7658,"認","content","content","content","content",,Y,Y,,"","""content"": ""<p class=\""text-base text-[#1A56DB] font-medium mb-4\""><strong>TL;DR:</strong> Apparel, streetwear, and boutique owners — a premium branded paper bag drives Instagram, TikTok, and repeat s",688
A,"src/data/blog-data/en.json",147,7659,"證","content","content","content","content",,Y,Y,,"","""content"": ""<p class=\""text-base text-[#1A56DB] font-medium mb-4\""><strong>TL;DR:</strong> Apparel, streetwear, and boutique owners — a premium branded paper bag drives Instagram, TikTok, and repeat s",688
A,"src/data/blog-data/en.json",147,7660,"體","content","content","content","content",,Y,Y,,"","""content"": ""<p class=\""text-base text-[#1A56DB] font-medium mb-4\""><strong>TL;DR:</strong> Apparel, streetwear, and boutique owners — a premium branded paper bag drives Instagram, TikTok, and repeat s",688
A,"src/data/blog-data/en.json",147,7661,"系","content","content","content","content",,Y,Y,,"","""content"": ""<p class=\""text-base text-[#1A56DB] font-medium mb-4\""><strong>TL;DR:</strong> Apparel, streetwear, and boutique owners — a premium branded paper bag drives Instagram, TikTok, and repeat s",688
A,"src/data/blog-data/en.json",147,11801,"國","content","content","content","content",,Y,Y,,"","""content"": ""<p class=\""text-base text-[#1A56DB] font-medium mb-4\""><strong>TL;DR:</strong> Apparel, streetwear, and boutique owners — a premium branded paper bag drives Instagram, TikTok, and repeat s",688
A,"src/data/blog-data/en.json",147,11802,"際","content","content","content","content",,Y,Y,,"","""content"": ""<p class=\""text-base text-[#1A56DB] font-medium mb-4\""><strong>TL;DR:</strong> Apparel, streetwear, and boutique owners — a premium branded paper bag drives Instagram, TikTok, and repeat s",688
A,"src/data/blog-data/en.json",147,11803,"認","content","content","content","content",,Y,Y,,"","""content"": ""<p class=\""text-base text-[#1A56DB] font-medium mb-4\""><strong>TL;DR:</strong> Apparel, streetwear, and boutique owners — a premium branded paper bag drives Instagram, TikTok, and repeat s",688
A,"src/data/blog-data/en.json",147,11804,"證","content","content","content","content",,Y,Y,,"","""content"": ""<p class=\""text-base text-[#1A56DB] font-medium mb-4\""><strong>TL;DR:</strong> Apparel, streetwear, and boutique owners — a premium branded paper bag drives Instagram, TikTok, and repeat s",688
A,"src/data/blog-data/en.json",147,11805,"體","content","content","content","content",,Y,Y,,"","""content"": ""<p class=\""text-base text-[#1A56DB] font-medium mb-4\""><strong>TL;DR:</strong> Apparel, streetwear, and boutique owners — a premium branded paper bag drives Instagram, TikTok, and repeat s",688
A,"src/data/blog-data/en.json",147,11806,"系","content","content","content","content",,Y,Y,,"","""content"": ""<p class=\""text-base text-[#1A56DB] font-medium mb-4\""><strong>TL;DR:</strong> Apparel, streetwear, and boutique owners — a premium branded paper bag drives Instagram, TikTok, and repeat s",688
A,"src/data/blog-data/en.json",150,11624,"國","content","content","content","content",,Y,Y,,"","""content"": ""<p class=\""text-base text-[#1A56DB] font-medium mb-4\""><strong>TL;DR:</strong> Shopify, Amazon FBA, Etsy, and Lazada sellers — a premium printed cross-border e-commerce shipping box decide",688
A,"src/data/blog-data/en.json",150,11625,"際","content","content","content","content",,Y,Y,,"","""content"": ""<p class=\""text-base text-[#1A56DB] font-medium mb-4\""><strong>TL;DR:</strong> Shopify, Amazon FBA, Etsy, and Lazada sellers — a premium printed cross-border e-commerce shipping box decide",688
A,"src/data/blog-data/en.json",150,11626,"認","content","content","content","content",,Y,Y,,"","""content"": ""<p class=\""text-base text-[#1A56DB] font-medium mb-4\""><strong>TL;DR:</strong> Shopify, Amazon FBA, Etsy, and Lazada sellers — a premium printed cross-border e-commerce shipping box decide",688
A,"src/data/blog-data/en.json",150,11627,"證","content","content","content","content",,Y,Y,,"","""content"": ""<p class=\""text-base text-[#1A56DB] font-medium mb-4\""><strong>TL;DR:</strong> Shopify, Amazon FBA, Etsy, and Lazada sellers — a premium printed cross-border e-commerce shipping box decide",688
A,"src/data/blog-data/en.json",150,11628,"體","content","content","content","content",,Y,Y,,"","""content"": ""<p class=\""text-base text-[#1A56DB] font-medium mb-4\""><strong>TL;DR:</strong> Shopify, Amazon FBA, Etsy, and Lazada sellers — a premium printed cross-border e-commerce shipping box decide",688
A,"src/data/blog-data/en.json",150,11629,"系","content","content","content","content",,Y,Y,,"","""content"": ""<p class=\""text-base text-[#1A56DB] font-medium mb-4\""><strong>TL;DR:</strong> Shopify, Amazon FBA, Etsy, and Lazada sellers — a premium printed cross-border e-commerce shipping box decide",688
A,"src/data/blog-data/en.json",150,12491,"國","content","content","content","content",,Y,Y,,"","""content"": ""<p class=\""text-base text-[#1A56DB] font-medium mb-4\""><strong>TL;DR:</strong> Shopify, Amazon FBA, Etsy, and Lazada sellers — a premium printed cross-border e-commerce shipping box decide",688
A,"src/data/blog-data/en.json",150,12492,"際","content","content","content","content",,Y,Y,,"","""content"": ""<p class=\""text-base text-[#1A56DB] font-medium mb-4\""><strong>TL;DR:</strong> Shopify, Amazon FBA, Etsy, and Lazada sellers — a premium printed cross-border e-commerce shipping box decide",688
A,"src/data/blog-data/en.json",150,12493,"認","content","content","content","content",,Y,Y,,"","""content"": ""<p class=\""text-base text-[#1A56DB] font-medium mb-4\""><strong>TL;DR:</strong> Shopify, Amazon FBA, Etsy, and Lazada sellers — a premium printed cross-border e-commerce shipping box decide",688
A,"src/data/blog-data/en.json",150,12494,"證","content","content","content","content",,Y,Y,,"","""content"": ""<p class=\""text-base text-[#1A56DB] font-medium mb-4\""><strong>TL;DR:</strong> Shopify, Amazon FBA, Etsy, and Lazada sellers — a premium printed cross-border e-commerce shipping box decide",688
A,"src/data/blog-data/en.json",150,12495,"體","content","content","content","content",,Y,Y,,"","""content"": ""<p class=\""text-base text-[#1A56DB] font-medium mb-4\""><strong>TL;DR:</strong> Shopify, Amazon FBA, Etsy, and Lazada sellers — a premium printed cross-border e-commerce shipping box decide",688
A,"src/data/blog-data/en.json",150,12496,"系","content","content","content","content",,Y,Y,,"","""content"": ""<p class=\""text-base text-[#1A56DB] font-medium mb-4\""><strong>TL;DR:</strong> Shopify, Amazon FBA, Etsy, and Lazada sellers — a premium printed cross-border e-commerce shipping box decide",688
A,"src/data/blog-data/en.json",166,1913,"國","content","content","content","content",,Y,Y,Y,"","""content"": ""<p>The pharmaceutical and supplement industry is one of the most strictly regulated printing applications worldwide. A <a href=\""en/category/stickers/\"">pharmaceutical label</a> not only a",688
A,"src/data/blog-data/en.json",166,1914,"際","content","content","content","content",,Y,Y,Y,"","""content"": ""<p>The pharmaceutical and supplement industry is one of the most strictly regulated printing applications worldwide. A <a href=\""en/category/stickers/\"">pharmaceutical label</a> not only a",688
A,"src/data/blog-data/en.json",166,1915,"認","content","content","content","content",,Y,Y,Y,"","""content"": ""<p>The pharmaceutical and supplement industry is one of the most strictly regulated printing applications worldwide. A <a href=\""en/category/stickers/\"">pharmaceutical label</a> not only a",688
A,"src/data/blog-data/en.json",166,1916,"證","content","content","content","content",,Y,Y,Y,"","""content"": ""<p>The pharmaceutical and supplement industry is one of the most strictly regulated printing applications worldwide. A <a href=\""en/category/stickers/\"">pharmaceutical label</a> not only a",688
A,"src/data/blog-data/en.json",166,1917,"體","content","content","content","content",,Y,Y,Y,"","""content"": ""<p>The pharmaceutical and supplement industry is one of the most strictly regulated printing applications worldwide. A <a href=\""en/category/stickers/\"">pharmaceutical label</a> not only a",688
A,"src/data/blog-data/en.json",166,1918,"系","content","content","content","content",,Y,Y,Y,"","""content"": ""<p>The pharmaceutical and supplement industry is one of the most strictly regulated printing applications worldwide. A <a href=\""en/category/stickers/\"">pharmaceutical label</a> not only a",688
A,"src/data/blog-data/en.json",166,5057,"國","content","content","content","content",,Y,Y,Y,"","""content"": ""<p>The pharmaceutical and supplement industry is one of the most strictly regulated printing applications worldwide. A <a href=\""en/category/stickers/\"">pharmaceutical label</a> not only a",688
A,"src/data/blog-data/en.json",166,5058,"際","content","content","content","content",,Y,Y,Y,"","""content"": ""<p>The pharmaceutical and supplement industry is one of the most strictly regulated printing applications worldwide. A <a href=\""en/category/stickers/\"">pharmaceutical label</a> not only a",688
A,"src/data/blog-data/en.json",166,5059,"認","content","content","content","content",,Y,Y,Y,"","""content"": ""<p>The pharmaceutical and supplement industry is one of the most strictly regulated printing applications worldwide. A <a href=\""en/category/stickers/\"">pharmaceutical label</a> not only a",688
A,"src/data/blog-data/en.json",166,5060,"證","content","content","content","content",,Y,Y,Y,"","""content"": ""<p>The pharmaceutical and supplement industry is one of the most strictly regulated printing applications worldwide. A <a href=\""en/category/stickers/\"">pharmaceutical label</a> not only a",688
A,"src/data/blog-data/en.json",166,5061,"體","content","content","content","content",,Y,Y,Y,"","""content"": ""<p>The pharmaceutical and supplement industry is one of the most strictly regulated printing applications worldwide. A <a href=\""en/category/stickers/\"">pharmaceutical label</a> not only a",688
A,"src/data/blog-data/en.json",166,5062,"系","content","content","content","content",,Y,Y,Y,"","""content"": ""<p>The pharmaceutical and supplement industry is one of the most strictly regulated printing applications worldwide. A <a href=\""en/category/stickers/\"">pharmaceutical label</a> not only a",688
A,"src/data/blog-data/en.json",180,18,"美","category","category","category","category",,Y,Y,,"","""category"": ""美妝護膚"",",33
A,"src/data/blog-data/en.json",180,19,"妝","category","category","category","category",,Y,Y,,"","""category"": ""美妝護膚"",",33
A,"src/data/blog-data/en.json",180,20,"護","category","category","category","category",,Y,Y,,"","""category"": ""美妝護膚"",",33
A,"src/data/blog-data/en.json",180,21,"膚","category","category","category","category",,Y,Y,,"","""category"": ""美妝護膚"",",33
A,"src/data/blog-data/en.json",181,6989,"國","content","content","content","content",,Y,Y,,"","""content"": ""<p class=\""text-base text-[#1A56DB] font-medium mb-4\""><strong>TL;DR:</strong> Cosmetic packaging boxes are the first impression of any skincare brand. 3 main box styles (lid-base / magnet",688
A,"src/data/blog-data/en.json",181,6990,"際","content","content","content","content",,Y,Y,,"","""content"": ""<p class=\""text-base text-[#1A56DB] font-medium mb-4\""><strong>TL;DR:</strong> Cosmetic packaging boxes are the first impression of any skincare brand. 3 main box styles (lid-base / magnet",688
A,"src/data/blog-data/en.json",181,6991,"認","content","content","content","content",,Y,Y,,"","""content"": ""<p class=\""text-base text-[#1A56DB] font-medium mb-4\""><strong>TL;DR:</strong> Cosmetic packaging boxes are the first impression of any skincare brand. 3 main box styles (lid-base / magnet",688
A,"src/data/blog-data/en.json",181,6992,"證","content","content","content","content",,Y,Y,,"","""content"": ""<p class=\""text-base text-[#1A56DB] font-medium mb-4\""><strong>TL;DR:</strong> Cosmetic packaging boxes are the first impression of any skincare brand. 3 main box styles (lid-base / magnet",688
A,"src/data/blog-data/en.json",181,6993,"體","content","content","content","content",,Y,Y,,"","""content"": ""<p class=\""text-base text-[#1A56DB] font-medium mb-4\""><strong>TL;DR:</strong> Cosmetic packaging boxes are the first impression of any skincare brand. 3 main box styles (lid-base / magnet",688
A,"src/data/blog-data/en.json",181,6994,"系","content","content","content","content",,Y,Y,,"","""content"": ""<p class=\""text-base text-[#1A56DB] font-medium mb-4\""><strong>TL;DR:</strong> Cosmetic packaging boxes are the first impression of any skincare brand. 3 main box styles (lid-base / magnet",688
A,"src/data/blog-data/en.json",181,12717,"國","content","content","content","content",,Y,Y,,"","""content"": ""<p class=\""text-base text-[#1A56DB] font-medium mb-4\""><strong>TL;DR:</strong> Cosmetic packaging boxes are the first impression of any skincare brand. 3 main box styles (lid-base / magnet",688
A,"src/data/blog-data/en.json",181,12718,"際","content","content","content","content",,Y,Y,,"","""content"": ""<p class=\""text-base text-[#1A56DB] font-medium mb-4\""><strong>TL;DR:</strong> Cosmetic packaging boxes are the first impression of any skincare brand. 3 main box styles (lid-base / magnet",688
A,"src/data/blog-data/en.json",181,12719,"認","content","content","content","content",,Y,Y,,"","""content"": ""<p class=\""text-base text-[#1A56DB] font-medium mb-4\""><strong>TL;DR:</strong> Cosmetic packaging boxes are the first impression of any skincare brand. 3 main box styles (lid-base / magnet",688
A,"src/data/blog-data/en.json",181,12720,"證","content","content","content","content",,Y,Y,,"","""content"": ""<p class=\""text-base text-[#1A56DB] font-medium mb-4\""><strong>TL;DR:</strong> Cosmetic packaging boxes are the first impression of any skincare brand. 3 main box styles (lid-base / magnet",688
A,"src/data/blog-data/en.json",181,12721,"體","content","content","content","content",,Y,Y,,"","""content"": ""<p class=\""text-base text-[#1A56DB] font-medium mb-4\""><strong>TL;DR:</strong> Cosmetic packaging boxes are the first impression of any skincare brand. 3 main box styles (lid-base / magnet",688
A,"src/data/blog-data/en.json",181,12722,"系","content","content","content","content",,Y,Y,,"","""content"": ""<p class=\""text-base text-[#1A56DB] font-medium mb-4\""><strong>TL;DR:</strong> Cosmetic packaging boxes are the first impression of any skincare brand. 3 main box styles (lid-base / magnet",688
A,"src/data/blog-data/en.json",188,305,"坑","content","content","content","content",,Y,Y,,"","""content"": ""<p><span class=\""text-[#1A56DB] font-medium text-lg\"">Key Takeaways:</span> Tea and beverage brand gift box printing drives premium unboxing for bubble tea, loose leaf tea, and DTC tea e-c",688
A,"src/data/blog-data/en.json",188,306,"紙","content","content","content","content",,Y,Y,,"","""content"": ""<p><span class=\""text-[#1A56DB] font-medium text-lg\"">Key Takeaways:</span> Tea and beverage brand gift box printing drives premium unboxing for bubble tea, loose leaf tea, and DTC tea e-c",688
A,"src/data/blog-data/en.json",188,309,"段","content","content","content","content",,Y,Y,,"","""content"": ""<p><span class=\""text-[#1A56DB] font-medium text-lg\"">Key Takeaways:</span> Tea and beverage brand gift box printing drives premium unboxing for bubble tea, loose leaf tea, and DTC tea e-c",688
A,"src/data/blog-data/en.json",188,8334,"國","content","content","content","content",,Y,Y,,"","""content"": ""<p><span class=\""text-[#1A56DB] font-medium text-lg\"">Key Takeaways:</span> Tea and beverage brand gift box printing drives premium unboxing for bubble tea, loose leaf tea, and DTC tea e-c",688
A,"src/data/blog-data/en.json",188,8335,"際","content","content","content","content",,Y,Y,,"","""content"": ""<p><span class=\""text-[#1A56DB] font-medium text-lg\"">Key Takeaways:</span> Tea and beverage brand gift box printing drives premium unboxing for bubble tea, loose leaf tea, and DTC tea e-c",688
A,"src/data/blog-data/en.json",188,8336,"認","content","content","content","content",,Y,Y,,"","""content"": ""<p><span class=\""text-[#1A56DB] font-medium text-lg\"">Key Takeaways:</span> Tea and beverage brand gift box printing drives premium unboxing for bubble tea, loose leaf tea, and DTC tea e-c",688
A,"src/data/blog-data/en.json",188,8337,"證","content","content","content","content",,Y,Y,,"","""content"": ""<p><span class=\""text-[#1A56DB] font-medium text-lg\"">Key Takeaways:</span> Tea and beverage brand gift box printing drives premium unboxing for bubble tea, loose leaf tea, and DTC tea e-c",688
A,"src/data/blog-data/en.json",188,8338,"體","content","content","content","content",,Y,Y,,"","""content"": ""<p><span class=\""text-[#1A56DB] font-medium text-lg\"">Key Takeaways:</span> Tea and beverage brand gift box printing drives premium unboxing for bubble tea, loose leaf tea, and DTC tea e-c",688
A,"src/data/blog-data/en.json",188,8339,"系","content","content","content","content",,Y,Y,,"","""content"": ""<p><span class=\""text-[#1A56DB] font-medium text-lg\"">Key Takeaways:</span> Tea and beverage brand gift box printing drives premium unboxing for bubble tea, loose leaf tea, and DTC tea e-c",688
A,"src/data/blog-data/en.json",207,9186,"認","content","content","content","content",,Y,Y,Y,"","""content"": ""<p>The 2026 US F&B industry is entering a new era of experience upgrade. A menu is no longer a sheet of paper — it is the \""last gate\"" of order decisions and an extension of brand identit",688
A,"src/data/blog-data/en.json",207,9187,"證","content","content","content","content",,Y,Y,Y,"","""content"": ""<p>The 2026 US F&B industry is entering a new era of experience upgrade. A menu is no longer a sheet of paper — it is the \""last gate\"" of order decisions and an extension of brand identit",688
A,"src/data/blog-data/en.json",207,9188,"紙","content","content","content","content",,Y,Y,Y,"","""content"": ""<p>The 2026 US F&B industry is entering a new era of experience upgrade. A menu is no longer a sheet of paper — it is the \""last gate\"" of order decisions and an extension of brand identit",688
A,"src/data/blog-data/en.json",207,9228,"國","content","content","content","content",,Y,Y,Y,"","""content"": ""<p>The 2026 US F&B industry is entering a new era of experience upgrade. A menu is no longer a sheet of paper — it is the \""last gate\"" of order decisions and an extension of brand identit",688
A,"src/data/blog-data/en.json",207,9229,"際","content","content","content","content",,Y,Y,Y,"","""content"": ""<p>The 2026 US F&B industry is entering a new era of experience upgrade. A menu is no longer a sheet of paper — it is the \""last gate\"" of order decisions and an extension of brand identit",688
A,"src/data/blog-data/en.json",207,9230,"認","content","content","content","content",,Y,Y,Y,"","""content"": ""<p>The 2026 US F&B industry is entering a new era of experience upgrade. A menu is no longer a sheet of paper — it is the \""last gate\"" of order decisions and an extension of brand identit",688
A,"src/data/blog-data/en.json",207,9231,"證","content","content","content","content",,Y,Y,Y,"","""content"": ""<p>The 2026 US F&B industry is entering a new era of experience upgrade. A menu is no longer a sheet of paper — it is the \""last gate\"" of order decisions and an extension of brand identit",688
A,"src/data/blog-data/en.json",207,9232,"體","content","content","content","content",,Y,Y,Y,"","""content"": ""<p>The 2026 US F&B industry is entering a new era of experience upgrade. A menu is no longer a sheet of paper — it is the \""last gate\"" of order decisions and an extension of brand identit",688
A,"src/data/blog-data/en.json",207,9233,"系","content","content","content","content",,Y,Y,Y,"","""content"": ""<p>The 2026 US F&B industry is entering a new era of experience upgrade. A menu is no longer a sheet of paper — it is the \""last gate\"" of order decisions and an extension of brand identit",688
A,"src/data/blog-data/en.json",207,9272,"進","content","content","content","content",,Y,Y,Y,"","""content"": ""<p>The 2026 US F&B industry is entering a new era of experience upgrade. A menu is no longer a sheet of paper — it is the \""last gate\"" of order decisions and an extension of brand identit",688
A,"src/data/blog-data/en.json",207,9273,"口","content","content","content","content",,Y,Y,Y,"","""content"": ""<p>The 2026 US F&B industry is entering a new era of experience upgrade. A menu is no longer a sheet of paper — it is the \""last gate\"" of order decisions and an extension of brand identit",688
A,"src/data/blog-data/en.json",207,9274,"印","content","content","content","content",,Y,Y,Y,"","""content"": ""<p>The 2026 US F&B industry is entering a new era of experience upgrade. A menu is no longer a sheet of paper — it is the \""last gate\"" of order decisions and an extension of brand identit",688
A,"src/data/blog-data/en.json",207,9275,"刷","content","content","content","content",,Y,Y,Y,"","""content"": ""<p>The 2026 US F&B industry is entering a new era of experience upgrade. A menu is no longer a sheet of paper — it is the \""last gate\"" of order decisions and an extension of brand identit",688
A,"src/data/blog-data/en.json",207,9276,"設","content","content","content","content",,Y,Y,Y,"","""content"": ""<p>The 2026 US F&B industry is entering a new era of experience upgrade. A menu is no longer a sheet of paper — it is the \""last gate\"" of order decisions and an extension of brand identit",688
A,"src/data/blog-data/en.json",207,9277,"備","content","content","content","content",,Y,Y,Y,"","""content"": ""<p>The 2026 US F&B industry is entering a new era of experience upgrade. A menu is no longer a sheet of paper — it is the \""last gate\"" of order decisions and an extension of brand identit",688
A,"src/data/blog-data/en.json",207,9524,"進","content","content","content","content",,Y,Y,Y,"","""content"": ""<p>The 2026 US F&B industry is entering a new era of experience upgrade. A menu is no longer a sheet of paper — it is the \""last gate\"" of order decisions and an extension of brand identit",688
A,"src/data/blog-data/en.json",207,9525,"口","content","content","content","content",,Y,Y,Y,"","""content"": ""<p>The 2026 US F&B industry is entering a new era of experience upgrade. A menu is no longer a sheet of paper — it is the \""last gate\"" of order decisions and an extension of brand identit",688
A,"src/data/blog-data/en.json",207,9526,"印","content","content","content","content",,Y,Y,Y,"","""content"": ""<p>The 2026 US F&B industry is entering a new era of experience upgrade. A menu is no longer a sheet of paper — it is the \""last gate\"" of order decisions and an extension of brand identit",688
A,"src/data/blog-data/en.json",207,9527,"刷","content","content","content","content",,Y,Y,Y,"","""content"": ""<p>The 2026 US F&B industry is entering a new era of experience upgrade. A menu is no longer a sheet of paper — it is the \""last gate\"" of order decisions and an extension of brand identit",688
A,"src/data/blog-data/en.json",207,9528,"設","content","content","content","content",,Y,Y,Y,"","""content"": ""<p>The 2026 US F&B industry is entering a new era of experience upgrade. A menu is no longer a sheet of paper — it is the \""last gate\"" of order decisions and an extension of brand identit",688
A,"src/data/blog-data/en.json",207,9529,"備","content","content","content","content",,Y,Y,Y,"","""content"": ""<p>The 2026 US F&B industry is entering a new era of experience upgrade. A menu is no longer a sheet of paper — it is the \""last gate\"" of order decisions and an extension of brand identit",688
A,"src/data/blog-data/en.json",207,11195,"餐","content","content","content","content",,Y,Y,Y,"","""content"": ""<p>The 2026 US F&B industry is entering a new era of experience upgrade. A menu is no longer a sheet of paper — it is the \""last gate\"" of order decisions and an extension of brand identit",688
A,"src/data/blog-data/en.json",207,11196,"牌","content","content","content","content",,Y,Y,Y,"","""content"": ""<p>The 2026 US F&B industry is entering a new era of experience upgrade. A menu is no longer a sheet of paper — it is the \""last gate\"" of order decisions and an extension of brand identit",688
A,"src/data/blog-data/en.json",207,11785,"認","content","content","content","content",,Y,Y,Y,"","""content"": ""<p>The 2026 US F&B industry is entering a new era of experience upgrade. A menu is no longer a sheet of paper — it is the \""last gate\"" of order decisions and an extension of brand identit",688
A,"src/data/blog-data/en.json",207,11786,"證","content","content","content","content",,Y,Y,Y,"","""content"": ""<p>The 2026 US F&B industry is entering a new era of experience upgrade. A menu is no longer a sheet of paper — it is the \""last gate\"" of order decisions and an extension of brand identit",688
A,"src/data/blog-data/en.json",207,11787,"紙","content","content","content","content",,Y,Y,Y,"","""content"": ""<p>The 2026 US F&B industry is entering a new era of experience upgrade. A menu is no longer a sheet of paper — it is the \""last gate\"" of order decisions and an extension of brand identit",688
A,"src/data/blog-data/en.json",207,11812,"進","content","content","content","content",,Y,Y,Y,"","""content"": ""<p>The 2026 US F&B industry is entering a new era of experience upgrade. A menu is no longer a sheet of paper — it is the \""last gate\"" of order decisions and an extension of brand identit",688
A,"src/data/blog-data/en.json",207,11813,"口","content","content","content","content",,Y,Y,Y,"","""content"": ""<p>The 2026 US F&B industry is entering a new era of experience upgrade. A menu is no longer a sheet of paper — it is the \""last gate\"" of order decisions and an extension of brand identit",688
A,"src/data/blog-data/en.json",207,11814,"印","content","content","content","content",,Y,Y,Y,"","""content"": ""<p>The 2026 US F&B industry is entering a new era of experience upgrade. A menu is no longer a sheet of paper — it is the \""last gate\"" of order decisions and an extension of brand identit",688
A,"src/data/blog-data/en.json",207,11815,"刷","content","content","content","content",,Y,Y,Y,"","""content"": ""<p>The 2026 US F&B industry is entering a new era of experience upgrade. A menu is no longer a sheet of paper — it is the \""last gate\"" of order decisions and an extension of brand identit",688
A,"src/data/blog-data/en.json",207,11816,"設","content","content","content","content",,Y,Y,Y,"","""content"": ""<p>The 2026 US F&B industry is entering a new era of experience upgrade. A menu is no longer a sheet of paper — it is the \""last gate\"" of order decisions and an extension of brand identit",688
A,"src/data/blog-data/en.json",207,11817,"備","content","content","content","content",,Y,Y,Y,"","""content"": ""<p>The 2026 US F&B industry is entering a new era of experience upgrade. A menu is no longer a sheet of paper — it is the \""last gate\"" of order decisions and an extension of brand identit",688
A,"src/data/blog-data/en.json",207,11847,"急","content","content","content","content",,Y,Y,Y,"","""content"": ""<p>The 2026 US F&B industry is entering a new era of experience upgrade. A menu is no longer a sheet of paper — it is the \""last gate\"" of order decisions and an extension of brand identit",688
A,"src/data/blog-data/en.json",207,11848,"件","content","content","content","content",,Y,Y,Y,"","""content"": ""<p>The 2026 US F&B industry is entering a new era of experience upgrade. A menu is no longer a sheet of paper — it is the \""last gate\"" of order decisions and an extension of brand identit",688
A,"src/data/blog-data/en.json",207,11856,"截","content","content","content","content",,Y,Y,Y,"","""content"": ""<p>The 2026 US F&B industry is entering a new era of experience upgrade. A menu is no longer a sheet of paper — it is the \""last gate\"" of order decisions and an extension of brand identit",688
A,"src/data/blog-data/en.json",207,11857,"單","content","content","content","content",,Y,Y,Y,"","""content"": ""<p>The 2026 US F&B industry is entering a new era of experience upgrade. A menu is no longer a sheet of paper — it is the \""last gate\"" of order decisions and an extension of brand identit",688
A,"src/data/blog-data/en.json",207,11886,"國","content","content","content","content",,Y,Y,Y,"","""content"": ""<p>The 2026 US F&B industry is entering a new era of experience upgrade. A menu is no longer a sheet of paper — it is the \""last gate\"" of order decisions and an extension of brand identit",688
A,"src/data/blog-data/en.json",207,11887,"際","content","content","content","content",,Y,Y,Y,"","""content"": ""<p>The 2026 US F&B industry is entering a new era of experience upgrade. A menu is no longer a sheet of paper — it is the \""last gate\"" of order decisions and an extension of brand identit",688
A,"src/data/blog-data/en.json",207,11888,"認","content","content","content","content",,Y,Y,Y,"","""content"": ""<p>The 2026 US F&B industry is entering a new era of experience upgrade. A menu is no longer a sheet of paper — it is the \""last gate\"" of order decisions and an extension of brand identit",688
A,"src/data/blog-data/en.json",207,11889,"證","content","content","content","content",,Y,Y,Y,"","""content"": ""<p>The 2026 US F&B industry is entering a new era of experience upgrade. A menu is no longer a sheet of paper — it is the \""last gate\"" of order decisions and an extension of brand identit",688
A,"src/data/blog-data/en.json",207,11890,"體","content","content","content","content",,Y,Y,Y,"","""content"": ""<p>The 2026 US F&B industry is entering a new era of experience upgrade. A menu is no longer a sheet of paper — it is the \""last gate\"" of order decisions and an extension of brand identit",688
A,"src/data/blog-data/en.json",207,11891,"系","content","content","content","content",,Y,Y,Y,"","""content"": ""<p>The 2026 US F&B industry is entering a new era of experience upgrade. A menu is no longer a sheet of paper — it is the \""last gate\"" of order decisions and an extension of brand identit",688
A,"src/data/blog-data/en.json",207,12182,"餐","content","content","content","content",,Y,Y,Y,"","""content"": ""<p>The 2026 US F&B industry is entering a new era of experience upgrade. A menu is no longer a sheet of paper — it is the \""last gate\"" of order decisions and an extension of brand identit",688
A,"src/data/blog-data/en.json",207,12183,"牌","content","content","content","content",,Y,Y,Y,"","""content"": ""<p>The 2026 US F&B industry is entering a new era of experience upgrade. A menu is no longer a sheet of paper — it is the \""last gate\"" of order decisions and an extension of brand identit",688
A,"src/data/blog-data/en.json",207,13042,"進","content","content","content","content",,Y,Y,Y,"","""content"": ""<p>The 2026 US F&B industry is entering a new era of experience upgrade. A menu is no longer a sheet of paper — it is the \""last gate\"" of order decisions and an extension of brand identit",688
A,"src/data/blog-data/en.json",207,13043,"口","content","content","content","content",,Y,Y,Y,"","""content"": ""<p>The 2026 US F&B industry is entering a new era of experience upgrade. A menu is no longer a sheet of paper — it is the \""last gate\"" of order decisions and an extension of brand identit",688
A,"src/data/blog-data/en.json",207,13044,"印","content","content","content","content",,Y,Y,Y,"","""content"": ""<p>The 2026 US F&B industry is entering a new era of experience upgrade. A menu is no longer a sheet of paper — it is the \""last gate\"" of order decisions and an extension of brand identit",688
A,"src/data/blog-data/en.json",207,13045,"刷","content","content","content","content",,Y,Y,Y,"","""content"": ""<p>The 2026 US F&B industry is entering a new era of experience upgrade. A menu is no longer a sheet of paper — it is the \""last gate\"" of order decisions and an extension of brand identit",688
A,"src/data/blog-data/en.json",207,13046,"設","content","content","content","content",,Y,Y,Y,"","""content"": ""<p>The 2026 US F&B industry is entering a new era of experience upgrade. A menu is no longer a sheet of paper — it is the \""last gate\"" of order decisions and an extension of brand identit",688
A,"src/data/blog-data/en.json",207,13047,"備","content","content","content","content",,Y,Y,Y,"","""content"": ""<p>The 2026 US F&B industry is entering a new era of experience upgrade. A menu is no longer a sheet of paper — it is the \""last gate\"" of order decisions and an extension of brand identit",688
A,"src/data/blog-data/en.json",231,5467,"進","content","content","content","content",,Y,Y,Y,"","""content"": ""<p>US high school yearbook season runs from August build kickoff through May graduation, and the Class of 2026 is the largest cohort in over a decade with 3.9 million projected graduates. ",688
A,"src/data/blog-data/en.json",231,5468,"口","content","content","content","content",,Y,Y,Y,"","""content"": ""<p>US high school yearbook season runs from August build kickoff through May graduation, and the Class of 2026 is the largest cohort in over a decade with 3.9 million projected graduates. ",688
A,"src/data/blog-data/en.json",231,5469,"印","content","content","content","content",,Y,Y,Y,"","""content"": ""<p>US high school yearbook season runs from August build kickoff through May graduation, and the Class of 2026 is the largest cohort in over a decade with 3.9 million projected graduates. ",688
A,"src/data/blog-data/en.json",231,5470,"刷","content","content","content","content",,Y,Y,Y,"","""content"": ""<p>US high school yearbook season runs from August build kickoff through May graduation, and the Class of 2026 is the largest cohort in over a decade with 3.9 million projected graduates. ",688
A,"src/data/blog-data/en.json",231,5471,"設","content","content","content","content",,Y,Y,Y,"","""content"": ""<p>US high school yearbook season runs from August build kickoff through May graduation, and the Class of 2026 is the largest cohort in over a decade with 3.9 million projected graduates. ",688
A,"src/data/blog-data/en.json",231,5472,"備","content","content","content","content",,Y,Y,Y,"","""content"": ""<p>US high school yearbook season runs from August build kickoff through May graduation, and the Class of 2026 is the largest cohort in over a decade with 3.9 million projected graduates. ",688
A,"src/data/blog-data/en.json",231,10154,"進","content","content","content","content",,Y,Y,Y,"","""content"": ""<p>US high school yearbook season runs from August build kickoff through May graduation, and the Class of 2026 is the largest cohort in over a decade with 3.9 million projected graduates. ",688
A,"src/data/blog-data/en.json",231,10155,"口","content","content","content","content",,Y,Y,Y,"","""content"": ""<p>US high school yearbook season runs from August build kickoff through May graduation, and the Class of 2026 is the largest cohort in over a decade with 3.9 million projected graduates. ",688
A,"src/data/blog-data/en.json",231,10156,"印","content","content","content","content",,Y,Y,Y,"","""content"": ""<p>US high school yearbook season runs from August build kickoff through May graduation, and the Class of 2026 is the largest cohort in over a decade with 3.9 million projected graduates. ",688
A,"src/data/blog-data/en.json",231,10157,"刷","content","content","content","content",,Y,Y,Y,"","""content"": ""<p>US high school yearbook season runs from August build kickoff through May graduation, and the Class of 2026 is the largest cohort in over a decade with 3.9 million projected graduates. ",688
A,"src/data/blog-data/en.json",231,10158,"設","content","content","content","content",,Y,Y,Y,"","""content"": ""<p>US high school yearbook season runs from August build kickoff through May graduation, and the Class of 2026 is the largest cohort in over a decade with 3.9 million projected graduates. ",688
A,"src/data/blog-data/en.json",231,10159,"備","content","content","content","content",,Y,Y,Y,"","""content"": ""<p>US high school yearbook season runs from August build kickoff through May graduation, and the Class of 2026 is the largest cohort in over a decade with 3.9 million projected graduates. ",688
A,"src/data/blog-data/en.json",255,8220,"認","content","content","content","content",,Y,Y,,"","""content"": ""<p>The US wedding invitation market is valued at US$3.1 billion in 2026 with 2.4 million weddings annually. Engaged couples, wedding planners, and stationery designers know that the envelo",688
A,"src/data/blog-data/en.json",255,8221,"證","content","content","content","content",,Y,Y,,"","""content"": ""<p>The US wedding invitation market is valued at US$3.1 billion in 2026 with 2.4 million weddings annually. Engaged couples, wedding planners, and stationery designers know that the envelo",688
A,"src/data/blog-data/en.json",255,8222,"紙","content","content","content","content",,Y,Y,,"","""content"": ""<p>The US wedding invitation market is valued at US$3.1 billion in 2026 with 2.4 million weddings annually. Engaged couples, wedding planners, and stationery designers know that the envelo",688
A,"src/data/blog-data/en.json",255,8238,"國","content","content","content","content",,Y,Y,,"","""content"": ""<p>The US wedding invitation market is valued at US$3.1 billion in 2026 with 2.4 million weddings annually. Engaged couples, wedding planners, and stationery designers know that the envelo",688
A,"src/data/blog-data/en.json",255,8239,"際","content","content","content","content",,Y,Y,,"","""content"": ""<p>The US wedding invitation market is valued at US$3.1 billion in 2026 with 2.4 million weddings annually. Engaged couples, wedding planners, and stationery designers know that the envelo",688
A,"src/data/blog-data/en.json",255,8240,"認","content","content","content","content",,Y,Y,,"","""content"": ""<p>The US wedding invitation market is valued at US$3.1 billion in 2026 with 2.4 million weddings annually. Engaged couples, wedding planners, and stationery designers know that the envelo",688
A,"src/data/blog-data/en.json",255,8241,"證","content","content","content","content",,Y,Y,,"","""content"": ""<p>The US wedding invitation market is valued at US$3.1 billion in 2026 with 2.4 million weddings annually. Engaged couples, wedding planners, and stationery designers know that the envelo",688
A,"src/data/blog-data/en.json",255,8242,"體","content","content","content","content",,Y,Y,,"","""content"": ""<p>The US wedding invitation market is valued at US$3.1 billion in 2026 with 2.4 million weddings annually. Engaged couples, wedding planners, and stationery designers know that the envelo",688
A,"src/data/blog-data/en.json",255,8243,"系","content","content","content","content",,Y,Y,,"","""content"": ""<p>The US wedding invitation market is valued at US$3.1 billion in 2026 with 2.4 million weddings annually. Engaged couples, wedding planners, and stationery designers know that the envelo",688
A,"src/data/blog-data/en.json",255,8245,"進","content","content","content","content",,Y,Y,,"","""content"": ""<p>The US wedding invitation market is valued at US$3.1 billion in 2026 with 2.4 million weddings annually. Engaged couples, wedding planners, and stationery designers know that the envelo",688
A,"src/data/blog-data/en.json",255,8246,"口","content","content","content","content",,Y,Y,,"","""content"": ""<p>The US wedding invitation market is valued at US$3.1 billion in 2026 with 2.4 million weddings annually. Engaged couples, wedding planners, and stationery designers know that the envelo",688
A,"src/data/blog-data/en.json",255,8247,"印","content","content","content","content",,Y,Y,,"","""content"": ""<p>The US wedding invitation market is valued at US$3.1 billion in 2026 with 2.4 million weddings annually. Engaged couples, wedding planners, and stationery designers know that the envelo",688
A,"src/data/blog-data/en.json",255,8248,"刷","content","content","content","content",,Y,Y,,"","""content"": ""<p>The US wedding invitation market is valued at US$3.1 billion in 2026 with 2.4 million weddings annually. Engaged couples, wedding planners, and stationery designers know that the envelo",688
A,"src/data/blog-data/en.json",255,8249,"設","content","content","content","content",,Y,Y,,"","""content"": ""<p>The US wedding invitation market is valued at US$3.1 billion in 2026 with 2.4 million weddings annually. Engaged couples, wedding planners, and stationery designers know that the envelo",688
A,"src/data/blog-data/en.json",255,8250,"備","content","content","content","content",,Y,Y,,"","""content"": ""<p>The US wedding invitation market is valued at US$3.1 billion in 2026 with 2.4 million weddings annually. Engaged couples, wedding planners, and stationery designers know that the envelo",688
A,"src/data/blog-data/en.json",255,10641,"認","content","content","content","content",,Y,Y,,"","""content"": ""<p>The US wedding invitation market is valued at US$3.1 billion in 2026 with 2.4 million weddings annually. Engaged couples, wedding planners, and stationery designers know that the envelo",688
A,"src/data/blog-data/en.json",255,10642,"證","content","content","content","content",,Y,Y,,"","""content"": ""<p>The US wedding invitation market is valued at US$3.1 billion in 2026 with 2.4 million weddings annually. Engaged couples, wedding planners, and stationery designers know that the envelo",688
A,"src/data/blog-data/en.json",255,10643,"紙","content","content","content","content",,Y,Y,,"","""content"": ""<p>The US wedding invitation market is valued at US$3.1 billion in 2026 with 2.4 million weddings annually. Engaged couples, wedding planners, and stationery designers know that the envelo",688
A,"src/data/blog-data/en.json",255,11628,"進","content","content","content","content",,Y,Y,,"","""content"": ""<p>The US wedding invitation market is valued at US$3.1 billion in 2026 with 2.4 million weddings annually. Engaged couples, wedding planners, and stationery designers know that the envelo",688
A,"src/data/blog-data/en.json",255,11629,"口","content","content","content","content",,Y,Y,,"","""content"": ""<p>The US wedding invitation market is valued at US$3.1 billion in 2026 with 2.4 million weddings annually. Engaged couples, wedding planners, and stationery designers know that the envelo",688
A,"src/data/blog-data/en.json",255,11630,"印","content","content","content","content",,Y,Y,,"","""content"": ""<p>The US wedding invitation market is valued at US$3.1 billion in 2026 with 2.4 million weddings annually. Engaged couples, wedding planners, and stationery designers know that the envelo",688
A,"src/data/blog-data/en.json",255,11631,"刷","content","content","content","content",,Y,Y,,"","""content"": ""<p>The US wedding invitation market is valued at US$3.1 billion in 2026 with 2.4 million weddings annually. Engaged couples, wedding planners, and stationery designers know that the envelo",688
A,"src/data/blog-data/en.json",255,11632,"設","content","content","content","content",,Y,Y,,"","""content"": ""<p>The US wedding invitation market is valued at US$3.1 billion in 2026 with 2.4 million weddings annually. Engaged couples, wedding planners, and stationery designers know that the envelo",688
A,"src/data/blog-data/en.json",255,11633,"備","content","content","content","content",,Y,Y,,"","""content"": ""<p>The US wedding invitation market is valued at US$3.1 billion in 2026 with 2.4 million weddings annually. Engaged couples, wedding planners, and stationery designers know that the envelo",688
A,"src/data/blog-data/en.json",255,14387,"万","content","content","content","content",,Y,Y,,"","""content"": ""<p>The US wedding invitation market is valued at US$3.1 billion in 2026 with 2.4 million weddings annually. Engaged couples, wedding planners, and stationery designers know that the envelo",688
A,"src/data/blog-data/en.json",255,14388,"邑","content","content","content","content",,Y,Y,,"","""content"": ""<p>The US wedding invitation market is valued at US$3.1 billion in 2026 with 2.4 million weddings annually. Engaged couples, wedding planners, and stationery designers know that the envelo",688
A,"src/data/blog-data/en.json",255,14389,"通","content","content","content","content",,Y,Y,,"","""content"": ""<p>The US wedding invitation market is valued at US$3.1 billion in 2026 with 2.4 million weddings annually. Engaged couples, wedding planners, and stationery designers know that the envelo",688
A,"src/data/blog-data/en.json",311,6194,"國","content","content","content","content",,Y,Y,,"","""content"": ""<p class=\""text-base text-[#1A56DB] font-medium mb-4\""><strong>TL;DR:</strong> Baby brand owners (infant formula, baby food, baby skincare, maternal nutrition) — an FDA-compliant, BPA-free",688
A,"src/data/blog-data/en.json",311,6195,"際","content","content","content","content",,Y,Y,,"","""content"": ""<p class=\""text-base text-[#1A56DB] font-medium mb-4\""><strong>TL;DR:</strong> Baby brand owners (infant formula, baby food, baby skincare, maternal nutrition) — an FDA-compliant, BPA-free",688
A,"src/data/blog-data/en.json",311,6196,"認","content","content","content","content",,Y,Y,,"","""content"": ""<p class=\""text-base text-[#1A56DB] font-medium mb-4\""><strong>TL;DR:</strong> Baby brand owners (infant formula, baby food, baby skincare, maternal nutrition) — an FDA-compliant, BPA-free",688
A,"src/data/blog-data/en.json",311,6197,"證","content","content","content","content",,Y,Y,,"","""content"": ""<p class=\""text-base text-[#1A56DB] font-medium mb-4\""><strong>TL;DR:</strong> Baby brand owners (infant formula, baby food, baby skincare, maternal nutrition) — an FDA-compliant, BPA-free",688
A,"src/data/blog-data/en.json",311,6198,"體","content","content","content","content",,Y,Y,,"","""content"": ""<p class=\""text-base text-[#1A56DB] font-medium mb-4\""><strong>TL;DR:</strong> Baby brand owners (infant formula, baby food, baby skincare, maternal nutrition) — an FDA-compliant, BPA-free",688
A,"src/data/blog-data/en.json",311,6199,"系","content","content","content","content",,Y,Y,,"","""content"": ""<p class=\""text-base text-[#1A56DB] font-medium mb-4\""><strong>TL;DR:</strong> Baby brand owners (infant formula, baby food, baby skincare, maternal nutrition) — an FDA-compliant, BPA-free",688
A,"src/data/blog-data/en.json",311,8878,"衍","content","content","content","content",,Y,Y,,"","""content"": ""<p class=\""text-base text-[#1A56DB] font-medium mb-4\""><strong>TL;DR:</strong> Baby brand owners (infant formula, baby food, baby skincare, maternal nutrition) — an FDA-compliant, BPA-free",688
A,"src/data/blog-data/en.json",311,8879,"生","content","content","content","content",,Y,Y,,"","""content"": ""<p class=\""text-base text-[#1A56DB] font-medium mb-4\""><strong>TL;DR:</strong> Baby brand owners (infant formula, baby food, baby skincare, maternal nutrition) — an FDA-compliant, BPA-free",688
A,"src/data/blog-data/en.json",376,18,"母","category","category","category","category",,Y,Y,,"","""category"": ""母嬰食品"",",33
A,"src/data/blog-data/en.json",376,19,"嬰","category","category","category","category",,Y,Y,,"","""category"": ""母嬰食品"",",33
A,"src/data/blog-data/en.json",376,20,"食","category","category","category","category",,Y,Y,,"","""category"": ""母嬰食品"",",33
A,"src/data/blog-data/en.json",376,21,"品","category","category","category","category",,Y,Y,,"","""category"": ""母嬰食品"",",33
A,"src/data/blog-data/en.json",384,18,"房","category","category","category","category",,Y,Y,,"","""category"": ""房地產"",",33
A,"src/data/blog-data/en.json",384,19,"地","category","category","category","category",,Y,Y,,"","""category"": ""房地產"",",33
A,"src/data/blog-data/en.json",384,20,"產","category","category","category","category",,Y,Y,,"","""category"": ""房地產"",",33
A,"src/data/blog-data/en.json",392,18,"醫","category","category","category","category",,Y,Y,,"","""category"": ""醫藥保健"",",33
A,"src/data/blog-data/en.json",392,19,"藥","category","category","category","category",,Y,Y,,"","""category"": ""醫藥保健"",",33
A,"src/data/blog-data/en.json",392,20,"保","category","category","category","category",,Y,Y,,"","""category"": ""醫藥保健"",",33
A,"src/data/blog-data/en.json",392,21,"健","category","category","category","category",,Y,Y,,"","""category"": ""醫藥保健"",",33
A,"src/data/blog-data/en.json",393,5144,"國","content","content","content","content",,Y,Y,Y,"","""content"": ""<p>The global medical device packaging market exceeds US$60 billion in 2026, with US medical device exports growing 12% year-over-year. For medical device manufacturers, hospital suppliers",688
A,"src/data/blog-data/en.json",393,5145,"際","content","content","content","content",,Y,Y,Y,"","""content"": ""<p>The global medical device packaging market exceeds US$60 billion in 2026, with US medical device exports growing 12% year-over-year. For medical device manufacturers, hospital suppliers",688
A,"src/data/blog-data/en.json",393,5146,"認","content","content","content","content",,Y,Y,Y,"","""content"": ""<p>The global medical device packaging market exceeds US$60 billion in 2026, with US medical device exports growing 12% year-over-year. For medical device manufacturers, hospital suppliers",688
A,"src/data/blog-data/en.json",393,5147,"證","content","content","content","content",,Y,Y,Y,"","""content"": ""<p>The global medical device packaging market exceeds US$60 billion in 2026, with US medical device exports growing 12% year-over-year. For medical device manufacturers, hospital suppliers",688
A,"src/data/blog-data/en.json",393,5148,"體","content","content","content","content",,Y,Y,Y,"","""content"": ""<p>The global medical device packaging market exceeds US$60 billion in 2026, with US medical device exports growing 12% year-over-year. For medical device manufacturers, hospital suppliers",688
A,"src/data/blog-data/en.json",393,5149,"系","content","content","content","content",,Y,Y,Y,"","""content"": ""<p>The global medical device packaging market exceeds US$60 billion in 2026, with US medical device exports growing 12% year-over-year. For medical device manufacturers, hospital suppliers",688
A,"src/data/blog-data/en.json",400,18,"汽","category","category","category","category",,Y,Y,,"","""category"": ""汽車汽配"",",33
A,"src/data/blog-data/en.json",400,19,"車","category","category","category","category",,Y,Y,,"","""category"": ""汽車汽配"",",33
A,"src/data/blog-data/en.json",400,20,"汽","category","category","category","category",,Y,Y,,"","""category"": ""汽車汽配"",",33
A,"src/data/blog-data/en.json",400,21,"配","category","category","category","category",,Y,Y,,"","""category"": ""汽車汽配"",",33
A,"src/data/blog-data/en.json",408,18,"體","category","category","category","category",,Y,Y,,"","""category"": ""體育賽事"",",33
A,"src/data/blog-data/en.json",408,19,"育","category","category","category","category",,Y,Y,,"","""category"": ""體育賽事"",",33
A,"src/data/blog-data/en.json",408,20,"賽","category","category","category","category",,Y,Y,,"","""category"": ""體育賽事"",",33
A,"src/data/blog-data/en.json",408,21,"事","category","category","category","category",,Y,Y,,"","""category"": ""體育賽事"",",33
A,"src/data/blog-data/en.json",412,5515,"進","content","content","content","content",,Y,Y,,"","""content"": ""<h2>Gang-Run White Card Boxes: Budget-Friendly 100-MOQ Starter for US Small Brands</h2>\n<p>US retail boutique, skincare, IP merchandise, and gift brand owners fa a familiar dilemma when o",688
A,"src/data/blog-data/en.json",412,5516,"口","content","content","content","content",,Y,Y,,"","""content"": ""<h2>Gang-Run White Card Boxes: Budget-Friendly 100-MOQ Starter for US Small Brands</h2>\n<p>US retail boutique, skincare, IP merchandise, and gift brand owners fa a familiar dilemma when o",688
A,"src/data/blog-data/en.json",412,5517,"印","content","content","content","content",,Y,Y,,"","""content"": ""<h2>Gang-Run White Card Boxes: Budget-Friendly 100-MOQ Starter for US Small Brands</h2>\n<p>US retail boutique, skincare, IP merchandise, and gift brand owners fa a familiar dilemma when o",688
A,"src/data/blog-data/en.json",412,5518,"刷","content","content","content","content",,Y,Y,,"","""content"": ""<h2>Gang-Run White Card Boxes: Budget-Friendly 100-MOQ Starter for US Small Brands</h2>\n<p>US retail boutique, skincare, IP merchandise, and gift brand owners fa a familiar dilemma when o",688
A,"src/data/blog-data/en.json",412,5519,"設","content","content","content","content",,Y,Y,,"","""content"": ""<h2>Gang-Run White Card Boxes: Budget-Friendly 100-MOQ Starter for US Small Brands</h2>\n<p>US retail boutique, skincare, IP merchandise, and gift brand owners fa a familiar dilemma when o",688
A,"src/data/blog-data/en.json",412,5520,"備","content","content","content","content",,Y,Y,,"","""content"": ""<h2>Gang-Run White Card Boxes: Budget-Friendly 100-MOQ Starter for US Small Brands</h2>\n<p>US retail boutique, skincare, IP merchandise, and gift brand owners fa a familiar dilemma when o",688
A,"src/data/blog-data/en.json",412,5542,"進","content","content","content","content",,Y,Y,,"","""content"": ""<h2>Gang-Run White Card Boxes: Budget-Friendly 100-MOQ Starter for US Small Brands</h2>\n<p>US retail boutique, skincare, IP merchandise, and gift brand owners fa a familiar dilemma when o",688
A,"src/data/blog-data/en.json",412,5543,"口","content","content","content","content",,Y,Y,,"","""content"": ""<h2>Gang-Run White Card Boxes: Budget-Friendly 100-MOQ Starter for US Small Brands</h2>\n<p>US retail boutique, skincare, IP merchandise, and gift brand owners fa a familiar dilemma when o",688
A,"src/data/blog-data/en.json",412,5544,"印","content","content","content","content",,Y,Y,,"","""content"": ""<h2>Gang-Run White Card Boxes: Budget-Friendly 100-MOQ Starter for US Small Brands</h2>\n<p>US retail boutique, skincare, IP merchandise, and gift brand owners fa a familiar dilemma when o",688
A,"src/data/blog-data/en.json",412,5545,"刷","content","content","content","content",,Y,Y,,"","""content"": ""<h2>Gang-Run White Card Boxes: Budget-Friendly 100-MOQ Starter for US Small Brands</h2>\n<p>US retail boutique, skincare, IP merchandise, and gift brand owners fa a familiar dilemma when o",688
A,"src/data/blog-data/en.json",412,5546,"設","content","content","content","content",,Y,Y,,"","""content"": ""<h2>Gang-Run White Card Boxes: Budget-Friendly 100-MOQ Starter for US Small Brands</h2>\n<p>US retail boutique, skincare, IP merchandise, and gift brand owners fa a familiar dilemma when o",688
A,"src/data/blog-data/en.json",412,5547,"備","content","content","content","content",,Y,Y,,"","""content"": ""<h2>Gang-Run White Card Boxes: Budget-Friendly 100-MOQ Starter for US Small Brands</h2>\n<p>US retail boutique, skincare, IP merchandise, and gift brand owners fa a familiar dilemma when o",688
A,"src/data/blog-data/en.json",420,1539,"國","content","content","content","content",,Y,Y,,"","""content"": ""<h2>Custom Card Boxes for E-commerce: Why 500 MOQ Changes the Game for US DTC Brands</h2>\n<p>US DTC brand owners and Amazon FBA sellers fa a familiar pain when launching a new SKU or refr",688
A,"src/data/blog-data/en.json",420,1540,"際","content","content","content","content",,Y,Y,,"","""content"": ""<h2>Custom Card Boxes for E-commerce: Why 500 MOQ Changes the Game for US DTC Brands</h2>\n<p>US DTC brand owners and Amazon FBA sellers fa a familiar pain when launching a new SKU or refr",688
A,"src/data/blog-data/en.json",420,1541,"認","content","content","content","content",,Y,Y,,"","""content"": ""<h2>Custom Card Boxes for E-commerce: Why 500 MOQ Changes the Game for US DTC Brands</h2>\n<p>US DTC brand owners and Amazon FBA sellers fa a familiar pain when launching a new SKU or refr",688
A,"src/data/blog-data/en.json",420,1542,"證","content","content","content","content",,Y,Y,,"","""content"": ""<h2>Custom Card Boxes for E-commerce: Why 500 MOQ Changes the Game for US DTC Brands</h2>\n<p>US DTC brand owners and Amazon FBA sellers fa a familiar pain when launching a new SKU or refr",688
A,"src/data/blog-data/en.json",420,1543,"體","content","content","content","content",,Y,Y,,"","""content"": ""<h2>Custom Card Boxes for E-commerce: Why 500 MOQ Changes the Game for US DTC Brands</h2>\n<p>US DTC brand owners and Amazon FBA sellers fa a familiar pain when launching a new SKU or refr",688
A,"src/data/blog-data/en.json",420,1544,"系","content","content","content","content",,Y,Y,,"","""content"": ""<h2>Custom Card Boxes for E-commerce: Why 500 MOQ Changes the Game for US DTC Brands</h2>\n<p>US DTC brand owners and Amazon FBA sellers fa a familiar pain when launching a new SKU or refr",688
A,"src/data/blog-data/en.json",420,6119,"國","content","content","content","content",,Y,Y,,"","""content"": ""<h2>Custom Card Boxes for E-commerce: Why 500 MOQ Changes the Game for US DTC Brands</h2>\n<p>US DTC brand owners and Amazon FBA sellers fa a familiar pain when launching a new SKU or refr",688
A,"src/data/blog-data/en.json",420,6120,"際","content","content","content","content",,Y,Y,,"","""content"": ""<h2>Custom Card Boxes for E-commerce: Why 500 MOQ Changes the Game for US DTC Brands</h2>\n<p>US DTC brand owners and Amazon FBA sellers fa a familiar pain when launching a new SKU or refr",688
A,"src/data/blog-data/en.json",420,6121,"認","content","content","content","content",,Y,Y,,"","""content"": ""<h2>Custom Card Boxes for E-commerce: Why 500 MOQ Changes the Game for US DTC Brands</h2>\n<p>US DTC brand owners and Amazon FBA sellers fa a familiar pain when launching a new SKU or refr",688
A,"src/data/blog-data/en.json",420,6122,"證","content","content","content","content",,Y,Y,,"","""content"": ""<h2>Custom Card Boxes for E-commerce: Why 500 MOQ Changes the Game for US DTC Brands</h2>\n<p>US DTC brand owners and Amazon FBA sellers fa a familiar pain when launching a new SKU or refr",688
A,"src/data/blog-data/en.json",420,6123,"體","content","content","content","content",,Y,Y,,"","""content"": ""<h2>Custom Card Boxes for E-commerce: Why 500 MOQ Changes the Game for US DTC Brands</h2>\n<p>US DTC brand owners and Amazon FBA sellers fa a familiar pain when launching a new SKU or refr",688
A,"src/data/blog-data/en.json",420,6124,"系","content","content","content","content",,Y,Y,,"","""content"": ""<h2>Custom Card Boxes for E-commerce: Why 500 MOQ Changes the Game for US DTC Brands</h2>\n<p>US DTC brand owners and Amazon FBA sellers fa a familiar pain when launching a new SKU or refr",688
A,"src/data/blog-data/en.json",428,8945,"國","content","content","content","content",,Y,Y,,"","""content"": ""<h2>Cosmetic Card Boxes: Silver & Holographic Cardstock That Wins the 3-Second Shelf Test</h2>\n<p>US indie cosmetics brand owners, skincare founders, serum and mask labels, and fragrance ",688
A,"src/data/blog-data/en.json",428,8946,"際","content","content","content","content",,Y,Y,,"","""content"": ""<h2>Cosmetic Card Boxes: Silver & Holographic Cardstock That Wins the 3-Second Shelf Test</h2>\n<p>US indie cosmetics brand owners, skincare founders, serum and mask labels, and fragrance ",688
A,"src/data/blog-data/en.json",428,8947,"認","content","content","content","content",,Y,Y,,"","""content"": ""<h2>Cosmetic Card Boxes: Silver & Holographic Cardstock That Wins the 3-Second Shelf Test</h2>\n<p>US indie cosmetics brand owners, skincare founders, serum and mask labels, and fragrance ",688
A,"src/data/blog-data/en.json",428,8948,"證","content","content","content","content",,Y,Y,,"","""content"": ""<h2>Cosmetic Card Boxes: Silver & Holographic Cardstock That Wins the 3-Second Shelf Test</h2>\n<p>US indie cosmetics brand owners, skincare founders, serum and mask labels, and fragrance ",688
A,"src/data/blog-data/en.json",428,8949,"體","content","content","content","content",,Y,Y,,"","""content"": ""<h2>Cosmetic Card Boxes: Silver & Holographic Cardstock That Wins the 3-Second Shelf Test</h2>\n<p>US indie cosmetics brand owners, skincare founders, serum and mask labels, and fragrance ",688
A,"src/data/blog-data/en.json",428,8950,"系","content","content","content","content",,Y,Y,,"","""content"": ""<h2>Cosmetic Card Boxes: Silver & Holographic Cardstock That Wins the 3-Second Shelf Test</h2>\n<p>US indie cosmetics brand owners, skincare founders, serum and mask labels, and fragrance ",688
A,"src/data/blog-data/en.json",452,14061,"國","content","content","content","content",,Y,Y,,"","""content"": ""<p class=\""text-base text-[#1A56DB] font-medium mb-4\""><strong>TL;DR:</strong> How do you print same-day flyers? Approve your artwork by noon and collect within 4-6 hours, with runs starti",688
A,"src/data/blog-data/en.json",452,14062,"際","content","content","content","content",,Y,Y,,"","""content"": ""<p class=\""text-base text-[#1A56DB] font-medium mb-4\""><strong>TL;DR:</strong> How do you print same-day flyers? Approve your artwork by noon and collect within 4-6 hours, with runs starti",688
A,"src/data/blog-data/en.json",452,14063,"認","content","content","content","content",,Y,Y,,"","""content"": ""<p class=\""text-base text-[#1A56DB] font-medium mb-4\""><strong>TL;DR:</strong> How do you print same-day flyers? Approve your artwork by noon and collect within 4-6 hours, with runs starti",688
A,"src/data/blog-data/en.json",452,14064,"證","content","content","content","content",,Y,Y,,"","""content"": ""<p class=\""text-base text-[#1A56DB] font-medium mb-4\""><strong>TL;DR:</strong> How do you print same-day flyers? Approve your artwork by noon and collect within 4-6 hours, with runs starti",688
A,"src/data/blog-data/en.json",452,14065,"體","content","content","content","content",,Y,Y,,"","""content"": ""<p class=\""text-base text-[#1A56DB] font-medium mb-4\""><strong>TL;DR:</strong> How do you print same-day flyers? Approve your artwork by noon and collect within 4-6 hours, with runs starti",688
A,"src/data/blog-data/en.json",452,14066,"系","content","content","content","content",,Y,Y,,"","""content"": ""<p class=\""text-base text-[#1A56DB] font-medium mb-4\""><strong>TL;DR:</strong> How do you print same-day flyers? Approve your artwork by noon and collect within 4-6 hours, with runs starti",688
A,"src/data/blog-data/en.json",452,18139,"國","content","content","content","content",,Y,Y,,"","""content"": ""<p class=\""text-base text-[#1A56DB] font-medium mb-4\""><strong>TL;DR:</strong> How do you print same-day flyers? Approve your artwork by noon and collect within 4-6 hours, with runs starti",688
A,"src/data/blog-data/en.json",452,18140,"際","content","content","content","content",,Y,Y,,"","""content"": ""<p class=\""text-base text-[#1A56DB] font-medium mb-4\""><strong>TL;DR:</strong> How do you print same-day flyers? Approve your artwork by noon and collect within 4-6 hours, with runs starti",688
A,"src/data/blog-data/en.json",452,18141,"認","content","content","content","content",,Y,Y,,"","""content"": ""<p class=\""text-base text-[#1A56DB] font-medium mb-4\""><strong>TL;DR:</strong> How do you print same-day flyers? Approve your artwork by noon and collect within 4-6 hours, with runs starti",688
A,"src/data/blog-data/en.json",452,18142,"證","content","content","content","content",,Y,Y,,"","""content"": ""<p class=\""text-base text-[#1A56DB] font-medium mb-4\""><strong>TL;DR:</strong> How do you print same-day flyers? Approve your artwork by noon and collect within 4-6 hours, with runs starti",688
A,"src/data/blog-data/en.json",452,18143,"體","content","content","content","content",,Y,Y,,"","""content"": ""<p class=\""text-base text-[#1A56DB] font-medium mb-4\""><strong>TL;DR:</strong> How do you print same-day flyers? Approve your artwork by noon and collect within 4-6 hours, with runs starti",688
A,"src/data/blog-data/en.json",452,18144,"系","content","content","content","content",,Y,Y,,"","""content"": ""<p class=\""text-base text-[#1A56DB] font-medium mb-4\""><strong>TL;DR:</strong> How do you print same-day flyers? Approve your artwork by noon and collect within 4-6 hours, with runs starti",688
A,"src/data/blog-data/en.json",468,10548,"麥","JSON-LD","content","JSON-LD","content",,Y,Y,,"","""content"": ""<script type=\""application/ld+json\"">\n{\""@context\"":\""https://schema.org\"",\""@type\"":\""Article\"",\""headline\"":\""A1 A2 A3 Poster Size Guide: Dimensions Chart, Uses, Material Selection | Zp",138
A,"src/data/blog-data/en.json",468,10549,"思","JSON-LD","content","JSON-LD","content",,Y,Y,,"","""content"": ""<script type=\""application/ld+json\"">\n{\""@context\"":\""https://schema.org\"",\""@type\"":\""Article\"",\""headline\"":\""A1 A2 A3 Poster Size Guide: Dimensions Chart, Uses, Material Selection | Zp",138
A,"src/data/blog-data/en.json",468,10550,"印","JSON-LD","content","JSON-LD","content",,Y,Y,,"","""content"": ""<script type=\""application/ld+json\"">\n{\""@context\"":\""https://schema.org\"",\""@type\"":\""Article\"",\""headline\"":\""A1 A2 A3 Poster Size Guide: Dimensions Chart, Uses, Material Selection | Zp",138
A,"src/data/blog-data/en.json",468,10551,"刷","JSON-LD","content","JSON-LD","content",,Y,Y,,"","""content"": ""<script type=\""application/ld+json\"">\n{\""@context\"":\""https://schema.org\"",\""@type\"":\""Article\"",\""headline\"":\""A1 A2 A3 Poster Size Guide: Dimensions Chart, Uses, Material Selection | Zp",138
A,"src/data/blog-data/en.json",468,10552,"整","JSON-LD","content","JSON-LD","content",,Y,Y,,"","""content"": ""<script type=\""application/ld+json\"">\n{\""@context\"":\""https://schema.org\"",\""@type\"":\""Article\"",\""headline\"":\""A1 A2 A3 Poster Size Guide: Dimensions Chart, Uses, Material Selection | Zp",138
A,"src/data/blog-data/en.json",468,10553,"合","JSON-LD","content","JSON-LD","content",,Y,Y,,"","""content"": ""<script type=\""application/ld+json\"">\n{\""@context\"":\""https://schema.org\"",\""@type\"":\""Article\"",\""headline\"":\""A1 A2 A3 Poster Size Guide: Dimensions Chart, Uses, Material Selection | Zp",138
A,"src/data/blog-data/en.json",485,11083,"國","content","content","content","content",,Y,Y,,"","""content"": ""<p class=\""text-base text-[#1A56DB] font-medium mb-4\""><strong>TL;DR:</strong> A1 (594×841 mm) vs A2 (420×594 mm) poster printing in 2026: A2 gloss art paper 128 gsm starts at <strong>$0.4",688
A,"src/data/blog-data/en.json",485,11084,"際","content","content","content","content",,Y,Y,,"","""content"": ""<p class=\""text-base text-[#1A56DB] font-medium mb-4\""><strong>TL;DR:</strong> A1 (594×841 mm) vs A2 (420×594 mm) poster printing in 2026: A2 gloss art paper 128 gsm starts at <strong>$0.4",688
A,"src/data/blog-data/en.json",485,11085,"認","content","content","content","content",,Y,Y,,"","""content"": ""<p class=\""text-base text-[#1A56DB] font-medium mb-4\""><strong>TL;DR:</strong> A1 (594×841 mm) vs A2 (420×594 mm) poster printing in 2026: A2 gloss art paper 128 gsm starts at <strong>$0.4",688
A,"src/data/blog-data/en.json",485,11086,"證","content","content","content","content",,Y,Y,,"","""content"": ""<p class=\""text-base text-[#1A56DB] font-medium mb-4\""><strong>TL;DR:</strong> A1 (594×841 mm) vs A2 (420×594 mm) poster printing in 2026: A2 gloss art paper 128 gsm starts at <strong>$0.4",688
A,"src/data/blog-data/en.json",485,11087,"體","content","content","content","content",,Y,Y,,"","""content"": ""<p class=\""text-base text-[#1A56DB] font-medium mb-4\""><strong>TL;DR:</strong> A1 (594×841 mm) vs A2 (420×594 mm) poster printing in 2026: A2 gloss art paper 128 gsm starts at <strong>$0.4",688
A,"src/data/blog-data/en.json",485,11088,"系","content","content","content","content",,Y,Y,,"","""content"": ""<p class=\""text-base text-[#1A56DB] font-medium mb-4\""><strong>TL;DR:</strong> A1 (594×841 mm) vs A2 (420×594 mm) poster printing in 2026: A2 gloss art paper 128 gsm starts at <strong>$0.4",688
A,"src/data/blog-data/en.json",493,829,"進","content","content","content","content",,Y,Y,,"","""content"": ""<p class=\""text-base text-[#1A56DB] font-medium mb-4\""><strong>TL;DR:</strong> Custom catalog &amp; art book printing 2026 — hardcover 100 copies from $5.80/book, perfect bound from $2.30,",688
A,"src/data/blog-data/en.json",493,830,"口","content","content","content","content",,Y,Y,,"","""content"": ""<p class=\""text-base text-[#1A56DB] font-medium mb-4\""><strong>TL;DR:</strong> Custom catalog &amp; art book printing 2026 — hardcover 100 copies from $5.80/book, perfect bound from $2.30,",688
A,"src/data/blog-data/en.json",493,831,"印","content","content","content","content",,Y,Y,,"","""content"": ""<p class=\""text-base text-[#1A56DB] font-medium mb-4\""><strong>TL;DR:</strong> Custom catalog &amp; art book printing 2026 — hardcover 100 copies from $5.80/book, perfect bound from $2.30,",688
A,"src/data/blog-data/en.json",493,832,"刷","content","content","content","content",,Y,Y,,"","""content"": ""<p class=\""text-base text-[#1A56DB] font-medium mb-4\""><strong>TL;DR:</strong> Custom catalog &amp; art book printing 2026 — hardcover 100 copies from $5.80/book, perfect bound from $2.30,",688
A,"src/data/blog-data/en.json",493,833,"設","content","content","content","content",,Y,Y,,"","""content"": ""<p class=\""text-base text-[#1A56DB] font-medium mb-4\""><strong>TL;DR:</strong> Custom catalog &amp; art book printing 2026 — hardcover 100 copies from $5.80/book, perfect bound from $2.30,",688
A,"src/data/blog-data/en.json",493,834,"備","content","content","content","content",,Y,Y,,"","""content"": ""<p class=\""text-base text-[#1A56DB] font-medium mb-4\""><strong>TL;DR:</strong> Custom catalog &amp; art book printing 2026 — hardcover 100 copies from $5.80/book, perfect bound from $2.30,",688
A,"src/data/blog-data/en.json",496,985,"進","content","content","content","content",,Y,Y,,"","""content"": ""<p class=\""text-base text-[#1A56DB] font-medium mb-4\""><strong>Quick Answer:</strong> 2026 dragon year drives <strong> HK weddings</strong>, market past HK$1.5B. ZprintPro 50-500 piece run",688
A,"src/data/blog-data/en.json",496,986,"口","content","content","content","content",,Y,Y,,"","""content"": ""<p class=\""text-base text-[#1A56DB] font-medium mb-4\""><strong>Quick Answer:</strong> 2026 dragon year drives <strong> HK weddings</strong>, market past HK$1.5B. ZprintPro 50-500 piece run",688
A,"src/data/blog-data/en.json",496,987,"印","content","content","content","content",,Y,Y,,"","""content"": ""<p class=\""text-base text-[#1A56DB] font-medium mb-4\""><strong>Quick Answer:</strong> 2026 dragon year drives <strong> HK weddings</strong>, market past HK$1.5B. ZprintPro 50-500 piece run",688
A,"src/data/blog-data/en.json",496,988,"刷","content","content","content","content",,Y,Y,,"","""content"": ""<p class=\""text-base text-[#1A56DB] font-medium mb-4\""><strong>Quick Answer:</strong> 2026 dragon year drives <strong> HK weddings</strong>, market past HK$1.5B. ZprintPro 50-500 piece run",688
A,"src/data/blog-data/en.json",496,989,"設","content","content","content","content",,Y,Y,,"","""content"": ""<p class=\""text-base text-[#1A56DB] font-medium mb-4\""><strong>Quick Answer:</strong> 2026 dragon year drives <strong> HK weddings</strong>, market past HK$1.5B. ZprintPro 50-500 piece run",688
A,"src/data/blog-data/en.json",496,990,"備","content","content","content","content",,Y,Y,,"","""content"": ""<p class=\""text-base text-[#1A56DB] font-medium mb-4\""><strong>Quick Answer:</strong> 2026 dragon year drives <strong> HK weddings</strong>, market past HK$1.5B. ZprintPro 50-500 piece run",688
A,"src/data/blog-data/en.json",496,997,"國","content","content","content","content",,Y,Y,,"","""content"": ""<p class=\""text-base text-[#1A56DB] font-medium mb-4\""><strong>Quick Answer:</strong> 2026 dragon year drives <strong> HK weddings</strong>, market past HK$1.5B. ZprintPro 50-500 piece run",688
A,"src/data/blog-data/en.json",496,998,"際","content","content","content","content",,Y,Y,,"","""content"": ""<p class=\""text-base text-[#1A56DB] font-medium mb-4\""><strong>Quick Answer:</strong> 2026 dragon year drives <strong> HK weddings</strong>, market past HK$1.5B. ZprintPro 50-500 piece run",688
A,"src/data/blog-data/en.json",496,999,"認","content","content","content","content",,Y,Y,,"","""content"": ""<p class=\""text-base text-[#1A56DB] font-medium mb-4\""><strong>Quick Answer:</strong> 2026 dragon year drives <strong> HK weddings</strong>, market past HK$1.5B. ZprintPro 50-500 piece run",688
A,"src/data/blog-data/en.json",496,1000,"證","content","content","content","content",,Y,Y,,"","""content"": ""<p class=\""text-base text-[#1A56DB] font-medium mb-4\""><strong>Quick Answer:</strong> 2026 dragon year drives <strong> HK weddings</strong>, market past HK$1.5B. ZprintPro 50-500 piece run",688
A,"src/data/blog-data/en.json",496,1001,"體","content","content","content","content",,Y,Y,,"","""content"": ""<p class=\""text-base text-[#1A56DB] font-medium mb-4\""><strong>Quick Answer:</strong> 2026 dragon year drives <strong> HK weddings</strong>, market past HK$1.5B. ZprintPro 50-500 piece run",688
A,"src/data/blog-data/en.json",496,1002,"系","content","content","content","content",,Y,Y,,"","""content"": ""<p class=\""text-base text-[#1A56DB] font-medium mb-4\""><strong>Quick Answer:</strong> 2026 dragon year drives <strong> HK weddings</strong>, market past HK$1.5B. ZprintPro 50-500 piece run",688
A,"src/data/blog-data/en.json",496,1013,"認","content","content","content","content",,Y,Y,,"","""content"": ""<p class=\""text-base text-[#1A56DB] font-medium mb-4\""><strong>Quick Answer:</strong> 2026 dragon year drives <strong> HK weddings</strong>, market past HK$1.5B. ZprintPro 50-500 piece run",688
A,"src/data/blog-data/en.json",496,1014,"證","content","content","content","content",,Y,Y,,"","""content"": ""<p class=\""text-base text-[#1A56DB] font-medium mb-4\""><strong>Quick Answer:</strong> 2026 dragon year drives <strong> HK weddings</strong>, market past HK$1.5B. ZprintPro 50-500 piece run",688
A,"src/data/blog-data/en.json",496,1015,"紙","content","content","content","content",,Y,Y,,"","""content"": ""<p class=\""text-base text-[#1A56DB] font-medium mb-4\""><strong>Quick Answer:</strong> 2026 dragon year drives <strong> HK weddings</strong>, market past HK$1.5B. ZprintPro 50-500 piece run",688
A,"src/data/blog-data/en.json",496,3495,"進","content","content","content","content",,Y,Y,,"","""content"": ""<p class=\""text-base text-[#1A56DB] font-medium mb-4\""><strong>Quick Answer:</strong> 2026 dragon year drives <strong> HK weddings</strong>, market past HK$1.5B. ZprintPro 50-500 piece run",688
A,"src/data/blog-data/en.json",496,3496,"口","content","content","content","content",,Y,Y,,"","""content"": ""<p class=\""text-base text-[#1A56DB] font-medium mb-4\""><strong>Quick Answer:</strong> 2026 dragon year drives <strong> HK weddings</strong>, market past HK$1.5B. ZprintPro 50-500 piece run",688
A,"src/data/blog-data/en.json",496,3497,"印","content","content","content","content",,Y,Y,,"","""content"": ""<p class=\""text-base text-[#1A56DB] font-medium mb-4\""><strong>Quick Answer:</strong> 2026 dragon year drives <strong> HK weddings</strong>, market past HK$1.5B. ZprintPro 50-500 piece run",688
A,"src/data/blog-data/en.json",496,3498,"刷","content","content","content","content",,Y,Y,,"","""content"": ""<p class=\""text-base text-[#1A56DB] font-medium mb-4\""><strong>Quick Answer:</strong> 2026 dragon year drives <strong> HK weddings</strong>, market past HK$1.5B. ZprintPro 50-500 piece run",688
A,"src/data/blog-data/en.json",496,3499,"設","content","content","content","content",,Y,Y,,"","""content"": ""<p class=\""text-base text-[#1A56DB] font-medium mb-4\""><strong>Quick Answer:</strong> 2026 dragon year drives <strong> HK weddings</strong>, market past HK$1.5B. ZprintPro 50-500 piece run",688
A,"src/data/blog-data/en.json",496,3500,"備","content","content","content","content",,Y,Y,,"","""content"": ""<p class=\""text-base text-[#1A56DB] font-medium mb-4\""><strong>Quick Answer:</strong> 2026 dragon year drives <strong> HK weddings</strong>, market past HK$1.5B. ZprintPro 50-500 piece run",688
A,"src/data/blog-data/en.json",496,3522,"進","content","content","content","content",,Y,Y,,"","""content"": ""<p class=\""text-base text-[#1A56DB] font-medium mb-4\""><strong>Quick Answer:</strong> 2026 dragon year drives <strong> HK weddings</strong>, market past HK$1.5B. ZprintPro 50-500 piece run",688
A,"src/data/blog-data/en.json",496,3523,"口","content","content","content","content",,Y,Y,,"","""content"": ""<p class=\""text-base text-[#1A56DB] font-medium mb-4\""><strong>Quick Answer:</strong> 2026 dragon year drives <strong> HK weddings</strong>, market past HK$1.5B. ZprintPro 50-500 piece run",688
A,"src/data/blog-data/en.json",496,3524,"印","content","content","content","content",,Y,Y,,"","""content"": ""<p class=\""text-base text-[#1A56DB] font-medium mb-4\""><strong>Quick Answer:</strong> 2026 dragon year drives <strong> HK weddings</strong>, market past HK$1.5B. ZprintPro 50-500 piece run",688
A,"src/data/blog-data/en.json",496,3525,"刷","content","content","content","content",,Y,Y,,"","""content"": ""<p class=\""text-base text-[#1A56DB] font-medium mb-4\""><strong>Quick Answer:</strong> 2026 dragon year drives <strong> HK weddings</strong>, market past HK$1.5B. ZprintPro 50-500 piece run",688
A,"src/data/blog-data/en.json",496,3526,"設","content","content","content","content",,Y,Y,,"","""content"": ""<p class=\""text-base text-[#1A56DB] font-medium mb-4\""><strong>Quick Answer:</strong> 2026 dragon year drives <strong> HK weddings</strong>, market past HK$1.5B. ZprintPro 50-500 piece run",688
A,"src/data/blog-data/en.json",496,3527,"備","content","content","content","content",,Y,Y,,"","""content"": ""<p class=\""text-base text-[#1A56DB] font-medium mb-4\""><strong>Quick Answer:</strong> 2026 dragon year drives <strong> HK weddings</strong>, market past HK$1.5B. ZprintPro 50-500 piece run",688
A,"src/data/blog-data/en.json",496,3554,"國","content","content","content","content",,Y,Y,,"","""content"": ""<p class=\""text-base text-[#1A56DB] font-medium mb-4\""><strong>Quick Answer:</strong> 2026 dragon year drives <strong> HK weddings</strong>, market past HK$1.5B. ZprintPro 50-500 piece run",688
A,"src/data/blog-data/en.json",496,3555,"際","content","content","content","content",,Y,Y,,"","""content"": ""<p class=\""text-base text-[#1A56DB] font-medium mb-4\""><strong>Quick Answer:</strong> 2026 dragon year drives <strong> HK weddings</strong>, market past HK$1.5B. ZprintPro 50-500 piece run",688
A,"src/data/blog-data/en.json",496,3556,"認","content","content","content","content",,Y,Y,,"","""content"": ""<p class=\""text-base text-[#1A56DB] font-medium mb-4\""><strong>Quick Answer:</strong> 2026 dragon year drives <strong> HK weddings</strong>, market past HK$1.5B. ZprintPro 50-500 piece run",688
A,"src/data/blog-data/en.json",496,3557,"證","content","content","content","content",,Y,Y,,"","""content"": ""<p class=\""text-base text-[#1A56DB] font-medium mb-4\""><strong>Quick Answer:</strong> 2026 dragon year drives <strong> HK weddings</strong>, market past HK$1.5B. ZprintPro 50-500 piece run",688
A,"src/data/blog-data/en.json",496,3558,"體","content","content","content","content",,Y,Y,,"","""content"": ""<p class=\""text-base text-[#1A56DB] font-medium mb-4\""><strong>Quick Answer:</strong> 2026 dragon year drives <strong> HK weddings</strong>, market past HK$1.5B. ZprintPro 50-500 piece run",688
A,"src/data/blog-data/en.json",496,3559,"系","content","content","content","content",,Y,Y,,"","""content"": ""<p class=\""text-base text-[#1A56DB] font-medium mb-4\""><strong>Quick Answer:</strong> 2026 dragon year drives <strong> HK weddings</strong>, market past HK$1.5B. ZprintPro 50-500 piece run",688
A,"src/data/blog-data/en.json",496,3570,"認","content","content","content","content",,Y,Y,,"","""content"": ""<p class=\""text-base text-[#1A56DB] font-medium mb-4\""><strong>Quick Answer:</strong> 2026 dragon year drives <strong> HK weddings</strong>, market past HK$1.5B. ZprintPro 50-500 piece run",688
A,"src/data/blog-data/en.json",496,3571,"證","content","content","content","content",,Y,Y,,"","""content"": ""<p class=\""text-base text-[#1A56DB] font-medium mb-4\""><strong>Quick Answer:</strong> 2026 dragon year drives <strong> HK weddings</strong>, market past HK$1.5B. ZprintPro 50-500 piece run",688
A,"src/data/blog-data/en.json",496,3572,"紙","content","content","content","content",,Y,Y,,"","""content"": ""<p class=\""text-base text-[#1A56DB] font-medium mb-4\""><strong>Quick Answer:</strong> 2026 dragon year drives <strong> HK weddings</strong>, market past HK$1.5B. ZprintPro 50-500 piece run",688
A,"src/data/blog-data/en.json",503,5668,"紅","content","content","content","content",,Y,Y,,"","""content"": ""<p>Wedding table cards (place cards，seating charts，escort cards) are essential for any wedding with assigned seating. The 2026 average cost for 100-500 table cards is $0.40-1.20/piece, wit",688
A,"src/data/blog-data/en.json",503,5669,"包","content","content","content","content",,Y,Y,,"","""content"": ""<p>Wedding table cards (place cards，seating charts，escort cards) are essential for any wedding with assigned seating. The 2026 average cost for 100-500 table cards is $0.40-1.20/piece, wit",688
A,"src/data/blog-data/en.json",511,1324,"騎","content","content","content","content",,Y,Y,,"","""content"": ""<p class=\""text-base text-[#1A56DB] font-medium mb-4\""><strong>Key takeaway:</strong> Saddle stitch booklets print from <strong>100 copies</strong>, with 8-64 pages, <strong>US$1.84-7.36 p",688
A,"src/data/blog-data/en.json",511,1325,"馬","content","content","content","content",,Y,Y,,"","""content"": ""<p class=\""text-base text-[#1A56DB] font-medium mb-4\""><strong>Key takeaway:</strong> Saddle stitch booklets print from <strong>100 copies</strong>, with 8-64 pages, <strong>US$1.84-7.36 p",688
A,"src/data/blog-data/en.json",511,1326,"釘","content","content","content","content",,Y,Y,,"","""content"": ""<p class=\""text-base text-[#1A56DB] font-medium mb-4\""><strong>Key takeaway:</strong> Saddle stitch booklets print from <strong>100 copies</strong>, with 8-64 pages, <strong>US$1.84-7.36 p",688
A,"src/data/blog-data/en.json",511,1330,"中","content","content","content","content",,Y,Y,,"","""content"": ""<p class=\""text-base text-[#1A56DB] font-medium mb-4\""><strong>Key takeaway:</strong> Saddle stitch booklets print from <strong>100 copies</strong>, with 8-64 pages, <strong>US$1.84-7.36 p",688
A,"src/data/blog-data/en.json",511,1331,"綴","content","content","content","content",,Y,Y,,"","""content"": ""<p class=\""text-base text-[#1A56DB] font-medium mb-4\""><strong>Key takeaway:</strong> Saddle stitch booklets print from <strong>100 copies</strong>, with 8-64 pages, <strong>US$1.84-7.36 p",688
A,"src/data/blog-data/en.json",531,5214,"國","content","content","content","content",,Y,Y,,"","""content"": ""<p class=\""text-base text-[#1A56DB] font-medium mb-4\""><strong>Key takeaway:</strong> Custom apparel hang tags from 100 MOQ, 8 materials (coated / kraft / PVC / specialty / matte / recycle",688
A,"src/data/blog-data/en.json",531,5215,"際","content","content","content","content",,Y,Y,,"","""content"": ""<p class=\""text-base text-[#1A56DB] font-medium mb-4\""><strong>Key takeaway:</strong> Custom apparel hang tags from 100 MOQ, 8 materials (coated / kraft / PVC / specialty / matte / recycle",688
A,"src/data/blog-data/en.json",531,5216,"認","content","content","content","content",,Y,Y,,"","""content"": ""<p class=\""text-base text-[#1A56DB] font-medium mb-4\""><strong>Key takeaway:</strong> Custom apparel hang tags from 100 MOQ, 8 materials (coated / kraft / PVC / specialty / matte / recycle",688
A,"src/data/blog-data/en.json",531,5217,"證","content","content","content","content",,Y,Y,,"","""content"": ""<p class=\""text-base text-[#1A56DB] font-medium mb-4\""><strong>Key takeaway:</strong> Custom apparel hang tags from 100 MOQ, 8 materials (coated / kraft / PVC / specialty / matte / recycle",688
A,"src/data/blog-data/en.json",531,5218,"體","content","content","content","content",,Y,Y,,"","""content"": ""<p class=\""text-base text-[#1A56DB] font-medium mb-4\""><strong>Key takeaway:</strong> Custom apparel hang tags from 100 MOQ, 8 materials (coated / kraft / PVC / specialty / matte / recycle",688
A,"src/data/blog-data/en.json",531,5219,"系","content","content","content","content",,Y,Y,,"","""content"": ""<p class=\""text-base text-[#1A56DB] font-medium mb-4\""><strong>Key takeaway:</strong> Custom apparel hang tags from 100 MOQ, 8 materials (coated / kraft / PVC / specialty / matte / recycle",688
A,"src/data/blog-data/en.json",563,2162,"核","content","content","content","content",,Y,Y,,"","""content"": ""<p class=\""text-base text-[#1A56DB] font-medium mb-4\""><strong>Quick Answer:</strong> 2027 calendar printing <strong>hard deadline: September 15, 2026</strong> for December 2026 Christmas ",688
A,"src/data/blog-data/en.json",563,2163,"心","content","content","content","content",,Y,Y,,"","""content"": ""<p class=\""text-base text-[#1A56DB] font-medium mb-4\""><strong>Quick Answer:</strong> 2027 calendar printing <strong>hard deadline: September 15, 2026</strong> for December 2026 Christmas ",688
A,"src/data/blog-data/en.json",563,2164,"頁","content","content","content","content",,Y,Y,,"","""content"": ""<p class=\""text-base text-[#1A56DB] font-medium mb-4\""><strong>Quick Answer:</strong> 2027 calendar printing <strong>hard deadline: September 15, 2026</strong> for December 2026 Christmas ",688
A,"src/data/blog-data/en.json",577,120,"急","description","description","description","description",,Y,Y,,"","""description"": ""Rush printing delivery 2026 US: FedEx Express 2-day, DHL 2-4 day, USPS Priority 1-3 day, ZprintPro 急件 18:00 截單, 4 cut-off tiers, 4 cost tiers, 4 use cases, 4 FAQs, factory-direct prici",53
A,"src/data/blog-data/en.json",577,121,"件","description","description","description","description",,Y,Y,,"","""description"": ""Rush printing delivery 2026 US: FedEx Express 2-day, DHL 2-4 day, USPS Priority 1-3 day, ZprintPro 急件 18:00 截單, 4 cut-off tiers, 4 cost tiers, 4 use cases, 4 FAQs, factory-direct prici",53
A,"src/data/blog-data/en.json",577,129,"截","description","description","description","description",,Y,Y,,"","""description"": ""Rush printing delivery 2026 US: FedEx Express 2-day, DHL 2-4 day, USPS Priority 1-3 day, ZprintPro 急件 18:00 截單, 4 cut-off tiers, 4 cost tiers, 4 use cases, 4 FAQs, factory-direct prici",53
A,"src/data/blog-data/en.json",577,130,"單","description","description","description","description",,Y,Y,,"","""description"": ""Rush printing delivery 2026 US: FedEx Express 2-day, DHL 2-4 day, USPS Priority 1-3 day, ZprintPro 急件 18:00 截單, 4 cut-off tiers, 4 cost tiers, 4 use cases, 4 FAQs, factory-direct prici",53
A,"src/data/blog-data/en.json",577,236,"國","description","description","description","description",,Y,Y,,"","""description"": ""Rush printing delivery 2026 US: FedEx Express 2-day, DHL 2-4 day, USPS Priority 1-3 day, ZprintPro 急件 18:00 截單, 4 cut-off tiers, 4 cost tiers, 4 use cases, 4 FAQs, factory-direct prici",53
A,"src/data/blog-data/en.json",577,237,"際","description","description","description","description",,Y,Y,,"","""description"": ""Rush printing delivery 2026 US: FedEx Express 2-day, DHL 2-4 day, USPS Priority 1-3 day, ZprintPro 急件 18:00 截單, 4 cut-off tiers, 4 cost tiers, 4 use cases, 4 FAQs, factory-direct prici",53
A,"src/data/blog-data/en.json",577,238,"認","description","description","description","description",,Y,Y,,"","""description"": ""Rush printing delivery 2026 US: FedEx Express 2-day, DHL 2-4 day, USPS Priority 1-3 day, ZprintPro 急件 18:00 截單, 4 cut-off tiers, 4 cost tiers, 4 use cases, 4 FAQs, factory-direct prici",53
A,"src/data/blog-data/en.json",577,239,"證","description","description","description","description",,Y,Y,,"","""description"": ""Rush printing delivery 2026 US: FedEx Express 2-day, DHL 2-4 day, USPS Priority 1-3 day, ZprintPro 急件 18:00 截單, 4 cut-off tiers, 4 cost tiers, 4 use cases, 4 FAQs, factory-direct prici",53
A,"src/data/blog-data/en.json",577,240,"體","description","description","description","description",,Y,Y,,"","""description"": ""Rush printing delivery 2026 US: FedEx Express 2-day, DHL 2-4 day, USPS Priority 1-3 day, ZprintPro 急件 18:00 截單, 4 cut-off tiers, 4 cost tiers, 4 use cases, 4 FAQs, factory-direct prici",53
A,"src/data/blog-data/en.json",577,241,"系","description","description","description","description",,Y,Y,,"","""description"": ""Rush printing delivery 2026 US: FedEx Express 2-day, DHL 2-4 day, USPS Priority 1-3 day, ZprintPro 急件 18:00 截單, 4 cut-off tiers, 4 cost tiers, 4 use cases, 4 FAQs, factory-direct prici",53
A,"src/data/blog-data/en.json",580,389,"急","content","content","content","content",,Y,Y,Y,"","""content"": ""<p class=\""text-base text-[#1A56DB] font-medium mb-4\""><strong>Quick Answer:</strong> Rush printing delivery in the US 2026: fastest is <strong>FedEx Express 2-day</strong> for cross-count",688
A,"src/data/blog-data/en.json",580,390,"件","content","content","content","content",,Y,Y,Y,"","""content"": ""<p class=\""text-base text-[#1A56DB] font-medium mb-4\""><strong>Quick Answer:</strong> Rush printing delivery in the US 2026: fastest is <strong>FedEx Express 2-day</strong> for cross-count",688
A,"src/data/blog-data/en.json",580,398,"截","content","content","content","content",,Y,Y,Y,"","""content"": ""<p class=\""text-base text-[#1A56DB] font-medium mb-4\""><strong>Quick Answer:</strong> Rush printing delivery in the US 2026: fastest is <strong>FedEx Express 2-day</strong> for cross-count",688
A,"src/data/blog-data/en.json",580,399,"單","content","content","content","content",,Y,Y,Y,"","""content"": ""<p class=\""text-base text-[#1A56DB] font-medium mb-4\""><strong>Quick Answer:</strong> Rush printing delivery in the US 2026: fastest is <strong>FedEx Express 2-day</strong> for cross-count",688
A,"src/data/blog-data/en.json",580,7234,"急","content","content","content","content",,Y,Y,Y,"","""content"": ""<p class=\""text-base text-[#1A56DB] font-medium mb-4\""><strong>Quick Answer:</strong> Rush printing delivery in the US 2026: fastest is <strong>FedEx Express 2-day</strong> for cross-count",688
A,"src/data/blog-data/en.json",580,7235,"件","content","content","content","content",,Y,Y,Y,"","""content"": ""<p class=\""text-base text-[#1A56DB] font-medium mb-4\""><strong>Quick Answer:</strong> Rush printing delivery in the US 2026: fastest is <strong>FedEx Express 2-day</strong> for cross-count",688
A,"src/data/blog-data/en.json",580,7243,"截","content","content","content","content",,Y,Y,Y,"","""content"": ""<p class=\""text-base text-[#1A56DB] font-medium mb-4\""><strong>Quick Answer:</strong> Rush printing delivery in the US 2026: fastest is <strong>FedEx Express 2-day</strong> for cross-count",688
A,"src/data/blog-data/en.json",580,7244,"單","content","content","content","content",,Y,Y,Y,"","""content"": ""<p class=\""text-base text-[#1A56DB] font-medium mb-4\""><strong>Quick Answer:</strong> Rush printing delivery in the US 2026: fastest is <strong>FedEx Express 2-day</strong> for cross-count",688
A,"src/data/blog-data/en.json",580,7417,"急","content","content","content","content",,Y,Y,Y,"","""content"": ""<p class=\""text-base text-[#1A56DB] font-medium mb-4\""><strong>Quick Answer:</strong> Rush printing delivery in the US 2026: fastest is <strong>FedEx Express 2-day</strong> for cross-count",688
A,"src/data/blog-data/en.json",580,7418,"件","content","content","content","content",,Y,Y,Y,"","""content"": ""<p class=\""text-base text-[#1A56DB] font-medium mb-4\""><strong>Quick Answer:</strong> Rush printing delivery in the US 2026: fastest is <strong>FedEx Express 2-day</strong> for cross-count",688
A,"src/data/blog-data/en.json",580,7426,"截","content","content","content","content",,Y,Y,Y,"","""content"": ""<p class=\""text-base text-[#1A56DB] font-medium mb-4\""><strong>Quick Answer:</strong> Rush printing delivery in the US 2026: fastest is <strong>FedEx Express 2-day</strong> for cross-count",688
A,"src/data/blog-data/en.json",580,7427,"單","content","content","content","content",,Y,Y,Y,"","""content"": ""<p class=\""text-base text-[#1A56DB] font-medium mb-4\""><strong>Quick Answer:</strong> Rush printing delivery in the US 2026: fastest is <strong>FedEx Express 2-day</strong> for cross-count",688
A,"src/data/blog-data/en.json",580,8002,"急","content","content","content","content",,Y,Y,Y,"","""content"": ""<p class=\""text-base text-[#1A56DB] font-medium mb-4\""><strong>Quick Answer:</strong> Rush printing delivery in the US 2026: fastest is <strong>FedEx Express 2-day</strong> for cross-count",688
A,"src/data/blog-data/en.json",580,8003,"件","content","content","content","content",,Y,Y,Y,"","""content"": ""<p class=\""text-base text-[#1A56DB] font-medium mb-4\""><strong>Quick Answer:</strong> Rush printing delivery in the US 2026: fastest is <strong>FedEx Express 2-day</strong> for cross-count",688
A,"src/data/blog-data/en.json",580,8011,"截","content","content","content","content",,Y,Y,Y,"","""content"": ""<p class=\""text-base text-[#1A56DB] font-medium mb-4\""><strong>Quick Answer:</strong> Rush printing delivery in the US 2026: fastest is <strong>FedEx Express 2-day</strong> for cross-count",688
A,"src/data/blog-data/en.json",580,8012,"單","content","content","content","content",,Y,Y,Y,"","""content"": ""<p class=\""text-base text-[#1A56DB] font-medium mb-4\""><strong>Quick Answer:</strong> Rush printing delivery in the US 2026: fastest is <strong>FedEx Express 2-day</strong> for cross-count",688
A,"src/data/blog-data/en.json",580,8656,"急","content","content","content","content",,Y,Y,Y,"","""content"": ""<p class=\""text-base text-[#1A56DB] font-medium mb-4\""><strong>Quick Answer:</strong> Rush printing delivery in the US 2026: fastest is <strong>FedEx Express 2-day</strong> for cross-count",688
A,"src/data/blog-data/en.json",580,8657,"件","content","content","content","content",,Y,Y,Y,"","""content"": ""<p class=\""text-base text-[#1A56DB] font-medium mb-4\""><strong>Quick Answer:</strong> Rush printing delivery in the US 2026: fastest is <strong>FedEx Express 2-day</strong> for cross-count",688
A,"src/data/blog-data/en.json",580,8665,"截","content","content","content","content",,Y,Y,Y,"","""content"": ""<p class=\""text-base text-[#1A56DB] font-medium mb-4\""><strong>Quick Answer:</strong> Rush printing delivery in the US 2026: fastest is <strong>FedEx Express 2-day</strong> for cross-count",688
A,"src/data/blog-data/en.json",580,8666,"單","content","content","content","content",,Y,Y,Y,"","""content"": ""<p class=\""text-base text-[#1A56DB] font-medium mb-4\""><strong>Quick Answer:</strong> Rush printing delivery in the US 2026: fastest is <strong>FedEx Express 2-day</strong> for cross-count",688
A,"src/data/blog-data/en.json",580,8769,"進","content","content","content","content",,Y,Y,Y,"","""content"": ""<p class=\""text-base text-[#1A56DB] font-medium mb-4\""><strong>Quick Answer:</strong> Rush printing delivery in the US 2026: fastest is <strong>FedEx Express 2-day</strong> for cross-count",688
A,"src/data/blog-data/en.json",580,8770,"口","content","content","content","content",,Y,Y,Y,"","""content"": ""<p class=\""text-base text-[#1A56DB] font-medium mb-4\""><strong>Quick Answer:</strong> Rush printing delivery in the US 2026: fastest is <strong>FedEx Express 2-day</strong> for cross-count",688
A,"src/data/blog-data/en.json",580,8771,"印","content","content","content","content",,Y,Y,Y,"","""content"": ""<p class=\""text-base text-[#1A56DB] font-medium mb-4\""><strong>Quick Answer:</strong> Rush printing delivery in the US 2026: fastest is <strong>FedEx Express 2-day</strong> for cross-count",688
A,"src/data/blog-data/en.json",580,8772,"刷","content","content","content","content",,Y,Y,Y,"","""content"": ""<p class=\""text-base text-[#1A56DB] font-medium mb-4\""><strong>Quick Answer:</strong> Rush printing delivery in the US 2026: fastest is <strong>FedEx Express 2-day</strong> for cross-count",688
A,"src/data/blog-data/en.json",580,8773,"設","content","content","content","content",,Y,Y,Y,"","""content"": ""<p class=\""text-base text-[#1A56DB] font-medium mb-4\""><strong>Quick Answer:</strong> Rush printing delivery in the US 2026: fastest is <strong>FedEx Express 2-day</strong> for cross-count",688
A,"src/data/blog-data/en.json",580,8774,"備","content","content","content","content",,Y,Y,Y,"","""content"": ""<p class=\""text-base text-[#1A56DB] font-medium mb-4\""><strong>Quick Answer:</strong> Rush printing delivery in the US 2026: fastest is <strong>FedEx Express 2-day</strong> for cross-count",688
A,"src/data/blog-data/en.json",580,8836,"國","content","content","content","content",,Y,Y,Y,"","""content"": ""<p class=\""text-base text-[#1A56DB] font-medium mb-4\""><strong>Quick Answer:</strong> Rush printing delivery in the US 2026: fastest is <strong>FedEx Express 2-day</strong> for cross-count",688
A,"src/data/blog-data/en.json",580,8837,"際","content","content","content","content",,Y,Y,Y,"","""content"": ""<p class=\""text-base text-[#1A56DB] font-medium mb-4\""><strong>Quick Answer:</strong> Rush printing delivery in the US 2026: fastest is <strong>FedEx Express 2-day</strong> for cross-count",688
A,"src/data/blog-data/en.json",580,8838,"認","content","content","content","content",,Y,Y,Y,"","""content"": ""<p class=\""text-base text-[#1A56DB] font-medium mb-4\""><strong>Quick Answer:</strong> Rush printing delivery in the US 2026: fastest is <strong>FedEx Express 2-day</strong> for cross-count",688
A,"src/data/blog-data/en.json",580,8839,"證","content","content","content","content",,Y,Y,Y,"","""content"": ""<p class=\""text-base text-[#1A56DB] font-medium mb-4\""><strong>Quick Answer:</strong> Rush printing delivery in the US 2026: fastest is <strong>FedEx Express 2-day</strong> for cross-count",688
A,"src/data/blog-data/en.json",580,8840,"體","content","content","content","content",,Y,Y,Y,"","""content"": ""<p class=\""text-base text-[#1A56DB] font-medium mb-4\""><strong>Quick Answer:</strong> Rush printing delivery in the US 2026: fastest is <strong>FedEx Express 2-day</strong> for cross-count",688
A,"src/data/blog-data/en.json",580,8841,"系","content","content","content","content",,Y,Y,Y,"","""content"": ""<p class=\""text-base text-[#1A56DB] font-medium mb-4\""><strong>Quick Answer:</strong> Rush printing delivery in the US 2026: fastest is <strong>FedEx Express 2-day</strong> for cross-count",688
A,"src/data/blog-data/en.json",580,8847,"認","content","content","content","content",,Y,Y,Y,"","""content"": ""<p class=\""text-base text-[#1A56DB] font-medium mb-4\""><strong>Quick Answer:</strong> Rush printing delivery in the US 2026: fastest is <strong>FedEx Express 2-day</strong> for cross-count",688
A,"src/data/blog-data/en.json",580,8848,"證","content","content","content","content",,Y,Y,Y,"","""content"": ""<p class=\""text-base text-[#1A56DB] font-medium mb-4\""><strong>Quick Answer:</strong> Rush printing delivery in the US 2026: fastest is <strong>FedEx Express 2-day</strong> for cross-count",688
A,"src/data/blog-data/en.json",580,8849,"紙","content","content","content","content",,Y,Y,Y,"","""content"": ""<p class=\""text-base text-[#1A56DB] font-medium mb-4\""><strong>Quick Answer:</strong> Rush printing delivery in the US 2026: fastest is <strong>FedEx Express 2-day</strong> for cross-count",688
A,"src/data/blog-data/en.json",580,11179,"急","content","content","content","content",,Y,Y,Y,"","""content"": ""<p class=\""text-base text-[#1A56DB] font-medium mb-4\""><strong>Quick Answer:</strong> Rush printing delivery in the US 2026: fastest is <strong>FedEx Express 2-day</strong> for cross-count",688
A,"src/data/blog-data/en.json",580,11180,"件","content","content","content","content",,Y,Y,Y,"","""content"": ""<p class=\""text-base text-[#1A56DB] font-medium mb-4\""><strong>Quick Answer:</strong> Rush printing delivery in the US 2026: fastest is <strong>FedEx Express 2-day</strong> for cross-count",688
A,"src/data/blog-data/en.json",580,11188,"截","content","content","content","content",,Y,Y,Y,"","""content"": ""<p class=\""text-base text-[#1A56DB] font-medium mb-4\""><strong>Quick Answer:</strong> Rush printing delivery in the US 2026: fastest is <strong>FedEx Express 2-day</strong> for cross-count",688
A,"src/data/blog-data/en.json",580,11189,"單","content","content","content","content",,Y,Y,Y,"","""content"": ""<p class=\""text-base text-[#1A56DB] font-medium mb-4\""><strong>Quick Answer:</strong> Rush printing delivery in the US 2026: fastest is <strong>FedEx Express 2-day</strong> for cross-count",688
A,"src/data/blog-data/en.json",580,11936,"急","content","content","content","content",,Y,Y,Y,"","""content"": ""<p class=\""text-base text-[#1A56DB] font-medium mb-4\""><strong>Quick Answer:</strong> Rush printing delivery in the US 2026: fastest is <strong>FedEx Express 2-day</strong> for cross-count",688
A,"src/data/blog-data/en.json",580,11937,"件","content","content","content","content",,Y,Y,Y,"","""content"": ""<p class=\""text-base text-[#1A56DB] font-medium mb-4\""><strong>Quick Answer:</strong> Rush printing delivery in the US 2026: fastest is <strong>FedEx Express 2-day</strong> for cross-count",688
A,"src/data/blog-data/en.json",580,11945,"截","content","content","content","content",,Y,Y,Y,"","""content"": ""<p class=\""text-base text-[#1A56DB] font-medium mb-4\""><strong>Quick Answer:</strong> Rush printing delivery in the US 2026: fastest is <strong>FedEx Express 2-day</strong> for cross-count",688
A,"src/data/blog-data/en.json",580,11946,"單","content","content","content","content",,Y,Y,Y,"","""content"": ""<p class=\""text-base text-[#1A56DB] font-medium mb-4\""><strong>Quick Answer:</strong> Rush printing delivery in the US 2026: fastest is <strong>FedEx Express 2-day</strong> for cross-count",688
A,"src/data/blog-data/en.json",580,12510,"急","content","content","content","content",,Y,Y,Y,"","""content"": ""<p class=\""text-base text-[#1A56DB] font-medium mb-4\""><strong>Quick Answer:</strong> Rush printing delivery in the US 2026: fastest is <strong>FedEx Express 2-day</strong> for cross-count",688
A,"src/data/blog-data/en.json",580,12511,"件","content","content","content","content",,Y,Y,Y,"","""content"": ""<p class=\""text-base text-[#1A56DB] font-medium mb-4\""><strong>Quick Answer:</strong> Rush printing delivery in the US 2026: fastest is <strong>FedEx Express 2-day</strong> for cross-count",688
A,"src/data/blog-data/en.json",580,12519,"截","content","content","content","content",,Y,Y,Y,"","""content"": ""<p class=\""text-base text-[#1A56DB] font-medium mb-4\""><strong>Quick Answer:</strong> Rush printing delivery in the US 2026: fastest is <strong>FedEx Express 2-day</strong> for cross-count",688
A,"src/data/blog-data/en.json",580,12520,"單","content","content","content","content",,Y,Y,Y,"","""content"": ""<p class=\""text-base text-[#1A56DB] font-medium mb-4\""><strong>Quick Answer:</strong> Rush printing delivery in the US 2026: fastest is <strong>FedEx Express 2-day</strong> for cross-count",688
A,"src/data/blog-data/en.json",580,13119,"急","content","content","content","content",,Y,Y,Y,"","""content"": ""<p class=\""text-base text-[#1A56DB] font-medium mb-4\""><strong>Quick Answer:</strong> Rush printing delivery in the US 2026: fastest is <strong>FedEx Express 2-day</strong> for cross-count",688
A,"src/data/blog-data/en.json",580,13120,"件","content","content","content","content",,Y,Y,Y,"","""content"": ""<p class=\""text-base text-[#1A56DB] font-medium mb-4\""><strong>Quick Answer:</strong> Rush printing delivery in the US 2026: fastest is <strong>FedEx Express 2-day</strong> for cross-count",688
A,"src/data/blog-data/en.json",580,13128,"截","content","content","content","content",,Y,Y,Y,"","""content"": ""<p class=\""text-base text-[#1A56DB] font-medium mb-4\""><strong>Quick Answer:</strong> Rush printing delivery in the US 2026: fastest is <strong>FedEx Express 2-day</strong> for cross-count",688
A,"src/data/blog-data/en.json",580,13129,"單","content","content","content","content",,Y,Y,Y,"","""content"": ""<p class=\""text-base text-[#1A56DB] font-medium mb-4\""><strong>Quick Answer:</strong> Rush printing delivery in the US 2026: fastest is <strong>FedEx Express 2-day</strong> for cross-count",688
A,"src/data/blog-data/en.json",580,13300,"急","content","content","content","content",,Y,Y,Y,"","""content"": ""<p class=\""text-base text-[#1A56DB] font-medium mb-4\""><strong>Quick Answer:</strong> Rush printing delivery in the US 2026: fastest is <strong>FedEx Express 2-day</strong> for cross-count",688
A,"src/data/blog-data/en.json",580,13301,"件","content","content","content","content",,Y,Y,Y,"","""content"": ""<p class=\""text-base text-[#1A56DB] font-medium mb-4\""><strong>Quick Answer:</strong> Rush printing delivery in the US 2026: fastest is <strong>FedEx Express 2-day</strong> for cross-count",688
A,"src/data/blog-data/en.json",580,13309,"截","content","content","content","content",,Y,Y,Y,"","""content"": ""<p class=\""text-base text-[#1A56DB] font-medium mb-4\""><strong>Quick Answer:</strong> Rush printing delivery in the US 2026: fastest is <strong>FedEx Express 2-day</strong> for cross-count",688
A,"src/data/blog-data/en.json",580,13310,"單","content","content","content","content",,Y,Y,Y,"","""content"": ""<p class=\""text-base text-[#1A56DB] font-medium mb-4\""><strong>Quick Answer:</strong> Rush printing delivery in the US 2026: fastest is <strong>FedEx Express 2-day</strong> for cross-count",688
A,"src/data/blog-data/en.json",580,13705,"急","content","content","content","content",,Y,Y,Y,"","""content"": ""<p class=\""text-base text-[#1A56DB] font-medium mb-4\""><strong>Quick Answer:</strong> Rush printing delivery in the US 2026: fastest is <strong>FedEx Express 2-day</strong> for cross-count",688
A,"src/data/blog-data/en.json",580,13706,"件","content","content","content","content",,Y,Y,Y,"","""content"": ""<p class=\""text-base text-[#1A56DB] font-medium mb-4\""><strong>Quick Answer:</strong> Rush printing delivery in the US 2026: fastest is <strong>FedEx Express 2-day</strong> for cross-count",688
A,"src/data/blog-data/en.json",580,13714,"截","content","content","content","content",,Y,Y,Y,"","""content"": ""<p class=\""text-base text-[#1A56DB] font-medium mb-4\""><strong>Quick Answer:</strong> Rush printing delivery in the US 2026: fastest is <strong>FedEx Express 2-day</strong> for cross-count",688
A,"src/data/blog-data/en.json",580,13715,"單","content","content","content","content",,Y,Y,Y,"","""content"": ""<p class=\""text-base text-[#1A56DB] font-medium mb-4\""><strong>Quick Answer:</strong> Rush printing delivery in the US 2026: fastest is <strong>FedEx Express 2-day</strong> for cross-count",688
A,"src/data/blog-data/en.json",580,14959,"急","content","content","content","content",,Y,Y,Y,"","""content"": ""<p class=\""text-base text-[#1A56DB] font-medium mb-4\""><strong>Quick Answer:</strong> Rush printing delivery in the US 2026: fastest is <strong>FedEx Express 2-day</strong> for cross-count",688
A,"src/data/blog-data/en.json",580,14960,"件","content","content","content","content",,Y,Y,Y,"","""content"": ""<p class=\""text-base text-[#1A56DB] font-medium mb-4\""><strong>Quick Answer:</strong> Rush printing delivery in the US 2026: fastest is <strong>FedEx Express 2-day</strong> for cross-count",688
A,"src/data/blog-data/en.json",580,14968,"截","content","content","content","content",,Y,Y,Y,"","""content"": ""<p class=\""text-base text-[#1A56DB] font-medium mb-4\""><strong>Quick Answer:</strong> Rush printing delivery in the US 2026: fastest is <strong>FedEx Express 2-day</strong> for cross-count",688
A,"src/data/blog-data/en.json",580,14969,"單","content","content","content","content",,Y,Y,Y,"","""content"": ""<p class=\""text-base text-[#1A56DB] font-medium mb-4\""><strong>Quick Answer:</strong> Rush printing delivery in the US 2026: fastest is <strong>FedEx Express 2-day</strong> for cross-count",688
A,"src/data/blog-data/en.json",580,15674,"急","content","content","content","content",,Y,Y,Y,"","""content"": ""<p class=\""text-base text-[#1A56DB] font-medium mb-4\""><strong>Quick Answer:</strong> Rush printing delivery in the US 2026: fastest is <strong>FedEx Express 2-day</strong> for cross-count",688
A,"src/data/blog-data/en.json",580,15675,"件","content","content","content","content",,Y,Y,Y,"","""content"": ""<p class=\""text-base text-[#1A56DB] font-medium mb-4\""><strong>Quick Answer:</strong> Rush printing delivery in the US 2026: fastest is <strong>FedEx Express 2-day</strong> for cross-count",688
A,"src/data/blog-data/en.json",580,15683,"截","content","content","content","content",,Y,Y,Y,"","""content"": ""<p class=\""text-base text-[#1A56DB] font-medium mb-4\""><strong>Quick Answer:</strong> Rush printing delivery in the US 2026: fastest is <strong>FedEx Express 2-day</strong> for cross-count",688
A,"src/data/blog-data/en.json",580,15684,"單","content","content","content","content",,Y,Y,Y,"","""content"": ""<p class=\""text-base text-[#1A56DB] font-medium mb-4\""><strong>Quick Answer:</strong> Rush printing delivery in the US 2026: fastest is <strong>FedEx Express 2-day</strong> for cross-count",688
A,"src/data/blog-data/en.json",580,17792,"國","content","content","content","content",,Y,Y,Y,"","""content"": ""<p class=\""text-base text-[#1A56DB] font-medium mb-4\""><strong>Quick Answer:</strong> Rush printing delivery in the US 2026: fastest is <strong>FedEx Express 2-day</strong> for cross-count",688
A,"src/data/blog-data/en.json",580,17793,"際","content","content","content","content",,Y,Y,Y,"","""content"": ""<p class=\""text-base text-[#1A56DB] font-medium mb-4\""><strong>Quick Answer:</strong> Rush printing delivery in the US 2026: fastest is <strong>FedEx Express 2-day</strong> for cross-count",688
A,"src/data/blog-data/en.json",580,17794,"認","content","content","content","content",,Y,Y,Y,"","""content"": ""<p class=\""text-base text-[#1A56DB] font-medium mb-4\""><strong>Quick Answer:</strong> Rush printing delivery in the US 2026: fastest is <strong>FedEx Express 2-day</strong> for cross-count",688
A,"src/data/blog-data/en.json",580,17795,"證","content","content","content","content",,Y,Y,Y,"","""content"": ""<p class=\""text-base text-[#1A56DB] font-medium mb-4\""><strong>Quick Answer:</strong> Rush printing delivery in the US 2026: fastest is <strong>FedEx Express 2-day</strong> for cross-count",688
A,"src/data/blog-data/en.json",580,17796,"體","content","content","content","content",,Y,Y,Y,"","""content"": ""<p class=\""text-base text-[#1A56DB] font-medium mb-4\""><strong>Quick Answer:</strong> Rush printing delivery in the US 2026: fastest is <strong>FedEx Express 2-day</strong> for cross-count",688
A,"src/data/blog-data/en.json",580,17797,"系","content","content","content","content",,Y,Y,Y,"","""content"": ""<p class=\""text-base text-[#1A56DB] font-medium mb-4\""><strong>Quick Answer:</strong> Rush printing delivery in the US 2026: fastest is <strong>FedEx Express 2-day</strong> for cross-count",688
A,"src/data/blog-data/en.json",580,17803,"認","content","content","content","content",,Y,Y,Y,"","""content"": ""<p class=\""text-base text-[#1A56DB] font-medium mb-4\""><strong>Quick Answer:</strong> Rush printing delivery in the US 2026: fastest is <strong>FedEx Express 2-day</strong> for cross-count",688
A,"src/data/blog-data/en.json",580,17804,"證","content","content","content","content",,Y,Y,Y,"","""content"": ""<p class=\""text-base text-[#1A56DB] font-medium mb-4\""><strong>Quick Answer:</strong> Rush printing delivery in the US 2026: fastest is <strong>FedEx Express 2-day</strong> for cross-count",688
A,"src/data/blog-data/en.json",580,17805,"紙","content","content","content","content",,Y,Y,Y,"","""content"": ""<p class=\""text-base text-[#1A56DB] font-medium mb-4\""><strong>Quick Answer:</strong> Rush printing delivery in the US 2026: fastest is <strong>FedEx Express 2-day</strong> for cross-count",688
A,"src/data/blog-data/en.json",580,18029,"急","content","content","content","content",,Y,Y,Y,"","""content"": ""<p class=\""text-base text-[#1A56DB] font-medium mb-4\""><strong>Quick Answer:</strong> Rush printing delivery in the US 2026: fastest is <strong>FedEx Express 2-day</strong> for cross-count",688
A,"src/data/blog-data/en.json",580,18030,"件","content","content","content","content",,Y,Y,Y,"","""content"": ""<p class=\""text-base text-[#1A56DB] font-medium mb-4\""><strong>Quick Answer:</strong> Rush printing delivery in the US 2026: fastest is <strong>FedEx Express 2-day</strong> for cross-count",688
A,"src/data/blog-data/en.json",580,18038,"截","content","content","content","content",,Y,Y,Y,"","""content"": ""<p class=\""text-base text-[#1A56DB] font-medium mb-4\""><strong>Quick Answer:</strong> Rush printing delivery in the US 2026: fastest is <strong>FedEx Express 2-day</strong> for cross-count",688
A,"src/data/blog-data/en.json",580,18039,"單","content","content","content","content",,Y,Y,Y,"","""content"": ""<p class=\""text-base text-[#1A56DB] font-medium mb-4\""><strong>Quick Answer:</strong> Rush printing delivery in the US 2026: fastest is <strong>FedEx Express 2-day</strong> for cross-count",688
A,"src/data/blog-data/en.json",580,18601,"國","content","content","content","content",,Y,Y,Y,"","""content"": ""<p class=\""text-base text-[#1A56DB] font-medium mb-4\""><strong>Quick Answer:</strong> Rush printing delivery in the US 2026: fastest is <strong>FedEx Express 2-day</strong> for cross-count",688
A,"src/data/blog-data/en.json",580,18602,"際","content","content","content","content",,Y,Y,Y,"","""content"": ""<p class=\""text-base text-[#1A56DB] font-medium mb-4\""><strong>Quick Answer:</strong> Rush printing delivery in the US 2026: fastest is <strong>FedEx Express 2-day</strong> for cross-count",688
A,"src/data/blog-data/en.json",580,18603,"認","content","content","content","content",,Y,Y,Y,"","""content"": ""<p class=\""text-base text-[#1A56DB] font-medium mb-4\""><strong>Quick Answer:</strong> Rush printing delivery in the US 2026: fastest is <strong>FedEx Express 2-day</strong> for cross-count",688
A,"src/data/blog-data/en.json",580,18604,"證","content","content","content","content",,Y,Y,Y,"","""content"": ""<p class=\""text-base text-[#1A56DB] font-medium mb-4\""><strong>Quick Answer:</strong> Rush printing delivery in the US 2026: fastest is <strong>FedEx Express 2-day</strong> for cross-count",688
A,"src/data/blog-data/en.json",580,18605,"體","content","content","content","content",,Y,Y,Y,"","""content"": ""<p class=\""text-base text-[#1A56DB] font-medium mb-4\""><strong>Quick Answer:</strong> Rush printing delivery in the US 2026: fastest is <strong>FedEx Express 2-day</strong> for cross-count",688
A,"src/data/blog-data/en.json",580,18606,"系","content","content","content","content",,Y,Y,Y,"","""content"": ""<p class=\""text-base text-[#1A56DB] font-medium mb-4\""><strong>Quick Answer:</strong> Rush printing delivery in the US 2026: fastest is <strong>FedEx Express 2-day</strong> for cross-count",688
A,"src/data/blog-data/en.json",580,18612,"認","content","content","content","content",,Y,Y,Y,"","""content"": ""<p class=\""text-base text-[#1A56DB] font-medium mb-4\""><strong>Quick Answer:</strong> Rush printing delivery in the US 2026: fastest is <strong>FedEx Express 2-day</strong> for cross-count",688
A,"src/data/blog-data/en.json",580,18613,"證","content","content","content","content",,Y,Y,Y,"","""content"": ""<p class=\""text-base text-[#1A56DB] font-medium mb-4\""><strong>Quick Answer:</strong> Rush printing delivery in the US 2026: fastest is <strong>FedEx Express 2-day</strong> for cross-count",688
A,"src/data/blog-data/en.json",580,18614,"紙","content","content","content","content",,Y,Y,Y,"","""content"": ""<p class=\""text-base text-[#1A56DB] font-medium mb-4\""><strong>Quick Answer:</strong> Rush printing delivery in the US 2026: fastest is <strong>FedEx Express 2-day</strong> for cross-count",688
A,"src/data/blog-data/en.json",580,18628,"進","content","content","content","content",,Y,Y,Y,"","""content"": ""<p class=\""text-base text-[#1A56DB] font-medium mb-4\""><strong>Quick Answer:</strong> Rush printing delivery in the US 2026: fastest is <strong>FedEx Express 2-day</strong> for cross-count",688
A,"src/data/blog-data/en.json",580,18629,"口","content","content","content","content",,Y,Y,Y,"","""content"": ""<p class=\""text-base text-[#1A56DB] font-medium mb-4\""><strong>Quick Answer:</strong> Rush printing delivery in the US 2026: fastest is <strong>FedEx Express 2-day</strong> for cross-count",688
A,"src/data/blog-data/en.json",580,18630,"印","content","content","content","content",,Y,Y,Y,"","""content"": ""<p class=\""text-base text-[#1A56DB] font-medium mb-4\""><strong>Quick Answer:</strong> Rush printing delivery in the US 2026: fastest is <strong>FedEx Express 2-day</strong> for cross-count",688
A,"src/data/blog-data/en.json",580,18631,"刷","content","content","content","content",,Y,Y,Y,"","""content"": ""<p class=\""text-base text-[#1A56DB] font-medium mb-4\""><strong>Quick Answer:</strong> Rush printing delivery in the US 2026: fastest is <strong>FedEx Express 2-day</strong> for cross-count",688
A,"src/data/blog-data/en.json",580,18632,"設","content","content","content","content",,Y,Y,Y,"","""content"": ""<p class=\""text-base text-[#1A56DB] font-medium mb-4\""><strong>Quick Answer:</strong> Rush printing delivery in the US 2026: fastest is <strong>FedEx Express 2-day</strong> for cross-count",688
A,"src/data/blog-data/en.json",580,18633,"備","content","content","content","content",,Y,Y,Y,"","""content"": ""<p class=\""text-base text-[#1A56DB] font-medium mb-4\""><strong>Quick Answer:</strong> Rush printing delivery in the US 2026: fastest is <strong>FedEx Express 2-day</strong> for cross-count",688
A,"src/data/blog-data/en.json",588,514,"認","content","content","content","content",,Y,Y,,"","""content"": ""<p class=\""text-base text-[#1A56DB] font-medium mb-4\""><strong>Quick Answer:</strong> Packaging box printing pricing 2026 US: <strong>500 pcs from $0.45-1.80/box</strong>, 4 from $0.30-1.2",688
A,"src/data/blog-data/en.json",588,515,"證","content","content","content","content",,Y,Y,,"","""content"": ""<p class=\""text-base text-[#1A56DB] font-medium mb-4\""><strong>Quick Answer:</strong> Packaging box printing pricing 2026 US: <strong>500 pcs from $0.45-1.80/box</strong>, 4 from $0.30-1.2",688
A,"src/data/blog-data/en.json",588,516,"紙","content","content","content","content",,Y,Y,,"","""content"": ""<p class=\""text-base text-[#1A56DB] font-medium mb-4\""><strong>Quick Answer:</strong> Packaging box printing pricing 2026 US: <strong>500 pcs from $0.45-1.80/box</strong>, 4 from $0.30-1.2",688
A,"src/data/blog-data/en.json",588,7699,"認","content","content","content","content",,Y,Y,,"","""content"": ""<p class=\""text-base text-[#1A56DB] font-medium mb-4\""><strong>Quick Answer:</strong> Packaging box printing pricing 2026 US: <strong>500 pcs from $0.45-1.80/box</strong>, 4 from $0.30-1.2",688
A,"src/data/blog-data/en.json",588,7700,"證","content","content","content","content",,Y,Y,,"","""content"": ""<p class=\""text-base text-[#1A56DB] font-medium mb-4\""><strong>Quick Answer:</strong> Packaging box printing pricing 2026 US: <strong>500 pcs from $0.45-1.80/box</strong>, 4 from $0.30-1.2",688
A,"src/data/blog-data/en.json",588,7701,"紙","content","content","content","content",,Y,Y,,"","""content"": ""<p class=\""text-base text-[#1A56DB] font-medium mb-4\""><strong>Quick Answer:</strong> Packaging box printing pricing 2026 US: <strong>500 pcs from $0.45-1.80/box</strong>, 4 from $0.30-1.2",688
A,"src/data/blog-data/en.json",588,12857,"急","content","content","content","content",,Y,Y,,"","""content"": ""<p class=\""text-base text-[#1A56DB] font-medium mb-4\""><strong>Quick Answer:</strong> Packaging box printing pricing 2026 US: <strong>500 pcs from $0.45-1.80/box</strong>, 4 from $0.30-1.2",688
A,"src/data/blog-data/en.json",588,12858,"件","content","content","content","content",,Y,Y,,"","""content"": ""<p class=\""text-base text-[#1A56DB] font-medium mb-4\""><strong>Quick Answer:</strong> Packaging box printing pricing 2026 US: <strong>500 pcs from $0.45-1.80/box</strong>, 4 from $0.30-1.2",688
A,"src/data/blog-data/en.json",588,12866,"截","content","content","content","content",,Y,Y,,"","""content"": ""<p class=\""text-base text-[#1A56DB] font-medium mb-4\""><strong>Quick Answer:</strong> Packaging box printing pricing 2026 US: <strong>500 pcs from $0.45-1.80/box</strong>, 4 from $0.30-1.2",688
A,"src/data/blog-data/en.json",588,12867,"單","content","content","content","content",,Y,Y,,"","""content"": ""<p class=\""text-base text-[#1A56DB] font-medium mb-4\""><strong>Quick Answer:</strong> Packaging box printing pricing 2026 US: <strong>500 pcs from $0.45-1.80/box</strong>, 4 from $0.30-1.2",688
A,"src/data/blog-data/en.json",588,20259,"認","content","content","content","content",,Y,Y,,"","""content"": ""<p class=\""text-base text-[#1A56DB] font-medium mb-4\""><strong>Quick Answer:</strong> Packaging box printing pricing 2026 US: <strong>500 pcs from $0.45-1.80/box</strong>, 4 from $0.30-1.2",688
A,"src/data/blog-data/en.json",588,20260,"證","content","content","content","content",,Y,Y,,"","""content"": ""<p class=\""text-base text-[#1A56DB] font-medium mb-4\""><strong>Quick Answer:</strong> Packaging box printing pricing 2026 US: <strong>500 pcs from $0.45-1.80/box</strong>, 4 from $0.30-1.2",688
A,"src/data/blog-data/en.json",588,20261,"紙","content","content","content","content",,Y,Y,,"","""content"": ""<p class=\""text-base text-[#1A56DB] font-medium mb-4\""><strong>Quick Answer:</strong> Packaging box printing pricing 2026 US: <strong>500 pcs from $0.45-1.80/box</strong>, 4 from $0.30-1.2",688
A,"src/data/blog-data/en.json",588,20351,"國","content","content","content","content",,Y,Y,,"","""content"": ""<p class=\""text-base text-[#1A56DB] font-medium mb-4\""><strong>Quick Answer:</strong> Packaging box printing pricing 2026 US: <strong>500 pcs from $0.45-1.80/box</strong>, 4 from $0.30-1.2",688
A,"src/data/blog-data/en.json",588,20352,"際","content","content","content","content",,Y,Y,,"","""content"": ""<p class=\""text-base text-[#1A56DB] font-medium mb-4\""><strong>Quick Answer:</strong> Packaging box printing pricing 2026 US: <strong>500 pcs from $0.45-1.80/box</strong>, 4 from $0.30-1.2",688
A,"src/data/blog-data/en.json",588,20353,"認","content","content","content","content",,Y,Y,,"","""content"": ""<p class=\""text-base text-[#1A56DB] font-medium mb-4\""><strong>Quick Answer:</strong> Packaging box printing pricing 2026 US: <strong>500 pcs from $0.45-1.80/box</strong>, 4 from $0.30-1.2",688
A,"src/data/blog-data/en.json",588,20354,"證","content","content","content","content",,Y,Y,,"","""content"": ""<p class=\""text-base text-[#1A56DB] font-medium mb-4\""><strong>Quick Answer:</strong> Packaging box printing pricing 2026 US: <strong>500 pcs from $0.45-1.80/box</strong>, 4 from $0.30-1.2",688
A,"src/data/blog-data/en.json",588,20355,"體","content","content","content","content",,Y,Y,,"","""content"": ""<p class=\""text-base text-[#1A56DB] font-medium mb-4\""><strong>Quick Answer:</strong> Packaging box printing pricing 2026 US: <strong>500 pcs from $0.45-1.80/box</strong>, 4 from $0.30-1.2",688
A,"src/data/blog-data/en.json",588,20356,"系","content","content","content","content",,Y,Y,,"","""content"": ""<p class=\""text-base text-[#1A56DB] font-medium mb-4\""><strong>Quick Answer:</strong> Packaging box printing pricing 2026 US: <strong>500 pcs from $0.45-1.80/box</strong>, 4 from $0.30-1.2",688
A,"src/data/blog-data/en.json",588,20358,"進","content","content","content","content",,Y,Y,,"","""content"": ""<p class=\""text-base text-[#1A56DB] font-medium mb-4\""><strong>Quick Answer:</strong> Packaging box printing pricing 2026 US: <strong>500 pcs from $0.45-1.80/box</strong>, 4 from $0.30-1.2",688
A,"src/data/blog-data/en.json",588,20359,"口","content","content","content","content",,Y,Y,,"","""content"": ""<p class=\""text-base text-[#1A56DB] font-medium mb-4\""><strong>Quick Answer:</strong> Packaging box printing pricing 2026 US: <strong>500 pcs from $0.45-1.80/box</strong>, 4 from $0.30-1.2",688
A,"src/data/blog-data/en.json",588,20360,"印","content","content","content","content",,Y,Y,,"","""content"": ""<p class=\""text-base text-[#1A56DB] font-medium mb-4\""><strong>Quick Answer:</strong> Packaging box printing pricing 2026 US: <strong>500 pcs from $0.45-1.80/box</strong>, 4 from $0.30-1.2",688
A,"src/data/blog-data/en.json",588,20361,"刷","content","content","content","content",,Y,Y,,"","""content"": ""<p class=\""text-base text-[#1A56DB] font-medium mb-4\""><strong>Quick Answer:</strong> Packaging box printing pricing 2026 US: <strong>500 pcs from $0.45-1.80/box</strong>, 4 from $0.30-1.2",688
A,"src/data/blog-data/en.json",588,20362,"設","content","content","content","content",,Y,Y,,"","""content"": ""<p class=\""text-base text-[#1A56DB] font-medium mb-4\""><strong>Quick Answer:</strong> Packaging box printing pricing 2026 US: <strong>500 pcs from $0.45-1.80/box</strong>, 4 from $0.30-1.2",688
A,"src/data/blog-data/en.json",588,20363,"備","content","content","content","content",,Y,Y,,"","""content"": ""<p class=\""text-base text-[#1A56DB] font-medium mb-4\""><strong>Quick Answer:</strong> Packaging box printing pricing 2026 US: <strong>500 pcs from $0.45-1.80/box</strong>, 4 from $0.30-1.2",688
A,"src/data/blog-data/en.json",588,21411,"國","content","content","content","content",,Y,Y,,"","""content"": ""<p class=\""text-base text-[#1A56DB] font-medium mb-4\""><strong>Quick Answer:</strong> Packaging box printing pricing 2026 US: <strong>500 pcs from $0.45-1.80/box</strong>, 4 from $0.30-1.2",688
A,"src/data/blog-data/en.json",588,21412,"際","content","content","content","content",,Y,Y,,"","""content"": ""<p class=\""text-base text-[#1A56DB] font-medium mb-4\""><strong>Quick Answer:</strong> Packaging box printing pricing 2026 US: <strong>500 pcs from $0.45-1.80/box</strong>, 4 from $0.30-1.2",688
A,"src/data/blog-data/en.json",588,21413,"認","content","content","content","content",,Y,Y,,"","""content"": ""<p class=\""text-base text-[#1A56DB] font-medium mb-4\""><strong>Quick Answer:</strong> Packaging box printing pricing 2026 US: <strong>500 pcs from $0.45-1.80/box</strong>, 4 from $0.30-1.2",688
A,"src/data/blog-data/en.json",588,21414,"證","content","content","content","content",,Y,Y,,"","""content"": ""<p class=\""text-base text-[#1A56DB] font-medium mb-4\""><strong>Quick Answer:</strong> Packaging box printing pricing 2026 US: <strong>500 pcs from $0.45-1.80/box</strong>, 4 from $0.30-1.2",688
A,"src/data/blog-data/en.json",588,21415,"體","content","content","content","content",,Y,Y,,"","""content"": ""<p class=\""text-base text-[#1A56DB] font-medium mb-4\""><strong>Quick Answer:</strong> Packaging box printing pricing 2026 US: <strong>500 pcs from $0.45-1.80/box</strong>, 4 from $0.30-1.2",688
A,"src/data/blog-data/en.json",588,21416,"系","content","content","content","content",,Y,Y,,"","""content"": ""<p class=\""text-base text-[#1A56DB] font-medium mb-4\""><strong>Quick Answer:</strong> Packaging box printing pricing 2026 US: <strong>500 pcs from $0.45-1.80/box</strong>, 4 from $0.30-1.2",688
A,"src/data/blog-data/en.json",588,21422,"認","content","content","content","content",,Y,Y,,"","""content"": ""<p class=\""text-base text-[#1A56DB] font-medium mb-4\""><strong>Quick Answer:</strong> Packaging box printing pricing 2026 US: <strong>500 pcs from $0.45-1.80/box</strong>, 4 from $0.30-1.2",688
A,"src/data/blog-data/en.json",588,21423,"證","content","content","content","content",,Y,Y,,"","""content"": ""<p class=\""text-base text-[#1A56DB] font-medium mb-4\""><strong>Quick Answer:</strong> Packaging box printing pricing 2026 US: <strong>500 pcs from $0.45-1.80/box</strong>, 4 from $0.30-1.2",688
A,"src/data/blog-data/en.json",588,21424,"紙","content","content","content","content",,Y,Y,,"","""content"": ""<p class=\""text-base text-[#1A56DB] font-medium mb-4\""><strong>Quick Answer:</strong> Packaging box printing pricing 2026 US: <strong>500 pcs from $0.45-1.80/box</strong>, 4 from $0.30-1.2",688
A,"src/data/blog-data/en.json",588,21438,"進","content","content","content","content",,Y,Y,,"","""content"": ""<p class=\""text-base text-[#1A56DB] font-medium mb-4\""><strong>Quick Answer:</strong> Packaging box printing pricing 2026 US: <strong>500 pcs from $0.45-1.80/box</strong>, 4 from $0.30-1.2",688
A,"src/data/blog-data/en.json",588,21439,"口","content","content","content","content",,Y,Y,,"","""content"": ""<p class=\""text-base text-[#1A56DB] font-medium mb-4\""><strong>Quick Answer:</strong> Packaging box printing pricing 2026 US: <strong>500 pcs from $0.45-1.80/box</strong>, 4 from $0.30-1.2",688
A,"src/data/blog-data/en.json",588,21440,"印","content","content","content","content",,Y,Y,,"","""content"": ""<p class=\""text-base text-[#1A56DB] font-medium mb-4\""><strong>Quick Answer:</strong> Packaging box printing pricing 2026 US: <strong>500 pcs from $0.45-1.80/box</strong>, 4 from $0.30-1.2",688
A,"src/data/blog-data/en.json",588,21441,"刷","content","content","content","content",,Y,Y,,"","""content"": ""<p class=\""text-base text-[#1A56DB] font-medium mb-4\""><strong>Quick Answer:</strong> Packaging box printing pricing 2026 US: <strong>500 pcs from $0.45-1.80/box</strong>, 4 from $0.30-1.2",688
A,"src/data/blog-data/en.json",588,21442,"設","content","content","content","content",,Y,Y,,"","""content"": ""<p class=\""text-base text-[#1A56DB] font-medium mb-4\""><strong>Quick Answer:</strong> Packaging box printing pricing 2026 US: <strong>500 pcs from $0.45-1.80/box</strong>, 4 from $0.30-1.2",688
A,"src/data/blog-data/en.json",588,21443,"備","content","content","content","content",,Y,Y,,"","""content"": ""<p class=\""text-base text-[#1A56DB] font-medium mb-4\""><strong>Quick Answer:</strong> Packaging box printing pricing 2026 US: <strong>500 pcs from $0.45-1.80/box</strong>, 4 from $0.30-1.2",688
A,"src/data/blog-data/en.json",593,370,"國","description","description","description","description",,Y,Y,,"","""description"": ""Which waterproof sticker material? 4 stocks compared (PVC vinyl 3-yr outdoor / clear vinyl 90% transparency / removable no residue / hot foil finishing)，100 MOQ from $0.045 USD/pc，5 us",53
A,"src/data/blog-data/en.json",593,371,"際","description","description","description","description",,Y,Y,,"","""description"": ""Which waterproof sticker material? 4 stocks compared (PVC vinyl 3-yr outdoor / clear vinyl 90% transparency / removable no residue / hot foil finishing)，100 MOQ from $0.045 USD/pc，5 us",53
A,"src/data/blog-data/en.json",593,372,"認","description","description","description","description",,Y,Y,,"","""description"": ""Which waterproof sticker material? 4 stocks compared (PVC vinyl 3-yr outdoor / clear vinyl 90% transparency / removable no residue / hot foil finishing)，100 MOQ from $0.045 USD/pc，5 us",53
A,"src/data/blog-data/en.json",593,373,"證","description","description","description","description",,Y,Y,,"","""description"": ""Which waterproof sticker material? 4 stocks compared (PVC vinyl 3-yr outdoor / clear vinyl 90% transparency / removable no residue / hot foil finishing)，100 MOQ from $0.045 USD/pc，5 us",53
A,"src/data/blog-data/en.json",593,374,"體","description","description","description","description",,Y,Y,,"","""description"": ""Which waterproof sticker material? 4 stocks compared (PVC vinyl 3-yr outdoor / clear vinyl 90% transparency / removable no residue / hot foil finishing)，100 MOQ from $0.045 USD/pc，5 us",53
A,"src/data/blog-data/en.json",593,375,"系","description","description","description","description",,Y,Y,,"","""description"": ""Which waterproof sticker material? 4 stocks compared (PVC vinyl 3-yr outdoor / clear vinyl 90% transparency / removable no residue / hot foil finishing)，100 MOQ from $0.045 USD/pc，5 us",53
A,"src/data/blog-data/en.json",609,306,"進","description","description","description","description",,Y,Y,,"","""description"": ""2026 Certificate Printing 8000 word guide: 7 scenarios (academic/corporate/institutional/event/training/wedding/medical)，4 materials (200-300gsm C2S/parchment/cotton/specialty)，4 finis",53
A,"src/data/blog-data/en.json",609,307,"口","description","description","description","description",,Y,Y,,"","""description"": ""2026 Certificate Printing 8000 word guide: 7 scenarios (academic/corporate/institutional/event/training/wedding/medical)，4 materials (200-300gsm C2S/parchment/cotton/specialty)，4 finis",53
A,"src/data/blog-data/en.json",609,308,"印","description","description","description","description",,Y,Y,,"","""description"": ""2026 Certificate Printing 8000 word guide: 7 scenarios (academic/corporate/institutional/event/training/wedding/medical)，4 materials (200-300gsm C2S/parchment/cotton/specialty)，4 finis",53
A,"src/data/blog-data/en.json",609,309,"刷","description","description","description","description",,Y,Y,,"","""description"": ""2026 Certificate Printing 8000 word guide: 7 scenarios (academic/corporate/institutional/event/training/wedding/medical)，4 materials (200-300gsm C2S/parchment/cotton/specialty)，4 finis",53
A,"src/data/blog-data/en.json",609,310,"設","description","description","description","description",,Y,Y,,"","""description"": ""2026 Certificate Printing 8000 word guide: 7 scenarios (academic/corporate/institutional/event/training/wedding/medical)，4 materials (200-300gsm C2S/parchment/cotton/specialty)，4 finis",53
A,"src/data/blog-data/en.json",609,311,"備","description","description","description","description",,Y,Y,,"","""description"": ""2026 Certificate Printing 8000 word guide: 7 scenarios (academic/corporate/institutional/event/training/wedding/medical)，4 materials (200-300gsm C2S/parchment/cotton/specialty)，4 finis",53
A,"src/data/blog-data/en.json",609,317,"國","description","description","description","description",,Y,Y,,"","""description"": ""2026 Certificate Printing 8000 word guide: 7 scenarios (academic/corporate/institutional/event/training/wedding/medical)，4 materials (200-300gsm C2S/parchment/cotton/specialty)，4 finis",53
A,"src/data/blog-data/en.json",609,318,"際","description","description","description","description",,Y,Y,,"","""description"": ""2026 Certificate Printing 8000 word guide: 7 scenarios (academic/corporate/institutional/event/training/wedding/medical)，4 materials (200-300gsm C2S/parchment/cotton/specialty)，4 finis",53
A,"src/data/blog-data/en.json",609,319,"認","description","description","description","description",,Y,Y,,"","""description"": ""2026 Certificate Printing 8000 word guide: 7 scenarios (academic/corporate/institutional/event/training/wedding/medical)，4 materials (200-300gsm C2S/parchment/cotton/specialty)，4 finis",53
A,"src/data/blog-data/en.json",609,320,"證","description","description","description","description",,Y,Y,,"","""description"": ""2026 Certificate Printing 8000 word guide: 7 scenarios (academic/corporate/institutional/event/training/wedding/medical)，4 materials (200-300gsm C2S/parchment/cotton/specialty)，4 finis",53
A,"src/data/blog-data/en.json",609,321,"體","description","description","description","description",,Y,Y,,"","""description"": ""2026 Certificate Printing 8000 word guide: 7 scenarios (academic/corporate/institutional/event/training/wedding/medical)，4 materials (200-300gsm C2S/parchment/cotton/specialty)，4 finis",53
A,"src/data/blog-data/en.json",609,322,"系","description","description","description","description",,Y,Y,,"","""description"": ""2026 Certificate Printing 8000 word guide: 7 scenarios (academic/corporate/institutional/event/training/wedding/medical)，4 materials (200-300gsm C2S/parchment/cotton/specialty)，4 finis",53
A,"src/data/blog-data/en.json",612,321,"進","content","content","content","content",,Y,Y,Y,"","""content"": ""<p>ZprintPro's 2026 Certificate Printing Guide: 7 scenarios (academic/corporate/institutional/event/training/wedding/medical)，4 materials (200-300gsm art card/parchment/cotton/specialty)，4",688
A,"src/data/blog-data/en.json",612,322,"口","content","content","content","content",,Y,Y,Y,"","""content"": ""<p>ZprintPro's 2026 Certificate Printing Guide: 7 scenarios (academic/corporate/institutional/event/training/wedding/medical)，4 materials (200-300gsm art card/parchment/cotton/specialty)，4",688
A,"src/data/blog-data/en.json",612,323,"印","content","content","content","content",,Y,Y,Y,"","""content"": ""<p>ZprintPro's 2026 Certificate Printing Guide: 7 scenarios (academic/corporate/institutional/event/training/wedding/medical)，4 materials (200-300gsm art card/parchment/cotton/specialty)，4",688
A,"src/data/blog-data/en.json",612,324,"刷","content","content","content","content",,Y,Y,Y,"","""content"": ""<p>ZprintPro's 2026 Certificate Printing Guide: 7 scenarios (academic/corporate/institutional/event/training/wedding/medical)，4 materials (200-300gsm art card/parchment/cotton/specialty)，4",688
A,"src/data/blog-data/en.json",612,325,"設","content","content","content","content",,Y,Y,Y,"","""content"": ""<p>ZprintPro's 2026 Certificate Printing Guide: 7 scenarios (academic/corporate/institutional/event/training/wedding/medical)，4 materials (200-300gsm art card/parchment/cotton/specialty)，4",688
A,"src/data/blog-data/en.json",612,326,"備","content","content","content","content",,Y,Y,Y,"","""content"": ""<p>ZprintPro's 2026 Certificate Printing Guide: 7 scenarios (academic/corporate/institutional/event/training/wedding/medical)，4 materials (200-300gsm art card/parchment/cotton/specialty)，4",688
A,"src/data/blog-data/en.json",612,332,"國","content","content","content","content",,Y,Y,Y,"","""content"": ""<p>ZprintPro's 2026 Certificate Printing Guide: 7 scenarios (academic/corporate/institutional/event/training/wedding/medical)，4 materials (200-300gsm art card/parchment/cotton/specialty)，4",688
A,"src/data/blog-data/en.json",612,333,"際","content","content","content","content",,Y,Y,Y,"","""content"": ""<p>ZprintPro's 2026 Certificate Printing Guide: 7 scenarios (academic/corporate/institutional/event/training/wedding/medical)，4 materials (200-300gsm art card/parchment/cotton/specialty)，4",688
A,"src/data/blog-data/en.json",612,334,"認","content","content","content","content",,Y,Y,Y,"","""content"": ""<p>ZprintPro's 2026 Certificate Printing Guide: 7 scenarios (academic/corporate/institutional/event/training/wedding/medical)，4 materials (200-300gsm art card/parchment/cotton/specialty)，4",688
A,"src/data/blog-data/en.json",612,335,"證","content","content","content","content",,Y,Y,Y,"","""content"": ""<p>ZprintPro's 2026 Certificate Printing Guide: 7 scenarios (academic/corporate/institutional/event/training/wedding/medical)，4 materials (200-300gsm art card/parchment/cotton/specialty)，4",688
A,"src/data/blog-data/en.json",612,336,"體","content","content","content","content",,Y,Y,Y,"","""content"": ""<p>ZprintPro's 2026 Certificate Printing Guide: 7 scenarios (academic/corporate/institutional/event/training/wedding/medical)，4 materials (200-300gsm art card/parchment/cotton/specialty)，4",688
A,"src/data/blog-data/en.json",612,337,"系","content","content","content","content",,Y,Y,Y,"","""content"": ""<p>ZprintPro's 2026 Certificate Printing Guide: 7 scenarios (academic/corporate/institutional/event/training/wedding/medical)，4 materials (200-300gsm art card/parchment/cotton/specialty)，4",688
A,"src/data/blog-data/en.json",612,428,"進","content","content","content","content",,Y,Y,Y,"","""content"": ""<p>ZprintPro's 2026 Certificate Printing Guide: 7 scenarios (academic/corporate/institutional/event/training/wedding/medical)，4 materials (200-300gsm art card/parchment/cotton/specialty)，4",688
A,"src/data/blog-data/en.json",612,429,"口","content","content","content","content",,Y,Y,Y,"","""content"": ""<p>ZprintPro's 2026 Certificate Printing Guide: 7 scenarios (academic/corporate/institutional/event/training/wedding/medical)，4 materials (200-300gsm art card/parchment/cotton/specialty)，4",688
A,"src/data/blog-data/en.json",612,430,"印","content","content","content","content",,Y,Y,Y,"","""content"": ""<p>ZprintPro's 2026 Certificate Printing Guide: 7 scenarios (academic/corporate/institutional/event/training/wedding/medical)，4 materials (200-300gsm art card/parchment/cotton/specialty)，4",688
A,"src/data/blog-data/en.json",612,431,"刷","content","content","content","content",,Y,Y,Y,"","""content"": ""<p>ZprintPro's 2026 Certificate Printing Guide: 7 scenarios (academic/corporate/institutional/event/training/wedding/medical)，4 materials (200-300gsm art card/parchment/cotton/specialty)，4",688
A,"src/data/blog-data/en.json",612,432,"設","content","content","content","content",,Y,Y,Y,"","""content"": ""<p>ZprintPro's 2026 Certificate Printing Guide: 7 scenarios (academic/corporate/institutional/event/training/wedding/medical)，4 materials (200-300gsm art card/parchment/cotton/specialty)，4",688
A,"src/data/blog-data/en.json",612,433,"備","content","content","content","content",,Y,Y,Y,"","""content"": ""<p>ZprintPro's 2026 Certificate Printing Guide: 7 scenarios (academic/corporate/institutional/event/training/wedding/medical)，4 materials (200-300gsm art card/parchment/cotton/specialty)，4",688
A,"src/data/blog-data/en.json",612,14504,"認","content","content","content","content",,Y,Y,Y,"","""content"": ""<p>ZprintPro's 2026 Certificate Printing Guide: 7 scenarios (academic/corporate/institutional/event/training/wedding/medical)，4 materials (200-300gsm art card/parchment/cotton/specialty)，4",688
A,"src/data/blog-data/en.json",612,14505,"證","content","content","content","content",,Y,Y,Y,"","""content"": ""<p>ZprintPro's 2026 Certificate Printing Guide: 7 scenarios (academic/corporate/institutional/event/training/wedding/medical)，4 materials (200-300gsm art card/parchment/cotton/specialty)，4",688
A,"src/data/blog-data/en.json",612,14506,"紙","content","content","content","content",,Y,Y,Y,"","""content"": ""<p>ZprintPro's 2026 Certificate Printing Guide: 7 scenarios (academic/corporate/institutional/event/training/wedding/medical)，4 materials (200-300gsm art card/parchment/cotton/specialty)，4",688
A,"src/data/blog-data/en.json",612,14582,"國","content","content","content","content",,Y,Y,Y,"","""content"": ""<p>ZprintPro's 2026 Certificate Printing Guide: 7 scenarios (academic/corporate/institutional/event/training/wedding/medical)，4 materials (200-300gsm art card/parchment/cotton/specialty)，4",688
A,"src/data/blog-data/en.json",612,14583,"際","content","content","content","content",,Y,Y,Y,"","""content"": ""<p>ZprintPro's 2026 Certificate Printing Guide: 7 scenarios (academic/corporate/institutional/event/training/wedding/medical)，4 materials (200-300gsm art card/parchment/cotton/specialty)，4",688
A,"src/data/blog-data/en.json",612,14584,"認","content","content","content","content",,Y,Y,Y,"","""content"": ""<p>ZprintPro's 2026 Certificate Printing Guide: 7 scenarios (academic/corporate/institutional/event/training/wedding/medical)，4 materials (200-300gsm art card/parchment/cotton/specialty)，4",688
A,"src/data/blog-data/en.json",612,14585,"證","content","content","content","content",,Y,Y,Y,"","""content"": ""<p>ZprintPro's 2026 Certificate Printing Guide: 7 scenarios (academic/corporate/institutional/event/training/wedding/medical)，4 materials (200-300gsm art card/parchment/cotton/specialty)，4",688
A,"src/data/blog-data/en.json",612,14586,"體","content","content","content","content",,Y,Y,Y,"","""content"": ""<p>ZprintPro's 2026 Certificate Printing Guide: 7 scenarios (academic/corporate/institutional/event/training/wedding/medical)，4 materials (200-300gsm art card/parchment/cotton/specialty)，4",688
A,"src/data/blog-data/en.json",612,14587,"系","content","content","content","content",,Y,Y,Y,"","""content"": ""<p>ZprintPro's 2026 Certificate Printing Guide: 7 scenarios (academic/corporate/institutional/event/training/wedding/medical)，4 materials (200-300gsm art card/parchment/cotton/specialty)，4",688
A,"src/data/blog-data/en.json",612,14758,"國","content","content","content","content",,Y,Y,Y,"","""content"": ""<p>ZprintPro's 2026 Certificate Printing Guide: 7 scenarios (academic/corporate/institutional/event/training/wedding/medical)，4 materials (200-300gsm art card/parchment/cotton/specialty)，4",688
A,"src/data/blog-data/en.json",612,14759,"際","content","content","content","content",,Y,Y,Y,"","""content"": ""<p>ZprintPro's 2026 Certificate Printing Guide: 7 scenarios (academic/corporate/institutional/event/training/wedding/medical)，4 materials (200-300gsm art card/parchment/cotton/specialty)，4",688
A,"src/data/blog-data/en.json",612,14760,"認","content","content","content","content",,Y,Y,Y,"","""content"": ""<p>ZprintPro's 2026 Certificate Printing Guide: 7 scenarios (academic/corporate/institutional/event/training/wedding/medical)，4 materials (200-300gsm art card/parchment/cotton/specialty)，4",688
A,"src/data/blog-data/en.json",612,14761,"證","content","content","content","content",,Y,Y,Y,"","""content"": ""<p>ZprintPro's 2026 Certificate Printing Guide: 7 scenarios (academic/corporate/institutional/event/training/wedding/medical)，4 materials (200-300gsm art card/parchment/cotton/specialty)，4",688
A,"src/data/blog-data/en.json",612,14762,"體","content","content","content","content",,Y,Y,Y,"","""content"": ""<p>ZprintPro's 2026 Certificate Printing Guide: 7 scenarios (academic/corporate/institutional/event/training/wedding/medical)，4 materials (200-300gsm art card/parchment/cotton/specialty)，4",688
A,"src/data/blog-data/en.json",612,14763,"系","content","content","content","content",,Y,Y,Y,"","""content"": ""<p>ZprintPro's 2026 Certificate Printing Guide: 7 scenarios (academic/corporate/institutional/event/training/wedding/medical)，4 materials (200-300gsm art card/parchment/cotton/specialty)，4",688
A,"src/data/blog-data/en.json",612,14890,"國","content","content","content","content",,Y,Y,Y,"","""content"": ""<p>ZprintPro's 2026 Certificate Printing Guide: 7 scenarios (academic/corporate/institutional/event/training/wedding/medical)，4 materials (200-300gsm art card/parchment/cotton/specialty)，4",688
A,"src/data/blog-data/en.json",612,14891,"際","content","content","content","content",,Y,Y,Y,"","""content"": ""<p>ZprintPro's 2026 Certificate Printing Guide: 7 scenarios (academic/corporate/institutional/event/training/wedding/medical)，4 materials (200-300gsm art card/parchment/cotton/specialty)，4",688
A,"src/data/blog-data/en.json",612,14892,"認","content","content","content","content",,Y,Y,Y,"","""content"": ""<p>ZprintPro's 2026 Certificate Printing Guide: 7 scenarios (academic/corporate/institutional/event/training/wedding/medical)，4 materials (200-300gsm art card/parchment/cotton/specialty)，4",688
A,"src/data/blog-data/en.json",612,14893,"證","content","content","content","content",,Y,Y,Y,"","""content"": ""<p>ZprintPro's 2026 Certificate Printing Guide: 7 scenarios (academic/corporate/institutional/event/training/wedding/medical)，4 materials (200-300gsm art card/parchment/cotton/specialty)，4",688
A,"src/data/blog-data/en.json",612,14894,"體","content","content","content","content",,Y,Y,Y,"","""content"": ""<p>ZprintPro's 2026 Certificate Printing Guide: 7 scenarios (academic/corporate/institutional/event/training/wedding/medical)，4 materials (200-300gsm art card/parchment/cotton/specialty)，4",688
A,"src/data/blog-data/en.json",612,14895,"系","content","content","content","content",,Y,Y,Y,"","""content"": ""<p>ZprintPro's 2026 Certificate Printing Guide: 7 scenarios (academic/corporate/institutional/event/training/wedding/medical)，4 materials (200-300gsm art card/parchment/cotton/specialty)，4",688
A,"src/data/blog-data/en.json",612,14901,"認","content","content","content","content",,Y,Y,Y,"","""content"": ""<p>ZprintPro's 2026 Certificate Printing Guide: 7 scenarios (academic/corporate/institutional/event/training/wedding/medical)，4 materials (200-300gsm art card/parchment/cotton/specialty)，4",688
A,"src/data/blog-data/en.json",612,14902,"證","content","content","content","content",,Y,Y,Y,"","""content"": ""<p>ZprintPro's 2026 Certificate Printing Guide: 7 scenarios (academic/corporate/institutional/event/training/wedding/medical)，4 materials (200-300gsm art card/parchment/cotton/specialty)，4",688
A,"src/data/blog-data/en.json",612,14903,"紙","content","content","content","content",,Y,Y,Y,"","""content"": ""<p>ZprintPro's 2026 Certificate Printing Guide: 7 scenarios (academic/corporate/institutional/event/training/wedding/medical)，4 materials (200-300gsm art card/parchment/cotton/specialty)，4",688
A,"src/data/blog-data/en.json",612,14905,"進","content","content","content","content",,Y,Y,Y,"","""content"": ""<p>ZprintPro's 2026 Certificate Printing Guide: 7 scenarios (academic/corporate/institutional/event/training/wedding/medical)，4 materials (200-300gsm art card/parchment/cotton/specialty)，4",688
A,"src/data/blog-data/en.json",612,14906,"口","content","content","content","content",,Y,Y,Y,"","""content"": ""<p>ZprintPro's 2026 Certificate Printing Guide: 7 scenarios (academic/corporate/institutional/event/training/wedding/medical)，4 materials (200-300gsm art card/parchment/cotton/specialty)，4",688
A,"src/data/blog-data/en.json",612,14907,"印","content","content","content","content",,Y,Y,Y,"","""content"": ""<p>ZprintPro's 2026 Certificate Printing Guide: 7 scenarios (academic/corporate/institutional/event/training/wedding/medical)，4 materials (200-300gsm art card/parchment/cotton/specialty)，4",688
A,"src/data/blog-data/en.json",612,14908,"刷","content","content","content","content",,Y,Y,Y,"","""content"": ""<p>ZprintPro's 2026 Certificate Printing Guide: 7 scenarios (academic/corporate/institutional/event/training/wedding/medical)，4 materials (200-300gsm art card/parchment/cotton/specialty)，4",688
A,"src/data/blog-data/en.json",612,14909,"設","content","content","content","content",,Y,Y,Y,"","""content"": ""<p>ZprintPro's 2026 Certificate Printing Guide: 7 scenarios (academic/corporate/institutional/event/training/wedding/medical)，4 materials (200-300gsm art card/parchment/cotton/specialty)，4",688
A,"src/data/blog-data/en.json",612,14910,"備","content","content","content","content",,Y,Y,Y,"","""content"": ""<p>ZprintPro's 2026 Certificate Printing Guide: 7 scenarios (academic/corporate/institutional/event/training/wedding/medical)，4 materials (200-300gsm art card/parchment/cotton/specialty)，4",688
A,"src/data/blog-data/en.json",612,15908,"國","content","content","content","content",,Y,Y,Y,"","""content"": ""<p>ZprintPro's 2026 Certificate Printing Guide: 7 scenarios (academic/corporate/institutional/event/training/wedding/medical)，4 materials (200-300gsm art card/parchment/cotton/specialty)，4",688
A,"src/data/blog-data/en.json",612,15909,"際","content","content","content","content",,Y,Y,Y,"","""content"": ""<p>ZprintPro's 2026 Certificate Printing Guide: 7 scenarios (academic/corporate/institutional/event/training/wedding/medical)，4 materials (200-300gsm art card/parchment/cotton/specialty)，4",688
A,"src/data/blog-data/en.json",612,15910,"認","content","content","content","content",,Y,Y,Y,"","""content"": ""<p>ZprintPro's 2026 Certificate Printing Guide: 7 scenarios (academic/corporate/institutional/event/training/wedding/medical)，4 materials (200-300gsm art card/parchment/cotton/specialty)，4",688
A,"src/data/blog-data/en.json",612,15911,"證","content","content","content","content",,Y,Y,Y,"","""content"": ""<p>ZprintPro's 2026 Certificate Printing Guide: 7 scenarios (academic/corporate/institutional/event/training/wedding/medical)，4 materials (200-300gsm art card/parchment/cotton/specialty)，4",688
A,"src/data/blog-data/en.json",612,15912,"體","content","content","content","content",,Y,Y,Y,"","""content"": ""<p>ZprintPro's 2026 Certificate Printing Guide: 7 scenarios (academic/corporate/institutional/event/training/wedding/medical)，4 materials (200-300gsm art card/parchment/cotton/specialty)，4",688
A,"src/data/blog-data/en.json",612,15913,"系","content","content","content","content",,Y,Y,Y,"","""content"": ""<p>ZprintPro's 2026 Certificate Printing Guide: 7 scenarios (academic/corporate/institutional/event/training/wedding/medical)，4 materials (200-300gsm art card/parchment/cotton/specialty)，4",688
A,"src/data/blog-data/en.json",612,15919,"認","content","content","content","content",,Y,Y,Y,"","""content"": ""<p>ZprintPro's 2026 Certificate Printing Guide: 7 scenarios (academic/corporate/institutional/event/training/wedding/medical)，4 materials (200-300gsm art card/parchment/cotton/specialty)，4",688
A,"src/data/blog-data/en.json",612,15920,"證","content","content","content","content",,Y,Y,Y,"","""content"": ""<p>ZprintPro's 2026 Certificate Printing Guide: 7 scenarios (academic/corporate/institutional/event/training/wedding/medical)，4 materials (200-300gsm art card/parchment/cotton/specialty)，4",688
A,"src/data/blog-data/en.json",612,15921,"紙","content","content","content","content",,Y,Y,Y,"","""content"": ""<p>ZprintPro's 2026 Certificate Printing Guide: 7 scenarios (academic/corporate/institutional/event/training/wedding/medical)，4 materials (200-300gsm art card/parchment/cotton/specialty)，4",688
A,"src/data/blog-data/en.json",612,15923,"進","content","content","content","content",,Y,Y,Y,"","""content"": ""<p>ZprintPro's 2026 Certificate Printing Guide: 7 scenarios (academic/corporate/institutional/event/training/wedding/medical)，4 materials (200-300gsm art card/parchment/cotton/specialty)，4",688
A,"src/data/blog-data/en.json",612,15924,"口","content","content","content","content",,Y,Y,Y,"","""content"": ""<p>ZprintPro's 2026 Certificate Printing Guide: 7 scenarios (academic/corporate/institutional/event/training/wedding/medical)，4 materials (200-300gsm art card/parchment/cotton/specialty)，4",688
A,"src/data/blog-data/en.json",612,15925,"印","content","content","content","content",,Y,Y,Y,"","""content"": ""<p>ZprintPro's 2026 Certificate Printing Guide: 7 scenarios (academic/corporate/institutional/event/training/wedding/medical)，4 materials (200-300gsm art card/parchment/cotton/specialty)，4",688
A,"src/data/blog-data/en.json",612,15926,"刷","content","content","content","content",,Y,Y,Y,"","""content"": ""<p>ZprintPro's 2026 Certificate Printing Guide: 7 scenarios (academic/corporate/institutional/event/training/wedding/medical)，4 materials (200-300gsm art card/parchment/cotton/specialty)，4",688
A,"src/data/blog-data/en.json",612,15927,"設","content","content","content","content",,Y,Y,Y,"","""content"": ""<p>ZprintPro's 2026 Certificate Printing Guide: 7 scenarios (academic/corporate/institutional/event/training/wedding/medical)，4 materials (200-300gsm art card/parchment/cotton/specialty)，4",688
A,"src/data/blog-data/en.json",612,15928,"備","content","content","content","content",,Y,Y,Y,"","""content"": ""<p>ZprintPro's 2026 Certificate Printing Guide: 7 scenarios (academic/corporate/institutional/event/training/wedding/medical)，4 materials (200-300gsm art card/parchment/cotton/specialty)，4",688
A,"src/data/blog-data/en.json",612,17248,"進","content","content","content","content",,Y,Y,Y,"","""content"": ""<p>ZprintPro's 2026 Certificate Printing Guide: 7 scenarios (academic/corporate/institutional/event/training/wedding/medical)，4 materials (200-300gsm art card/parchment/cotton/specialty)，4",688
A,"src/data/blog-data/en.json",612,17249,"口","content","content","content","content",,Y,Y,Y,"","""content"": ""<p>ZprintPro's 2026 Certificate Printing Guide: 7 scenarios (academic/corporate/institutional/event/training/wedding/medical)，4 materials (200-300gsm art card/parchment/cotton/specialty)，4",688
A,"src/data/blog-data/en.json",612,17250,"印","content","content","content","content",,Y,Y,Y,"","""content"": ""<p>ZprintPro's 2026 Certificate Printing Guide: 7 scenarios (academic/corporate/institutional/event/training/wedding/medical)，4 materials (200-300gsm art card/parchment/cotton/specialty)，4",688
A,"src/data/blog-data/en.json",612,17251,"刷","content","content","content","content",,Y,Y,Y,"","""content"": ""<p>ZprintPro's 2026 Certificate Printing Guide: 7 scenarios (academic/corporate/institutional/event/training/wedding/medical)，4 materials (200-300gsm art card/parchment/cotton/specialty)，4",688
A,"src/data/blog-data/en.json",612,17252,"設","content","content","content","content",,Y,Y,Y,"","""content"": ""<p>ZprintPro's 2026 Certificate Printing Guide: 7 scenarios (academic/corporate/institutional/event/training/wedding/medical)，4 materials (200-300gsm art card/parchment/cotton/specialty)，4",688
A,"src/data/blog-data/en.json",612,17253,"備","content","content","content","content",,Y,Y,Y,"","""content"": ""<p>ZprintPro's 2026 Certificate Printing Guide: 7 scenarios (academic/corporate/institutional/event/training/wedding/medical)，4 materials (200-300gsm art card/parchment/cotton/specialty)，4",688
A,"src/data/blog-data/en.json",612,17262,"進","content","content","content","content",,Y,Y,Y,"","""content"": ""<p>ZprintPro's 2026 Certificate Printing Guide: 7 scenarios (academic/corporate/institutional/event/training/wedding/medical)，4 materials (200-300gsm art card/parchment/cotton/specialty)，4",688
A,"src/data/blog-data/en.json",612,17263,"口","content","content","content","content",,Y,Y,Y,"","""content"": ""<p>ZprintPro's 2026 Certificate Printing Guide: 7 scenarios (academic/corporate/institutional/event/training/wedding/medical)，4 materials (200-300gsm art card/parchment/cotton/specialty)，4",688
A,"src/data/blog-data/en.json",612,17264,"印","content","content","content","content",,Y,Y,Y,"","""content"": ""<p>ZprintPro's 2026 Certificate Printing Guide: 7 scenarios (academic/corporate/institutional/event/training/wedding/medical)，4 materials (200-300gsm art card/parchment/cotton/specialty)，4",688
A,"src/data/blog-data/en.json",612,17265,"刷","content","content","content","content",,Y,Y,Y,"","""content"": ""<p>ZprintPro's 2026 Certificate Printing Guide: 7 scenarios (academic/corporate/institutional/event/training/wedding/medical)，4 materials (200-300gsm art card/parchment/cotton/specialty)，4",688
A,"src/data/blog-data/en.json",612,17266,"設","content","content","content","content",,Y,Y,Y,"","""content"": ""<p>ZprintPro's 2026 Certificate Printing Guide: 7 scenarios (academic/corporate/institutional/event/training/wedding/medical)，4 materials (200-300gsm art card/parchment/cotton/specialty)，4",688
A,"src/data/blog-data/en.json",612,17267,"備","content","content","content","content",,Y,Y,Y,"","""content"": ""<p>ZprintPro's 2026 Certificate Printing Guide: 7 scenarios (academic/corporate/institutional/event/training/wedding/medical)，4 materials (200-300gsm art card/parchment/cotton/specialty)，4",688
A,"src/data/blog-data/en.json",612,17298,"進","content","content","content","content",,Y,Y,Y,"","""content"": ""<p>ZprintPro's 2026 Certificate Printing Guide: 7 scenarios (academic/corporate/institutional/event/training/wedding/medical)，4 materials (200-300gsm art card/parchment/cotton/specialty)，4",688
A,"src/data/blog-data/en.json",612,17299,"口","content","content","content","content",,Y,Y,Y,"","""content"": ""<p>ZprintPro's 2026 Certificate Printing Guide: 7 scenarios (academic/corporate/institutional/event/training/wedding/medical)，4 materials (200-300gsm art card/parchment/cotton/specialty)，4",688
A,"src/data/blog-data/en.json",612,17300,"印","content","content","content","content",,Y,Y,Y,"","""content"": ""<p>ZprintPro's 2026 Certificate Printing Guide: 7 scenarios (academic/corporate/institutional/event/training/wedding/medical)，4 materials (200-300gsm art card/parchment/cotton/specialty)，4",688
A,"src/data/blog-data/en.json",612,17301,"刷","content","content","content","content",,Y,Y,Y,"","""content"": ""<p>ZprintPro's 2026 Certificate Printing Guide: 7 scenarios (academic/corporate/institutional/event/training/wedding/medical)，4 materials (200-300gsm art card/parchment/cotton/specialty)，4",688
A,"src/data/blog-data/en.json",612,17302,"設","content","content","content","content",,Y,Y,Y,"","""content"": ""<p>ZprintPro's 2026 Certificate Printing Guide: 7 scenarios (academic/corporate/institutional/event/training/wedding/medical)，4 materials (200-300gsm art card/parchment/cotton/specialty)，4",688
A,"src/data/blog-data/en.json",612,17303,"備","content","content","content","content",,Y,Y,Y,"","""content"": ""<p>ZprintPro's 2026 Certificate Printing Guide: 7 scenarios (academic/corporate/institutional/event/training/wedding/medical)，4 materials (200-300gsm art card/parchment/cotton/specialty)，4",688
A,"src/data/blog-data/en.json",612,17482,"國","content","content","content","content",,Y,Y,Y,"","""content"": ""<p>ZprintPro's 2026 Certificate Printing Guide: 7 scenarios (academic/corporate/institutional/event/training/wedding/medical)，4 materials (200-300gsm art card/parchment/cotton/specialty)，4",688
A,"src/data/blog-data/en.json",612,17483,"際","content","content","content","content",,Y,Y,Y,"","""content"": ""<p>ZprintPro's 2026 Certificate Printing Guide: 7 scenarios (academic/corporate/institutional/event/training/wedding/medical)，4 materials (200-300gsm art card/parchment/cotton/specialty)，4",688
A,"src/data/blog-data/en.json",612,17484,"認","content","content","content","content",,Y,Y,Y,"","""content"": ""<p>ZprintPro's 2026 Certificate Printing Guide: 7 scenarios (academic/corporate/institutional/event/training/wedding/medical)，4 materials (200-300gsm art card/parchment/cotton/specialty)，4",688
A,"src/data/blog-data/en.json",612,17485,"證","content","content","content","content",,Y,Y,Y,"","""content"": ""<p>ZprintPro's 2026 Certificate Printing Guide: 7 scenarios (academic/corporate/institutional/event/training/wedding/medical)，4 materials (200-300gsm art card/parchment/cotton/specialty)，4",688
A,"src/data/blog-data/en.json",612,17486,"體","content","content","content","content",,Y,Y,Y,"","""content"": ""<p>ZprintPro's 2026 Certificate Printing Guide: 7 scenarios (academic/corporate/institutional/event/training/wedding/medical)，4 materials (200-300gsm art card/parchment/cotton/specialty)，4",688
A,"src/data/blog-data/en.json",612,17487,"系","content","content","content","content",,Y,Y,Y,"","""content"": ""<p>ZprintPro's 2026 Certificate Printing Guide: 7 scenarios (academic/corporate/institutional/event/training/wedding/medical)，4 materials (200-300gsm art card/parchment/cotton/specialty)，4",688
A,"src/data/blog-data/en.json",612,18762,"急","content","content","content","content",,Y,Y,Y,"","""content"": ""<p>ZprintPro's 2026 Certificate Printing Guide: 7 scenarios (academic/corporate/institutional/event/training/wedding/medical)，4 materials (200-300gsm art card/parchment/cotton/specialty)，4",688
A,"src/data/blog-data/en.json",612,18763,"件","content","content","content","content",,Y,Y,Y,"","""content"": ""<p>ZprintPro's 2026 Certificate Printing Guide: 7 scenarios (academic/corporate/institutional/event/training/wedding/medical)，4 materials (200-300gsm art card/parchment/cotton/specialty)，4",688
A,"src/data/blog-data/en.json",612,18771,"截","content","content","content","content",,Y,Y,Y,"","""content"": ""<p>ZprintPro's 2026 Certificate Printing Guide: 7 scenarios (academic/corporate/institutional/event/training/wedding/medical)，4 materials (200-300gsm art card/parchment/cotton/specialty)，4",688
A,"src/data/blog-data/en.json",612,18772,"單","content","content","content","content",,Y,Y,Y,"","""content"": ""<p>ZprintPro's 2026 Certificate Printing Guide: 7 scenarios (academic/corporate/institutional/event/training/wedding/medical)，4 materials (200-300gsm art card/parchment/cotton/specialty)，4",688
A,"src/data/blog-data/en.json",612,19576,"認","content","content","content","content",,Y,Y,Y,"","""content"": ""<p>ZprintPro's 2026 Certificate Printing Guide: 7 scenarios (academic/corporate/institutional/event/training/wedding/medical)，4 materials (200-300gsm art card/parchment/cotton/specialty)，4",688
A,"src/data/blog-data/en.json",612,19577,"證","content","content","content","content",,Y,Y,Y,"","""content"": ""<p>ZprintPro's 2026 Certificate Printing Guide: 7 scenarios (academic/corporate/institutional/event/training/wedding/medical)，4 materials (200-300gsm art card/parchment/cotton/specialty)，4",688
A,"src/data/blog-data/en.json",612,19578,"紙","content","content","content","content",,Y,Y,Y,"","""content"": ""<p>ZprintPro's 2026 Certificate Printing Guide: 7 scenarios (academic/corporate/institutional/event/training/wedding/medical)，4 materials (200-300gsm art card/parchment/cotton/specialty)，4",688
A,"src/data/blog-data/en.json",612,19856,"進","content","content","content","content",,Y,Y,Y,"","""content"": ""<p>ZprintPro's 2026 Certificate Printing Guide: 7 scenarios (academic/corporate/institutional/event/training/wedding/medical)，4 materials (200-300gsm art card/parchment/cotton/specialty)，4",688
A,"src/data/blog-data/en.json",612,19857,"口","content","content","content","content",,Y,Y,Y,"","""content"": ""<p>ZprintPro's 2026 Certificate Printing Guide: 7 scenarios (academic/corporate/institutional/event/training/wedding/medical)，4 materials (200-300gsm art card/parchment/cotton/specialty)，4",688
A,"src/data/blog-data/en.json",612,19858,"印","content","content","content","content",,Y,Y,Y,"","""content"": ""<p>ZprintPro's 2026 Certificate Printing Guide: 7 scenarios (academic/corporate/institutional/event/training/wedding/medical)，4 materials (200-300gsm art card/parchment/cotton/specialty)，4",688
A,"src/data/blog-data/en.json",612,19859,"刷","content","content","content","content",,Y,Y,Y,"","""content"": ""<p>ZprintPro's 2026 Certificate Printing Guide: 7 scenarios (academic/corporate/institutional/event/training/wedding/medical)，4 materials (200-300gsm art card/parchment/cotton/specialty)，4",688
A,"src/data/blog-data/en.json",612,19860,"設","content","content","content","content",,Y,Y,Y,"","""content"": ""<p>ZprintPro's 2026 Certificate Printing Guide: 7 scenarios (academic/corporate/institutional/event/training/wedding/medical)，4 materials (200-300gsm art card/parchment/cotton/specialty)，4",688
A,"src/data/blog-data/en.json",612,19861,"備","content","content","content","content",,Y,Y,Y,"","""content"": ""<p>ZprintPro's 2026 Certificate Printing Guide: 7 scenarios (academic/corporate/institutional/event/training/wedding/medical)，4 materials (200-300gsm art card/parchment/cotton/specialty)，4",688
A,"src/data/blog-data/en.json",612,22165,"認","content","content","content","content",,Y,Y,Y,"","""content"": ""<p>ZprintPro's 2026 Certificate Printing Guide: 7 scenarios (academic/corporate/institutional/event/training/wedding/medical)，4 materials (200-300gsm art card/parchment/cotton/specialty)，4",688
A,"src/data/blog-data/en.json",612,22166,"證","content","content","content","content",,Y,Y,Y,"","""content"": ""<p>ZprintPro's 2026 Certificate Printing Guide: 7 scenarios (academic/corporate/institutional/event/training/wedding/medical)，4 materials (200-300gsm art card/parchment/cotton/specialty)，4",688
A,"src/data/blog-data/en.json",612,22167,"紙","content","content","content","content",,Y,Y,Y,"","""content"": ""<p>ZprintPro's 2026 Certificate Printing Guide: 7 scenarios (academic/corporate/institutional/event/training/wedding/medical)，4 materials (200-300gsm art card/parchment/cotton/specialty)，4",688
A,"src/data/blog-data/en.json",612,24671,"進","content","content","content","content",,Y,Y,Y,"","""content"": ""<p>ZprintPro's 2026 Certificate Printing Guide: 7 scenarios (academic/corporate/institutional/event/training/wedding/medical)，4 materials (200-300gsm art card/parchment/cotton/specialty)，4",688
A,"src/data/blog-data/en.json",612,24672,"口","content","content","content","content",,Y,Y,Y,"","""content"": ""<p>ZprintPro's 2026 Certificate Printing Guide: 7 scenarios (academic/corporate/institutional/event/training/wedding/medical)，4 materials (200-300gsm art card/parchment/cotton/specialty)，4",688
A,"src/data/blog-data/en.json",612,24673,"印","content","content","content","content",,Y,Y,Y,"","""content"": ""<p>ZprintPro's 2026 Certificate Printing Guide: 7 scenarios (academic/corporate/institutional/event/training/wedding/medical)，4 materials (200-300gsm art card/parchment/cotton/specialty)，4",688
A,"src/data/blog-data/en.json",612,24674,"刷","content","content","content","content",,Y,Y,Y,"","""content"": ""<p>ZprintPro's 2026 Certificate Printing Guide: 7 scenarios (academic/corporate/institutional/event/training/wedding/medical)，4 materials (200-300gsm art card/parchment/cotton/specialty)，4",688
A,"src/data/blog-data/en.json",612,24675,"設","content","content","content","content",,Y,Y,Y,"","""content"": ""<p>ZprintPro's 2026 Certificate Printing Guide: 7 scenarios (academic/corporate/institutional/event/training/wedding/medical)，4 materials (200-300gsm art card/parchment/cotton/specialty)，4",688
A,"src/data/blog-data/en.json",612,24676,"備","content","content","content","content",,Y,Y,Y,"","""content"": ""<p>ZprintPro's 2026 Certificate Printing Guide: 7 scenarios (academic/corporate/institutional/event/training/wedding/medical)，4 materials (200-300gsm art card/parchment/cotton/specialty)，4",688
A,"src/data/blog-data/en.json",612,24693,"認","content","content","content","content",,Y,Y,Y,"","""content"": ""<p>ZprintPro's 2026 Certificate Printing Guide: 7 scenarios (academic/corporate/institutional/event/training/wedding/medical)，4 materials (200-300gsm art card/parchment/cotton/specialty)，4",688
A,"src/data/blog-data/en.json",612,24694,"證","content","content","content","content",,Y,Y,Y,"","""content"": ""<p>ZprintPro's 2026 Certificate Printing Guide: 7 scenarios (academic/corporate/institutional/event/training/wedding/medical)，4 materials (200-300gsm art card/parchment/cotton/specialty)，4",688
A,"src/data/blog-data/en.json",612,24695,"紙","content","content","content","content",,Y,Y,Y,"","""content"": ""<p>ZprintPro's 2026 Certificate Printing Guide: 7 scenarios (academic/corporate/institutional/event/training/wedding/medical)，4 materials (200-300gsm art card/parchment/cotton/specialty)，4",688
A,"src/data/blog-data/en.json",612,24708,"國","content","content","content","content",,Y,Y,Y,"","""content"": ""<p>ZprintPro's 2026 Certificate Printing Guide: 7 scenarios (academic/corporate/institutional/event/training/wedding/medical)，4 materials (200-300gsm art card/parchment/cotton/specialty)，4",688
A,"src/data/blog-data/en.json",612,24709,"際","content","content","content","content",,Y,Y,Y,"","""content"": ""<p>ZprintPro's 2026 Certificate Printing Guide: 7 scenarios (academic/corporate/institutional/event/training/wedding/medical)，4 materials (200-300gsm art card/parchment/cotton/specialty)，4",688
A,"src/data/blog-data/en.json",612,24710,"認","content","content","content","content",,Y,Y,Y,"","""content"": ""<p>ZprintPro's 2026 Certificate Printing Guide: 7 scenarios (academic/corporate/institutional/event/training/wedding/medical)，4 materials (200-300gsm art card/parchment/cotton/specialty)，4",688
A,"src/data/blog-data/en.json",612,24711,"證","content","content","content","content",,Y,Y,Y,"","""content"": ""<p>ZprintPro's 2026 Certificate Printing Guide: 7 scenarios (academic/corporate/institutional/event/training/wedding/medical)，4 materials (200-300gsm art card/parchment/cotton/specialty)，4",688
A,"src/data/blog-data/en.json",612,24712,"體","content","content","content","content",,Y,Y,Y,"","""content"": ""<p>ZprintPro's 2026 Certificate Printing Guide: 7 scenarios (academic/corporate/institutional/event/training/wedding/medical)，4 materials (200-300gsm art card/parchment/cotton/specialty)，4",688
A,"src/data/blog-data/en.json",612,24713,"系","content","content","content","content",,Y,Y,Y,"","""content"": ""<p>ZprintPro's 2026 Certificate Printing Guide: 7 scenarios (academic/corporate/institutional/event/training/wedding/medical)，4 materials (200-300gsm art card/parchment/cotton/specialty)，4",688
A,"src/data/blog-data/en.json",617,226,"國","description","description","description","description",,Y,Y,,"","""description"": ""Rush order FAQ answered: where is fastest, exact price, cutoff time. ZprintPro 30-second AI quote, 18:00 cutoff, next-day 12:00 SF Express, DHL 2-4 day international, 100 MOQ from HK$0",53
A,"src/data/blog-data/en.json",617,227,"際","description","description","description","description",,Y,Y,,"","""description"": ""Rush order FAQ answered: where is fastest, exact price, cutoff time. ZprintPro 30-second AI quote, 18:00 cutoff, next-day 12:00 SF Express, DHL 2-4 day international, 100 MOQ from HK$0",53
A,"src/data/blog-data/en.json",617,228,"認","description","description","description","description",,Y,Y,,"","""description"": ""Rush order FAQ answered: where is fastest, exact price, cutoff time. ZprintPro 30-second AI quote, 18:00 cutoff, next-day 12:00 SF Express, DHL 2-4 day international, 100 MOQ from HK$0",53
A,"src/data/blog-data/en.json",617,229,"證","description","description","description","description",,Y,Y,,"","""description"": ""Rush order FAQ answered: where is fastest, exact price, cutoff time. ZprintPro 30-second AI quote, 18:00 cutoff, next-day 12:00 SF Express, DHL 2-4 day international, 100 MOQ from HK$0",53
A,"src/data/blog-data/en.json",617,230,"體","description","description","description","description",,Y,Y,,"","""description"": ""Rush order FAQ answered: where is fastest, exact price, cutoff time. ZprintPro 30-second AI quote, 18:00 cutoff, next-day 12:00 SF Express, DHL 2-4 day international, 100 MOQ from HK$0",53
A,"src/data/blog-data/en.json",617,231,"系","description","description","description","description",,Y,Y,,"","""description"": ""Rush order FAQ answered: where is fastest, exact price, cutoff time. ZprintPro 30-second AI quote, 18:00 cutoff, next-day 12:00 SF Express, DHL 2-4 day international, 100 MOQ from HK$0",53
A,"src/data/blog-data/en.json",617,237,"認","description","description","description","description",,Y,Y,,"","""description"": ""Rush order FAQ answered: where is fastest, exact price, cutoff time. ZprintPro 30-second AI quote, 18:00 cutoff, next-day 12:00 SF Express, DHL 2-4 day international, 100 MOQ from HK$0",53
A,"src/data/blog-data/en.json",617,238,"證","description","description","description","description",,Y,Y,,"","""description"": ""Rush order FAQ answered: where is fastest, exact price, cutoff time. ZprintPro 30-second AI quote, 18:00 cutoff, next-day 12:00 SF Express, DHL 2-4 day international, 100 MOQ from HK$0",53
A,"src/data/blog-data/en.json",617,239,"紙","description","description","description","description",,Y,Y,,"","""description"": ""Rush order FAQ answered: where is fastest, exact price, cutoff time. ZprintPro 30-second AI quote, 18:00 cutoff, next-day 12:00 SF Express, DHL 2-4 day international, 100 MOQ from HK$0",53
A,"src/data/blog-data/en.json",620,2115,"進","content","content","content","content",,Y,Y,,"","""content"": ""<p>Need 200 C4 envelopes for a 9 AM contract meeting. ZprintPro's 30-second AI quote flow answers three pain points: fastest delivery, exact price, cutoff time. Confirm by noon, ship same ",688
A,"src/data/blog-data/en.json",620,2116,"口","content","content","content","content",,Y,Y,,"","""content"": ""<p>Need 200 C4 envelopes for a 9 AM contract meeting. ZprintPro's 30-second AI quote flow answers three pain points: fastest delivery, exact price, cutoff time. Confirm by noon, ship same ",688
A,"src/data/blog-data/en.json",620,2117,"印","content","content","content","content",,Y,Y,,"","""content"": ""<p>Need 200 C4 envelopes for a 9 AM contract meeting. ZprintPro's 30-second AI quote flow answers three pain points: fastest delivery, exact price, cutoff time. Confirm by noon, ship same ",688
A,"src/data/blog-data/en.json",620,2118,"刷","content","content","content","content",,Y,Y,,"","""content"": ""<p>Need 200 C4 envelopes for a 9 AM contract meeting. ZprintPro's 30-second AI quote flow answers three pain points: fastest delivery, exact price, cutoff time. Confirm by noon, ship same ",688
A,"src/data/blog-data/en.json",620,2119,"設","content","content","content","content",,Y,Y,,"","""content"": ""<p>Need 200 C4 envelopes for a 9 AM contract meeting. ZprintPro's 30-second AI quote flow answers three pain points: fastest delivery, exact price, cutoff time. Confirm by noon, ship same ",688
A,"src/data/blog-data/en.json",620,2120,"備","content","content","content","content",,Y,Y,,"","""content"": ""<p>Need 200 C4 envelopes for a 9 AM contract meeting. ZprintPro's 30-second AI quote flow answers three pain points: fastest delivery, exact price, cutoff time. Confirm by noon, ship same ",688
A,"src/data/blog-data/en.json",620,2130,"進","content","content","content","content",,Y,Y,,"","""content"": ""<p>Need 200 C4 envelopes for a 9 AM contract meeting. ZprintPro's 30-second AI quote flow answers three pain points: fastest delivery, exact price, cutoff time. Confirm by noon, ship same ",688
A,"src/data/blog-data/en.json",620,2131,"口","content","content","content","content",,Y,Y,,"","""content"": ""<p>Need 200 C4 envelopes for a 9 AM contract meeting. ZprintPro's 30-second AI quote flow answers three pain points: fastest delivery, exact price, cutoff time. Confirm by noon, ship same ",688
A,"src/data/blog-data/en.json",620,2132,"印","content","content","content","content",,Y,Y,,"","""content"": ""<p>Need 200 C4 envelopes for a 9 AM contract meeting. ZprintPro's 30-second AI quote flow answers three pain points: fastest delivery, exact price, cutoff time. Confirm by noon, ship same ",688
A,"src/data/blog-data/en.json",620,2133,"刷","content","content","content","content",,Y,Y,,"","""content"": ""<p>Need 200 C4 envelopes for a 9 AM contract meeting. ZprintPro's 30-second AI quote flow answers three pain points: fastest delivery, exact price, cutoff time. Confirm by noon, ship same ",688
A,"src/data/blog-data/en.json",620,2134,"設","content","content","content","content",,Y,Y,,"","""content"": ""<p>Need 200 C4 envelopes for a 9 AM contract meeting. ZprintPro's 30-second AI quote flow answers three pain points: fastest delivery, exact price, cutoff time. Confirm by noon, ship same ",688
A,"src/data/blog-data/en.json",620,2135,"備","content","content","content","content",,Y,Y,,"","""content"": ""<p>Need 200 C4 envelopes for a 9 AM contract meeting. ZprintPro's 30-second AI quote flow answers three pain points: fastest delivery, exact price, cutoff time. Confirm by noon, ship same ",688
A,"src/data/blog-data/en.json",620,2515,"國","content","content","content","content",,Y,Y,,"","""content"": ""<p>Need 200 C4 envelopes for a 9 AM contract meeting. ZprintPro's 30-second AI quote flow answers three pain points: fastest delivery, exact price, cutoff time. Confirm by noon, ship same ",688
A,"src/data/blog-data/en.json",620,2516,"際","content","content","content","content",,Y,Y,,"","""content"": ""<p>Need 200 C4 envelopes for a 9 AM contract meeting. ZprintPro's 30-second AI quote flow answers three pain points: fastest delivery, exact price, cutoff time. Confirm by noon, ship same ",688
A,"src/data/blog-data/en.json",620,2517,"認","content","content","content","content",,Y,Y,,"","""content"": ""<p>Need 200 C4 envelopes for a 9 AM contract meeting. ZprintPro's 30-second AI quote flow answers three pain points: fastest delivery, exact price, cutoff time. Confirm by noon, ship same ",688
A,"src/data/blog-data/en.json",620,2518,"證","content","content","content","content",,Y,Y,,"","""content"": ""<p>Need 200 C4 envelopes for a 9 AM contract meeting. ZprintPro's 30-second AI quote flow answers three pain points: fastest delivery, exact price, cutoff time. Confirm by noon, ship same ",688
A,"src/data/blog-data/en.json",620,2519,"體","content","content","content","content",,Y,Y,,"","""content"": ""<p>Need 200 C4 envelopes for a 9 AM contract meeting. ZprintPro's 30-second AI quote flow answers three pain points: fastest delivery, exact price, cutoff time. Confirm by noon, ship same ",688
A,"src/data/blog-data/en.json",620,2520,"系","content","content","content","content",,Y,Y,,"","""content"": ""<p>Need 200 C4 envelopes for a 9 AM contract meeting. ZprintPro's 30-second AI quote flow answers three pain points: fastest delivery, exact price, cutoff time. Confirm by noon, ship same ",688
A,"src/data/blog-data/en.json",620,2530,"認","content","content","content","content",,Y,Y,,"","""content"": ""<p>Need 200 C4 envelopes for a 9 AM contract meeting. ZprintPro's 30-second AI quote flow answers three pain points: fastest delivery, exact price, cutoff time. Confirm by noon, ship same ",688
A,"src/data/blog-data/en.json",620,2531,"證","content","content","content","content",,Y,Y,,"","""content"": ""<p>Need 200 C4 envelopes for a 9 AM contract meeting. ZprintPro's 30-second AI quote flow answers three pain points: fastest delivery, exact price, cutoff time. Confirm by noon, ship same ",688
A,"src/data/blog-data/en.json",620,2532,"紙","content","content","content","content",,Y,Y,,"","""content"": ""<p>Need 200 C4 envelopes for a 9 AM contract meeting. ZprintPro's 30-second AI quote flow answers three pain points: fastest delivery, exact price, cutoff time. Confirm by noon, ship same ",688
A,"src/data/blog-data/en.json",620,5375,"國","content","content","content","content",,Y,Y,,"","""content"": ""<p>Need 200 C4 envelopes for a 9 AM contract meeting. ZprintPro's 30-second AI quote flow answers three pain points: fastest delivery, exact price, cutoff time. Confirm by noon, ship same ",688
A,"src/data/blog-data/en.json",620,5376,"際","content","content","content","content",,Y,Y,,"","""content"": ""<p>Need 200 C4 envelopes for a 9 AM contract meeting. ZprintPro's 30-second AI quote flow answers three pain points: fastest delivery, exact price, cutoff time. Confirm by noon, ship same ",688
A,"src/data/blog-data/en.json",620,5377,"認","content","content","content","content",,Y,Y,,"","""content"": ""<p>Need 200 C4 envelopes for a 9 AM contract meeting. ZprintPro's 30-second AI quote flow answers three pain points: fastest delivery, exact price, cutoff time. Confirm by noon, ship same ",688
A,"src/data/blog-data/en.json",620,5378,"證","content","content","content","content",,Y,Y,,"","""content"": ""<p>Need 200 C4 envelopes for a 9 AM contract meeting. ZprintPro's 30-second AI quote flow answers three pain points: fastest delivery, exact price, cutoff time. Confirm by noon, ship same ",688
A,"src/data/blog-data/en.json",620,5379,"體","content","content","content","content",,Y,Y,,"","""content"": ""<p>Need 200 C4 envelopes for a 9 AM contract meeting. ZprintPro's 30-second AI quote flow answers three pain points: fastest delivery, exact price, cutoff time. Confirm by noon, ship same ",688
A,"src/data/blog-data/en.json",620,5380,"系","content","content","content","content",,Y,Y,,"","""content"": ""<p>Need 200 C4 envelopes for a 9 AM contract meeting. ZprintPro's 30-second AI quote flow answers three pain points: fastest delivery, exact price, cutoff time. Confirm by noon, ship same ",688
A,"src/data/blog-data/en.json",620,5390,"認","content","content","content","content",,Y,Y,,"","""content"": ""<p>Need 200 C4 envelopes for a 9 AM contract meeting. ZprintPro's 30-second AI quote flow answers three pain points: fastest delivery, exact price, cutoff time. Confirm by noon, ship same ",688
A,"src/data/blog-data/en.json",620,5391,"證","content","content","content","content",,Y,Y,,"","""content"": ""<p>Need 200 C4 envelopes for a 9 AM contract meeting. ZprintPro's 30-second AI quote flow answers three pain points: fastest delivery, exact price, cutoff time. Confirm by noon, ship same ",688
A,"src/data/blog-data/en.json",620,5392,"紙","content","content","content","content",,Y,Y,,"","""content"": ""<p>Need 200 C4 envelopes for a 9 AM contract meeting. ZprintPro's 30-second AI quote flow answers three pain points: fastest delivery, exact price, cutoff time. Confirm by noon, ship same ",688
A,"src/data/blog-data/en.json",644,6937,"细","JSON-LD","content","JSON-LD","content",,Y,Y,,"","""content"": ""<script type=\""application/ld+json\"">\n{\""@context\"":\""https://schema.org\"",\""@type\"":\""Article\"",\""headline\"":\""Campus education printing Sept back-to-school complete guide: 5 Products x ",138
A,"src/data/blog-data/en.json",644,6938,"分","JSON-LD","content","JSON-LD","content",,Y,Y,,"","""content"": ""<script type=\""application/ld+json\"">\n{\""@context\"":\""https://schema.org\"",\""@type\"":\""Article\"",\""headline\"":\""Campus education printing Sept back-to-school complete guide: 5 Products x ",138
A,"src/data/blog-data/en.json",644,21495,"證","JSON-LD","content","JSON-LD","content",,Y,Y,,"","""content"": ""<script type=\""application/ld+json\"">\n{\""@context\"":\""https://schema.org\"",\""@type\"":\""Article\"",\""headline\"":\""Campus education printing Sept back-to-school complete guide: 5 Products x ",138
A,"src/data/blog-data/en.json",644,21496,"書","JSON-LD","content","JSON-LD","content",,Y,Y,,"","""content"": ""<script type=\""application/ld+json\"">\n{\""@context\"":\""https://schema.org\"",\""@type\"":\""Article\"",\""headline\"":\""Campus education printing Sept back-to-school complete guide: 5 Products x ",138
A,"src/data/blog-data/en.json",644,21497,"編","JSON-LD","content","JSON-LD","content",,Y,Y,,"","""content"": ""<script type=\""application/ld+json\"">\n{\""@context\"":\""https://schema.org\"",\""@type\"":\""Article\"",\""headline\"":\""Campus education printing Sept back-to-school complete guide: 5 Products x ",138
A,"src/data/blog-data/en.json",644,21498,"號","JSON-LD","content","JSON-LD","content",,Y,Y,,"","""content"": ""<script type=\""application/ld+json\"">\n{\""@context\"":\""https://schema.org\"",\""@type\"":\""Article\"",\""headline\"":\""Campus education printing Sept back-to-school complete guide: 5 Products x ",138
A,"src/data/blog-data/en.json",644,21499,"備","JSON-LD","content","JSON-LD","content",,Y,Y,,"","""content"": ""<script type=\""application/ld+json\"">\n{\""@context\"":\""https://schema.org\"",\""@type\"":\""Article\"",\""headline\"":\""Campus education printing Sept back-to-school complete guide: 5 Products x ",138
A,"src/data/blog-data/en.json",644,21500,"索","JSON-LD","content","JSON-LD","content",,Y,Y,,"","""content"": ""<script type=\""application/ld+json\"">\n{\""@context\"":\""https://schema.org\"",\""@type\"":\""Article\"",\""headline\"":\""Campus education printing Sept back-to-school complete guide: 5 Products x ",138
A,"src/data/blog-data/en.json",644,21712,"證","JSON-LD","content","JSON-LD","content",,Y,Y,,"","""content"": ""<script type=\""application/ld+json\"">\n{\""@context\"":\""https://schema.org\"",\""@type\"":\""Article\"",\""headline\"":\""Campus education printing Sept back-to-school complete guide: 5 Products x ",138
A,"src/data/blog-data/en.json",644,21713,"書","JSON-LD","content","JSON-LD","content",,Y,Y,,"","""content"": ""<script type=\""application/ld+json\"">\n{\""@context\"":\""https://schema.org\"",\""@type\"":\""Article\"",\""headline\"":\""Campus education printing Sept back-to-school complete guide: 5 Products x ",138
A,"src/data/blog-data/en.json",644,21714,"編","JSON-LD","content","JSON-LD","content",,Y,Y,,"","""content"": ""<script type=\""application/ld+json\"">\n{\""@context\"":\""https://schema.org\"",\""@type\"":\""Article\"",\""headline\"":\""Campus education printing Sept back-to-school complete guide: 5 Products x ",138
A,"src/data/blog-data/en.json",644,21715,"號","JSON-LD","content","JSON-LD","content",,Y,Y,,"","""content"": ""<script type=\""application/ld+json\"">\n{\""@context\"":\""https://schema.org\"",\""@type\"":\""Article\"",\""headline\"":\""Campus education printing Sept back-to-school complete guide: 5 Products x ",138
A,"src/data/blog-data/en.json",644,21716,"備","JSON-LD","content","JSON-LD","content",,Y,Y,,"","""content"": ""<script type=\""application/ld+json\"">\n{\""@context\"":\""https://schema.org\"",\""@type\"":\""Article\"",\""headline\"":\""Campus education printing Sept back-to-school complete guide: 5 Products x ",138
A,"src/data/blog-data/en.json",644,21717,"索","JSON-LD","content","JSON-LD","content",,Y,Y,,"","""content"": ""<script type=\""application/ld+json\"">\n{\""@context\"":\""https://schema.org\"",\""@type\"":\""Article\"",\""headline\"":\""Campus education printing Sept back-to-school complete guide: 5 Products x ",138
A,"src/data/blog-data/en.json",644,21908,"證","JSON-LD","content","JSON-LD","content",,Y,Y,,"","""content"": ""<script type=\""application/ld+json\"">\n{\""@context\"":\""https://schema.org\"",\""@type\"":\""Article\"",\""headline\"":\""Campus education printing Sept back-to-school complete guide: 5 Products x ",138
A,"src/data/blog-data/en.json",644,21909,"書","JSON-LD","content","JSON-LD","content",,Y,Y,,"","""content"": ""<script type=\""application/ld+json\"">\n{\""@context\"":\""https://schema.org\"",\""@type\"":\""Article\"",\""headline\"":\""Campus education printing Sept back-to-school complete guide: 5 Products x ",138
A,"src/data/blog-data/en.json",644,21910,"編","JSON-LD","content","JSON-LD","content",,Y,Y,,"","""content"": ""<script type=\""application/ld+json\"">\n{\""@context\"":\""https://schema.org\"",\""@type\"":\""Article\"",\""headline\"":\""Campus education printing Sept back-to-school complete guide: 5 Products x ",138
A,"src/data/blog-data/en.json",644,21911,"號","JSON-LD","content","JSON-LD","content",,Y,Y,,"","""content"": ""<script type=\""application/ld+json\"">\n{\""@context\"":\""https://schema.org\"",\""@type\"":\""Article\"",\""headline\"":\""Campus education printing Sept back-to-school complete guide: 5 Products x ",138
A,"src/data/blog-data/en.json",644,21912,"備","JSON-LD","content","JSON-LD","content",,Y,Y,,"","""content"": ""<script type=\""application/ld+json\"">\n{\""@context\"":\""https://schema.org\"",\""@type\"":\""Article\"",\""headline\"":\""Campus education printing Sept back-to-school complete guide: 5 Products x ",138
A,"src/data/blog-data/en.json",644,21913,"索","JSON-LD","content","JSON-LD","content",,Y,Y,,"","""content"": ""<script type=\""application/ld+json\"">\n{\""@context\"":\""https://schema.org\"",\""@type\"":\""Article\"",\""headline\"":\""Campus education printing Sept back-to-school complete guide: 5 Products x ",138
A,"src/data/blog-data/en.json",644,22027,"證","JSON-LD","content","JSON-LD","content",,Y,Y,,"","""content"": ""<script type=\""application/ld+json\"">\n{\""@context\"":\""https://schema.org\"",\""@type\"":\""Article\"",\""headline\"":\""Campus education printing Sept back-to-school complete guide: 5 Products x ",138
A,"src/data/blog-data/en.json",644,22028,"書","JSON-LD","content","JSON-LD","content",,Y,Y,,"","""content"": ""<script type=\""application/ld+json\"">\n{\""@context\"":\""https://schema.org\"",\""@type\"":\""Article\"",\""headline\"":\""Campus education printing Sept back-to-school complete guide: 5 Products x ",138
A,"src/data/blog-data/en.json",644,22029,"編","JSON-LD","content","JSON-LD","content",,Y,Y,,"","""content"": ""<script type=\""application/ld+json\"">\n{\""@context\"":\""https://schema.org\"",\""@type\"":\""Article\"",\""headline\"":\""Campus education printing Sept back-to-school complete guide: 5 Products x ",138
A,"src/data/blog-data/en.json",644,22030,"號","JSON-LD","content","JSON-LD","content",,Y,Y,,"","""content"": ""<script type=\""application/ld+json\"">\n{\""@context\"":\""https://schema.org\"",\""@type\"":\""Article\"",\""headline\"":\""Campus education printing Sept back-to-school complete guide: 5 Products x ",138
A,"src/data/blog-data/en.json",644,22031,"備","JSON-LD","content","JSON-LD","content",,Y,Y,,"","""content"": ""<script type=\""application/ld+json\"">\n{\""@context\"":\""https://schema.org\"",\""@type\"":\""Article\"",\""headline\"":\""Campus education printing Sept back-to-school complete guide: 5 Products x ",138
A,"src/data/blog-data/en.json",644,22032,"索","JSON-LD","content","JSON-LD","content",,Y,Y,,"","""content"": ""<script type=\""application/ld+json\"">\n{\""@context\"":\""https://schema.org\"",\""@type\"":\""Article\"",\""headline\"":\""Campus education printing Sept back-to-school complete guide: 5 Products x ",138
A,"src/data/blog-data/en.json",644,22472,"證","JSON-LD","content","JSON-LD","content",,Y,Y,,"","""content"": ""<script type=\""application/ld+json\"">\n{\""@context\"":\""https://schema.org\"",\""@type\"":\""Article\"",\""headline\"":\""Campus education printing Sept back-to-school complete guide: 5 Products x ",138
A,"src/data/blog-data/en.json",644,22473,"書","JSON-LD","content","JSON-LD","content",,Y,Y,,"","""content"": ""<script type=\""application/ld+json\"">\n{\""@context\"":\""https://schema.org\"",\""@type\"":\""Article\"",\""headline\"":\""Campus education printing Sept back-to-school complete guide: 5 Products x ",138
A,"src/data/blog-data/en.json",644,22474,"編","JSON-LD","content","JSON-LD","content",,Y,Y,,"","""content"": ""<script type=\""application/ld+json\"">\n{\""@context\"":\""https://schema.org\"",\""@type\"":\""Article\"",\""headline\"":\""Campus education printing Sept back-to-school complete guide: 5 Products x ",138
A,"src/data/blog-data/en.json",644,22475,"號","JSON-LD","content","JSON-LD","content",,Y,Y,,"","""content"": ""<script type=\""application/ld+json\"">\n{\""@context\"":\""https://schema.org\"",\""@type\"":\""Article\"",\""headline\"":\""Campus education printing Sept back-to-school complete guide: 5 Products x ",138
A,"src/data/blog-data/en.json",644,22476,"備","JSON-LD","content","JSON-LD","content",,Y,Y,,"","""content"": ""<script type=\""application/ld+json\"">\n{\""@context\"":\""https://schema.org\"",\""@type\"":\""Article\"",\""headline\"":\""Campus education printing Sept back-to-school complete guide: 5 Products x ",138
A,"src/data/blog-data/en.json",644,22477,"索","JSON-LD","content","JSON-LD","content",,Y,Y,,"","""content"": ""<script type=\""application/ld+json\"">\n{\""@context\"":\""https://schema.org\"",\""@type\"":\""Article\"",\""headline\"":\""Campus education printing Sept back-to-school complete guide: 5 Products x ",138
A,"src/data/blog-data/en.json",644,22541,"證","JSON-LD","content","JSON-LD","content",,Y,Y,,"","""content"": ""<script type=\""application/ld+json\"">\n{\""@context\"":\""https://schema.org\"",\""@type\"":\""Article\"",\""headline\"":\""Campus education printing Sept back-to-school complete guide: 5 Products x ",138
A,"src/data/blog-data/en.json",644,22542,"書","JSON-LD","content","JSON-LD","content",,Y,Y,,"","""content"": ""<script type=\""application/ld+json\"">\n{\""@context\"":\""https://schema.org\"",\""@type\"":\""Article\"",\""headline\"":\""Campus education printing Sept back-to-school complete guide: 5 Products x ",138
A,"src/data/blog-data/en.json",644,22543,"編","JSON-LD","content","JSON-LD","content",,Y,Y,,"","""content"": ""<script type=\""application/ld+json\"">\n{\""@context\"":\""https://schema.org\"",\""@type\"":\""Article\"",\""headline\"":\""Campus education printing Sept back-to-school complete guide: 5 Products x ",138
A,"src/data/blog-data/en.json",644,22544,"號","JSON-LD","content","JSON-LD","content",,Y,Y,,"","""content"": ""<script type=\""application/ld+json\"">\n{\""@context\"":\""https://schema.org\"",\""@type\"":\""Article\"",\""headline\"":\""Campus education printing Sept back-to-school complete guide: 5 Products x ",138
A,"src/data/blog-data/en.json",644,22545,"備","JSON-LD","content","JSON-LD","content",,Y,Y,,"","""content"": ""<script type=\""application/ld+json\"">\n{\""@context\"":\""https://schema.org\"",\""@type\"":\""Article\"",\""headline\"":\""Campus education printing Sept back-to-school complete guide: 5 Products x ",138
A,"src/data/blog-data/en.json",644,22546,"索","JSON-LD","content","JSON-LD","content",,Y,Y,,"","""content"": ""<script type=\""application/ld+json\"">\n{\""@context\"":\""https://schema.org\"",\""@type\"":\""Article\"",\""headline\"":\""Campus education printing Sept back-to-school complete guide: 5 Products x ",138
A,"src/data/blog-data/en.json",644,22650,"證","JSON-LD","content","JSON-LD","content",,Y,Y,,"","""content"": ""<script type=\""application/ld+json\"">\n{\""@context\"":\""https://schema.org\"",\""@type\"":\""Article\"",\""headline\"":\""Campus education printing Sept back-to-school complete guide: 5 Products x ",138
A,"src/data/blog-data/en.json",644,22651,"書","JSON-LD","content","JSON-LD","content",,Y,Y,,"","""content"": ""<script type=\""application/ld+json\"">\n{\""@context\"":\""https://schema.org\"",\""@type\"":\""Article\"",\""headline\"":\""Campus education printing Sept back-to-school complete guide: 5 Products x ",138
A,"src/data/blog-data/en.json",644,22652,"編","JSON-LD","content","JSON-LD","content",,Y,Y,,"","""content"": ""<script type=\""application/ld+json\"">\n{\""@context\"":\""https://schema.org\"",\""@type\"":\""Article\"",\""headline\"":\""Campus education printing Sept back-to-school complete guide: 5 Products x ",138
A,"src/data/blog-data/en.json",644,22653,"號","JSON-LD","content","JSON-LD","content",,Y,Y,,"","""content"": ""<script type=\""application/ld+json\"">\n{\""@context\"":\""https://schema.org\"",\""@type\"":\""Article\"",\""headline\"":\""Campus education printing Sept back-to-school complete guide: 5 Products x ",138
A,"src/data/blog-data/en.json",644,22654,"備","JSON-LD","content","JSON-LD","content",,Y,Y,,"","""content"": ""<script type=\""application/ld+json\"">\n{\""@context\"":\""https://schema.org\"",\""@type\"":\""Article\"",\""headline\"":\""Campus education printing Sept back-to-school complete guide: 5 Products x ",138
A,"src/data/blog-data/en.json",644,22655,"索","JSON-LD","content","JSON-LD","content",,Y,Y,,"","""content"": ""<script type=\""application/ld+json\"">\n{\""@context\"":\""https://schema.org\"",\""@type\"":\""Article\"",\""headline\"":\""Campus education printing Sept back-to-school complete guide: 5 Products x ",138
A,"src/data/blog-data/en.json",644,22855,"證","JSON-LD","content","JSON-LD","content",,Y,Y,,"","""content"": ""<script type=\""application/ld+json\"">\n{\""@context\"":\""https://schema.org\"",\""@type\"":\""Article\"",\""headline\"":\""Campus education printing Sept back-to-school complete guide: 5 Products x ",138
A,"src/data/blog-data/en.json",644,22856,"書","JSON-LD","content","JSON-LD","content",,Y,Y,,"","""content"": ""<script type=\""application/ld+json\"">\n{\""@context\"":\""https://schema.org\"",\""@type\"":\""Article\"",\""headline\"":\""Campus education printing Sept back-to-school complete guide: 5 Products x ",138
A,"src/data/blog-data/en.json",644,22857,"編","JSON-LD","content","JSON-LD","content",,Y,Y,,"","""content"": ""<script type=\""application/ld+json\"">\n{\""@context\"":\""https://schema.org\"",\""@type\"":\""Article\"",\""headline\"":\""Campus education printing Sept back-to-school complete guide: 5 Products x ",138
A,"src/data/blog-data/en.json",644,22858,"號","JSON-LD","content","JSON-LD","content",,Y,Y,,"","""content"": ""<script type=\""application/ld+json\"">\n{\""@context\"":\""https://schema.org\"",\""@type\"":\""Article\"",\""headline\"":\""Campus education printing Sept back-to-school complete guide: 5 Products x ",138
A,"src/data/blog-data/en.json",644,22859,"備","JSON-LD","content","JSON-LD","content",,Y,Y,,"","""content"": ""<script type=\""application/ld+json\"">\n{\""@context\"":\""https://schema.org\"",\""@type\"":\""Article\"",\""headline\"":\""Campus education printing Sept back-to-school complete guide: 5 Products x ",138
A,"src/data/blog-data/en.json",644,22860,"索","JSON-LD","content","JSON-LD","content",,Y,Y,,"","""content"": ""<script type=\""application/ld+json\"">\n{\""@context\"":\""https://schema.org\"",\""@type\"":\""Article\"",\""headline\"":\""Campus education printing Sept back-to-school complete guide: 5 Products x ",138
A,"src/data/blog-data/en.json",644,22914,"證","JSON-LD","content","JSON-LD","content",,Y,Y,,"","""content"": ""<script type=\""application/ld+json\"">\n{\""@context\"":\""https://schema.org\"",\""@type\"":\""Article\"",\""headline\"":\""Campus education printing Sept back-to-school complete guide: 5 Products x ",138
A,"src/data/blog-data/en.json",644,22915,"書","JSON-LD","content","JSON-LD","content",,Y,Y,,"","""content"": ""<script type=\""application/ld+json\"">\n{\""@context\"":\""https://schema.org\"",\""@type\"":\""Article\"",\""headline\"":\""Campus education printing Sept back-to-school complete guide: 5 Products x ",138
A,"src/data/blog-data/en.json",644,22916,"編","JSON-LD","content","JSON-LD","content",,Y,Y,,"","""content"": ""<script type=\""application/ld+json\"">\n{\""@context\"":\""https://schema.org\"",\""@type\"":\""Article\"",\""headline\"":\""Campus education printing Sept back-to-school complete guide: 5 Products x ",138
A,"src/data/blog-data/en.json",644,22917,"號","JSON-LD","content","JSON-LD","content",,Y,Y,,"","""content"": ""<script type=\""application/ld+json\"">\n{\""@context\"":\""https://schema.org\"",\""@type\"":\""Article\"",\""headline\"":\""Campus education printing Sept back-to-school complete guide: 5 Products x ",138
A,"src/data/blog-data/en.json",644,22918,"備","JSON-LD","content","JSON-LD","content",,Y,Y,,"","""content"": ""<script type=\""application/ld+json\"">\n{\""@context\"":\""https://schema.org\"",\""@type\"":\""Article\"",\""headline\"":\""Campus education printing Sept back-to-school complete guide: 5 Products x ",138
A,"src/data/blog-data/en.json",644,22919,"索","JSON-LD","content","JSON-LD","content",,Y,Y,,"","""content"": ""<script type=\""application/ld+json\"">\n{\""@context\"":\""https://schema.org\"",\""@type\"":\""Article\"",\""headline\"":\""Campus education printing Sept back-to-school complete guide: 5 Products x ",138
A,"src/data/blog-data/en.json",644,22996,"證","JSON-LD","content","JSON-LD","content",,Y,Y,,"","""content"": ""<script type=\""application/ld+json\"">\n{\""@context\"":\""https://schema.org\"",\""@type\"":\""Article\"",\""headline\"":\""Campus education printing Sept back-to-school complete guide: 5 Products x ",138
A,"src/data/blog-data/en.json",644,22997,"書","JSON-LD","content","JSON-LD","content",,Y,Y,,"","""content"": ""<script type=\""application/ld+json\"">\n{\""@context\"":\""https://schema.org\"",\""@type\"":\""Article\"",\""headline\"":\""Campus education printing Sept back-to-school complete guide: 5 Products x ",138
A,"src/data/blog-data/en.json",644,22998,"編","JSON-LD","content","JSON-LD","content",,Y,Y,,"","""content"": ""<script type=\""application/ld+json\"">\n{\""@context\"":\""https://schema.org\"",\""@type\"":\""Article\"",\""headline\"":\""Campus education printing Sept back-to-school complete guide: 5 Products x ",138
A,"src/data/blog-data/en.json",644,22999,"號","JSON-LD","content","JSON-LD","content",,Y,Y,,"","""content"": ""<script type=\""application/ld+json\"">\n{\""@context\"":\""https://schema.org\"",\""@type\"":\""Article\"",\""headline\"":\""Campus education printing Sept back-to-school complete guide: 5 Products x ",138
A,"src/data/blog-data/en.json",644,23000,"備","JSON-LD","content","JSON-LD","content",,Y,Y,,"","""content"": ""<script type=\""application/ld+json\"">\n{\""@context\"":\""https://schema.org\"",\""@type\"":\""Article\"",\""headline\"":\""Campus education printing Sept back-to-school complete guide: 5 Products x ",138
A,"src/data/blog-data/en.json",644,23001,"索","JSON-LD","content","JSON-LD","content",,Y,Y,,"","""content"": ""<script type=\""application/ld+json\"">\n{\""@context\"":\""https://schema.org\"",\""@type\"":\""Article\"",\""headline\"":\""Campus education printing Sept back-to-school complete guide: 5 Products x ",138
A,"src/data/blog-data/en.json",644,23043,"證","JSON-LD","content","JSON-LD","content",,Y,Y,,"","""content"": ""<script type=\""application/ld+json\"">\n{\""@context\"":\""https://schema.org\"",\""@type\"":\""Article\"",\""headline\"":\""Campus education printing Sept back-to-school complete guide: 5 Products x ",138
A,"src/data/blog-data/en.json",644,23044,"書","JSON-LD","content","JSON-LD","content",,Y,Y,,"","""content"": ""<script type=\""application/ld+json\"">\n{\""@context\"":\""https://schema.org\"",\""@type\"":\""Article\"",\""headline\"":\""Campus education printing Sept back-to-school complete guide: 5 Products x ",138
A,"src/data/blog-data/en.json",644,23045,"編","JSON-LD","content","JSON-LD","content",,Y,Y,,"","""content"": ""<script type=\""application/ld+json\"">\n{\""@context\"":\""https://schema.org\"",\""@type\"":\""Article\"",\""headline\"":\""Campus education printing Sept back-to-school complete guide: 5 Products x ",138
A,"src/data/blog-data/en.json",644,23046,"號","JSON-LD","content","JSON-LD","content",,Y,Y,,"","""content"": ""<script type=\""application/ld+json\"">\n{\""@context\"":\""https://schema.org\"",\""@type\"":\""Article\"",\""headline\"":\""Campus education printing Sept back-to-school complete guide: 5 Products x ",138
A,"src/data/blog-data/en.json",644,23047,"備","JSON-LD","content","JSON-LD","content",,Y,Y,,"","""content"": ""<script type=\""application/ld+json\"">\n{\""@context\"":\""https://schema.org\"",\""@type\"":\""Article\"",\""headline\"":\""Campus education printing Sept back-to-school complete guide: 5 Products x ",138
A,"src/data/blog-data/en.json",644,23048,"索","JSON-LD","content","JSON-LD","content",,Y,Y,,"","""content"": ""<script type=\""application/ld+json\"">\n{\""@context\"":\""https://schema.org\"",\""@type\"":\""Article\"",\""headline\"":\""Campus education printing Sept back-to-school complete guide: 5 Products x ",138
A,"src/data/blog-data/en.json",644,23232,"答","JSON-LD","content","JSON-LD","content",,Y,Y,,"","""content"": ""<script type=\""application/ld+json\"">\n{\""@context\"":\""https://schema.org\"",\""@type\"":\""Article\"",\""headline\"":\""Campus education printing Sept back-to-school complete guide: 5 Products x ",138
A,"src/data/blog-data/en.json",644,23233,"案","JSON-LD","content","JSON-LD","content",,Y,Y,,"","""content"": ""<script type=\""application/ld+json\"">\n{\""@context\"":\""https://schema.org\"",\""@type\"":\""Article\"",\""headline\"":\""Campus education printing Sept back-to-school complete guide: 5 Products x ",138
A,"src/data/blog-data/en.json",644,23409,"答","JSON-LD","content","JSON-LD","content",,Y,Y,,"","""content"": ""<script type=\""application/ld+json\"">\n{\""@context\"":\""https://schema.org\"",\""@type\"":\""Article\"",\""headline\"":\""Campus education printing Sept back-to-school complete guide: 5 Products x ",138
A,"src/data/blog-data/en.json",644,23410,"案","JSON-LD","content","JSON-LD","content",,Y,Y,,"","""content"": ""<script type=\""application/ld+json\"">\n{\""@context\"":\""https://schema.org\"",\""@type\"":\""Article\"",\""headline\"":\""Campus education printing Sept back-to-school complete guide: 5 Products x ",138
A,"src/data/blog-data/en.json",644,23591,"答","JSON-LD","content","JSON-LD","content",,Y,Y,,"","""content"": ""<script type=\""application/ld+json\"">\n{\""@context\"":\""https://schema.org\"",\""@type\"":\""Article\"",\""headline\"":\""Campus education printing Sept back-to-school complete guide: 5 Products x ",138
A,"src/data/blog-data/en.json",644,23592,"案","JSON-LD","content","JSON-LD","content",,Y,Y,,"","""content"": ""<script type=\""application/ld+json\"">\n{\""@context\"":\""https://schema.org\"",\""@type\"":\""Article\"",\""headline\"":\""Campus education printing Sept back-to-school complete guide: 5 Products x ",138
A,"src/data/blog-data/en.json",644,23764,"答","JSON-LD","content","JSON-LD","content",,Y,Y,,"","""content"": ""<script type=\""application/ld+json\"">\n{\""@context\"":\""https://schema.org\"",\""@type\"":\""Article\"",\""headline\"":\""Campus education printing Sept back-to-school complete guide: 5 Products x ",138
A,"src/data/blog-data/en.json",644,23765,"案","JSON-LD","content","JSON-LD","content",,Y,Y,,"","""content"": ""<script type=\""application/ld+json\"">\n{\""@context\"":\""https://schema.org\"",\""@type\"":\""Article\"",\""headline\"":\""Campus education printing Sept back-to-school complete guide: 5 Products x ",138
A,"src/data/blog-data/en.json",644,23934,"答","JSON-LD","content","JSON-LD","content",,Y,Y,,"","""content"": ""<script type=\""application/ld+json\"">\n{\""@context\"":\""https://schema.org\"",\""@type\"":\""Article\"",\""headline\"":\""Campus education printing Sept back-to-school complete guide: 5 Products x ",138
A,"src/data/blog-data/en.json",644,23935,"案","JSON-LD","content","JSON-LD","content",,Y,Y,,"","""content"": ""<script type=\""application/ld+json\"">\n{\""@context\"":\""https://schema.org\"",\""@type\"":\""Article\"",\""headline\"":\""Campus education printing Sept back-to-school complete guide: 5 Products x ",138
A,"src/data/blog-data/en.json",644,24124,"答","JSON-LD","content","JSON-LD","content",,Y,Y,,"","""content"": ""<script type=\""application/ld+json\"">\n{\""@context\"":\""https://schema.org\"",\""@type\"":\""Article\"",\""headline\"":\""Campus education printing Sept back-to-school complete guide: 5 Products x ",138
A,"src/data/blog-data/en.json",644,24125,"案","JSON-LD","content","JSON-LD","content",,Y,Y,,"","""content"": ""<script type=\""application/ld+json\"">\n{\""@context\"":\""https://schema.org\"",\""@type\"":\""Article\"",\""headline\"":\""Campus education printing Sept back-to-school complete guide: 5 Products x ",138
A,"src/data/blog-data/en.json",644,24339,"答","JSON-LD","content","JSON-LD","content",,Y,Y,,"","""content"": ""<script type=\""application/ld+json\"">\n{\""@context\"":\""https://schema.org\"",\""@type\"":\""Article\"",\""headline\"":\""Campus education printing Sept back-to-school complete guide: 5 Products x ",138
A,"src/data/blog-data/en.json",644,24340,"案","JSON-LD","content","JSON-LD","content",,Y,Y,,"","""content"": ""<script type=\""application/ld+json\"">\n{\""@context\"":\""https://schema.org\"",\""@type\"":\""Article\"",\""headline\"":\""Campus education printing Sept back-to-school complete guide: 5 Products x ",138
A,"src/data/blog-data/en.json",644,24521,"答","JSON-LD","content","JSON-LD","content",,Y,Y,,"","""content"": ""<script type=\""application/ld+json\"">\n{\""@context\"":\""https://schema.org\"",\""@type\"":\""Article\"",\""headline\"":\""Campus education printing Sept back-to-school complete guide: 5 Products x ",138
A,"src/data/blog-data/en.json",644,24522,"案","JSON-LD","content","JSON-LD","content",,Y,Y,,"","""content"": ""<script type=\""application/ld+json\"">\n{\""@context\"":\""https://schema.org\"",\""@type\"":\""Article\"",\""headline\"":\""Campus education printing Sept back-to-school complete guide: 5 Products x ",138
A,"src/data/blog-data/en.json",644,24703,"答","JSON-LD","content","JSON-LD","content",,Y,Y,,"","""content"": ""<script type=\""application/ld+json\"">\n{\""@context\"":\""https://schema.org\"",\""@type\"":\""Article\"",\""headline\"":\""Campus education printing Sept back-to-school complete guide: 5 Products x ",138
A,"src/data/blog-data/en.json",644,24704,"案","JSON-LD","content","JSON-LD","content",,Y,Y,,"","""content"": ""<script type=\""application/ld+json\"">\n{\""@context\"":\""https://schema.org\"",\""@type\"":\""Article\"",\""headline\"":\""Campus education printing Sept back-to-school complete guide: 5 Products x ",138
A,"src/data/blog-data/en.json",644,24876,"答","JSON-LD","content","JSON-LD","content",,Y,Y,,"","""content"": ""<script type=\""application/ld+json\"">\n{\""@context\"":\""https://schema.org\"",\""@type\"":\""Article\"",\""headline\"":\""Campus education printing Sept back-to-school complete guide: 5 Products x ",138
A,"src/data/blog-data/en.json",644,24877,"案","JSON-LD","content","JSON-LD","content",,Y,Y,,"","""content"": ""<script type=\""application/ld+json\"">\n{\""@context\"":\""https://schema.org\"",\""@type\"":\""Article\"",\""headline\"":\""Campus education printing Sept back-to-school complete guide: 5 Products x ",138
A,"src/data/blog-data/en.json",644,25036,"答","JSON-LD","content","JSON-LD","content",,Y,Y,,"","""content"": ""<script type=\""application/ld+json\"">\n{\""@context\"":\""https://schema.org\"",\""@type\"":\""Article\"",\""headline\"":\""Campus education printing Sept back-to-school complete guide: 5 Products x ",138
A,"src/data/blog-data/en.json",644,25037,"案","JSON-LD","content","JSON-LD","content",,Y,Y,,"","""content"": ""<script type=\""application/ld+json\"">\n{\""@context\"":\""https://schema.org\"",\""@type\"":\""Article\"",\""headline\"":\""Campus education printing Sept back-to-school complete guide: 5 Products x ",138
A,"src/data/blog-data/en.json",644,26215,"答","JSON-LD","content","JSON-LD","content",,Y,Y,,"","""content"": ""<script type=\""application/ld+json\"">\n{\""@context\"":\""https://schema.org\"",\""@type\"":\""Article\"",\""headline\"":\""Campus education printing Sept back-to-school complete guide: 5 Products x ",138
A,"src/data/blog-data/en.json",644,26216,"案","JSON-LD","content","JSON-LD","content",,Y,Y,,"","""content"": ""<script type=\""application/ld+json\"">\n{\""@context\"":\""https://schema.org\"",\""@type\"":\""Article\"",\""headline\"":\""Campus education printing Sept back-to-school complete guide: 5 Products x ",138
A,"src/data/blog-data/en.json",677,16294,"並","JSON-LD","content","JSON-LD","content",,Y,Y,,"","""content"": ""<script type=\""application/ld+json\"">\n{\""@context\"":\""https://schema.org\"",\""@type\"":\""Article\"",\""headline\"":\""2026 Hong Kong Printing Cost Baseline Report: 99-SKU Price Data for Sticker",138
A,"src/data/blog-data/en.json",677,16295,"製","JSON-LD","content","JSON-LD","content",,Y,Y,,"","""content"": ""<script type=\""application/ld+json\"">\n{\""@context\"":\""https://schema.org\"",\""@type\"":\""Article\"",\""headline\"":\""2026 Hong Kong Printing Cost Baseline Report: 99-SKU Price Data for Sticker",138
A,"src/data/blog-data/en.json",677,16296,"本","JSON-LD","content","JSON-LD","content",,Y,Y,,"","""content"": ""<script type=\""application/ld+json\"">\n{\""@context\"":\""https://schema.org\"",\""@type\"":\""Article\"",\""headline\"":\""2026 Hong Kong Printing Cost Baseline Report: 99-SKU Price Data for Sticker",138
A,"src/data/blog-data/en.json",677,16350,"上","JSON-LD","content","JSON-LD","content",,Y,Y,,"","""content"": ""<script type=\""application/ld+json\"">\n{\""@context\"":\""https://schema.org\"",\""@type\"":\""Article\"",\""headline\"":\""2026 Hong Kong Printing Cost Baseline Report: 99-SKU Price Data for Sticker",138
A,"src/data/blog-data/en.json",677,16351,"製","JSON-LD","content","JSON-LD","content",,Y,Y,,"","""content"": ""<script type=\""application/ld+json\"">\n{\""@context\"":\""https://schema.org\"",\""@type\"":\""Article\"",\""headline\"":\""2026 Hong Kong Printing Cost Baseline Report: 99-SKU Price Data for Sticker",138
A,"src/data/blog-data/en.json",677,16352,"本","JSON-LD","content","JSON-LD","content",,Y,Y,,"","""content"": ""<script type=\""application/ld+json\"">\n{\""@context\"":\""https://schema.org\"",\""@type\"":\""Article\"",\""headline\"":\""2026 Hong Kong Printing Cost Baseline Report: 99-SKU Price Data for Sticker",138
A,"src/data/blog-data/en.json",691,3135,"證","JSON-LD","content","JSON-LD","content",,Y,Y,,"","""content"": ""<script type=\""application/ld+json\"">\n{\""@context\"":\""https://schema.org\"",\""@type\"":\""Article\"",\""headline\"":\""Print Specifications Complete Guide 2026: A1-A6 Sizes, CMYK Colors & 6 Prin",138
A,"src/data/blog-data/en.json",691,3136,"書","JSON-LD","content","JSON-LD","content",,Y,Y,,"","""content"": ""<script type=\""application/ld+json\"">\n{\""@context\"":\""https://schema.org\"",\""@type\"":\""Article\"",\""headline\"":\""Print Specifications Complete Guide 2026: A1-A6 Sizes, CMYK Colors & 6 Prin",138
A,"src/data/blog-data/en.json",691,3137,"編","JSON-LD","content","JSON-LD","content",,Y,Y,,"","""content"": ""<script type=\""application/ld+json\"">\n{\""@context\"":\""https://schema.org\"",\""@type\"":\""Article\"",\""headline\"":\""Print Specifications Complete Guide 2026: A1-A6 Sizes, CMYK Colors & 6 Prin",138
A,"src/data/blog-data/en.json",691,3138,"號","JSON-LD","content","JSON-LD","content",,Y,Y,,"","""content"": ""<script type=\""application/ld+json\"">\n{\""@context\"":\""https://schema.org\"",\""@type\"":\""Article\"",\""headline\"":\""Print Specifications Complete Guide 2026: A1-A6 Sizes, CMYK Colors & 6 Prin",138
A,"src/data/blog-data/en.json",691,3139,"備","JSON-LD","content","JSON-LD","content",,Y,Y,,"","""content"": ""<script type=\""application/ld+json\"">\n{\""@context\"":\""https://schema.org\"",\""@type\"":\""Article\"",\""headline\"":\""Print Specifications Complete Guide 2026: A1-A6 Sizes, CMYK Colors & 6 Prin",138
A,"src/data/blog-data/en.json",691,3140,"索","JSON-LD","content","JSON-LD","content",,Y,Y,,"","""content"": ""<script type=\""application/ld+json\"">\n{\""@context\"":\""https://schema.org\"",\""@type\"":\""Article\"",\""headline\"":\""Print Specifications Complete Guide 2026: A1-A6 Sizes, CMYK Colors & 6 Prin",138
A,"src/data/blog-data/en.json",691,24172,"證","JSON-LD","content","JSON-LD","content",,Y,Y,,"","""content"": ""<script type=\""application/ld+json\"">\n{\""@context\"":\""https://schema.org\"",\""@type\"":\""Article\"",\""headline\"":\""Print Specifications Complete Guide 2026: A1-A6 Sizes, CMYK Colors & 6 Prin",138
A,"src/data/blog-data/en.json",691,24173,"書","JSON-LD","content","JSON-LD","content",,Y,Y,,"","""content"": ""<script type=\""application/ld+json\"">\n{\""@context\"":\""https://schema.org\"",\""@type\"":\""Article\"",\""headline\"":\""Print Specifications Complete Guide 2026: A1-A6 Sizes, CMYK Colors & 6 Prin",138
A,"src/data/blog-data/en.json",691,24174,"編","JSON-LD","content","JSON-LD","content",,Y,Y,,"","""content"": ""<script type=\""application/ld+json\"">\n{\""@context\"":\""https://schema.org\"",\""@type\"":\""Article\"",\""headline\"":\""Print Specifications Complete Guide 2026: A1-A6 Sizes, CMYK Colors & 6 Prin",138
A,"src/data/blog-data/en.json",691,24175,"號","JSON-LD","content","JSON-LD","content",,Y,Y,,"","""content"": ""<script type=\""application/ld+json\"">\n{\""@context\"":\""https://schema.org\"",\""@type\"":\""Article\"",\""headline\"":\""Print Specifications Complete Guide 2026: A1-A6 Sizes, CMYK Colors & 6 Prin",138
A,"src/data/blog-data/en.json",691,24176,"備","JSON-LD","content","JSON-LD","content",,Y,Y,,"","""content"": ""<script type=\""application/ld+json\"">\n{\""@context\"":\""https://schema.org\"",\""@type\"":\""Article\"",\""headline\"":\""Print Specifications Complete Guide 2026: A1-A6 Sizes, CMYK Colors & 6 Prin",138
A,"src/data/blog-data/en.json",691,24177,"索","JSON-LD","content","JSON-LD","content",,Y,Y,,"","""content"": ""<script type=\""application/ld+json\"">\n{\""@context\"":\""https://schema.org\"",\""@type\"":\""Article\"",\""headline\"":\""Print Specifications Complete Guide 2026: A1-A6 Sizes, CMYK Colors & 6 Prin",138
A,"src/data/blog-data/en.json",691,24603,"證","JSON-LD","content","JSON-LD","content",,Y,Y,,"","""content"": ""<script type=\""application/ld+json\"">\n{\""@context\"":\""https://schema.org\"",\""@type\"":\""Article\"",\""headline\"":\""Print Specifications Complete Guide 2026: A1-A6 Sizes, CMYK Colors & 6 Prin",138
A,"src/data/blog-data/en.json",691,24604,"書","JSON-LD","content","JSON-LD","content",,Y,Y,,"","""content"": ""<script type=\""application/ld+json\"">\n{\""@context\"":\""https://schema.org\"",\""@type\"":\""Article\"",\""headline\"":\""Print Specifications Complete Guide 2026: A1-A6 Sizes, CMYK Colors & 6 Prin",138
A,"src/data/blog-data/en.json",691,24605,"編","JSON-LD","content","JSON-LD","content",,Y,Y,,"","""content"": ""<script type=\""application/ld+json\"">\n{\""@context\"":\""https://schema.org\"",\""@type\"":\""Article\"",\""headline\"":\""Print Specifications Complete Guide 2026: A1-A6 Sizes, CMYK Colors & 6 Prin",138
A,"src/data/blog-data/en.json",691,24606,"號","JSON-LD","content","JSON-LD","content",,Y,Y,,"","""content"": ""<script type=\""application/ld+json\"">\n{\""@context\"":\""https://schema.org\"",\""@type\"":\""Article\"",\""headline\"":\""Print Specifications Complete Guide 2026: A1-A6 Sizes, CMYK Colors & 6 Prin",138
A,"src/data/blog-data/en.json",691,24607,"備","JSON-LD","content","JSON-LD","content",,Y,Y,,"","""content"": ""<script type=\""application/ld+json\"">\n{\""@context\"":\""https://schema.org\"",\""@type\"":\""Article\"",\""headline\"":\""Print Specifications Complete Guide 2026: A1-A6 Sizes, CMYK Colors & 6 Prin",138
A,"src/data/blog-data/en.json",691,24608,"索","JSON-LD","content","JSON-LD","content",,Y,Y,,"","""content"": ""<script type=\""application/ld+json\"">\n{\""@context\"":\""https://schema.org\"",\""@type\"":\""Article\"",\""headline\"":\""Print Specifications Complete Guide 2026: A1-A6 Sizes, CMYK Colors & 6 Prin",138
A,"src/data/blog-data/en.json",702,18,"書","category","category","category","category",,Y,Y,,"","""category"": ""書籍印刷"",",33
A,"src/data/blog-data/en.json",702,19,"籍","category","category","category","category",,Y,Y,,"","""category"": ""書籍印刷"",",33
A,"src/data/blog-data/en.json",702,20,"印","category","category","category","category",,Y,Y,,"","""category"": ""書籍印刷"",",33
A,"src/data/blog-data/en.json",702,21,"刷","category","category","category","category",,Y,Y,,"","""category"": ""書籍印刷"",",33
A,"src/data/blog-data/en.json",709,134,"认","description","description","description","description",,Y,Y,,"","""description"": ""School exercise book printing 100 MOQ, 4 paper stocks + 3 bindings + 4 print modes ZprintPro global clients, ISO 认证体系 + FSC + FDA + EU REACH, DHL 2-4 day, 30s WhatsApp quote."",",53
A,"src/data/blog-data/en.json",709,135,"证","description","description","description","description",,Y,Y,,"","""description"": ""School exercise book printing 100 MOQ, 4 paper stocks + 3 bindings + 4 print modes ZprintPro global clients, ISO 认证体系 + FSC + FDA + EU REACH, DHL 2-4 day, 30s WhatsApp quote."",",53
A,"src/data/blog-data/en.json",709,136,"体","description","description","description","description",,Y,Y,,"","""description"": ""School exercise book printing 100 MOQ, 4 paper stocks + 3 bindings + 4 print modes ZprintPro global clients, ISO 认证体系 + FSC + FDA + EU REACH, DHL 2-4 day, 30s WhatsApp quote."",",53
A,"src/data/blog-data/en.json",709,137,"系","description","description","description","description",,Y,Y,,"","""description"": ""School exercise book printing 100 MOQ, 4 paper stocks + 3 bindings + 4 print modes ZprintPro global clients, ISO 认证体系 + FSC + FDA + EU REACH, DHL 2-4 day, 30s WhatsApp quote."",",53
A,"src/data/blog-data/en.json",712,664,"认","JSON-LD","content","JSON-LD","content",,Y,Y,,"","""content"": ""<script type=\""application/ld+json\"">\n{\""@context\"":\""https://schema.org\"",\""@type\"":\""Article\"",\""headline\"":\""School Exercise Book Printing Guide 2026: 4 Stocks 3 Bindings 100 MOQ\"",\""d",138
A,"src/data/blog-data/en.json",712,665,"证","JSON-LD","content","JSON-LD","content",,Y,Y,,"","""content"": ""<script type=\""application/ld+json\"">\n{\""@context\"":\""https://schema.org\"",\""@type\"":\""Article\"",\""headline\"":\""School Exercise Book Printing Guide 2026: 4 Stocks 3 Bindings 100 MOQ\"",\""d",138
A,"src/data/blog-data/en.json",712,666,"体","JSON-LD","content","JSON-LD","content",,Y,Y,,"","""content"": ""<script type=\""application/ld+json\"">\n{\""@context\"":\""https://schema.org\"",\""@type\"":\""Article\"",\""headline\"":\""School Exercise Book Printing Guide 2026: 4 Stocks 3 Bindings 100 MOQ\"",\""d",138
A,"src/data/blog-data/en.json",712,667,"系","JSON-LD","content","JSON-LD","content",,Y,Y,,"","""content"": ""<script type=\""application/ld+json\"">\n{\""@context\"":\""https://schema.org\"",\""@type\"":\""Article\"",\""headline\"":\""School Exercise Book Printing Guide 2026: 4 Stocks 3 Bindings 100 MOQ\"",\""d",138
A,"src/data/blog-data/en.json",712,1499,"月","JSON-LD","content","JSON-LD","content",,Y,Y,,"","""content"": ""<script type=\""application/ld+json\"">\n{\""@context\"":\""https://schema.org\"",\""@type\"":\""Article\"",\""headline\"":\""School Exercise Book Printing Guide 2026: 4 Stocks 3 Bindings 100 MOQ\"",\""d",138
A,"src/data/blog-data/en.json",712,1531,"月","JSON-LD","content","JSON-LD","content",,Y,Y,,"","""content"": ""<script type=\""application/ld+json\"">\n{\""@context\"":\""https://schema.org\"",\""@type\"":\""Article\"",\""headline\"":\""School Exercise Book Printing Guide 2026: 4 Stocks 3 Bindings 100 MOQ\"",\""d",138
A,"src/data/blog-data/en.json",712,1855,"认","JSON-LD","content","JSON-LD","content",,Y,Y,,"","""content"": ""<script type=\""application/ld+json\"">\n{\""@context\"":\""https://schema.org\"",\""@type\"":\""Article\"",\""headline\"":\""School Exercise Book Printing Guide 2026: 4 Stocks 3 Bindings 100 MOQ\"",\""d",138
A,"src/data/blog-data/en.json",712,1856,"证","JSON-LD","content","JSON-LD","content",,Y,Y,,"","""content"": ""<script type=\""application/ld+json\"">\n{\""@context\"":\""https://schema.org\"",\""@type\"":\""Article\"",\""headline\"":\""School Exercise Book Printing Guide 2026: 4 Stocks 3 Bindings 100 MOQ\"",\""d",138
A,"src/data/blog-data/en.json",712,1857,"体","JSON-LD","content","JSON-LD","content",,Y,Y,,"","""content"": ""<script type=\""application/ld+json\"">\n{\""@context\"":\""https://schema.org\"",\""@type\"":\""Article\"",\""headline\"":\""School Exercise Book Printing Guide 2026: 4 Stocks 3 Bindings 100 MOQ\"",\""d",138
A,"src/data/blog-data/en.json",712,1858,"系","JSON-LD","content","JSON-LD","content",,Y,Y,,"","""content"": ""<script type=\""application/ld+json\"">\n{\""@context\"":\""https://schema.org\"",\""@type\"":\""Article\"",\""headline\"":\""School Exercise Book Printing Guide 2026: 4 Stocks 3 Bindings 100 MOQ\"",\""d",138
A,"src/data/blog-data/en.json",712,1866,"认","JSON-LD","content","JSON-LD","content",,Y,Y,,"","""content"": ""<script type=\""application/ld+json\"">\n{\""@context\"":\""https://schema.org\"",\""@type\"":\""Article\"",\""headline\"":\""School Exercise Book Printing Guide 2026: 4 Stocks 3 Bindings 100 MOQ\"",\""d",138
A,"src/data/blog-data/en.json",712,1867,"证","JSON-LD","content","JSON-LD","content",,Y,Y,,"","""content"": ""<script type=\""application/ld+json\"">\n{\""@context\"":\""https://schema.org\"",\""@type\"":\""Article\"",\""headline\"":\""School Exercise Book Printing Guide 2026: 4 Stocks 3 Bindings 100 MOQ\"",\""d",138
A,"src/data/blog-data/en.json",712,3456,"认","JSON-LD","content","JSON-LD","content",,Y,Y,,"","""content"": ""<script type=\""application/ld+json\"">\n{\""@context\"":\""https://schema.org\"",\""@type\"":\""Article\"",\""headline\"":\""School Exercise Book Printing Guide 2026: 4 Stocks 3 Bindings 100 MOQ\"",\""d",138
A,"src/data/blog-data/en.json",712,3457,"证","JSON-LD","content","JSON-LD","content",,Y,Y,,"","""content"": ""<script type=\""application/ld+json\"">\n{\""@context\"":\""https://schema.org\"",\""@type\"":\""Article\"",\""headline\"":\""School Exercise Book Printing Guide 2026: 4 Stocks 3 Bindings 100 MOQ\"",\""d",138
A,"src/data/blog-data/en.json",712,3458,"体","JSON-LD","content","JSON-LD","content",,Y,Y,,"","""content"": ""<script type=\""application/ld+json\"">\n{\""@context\"":\""https://schema.org\"",\""@type\"":\""Article\"",\""headline\"":\""School Exercise Book Printing Guide 2026: 4 Stocks 3 Bindings 100 MOQ\"",\""d",138
A,"src/data/blog-data/en.json",712,3459,"系","JSON-LD","content","JSON-LD","content",,Y,Y,,"","""content"": ""<script type=\""application/ld+json\"">\n{\""@context\"":\""https://schema.org\"",\""@type\"":\""Article\"",\""headline\"":\""School Exercise Book Printing Guide 2026: 4 Stocks 3 Bindings 100 MOQ\"",\""d",138
A,"src/data/blog-data/en.json",728,6486,"彩","content","content","content","content",,Y,Y,,"","""content"": ""<p>If you are printing a zine in 2026, the two questions that decide everything are <strong>how many copies you must order</strong> and <strong>what one copy costs</strong>. Saddle-stitche",688
A,"src/data/blog-data/en.json",728,6487,"龍","content","content","content","content",,Y,Y,,"","""content"": ""<p>If you are printing a zine in 2026, the two questions that decide everything are <strong>how many copies you must order</strong> and <strong>what one copy costs</strong>. Saddle-stitche",688
A,"src/data/blog-data/en.json",728,6488,"印","content","content","content","content",,Y,Y,,"","""content"": ""<p>If you are printing a zine in 2026, the two questions that decide everything are <strong>how many copies you must order</strong> and <strong>what one copy costs</strong>. Saddle-stitche",688
A,"src/data/blog-data/en.json",728,6489,"刷","content","content","content","content",,Y,Y,,"","""content"": ""<p>If you are printing a zine in 2026, the two questions that decide everything are <strong>how many copies you must order</strong> and <strong>what one copy costs</strong>. Saddle-stitche",688
A,"src/data/category-seo-content.ts",537,76,"满","content","points","content","points",Y,Y,Y,,"","'Variable size output up to 3.2 meters wide, unlimited length —满足 building hoarding and other large-scale needs.',",6
A,"src/data/category-seo-content.ts",537,77,"足","content","points","content","points",Y,Y,Y,,"","'Variable size output up to 3.2 meters wide, unlimited length —满足 building hoarding and other large-scale needs.',",6
A,"src/data/category-seo-content.ts",2108,96,"立","description","description","description","description",,Y,Y,,"","{ name: '3D Craft', description: 'Three-dimensional effects transform flat packets into立体 artworks with extremely high collectible value.' },",6
A,"src/data/category-seo-content.ts",2108,97,"体","description","description","description","description",,Y,Y,,"","{ name: '3D Craft', description: 'Three-dimensional effects transform flat packets into立体 artworks with extremely high collectible value.' },",6
A,"src/data/category-seo-content.ts",2109,60,"镂","description","description","description","description",,Y,Y,,"","{ name: 'Laser Cutting', description: 'Fine pattern镂空 cutting with dreamy light-through effects — ideal for premium customization.' },",6
A,"src/data/category-seo-content.ts",2109,61,"空","description","description","description","description",,Y,Y,,"","{ name: 'Laser Cutting', description: 'Fine pattern镂空 cutting with dreamy light-through effects — ideal for premium customization.' },",6
A,"src/data/category-seo-content.ts",2788,85,"镂","content","points","content","points",Y,Y,Y,,"","'Precision die-cutting with fully customizable shapes: round, irregular,镂空.',",6
A,"src/data/category-seo-content.ts",2788,86,"空","content","points","content","points",Y,Y,Y,,"","'Precision die-cutting with fully customizable shapes: round, irregular,镂空.',",6
A,"src/data/category-seo-content.ts",4606,40,"離","content","points","content","points",Y,Y,Y,,"","'Local SF Express 24h HK,離島 1-2 days, free pickup over HKD 500',",6
A,"src/data/category-seo-content.ts",4606,41,"島","content","points","content","points",Y,Y,Y,,"","'Local SF Express 24h HK,離島 1-2 days, free pickup over HKD 500',",6
A,"src/data/category-seo-content.ts",4655,74,"離","description","description","description","description",,Y,Y,,"","{ title: 'SF Express Local 24h', description: 'HK 24h delivery,離島 1-2 days, free pickup over HKD 500' },",6
A,"src/data/category-seo-content.ts",4655,75,"島","description","description","description","description",,Y,Y,,"","{ title: 'SF Express Local 24h', description: 'HK 24h delivery,離島 1-2 days, free pickup over HKD 500' },",6
A,"src/data/buying-guides.ts",930,5690,"輸","其他","en","其他","en",,Y,Y,,"","en: '<p>Candle and soap labels need <strong>FDA food-safe materials</strong>, <strong>water-resistant finishes</strong>, and <strong>small-batch MOQ (100-500 pcs)</strong> to survive handmade soap lat",38
A,"src/data/buying-guides.ts",930,5691,"入","其他","en","其他","en",,Y,Y,,"","en: '<p>Candle and soap labels need <strong>FDA food-safe materials</strong>, <strong>water-resistant finishes</strong>, and <strong>small-batch MOQ (100-500 pcs)</strong> to survive handmade soap lat",38
A,"src/data/buying-guides.ts",930,5692,"六","其他","en","其他","en",,Y,Y,,"","en: '<p>Candle and soap labels need <strong>FDA food-safe materials</strong>, <strong>water-resistant finishes</strong>, and <strong>small-batch MOQ (100-500 pcs)</strong> to survive handmade soap lat",38
A,"src/data/buying-guides.ts",930,5693,"色","其他","en","其他","en",,Y,Y,,"","en: '<p>Candle and soap labels need <strong>FDA food-safe materials</strong>, <strong>water-resistant finishes</strong>, and <strong>small-batch MOQ (100-500 pcs)</strong> to survive handmade soap lat",38
A,"src/data/buying-guides.ts",930,5694,"印","其他","en","其他","en",,Y,Y,,"","en: '<p>Candle and soap labels need <strong>FDA food-safe materials</strong>, <strong>water-resistant finishes</strong>, and <strong>small-batch MOQ (100-500 pcs)</strong> to survive handmade soap lat",38
A,"src/data/buying-guides.ts",930,5695,"刷","其他","en","其他","en",,Y,Y,,"","en: '<p>Candle and soap labels need <strong>FDA food-safe materials</strong>, <strong>water-resistant finishes</strong>, and <strong>small-batch MOQ (100-500 pcs)</strong> to survive handmade soap lat",38
A,"src/data/buying-guides.ts",930,5696,"設","其他","en","其他","en",,Y,Y,,"","en: '<p>Candle and soap labels need <strong>FDA food-safe materials</strong>, <strong>water-resistant finishes</strong>, and <strong>small-batch MOQ (100-500 pcs)</strong> to survive handmade soap lat",38
A,"src/data/buying-guides.ts",930,5697,"備","其他","en","其他","en",,Y,Y,,"","en: '<p>Candle and soap labels need <strong>FDA food-safe materials</strong>, <strong>water-resistant finishes</strong>, and <strong>small-batch MOQ (100-500 pcs)</strong> to survive handmade soap lat",38
A,"src/data/buying-guides.ts",930,7184,"批","其他","en","其他","en",,Y,Y,,"","en: '<p>Candle and soap labels need <strong>FDA food-safe materials</strong>, <strong>water-resistant finishes</strong>, and <strong>small-batch MOQ (100-500 pcs)</strong> to survive handmade soap lat",38
A,"src/data/buying-guides.ts",930,7185,"量","其他","en","其他","en",,Y,Y,,"","en: '<p>Candle and soap labels need <strong>FDA food-safe materials</strong>, <strong>water-resistant finishes</strong>, and <strong>small-batch MOQ (100-500 pcs)</strong> to survive handmade soap lat",38
A,"src/data/buying-guides.ts",930,7186,"以","其他","en","其他","en",,Y,Y,,"","en: '<p>Candle and soap labels need <strong>FDA food-safe materials</strong>, <strong>water-resistant finishes</strong>, and <strong>small-batch MOQ (100-500 pcs)</strong> to survive handmade soap lat",38
A,"src/data/buying-guides.ts",930,7187,"上","其他","en","其他","en",,Y,Y,,"","en: '<p>Candle and soap labels need <strong>FDA food-safe materials</strong>, <strong>water-resistant finishes</strong>, and <strong>small-batch MOQ (100-500 pcs)</strong> to survive handmade soap lat",38
A,"src/data/buying-guides.ts",930,7838,"批","其他","en","其他","en",,Y,Y,,"","en: '<p>Candle and soap labels need <strong>FDA food-safe materials</strong>, <strong>water-resistant finishes</strong>, and <strong>small-batch MOQ (100-500 pcs)</strong> to survive handmade soap lat",38
A,"src/data/buying-guides.ts",930,7839,"量","其他","en","其他","en",,Y,Y,,"","en: '<p>Candle and soap labels need <strong>FDA food-safe materials</strong>, <strong>water-resistant finishes</strong>, and <strong>small-batch MOQ (100-500 pcs)</strong> to survive handmade soap lat",38
A,"src/data/buying-guides.ts",930,7840,"以","其他","en","其他","en",,Y,Y,,"","en: '<p>Candle and soap labels need <strong>FDA food-safe materials</strong>, <strong>water-resistant finishes</strong>, and <strong>small-batch MOQ (100-500 pcs)</strong> to survive handmade soap lat",38
A,"src/data/buying-guides.ts",930,7841,"上","其他","en","其他","en",,Y,Y,,"","en: '<p>Candle and soap labels need <strong>FDA food-safe materials</strong>, <strong>water-resistant finishes</strong>, and <strong>small-batch MOQ (100-500 pcs)</strong> to survive handmade soap lat",38
A,"src/data/buying-guides.ts",930,8755,"数","其他","en","其他","en",,Y,Y,,"","en: '<p>Candle and soap labels need <strong>FDA food-safe materials</strong>, <strong>water-resistant finishes</strong>, and <strong>small-batch MOQ (100-500 pcs)</strong> to survive handmade soap lat",38
A,"src/data/buying-guides.ts",930,8756,"据","其他","en","其他","en",,Y,Y,,"","en: '<p>Candle and soap labels need <strong>FDA food-safe materials</strong>, <strong>water-resistant finishes</strong>, and <strong>small-batch MOQ (100-500 pcs)</strong> to survive handmade soap lat",38
A,"src/data/buying-guides.ts",930,8757,"来","其他","en","其他","en",,Y,Y,,"","en: '<p>Candle and soap labels need <strong>FDA food-safe materials</strong>, <strong>water-resistant finishes</strong>, and <strong>small-batch MOQ (100-500 pcs)</strong> to survive handmade soap lat",38
A,"src/data/buying-guides.ts",930,8758,"源","其他","en","其他","en",,Y,Y,,"","en: '<p>Candle and soap labels need <strong>FDA food-safe materials</strong>, <strong>water-resistant finishes</strong>, and <strong>small-batch MOQ (100-500 pcs)</strong> to survive handmade soap lat",38
A,"src/data/buying-guides.ts",930,8764,"数","其他","en","其他","en",,Y,Y,,"","en: '<p>Candle and soap labels need <strong>FDA food-safe materials</strong>, <strong>water-resistant finishes</strong>, and <strong>small-batch MOQ (100-500 pcs)</strong> to survive handmade soap lat",38
A,"src/data/buying-guides.ts",930,8765,"据","其他","en","其他","en",,Y,Y,,"","en: '<p>Candle and soap labels need <strong>FDA food-safe materials</strong>, <strong>water-resistant finishes</strong>, and <strong>small-batch MOQ (100-500 pcs)</strong> to survive handmade soap lat",38
A,"src/data/buying-guides.ts",930,8818,"数","其他","en","其他","en",,Y,Y,,"","en: '<p>Candle and soap labels need <strong>FDA food-safe materials</strong>, <strong>water-resistant finishes</strong>, and <strong>small-batch MOQ (100-500 pcs)</strong> to survive handmade soap lat",38
A,"src/data/buying-guides.ts",930,8819,"据","其他","en","其他","en",,Y,Y,,"","en: '<p>Candle and soap labels need <strong>FDA food-safe materials</strong>, <strong>water-resistant finishes</strong>, and <strong>small-batch MOQ (100-500 pcs)</strong> to survive handmade soap lat",38
A,"src/data/buying-guides.ts",930,8827,"数","其他","en","其他","en",,Y,Y,,"","en: '<p>Candle and soap labels need <strong>FDA food-safe materials</strong>, <strong>water-resistant finishes</strong>, and <strong>small-batch MOQ (100-500 pcs)</strong> to survive handmade soap lat",38
A,"src/data/buying-guides.ts",930,8828,"据","其他","en","其他","en",,Y,Y,,"","en: '<p>Candle and soap labels need <strong>FDA food-safe materials</strong>, <strong>water-resistant finishes</strong>, and <strong>small-batch MOQ (100-500 pcs)</strong> to survive handmade soap lat",38
A,"src/data/buying-guides.ts",930,8843,"九","其他","en","其他","en",,Y,Y,,"","en: '<p>Candle and soap labels need <strong>FDA food-safe materials</strong>, <strong>water-resistant finishes</strong>, and <strong>small-batch MOQ (100-500 pcs)</strong> to survive handmade soap lat",38
A,"src/data/buying-guides.ts",930,8853,"数","其他","en","其他","en",,Y,Y,,"","en: '<p>Candle and soap labels need <strong>FDA food-safe materials</strong>, <strong>water-resistant finishes</strong>, and <strong>small-batch MOQ (100-500 pcs)</strong> to survive handmade soap lat",38
A,"src/data/buying-guides.ts",930,8854,"据","其他","en","其他","en",,Y,Y,,"","en: '<p>Candle and soap labels need <strong>FDA food-safe materials</strong>, <strong>water-resistant finishes</strong>, and <strong>small-batch MOQ (100-500 pcs)</strong> to survive handmade soap lat",38
A,"src/data/buying-guides.ts",930,8855,"诚","其他","en","其他","en",,Y,Y,,"","en: '<p>Candle and soap labels need <strong>FDA food-safe materials</strong>, <strong>water-resistant finishes</strong>, and <strong>small-batch MOQ (100-500 pcs)</strong> to survive handmade soap lat",38
A,"src/data/buying-guides.ts",930,8856,"信","其他","en","其他","en",,Y,Y,,"","en: '<p>Candle and soap labels need <strong>FDA food-safe materials</strong>, <strong>water-resistant finishes</strong>, and <strong>small-batch MOQ (100-500 pcs)</strong> to survive handmade soap lat",38
A,"src/data/buying-guides.ts",930,8857,"红","其他","en","其他","en",,Y,Y,,"","en: '<p>Candle and soap labels need <strong>FDA food-safe materials</strong>, <strong>water-resistant finishes</strong>, and <strong>small-batch MOQ (100-500 pcs)</strong> to survive handmade soap lat",38
A,"src/data/buying-guides.ts",930,8858,"线","其他","en","其他","en",,Y,Y,,"","en: '<p>Candle and soap labels need <strong>FDA food-safe materials</strong>, <strong>water-resistant finishes</strong>, and <strong>small-batch MOQ (100-500 pcs)</strong> to survive handmade soap lat",38
A,"src/data/buying-guides.ts",930,8861,"校","其他","en","其他","en",,Y,Y,,"","en: '<p>Candle and soap labels need <strong>FDA food-safe materials</strong>, <strong>water-resistant finishes</strong>, and <strong>small-batch MOQ (100-500 pcs)</strong> to survive handmade soap lat",38
A,"src/data/buying-guides.ts",930,8862,"准","其他","en","其他","en",,Y,Y,,"","en: '<p>Candle and soap labels need <strong>FDA food-safe materials</strong>, <strong>water-resistant finishes</strong>, and <strong>small-batch MOQ (100-500 pcs)</strong> to survive handmade soap lat",38
A,"src/data/buying-guides.ts",930,8882,"拍","其他","en","其他","en",,Y,Y,,"","en: '<p>Candle and soap labels need <strong>FDA food-safe materials</strong>, <strong>water-resistant finishes</strong>, and <strong>small-batch MOQ (100-500 pcs)</strong> to survive handmade soap lat",38
A,"src/data/buying-guides.ts",930,8883,"板","其他","en","其他","en",,Y,Y,,"","en: '<p>Candle and soap labels need <strong>FDA food-safe materials</strong>, <strong>water-resistant finishes</strong>, and <strong>small-batch MOQ (100-500 pcs)</strong> to survive handmade soap lat",38
A,"src/data/buying-guides.ts",930,8884,"日","其他","en","其他","en",,Y,Y,,"","en: '<p>Candle and soap labels need <strong>FDA food-safe materials</strong>, <strong>water-resistant finishes</strong>, and <strong>small-batch MOQ (100-500 pcs)</strong> to survive handmade soap lat",38
A,"src/data/sku-seo-data.ts",3482,25,"壓","description","description","description","description",,Y,Y,,"","""description"": ""壓紋名片"",",8
A,"src/data/sku-seo-data.ts",3482,26,"紋","description","description","description","description",,Y,Y,,"","""description"": ""壓紋名片"",",8
A,"src/data/sku-seo-data.ts",3482,27,"名","description","description","description","description",,Y,Y,,"","""description"": ""壓紋名片"",",8
A,"src/data/sku-seo-data.ts",3482,28,"片","description","description","description","description",,Y,Y,,"","""description"": ""壓紋名片"",",8
A,"src/data/sku-seo-data.ts",3483,16,"婚","title","h1","title","h1",,Y,Y,,"","""h1"": ""婚禮名片"",",10
A,"src/data/sku-seo-data.ts",3483,17,"禮","title","h1","title","h1",,Y,Y,,"","""h1"": ""婚禮名片"",",10
A,"src/data/sku-seo-data.ts",3483,18,"名","title","h1","title","h1",,Y,Y,,"","""h1"": ""婚禮名片"",",10
A,"src/data/sku-seo-data.ts",3483,19,"片","title","h1","title","h1",,Y,Y,,"","""h1"": ""婚禮名片"",",10
A,"src/data/sku-seo-data.ts",3485,16,"名","其他","keywords","其他","keywords",Y,Y,Y,,"","""400g名片""",10
A,"src/data/sku-seo-data.ts",3485,17,"片","其他","keywords","其他","keywords",Y,Y,Y,,"","""400g名片""",10
A,"src/data/sku-seo-data.ts",3515,14,"厚","其他","en","其他","en",,Y,Y,,"","""en"": ""厚口 カード"",",10
A,"src/data/sku-seo-data.ts",3515,15,"口","其他","en","其他","en",,Y,Y,,"","""en"": ""厚口 カード"",",10
A,"src/data/sku-seo-data.ts",3537,25,"婚","description","description","description","description",,Y,Y,,"","""description"": ""婚禮名片"",",8
A,"src/data/sku-seo-data.ts",3537,26,"禮","description","description","description","description",,Y,Y,,"","""description"": ""婚禮名片"",",8
A,"src/data/sku-seo-data.ts",3537,27,"名","description","description","description","description",,Y,Y,,"","""description"": ""婚禮名片"",",8
A,"src/data/sku-seo-data.ts",3537,28,"片","description","description","description","description",,Y,Y,,"","""description"": ""婚禮名片"",",8
A,"src/data/sku-seo-data.ts",3538,16,"金","title","h1","title","h1",,Y,Y,,"","""h1"": ""金屬光澤名片"",",10
A,"src/data/sku-seo-data.ts",3538,17,"屬","title","h1","title","h1",,Y,Y,,"","""h1"": ""金屬光澤名片"",",10
A,"src/data/sku-seo-data.ts",3538,18,"光","title","h1","title","h1",,Y,Y,,"","""h1"": ""金屬光澤名片"",",10
A,"src/data/sku-seo-data.ts",3538,19,"澤","title","h1","title","h1",,Y,Y,,"","""h1"": ""金屬光澤名片"",",10
A,"src/data/sku-seo-data.ts",3538,20,"名","title","h1","title","h1",,Y,Y,,"","""h1"": ""金屬光澤名片"",",10
A,"src/data/sku-seo-data.ts",3538,21,"片","title","h1","title","h1",,Y,Y,,"","""h1"": ""金屬光澤名片"",",10
A,"src/data/sku-seo-data.ts",3540,12,"燙","其他","keywords","其他","keywords",Y,Y,Y,,"","""燙金名片""",10
A,"src/data/sku-seo-data.ts",3540,13,"金","其他","keywords","其他","keywords",Y,Y,Y,,"","""燙金名片""",10
A,"src/data/sku-seo-data.ts",3540,14,"名","其他","keywords","其他","keywords",Y,Y,Y,,"","""燙金名片""",10
A,"src/data/sku-seo-data.ts",3540,15,"片","其他","keywords","其他","keywords",Y,Y,Y,,"","""燙金名片""",10
A,"src/data/sku-seo-data.ts",3570,14,"箔","其他","en","其他","en",,Y,Y,,"","""en"": ""箔押し カード"",",10
A,"src/data/sku-seo-data.ts",3570,15,"押","其他","en","其他","en",,Y,Y,,"","""en"": ""箔押し カード"",",10
A,"src/app/[locale]/payment-methods/page.tsx",697,23,"深","其他","beneficiaryCn","其他","beneficiaryCn",,Y,Y,,"WL-1(法人全称);WL-4(品牌名)","beneficiaryCn: '深圳市彩龍印刷包裝有限公司',",13
A,"src/app/[locale]/payment-methods/page.tsx",697,24,"圳","其他","beneficiaryCn","其他","beneficiaryCn",,Y,Y,,"WL-1(法人全称);WL-4(品牌名)","beneficiaryCn: '深圳市彩龍印刷包裝有限公司',",13
A,"src/app/[locale]/payment-methods/page.tsx",697,25,"市","其他","beneficiaryCn","其他","beneficiaryCn",,Y,Y,,"WL-1(法人全称);WL-4(品牌名)","beneficiaryCn: '深圳市彩龍印刷包裝有限公司',",13
A,"src/app/[locale]/payment-methods/page.tsx",697,26,"彩","其他","beneficiaryCn","其他","beneficiaryCn",,Y,Y,,"WL-1(法人全称);WL-4(品牌名)","beneficiaryCn: '深圳市彩龍印刷包裝有限公司',",13
A,"src/app/[locale]/payment-methods/page.tsx",697,27,"龍","其他","beneficiaryCn","其他","beneficiaryCn",,Y,Y,,"WL-1(法人全称);WL-4(品牌名)","beneficiaryCn: '深圳市彩龍印刷包裝有限公司',",13
A,"src/app/[locale]/payment-methods/page.tsx",697,28,"印","其他","beneficiaryCn","其他","beneficiaryCn",,Y,Y,,"WL-1(法人全称);WL-4(品牌名)","beneficiaryCn: '深圳市彩龍印刷包裝有限公司',",13
A,"src/app/[locale]/payment-methods/page.tsx",697,29,"刷","其他","beneficiaryCn","其他","beneficiaryCn",,Y,Y,,"WL-1(法人全称);WL-4(品牌名)","beneficiaryCn: '深圳市彩龍印刷包裝有限公司',",13
A,"src/app/[locale]/payment-methods/page.tsx",697,30,"包","其他","beneficiaryCn","其他","beneficiaryCn",,Y,Y,,"WL-1(法人全称);WL-4(品牌名)","beneficiaryCn: '深圳市彩龍印刷包裝有限公司',",13
A,"src/app/[locale]/payment-methods/page.tsx",697,31,"裝","其他","beneficiaryCn","其他","beneficiaryCn",,Y,Y,,"WL-1(法人全称);WL-4(品牌名)","beneficiaryCn: '深圳市彩龍印刷包裝有限公司',",13
A,"src/app/[locale]/payment-methods/page.tsx",697,32,"有","其他","beneficiaryCn","其他","beneficiaryCn",,Y,Y,,"WL-1(法人全称);WL-4(品牌名)","beneficiaryCn: '深圳市彩龍印刷包裝有限公司',",13
A,"src/app/[locale]/payment-methods/page.tsx",697,33,"限","其他","beneficiaryCn","其他","beneficiaryCn",,Y,Y,,"WL-1(法人全称);WL-4(品牌名)","beneficiaryCn: '深圳市彩龍印刷包裝有限公司',",13
A,"src/app/[locale]/payment-methods/page.tsx",697,34,"公","其他","beneficiaryCn","其他","beneficiaryCn",,Y,Y,,"WL-1(法人全称);WL-4(品牌名)","beneficiaryCn: '深圳市彩龍印刷包裝有限公司',",13
A,"src/app/[locale]/payment-methods/page.tsx",697,35,"司","其他","beneficiaryCn","其他","beneficiaryCn",,Y,Y,,"WL-1(法人全称);WL-4(品牌名)","beneficiaryCn: '深圳市彩龍印刷包裝有限公司',",13
A,"src/app/[locale]/payment-methods/page.tsx",758,32,"唐","content","bullets","content","bullets",Y,Y,Y,,"WL-2(法定代表人姓名);WL-4(品牌名)","'Official QR issued by 唐运提 (Mr. Tang, founder)',",3
A,"src/app/[locale]/payment-methods/page.tsx",758,33,"运","content","bullets","content","bullets",Y,Y,Y,,"WL-2(法定代表人姓名);WL-4(品牌名)","'Official QR issued by 唐运提 (Mr. Tang, founder)',",3
A,"src/app/[locale]/payment-methods/page.tsx",758,34,"提","content","bullets","content","bullets",Y,Y,Y,,"WL-2(法定代表人姓名);WL-4(品牌名)","'Official QR issued by 唐运提 (Mr. Tang, founder)',",3
A,"src/components/layout/Footer.tsx",146,17,"中","其他","supportJA","其他","supportJA",,Y,Y,,"WL-3(别名键(ja 语系值))","supportJA: '中国本土 24時間対応 · 香港現地サポート',",12
A,"src/components/layout/Footer.tsx",146,18,"国","其他","supportJA","其他","supportJA",,Y,Y,,"WL-3(别名键(ja 语系值))","supportJA: '中国本土 24時間対応 · 香港現地サポート',",12
A,"src/components/layout/Footer.tsx",146,19,"本","其他","supportJA","其他","supportJA",,Y,Y,,"WL-3(别名键(ja 语系值))","supportJA: '中国本土 24時間対応 · 香港現地サポート',",12
A,"src/components/layout/Footer.tsx",146,20,"土","其他","supportJA","其他","supportJA",,Y,Y,,"WL-3(别名键(ja 语系值))","supportJA: '中国本土 24時間対応 · 香港現地サポート',",12
A,"src/components/layout/Footer.tsx",146,24,"時","其他","supportJA","其他","supportJA",,Y,Y,,"WL-3(别名键(ja 语系值))","supportJA: '中国本土 24時間対応 · 香港現地サポート',",12
A,"src/components/layout/Footer.tsx",146,25,"間","其他","supportJA","其他","supportJA",,Y,Y,,"WL-3(别名键(ja 语系值))","supportJA: '中国本土 24時間対応 · 香港現地サポート',",12
A,"src/components/layout/Footer.tsx",146,26,"対","其他","supportJA","其他","supportJA",,Y,Y,,"WL-3(别名键(ja 语系值))","supportJA: '中国本土 24時間対応 · 香港現地サポート',",12
A,"src/components/layout/Footer.tsx",146,27,"応","其他","supportJA","其他","supportJA",,Y,Y,,"WL-3(别名键(ja 语系值))","supportJA: '中国本土 24時間対応 · 香港現地サポート',",12
A,"src/components/layout/Footer.tsx",146,31,"香","其他","supportJA","其他","supportJA",,Y,Y,,"WL-3(别名键(ja 语系值))","supportJA: '中国本土 24時間対応 · 香港現地サポート',",12
A,"src/components/layout/Footer.tsx",146,32,"港","其他","supportJA","其他","supportJA",,Y,Y,,"WL-3(别名键(ja 语系值))","supportJA: '中国本土 24時間対応 · 香港現地サポート',",12
A,"src/components/layout/Footer.tsx",146,33,"現","其他","supportJA","其他","supportJA",,Y,Y,,"WL-3(别名键(ja 语系值))","supportJA: '中国本土 24時間対応 · 香港現地サポート',",12
A,"src/components/layout/Footer.tsx",146,34,"地","其他","supportJA","其他","supportJA",,Y,Y,,"WL-3(别名键(ja 语系值))","supportJA: '中国本土 24時間対応 · 香港現地サポート',",12
A,"src/app/[locale]/category/[slug]/page.tsx",170,58,"月","其他","en","其他","en",,Y,Y,,"","'en': 'Custom Lai See Red Packets · 100 MOQ Foil 11月前就位 + CNY Wedding · USA Chinese Communities',",10
A,"src/app/[locale]/category/[slug]/page.tsx",170,59,"前","其他","en","其他","en",,Y,Y,,"","'en': 'Custom Lai See Red Packets · 100 MOQ Foil 11月前就位 + CNY Wedding · USA Chinese Communities',",10
A,"src/app/[locale]/category/[slug]/page.tsx",170,60,"就","其他","en","其他","en",,Y,Y,,"","'en': 'Custom Lai See Red Packets · 100 MOQ Foil 11月前就位 + CNY Wedding · USA Chinese Communities',",10
A,"src/app/[locale]/category/[slug]/page.tsx",170,61,"位","其他","en","其他","en",,Y,Y,,"","'en': 'Custom Lai See Red Packets · 100 MOQ Foil 11月前就位 + CNY Wedding · USA Chinese Communities',",10
A,"src/app/[locale]/category/[slug]/page.tsx",206,37,"月","其他","en","其他","en",,Y,Y,,"","'en': 'Custom Calendars 2027 9月最後黃金窗 · 1000 MOQ 2027 Desk Wall Hardcover Foil · USA Corporate Gifts',",10
A,"src/app/[locale]/category/[slug]/page.tsx",206,38,"最","其他","en","其他","en",,Y,Y,,"","'en': 'Custom Calendars 2027 9月最後黃金窗 · 1000 MOQ 2027 Desk Wall Hardcover Foil · USA Corporate Gifts',",10
A,"src/app/[locale]/category/[slug]/page.tsx",206,39,"後","其他","en","其他","en",,Y,Y,,"","'en': 'Custom Calendars 2027 9月最後黃金窗 · 1000 MOQ 2027 Desk Wall Hardcover Foil · USA Corporate Gifts',",10
A,"src/app/[locale]/category/[slug]/page.tsx",206,40,"黃","其他","en","其他","en",,Y,Y,,"","'en': 'Custom Calendars 2027 9月最後黃金窗 · 1000 MOQ 2027 Desk Wall Hardcover Foil · USA Corporate Gifts',",10
A,"src/app/[locale]/category/[slug]/page.tsx",206,41,"金","其他","en","其他","en",,Y,Y,,"","'en': 'Custom Calendars 2027 9月最後黃金窗 · 1000 MOQ 2027 Desk Wall Hardcover Foil · USA Corporate Gifts',",10
A,"src/app/[locale]/category/[slug]/page.tsx",206,42,"窗","其他","en","其他","en",,Y,Y,,"","'en': 'Custom Calendars 2027 9月最後黃金窗 · 1000 MOQ 2027 Desk Wall Hardcover Foil · USA Corporate Gifts',",10
A,"src/data/blog-posts.ts",1834,123,"认","其他","en","其他","en",,Y,Y,,"","en: 'School exercise book printing 100 MOQ, 4 paper stocks + 3 bindings + 4 print modes ZprintPro global clients, ISO 认证体系 + FSC + FDA + EU REACH certified, DHL 2-4 day cross-border, 30s WhatsApp quot",4
A,"src/data/blog-posts.ts",1834,124,"证","其他","en","其他","en",,Y,Y,,"","en: 'School exercise book printing 100 MOQ, 4 paper stocks + 3 bindings + 4 print modes ZprintPro global clients, ISO 认证体系 + FSC + FDA + EU REACH certified, DHL 2-4 day cross-border, 30s WhatsApp quot",4
A,"src/data/blog-posts.ts",1834,125,"体","其他","en","其他","en",,Y,Y,,"","en: 'School exercise book printing 100 MOQ, 4 paper stocks + 3 bindings + 4 print modes ZprintPro global clients, ISO 认证体系 + FSC + FDA + EU REACH certified, DHL 2-4 day cross-border, 30s WhatsApp quot",4
A,"src/data/blog-posts.ts",1834,126,"系","其他","en","其他","en",,Y,Y,,"","en: 'School exercise book printing 100 MOQ, 4 paper stocks + 3 bindings + 4 print modes ZprintPro global clients, ISO 认证体系 + FSC + FDA + EU REACH certified, DHL 2-4 day cross-border, 30s WhatsApp quot",4
