# zprintpro.com 关键词机会台账 v1.2 | 数据源: gsc_data.csv 2026-08-26 20:18 GSC 84国全量 7d | 生成: 2026-08-28 | 口径: GSC 7d滚动 全部国家/地区 | 变更: v1.2 修正 C2 tier 标签为 pos 11-50 口径 | 用途: 每日 GSC 导出后重跑 build-keyword-ledger.py 按 query 对齐增量更新
query,lang,category,tier,priority_score,imps,clicks,ctr_pct,pos,ctr_flag,seasonal
大信封,zh-hk,信封/Envelope,A1-首页-CTR修复,178,89,0,0.0,2.16,0-click,
small batch stickers,en,貼紙/Sticker,A1-首页-CTR修复,112,56,0,0.0,6.95,0-click,
a1海報,zh-hk,海報/Poster,A1-首页-CTR修复,76,38,0,0.0,1.0,0-click,
公司信封,zh-hk,信封/Envelope,A1-首页-CTR修复,74,37,0,0.0,1.03,0-click,
智印港,zh-hk,品牌/Brand,A1-首页-CTR修复,70,35,9,25.71,2.11,OK,
a2 海報 印刷,zh-hk,海報/Poster,A1-首页-CTR修复,62,31,0,0.0,5.74,0-click,
a2海報,zh-hk,海報/Poster,A1-首页-CTR修复,40,20,0,0.0,1.2,0-click,
mtr 12 sheet size,en,其他/Other,A1-首页-CTR修复,36,18,0,0.0,8.56,0-click,
pvc貼紙,zh-hk,貼紙/Sticker,A1-首页-CTR修复,36,18,0,0.0,7.0,0-click,
燙金貼紙,zh-hk,貼紙/Sticker,A1-首页-CTR修复,36,18,0,0.0,2.83,0-click,
大紙袋,zh-hk,紙袋/PaperBag,A1-首页-CTR修复,34,17,0,0.0,8.94,0-click,
fluorescent stickers,en,貼紙/Sticker,A1-首页-CTR修复,32,16,0,0.0,9.62,0-click,
a5 a6 尺寸,zh-hk,其他/Other,A1-首页-CTR修复,30,15,0,0.0,9.53,0-click,
a5 vs a6 flyer,en,宣傳單/Flyer,A1-首页-CTR修复,28,14,0,0.0,7.07,0-click,
batch stickers,en,貼紙/Sticker,A1-首页-CTR修复,28,14,0,0.0,2.07,0-click,
a2 印刷 即日,zh-hk,即日/Rush,A1-首页-CTR修复,26,13,2,15.38,7.46,OK,
a1 海報,zh-hk,海報/Poster,A1-首页-CTR修复,26,13,0,0.0,2.0,0-click,
特種紙,zh-hk,其他/Other,A1-首页-CTR修复,26,13,0,0.0,6.08,0-click,
ダイカット ステッカー 防水,ja,貼紙/Sticker,A1-首页-CTR修复,24,12,0,0.0,4.42,0-click,
新蒲崗影印,zh-hk,其他/Other,A1-首页-CTR修复,24,12,0,0.0,9.0,0-click,
新蒲崗影印舖,zh-hk,其他/Other,A1-首页-CTR修复,24,12,0,0.0,9.75,0-click,
牛皮紙盒,zh-hk,包裝/Packaging,A1-首页-CTR修复,24,12,0,0.0,1.75,0-click,
防偽貼紙,zh-hk,貼紙/Sticker,A1-首页-CTR修复,24,12,0,0.0,4.33,0-click,
彩色信封,zh-hk,信封/Envelope,A1-首页-CTR修复,22,11,0,0.0,2.55,0-click,
zprin,en,品牌/Brand,A1-首页-CTR修复,20,10,0,0.0,8.0,0-click,
同人誌 印刷,zh-hk,書籍/Book,A1-首页-CTR修复,20,10,0,0.0,6.5,0-click,
地鐵燈箱廣告尺寸,zh-hk,其他/Other,A1-首页-CTR修复,20,10,0,0.0,6.6,0-click,
酒水牌,zh-hk,餐牌/Menu,A1-首页-CTR修复,20,10,0,0.0,4.4,0-click,
pvc 貼紙,zh-hk,貼紙/Sticker,A1-首页-CTR修复,18,9,1,11.11,9.22,OK,
印poster,zh-hk,海報/Poster,A1-首页-CTR修复,18,9,0,0.0,10.0,0-click,
海報紙質,zh-hk,海報/Poster,A1-首页-CTR修复,18,9,0,0.0,6.33,0-click,
can badge size,en,咭片/Card,A1-首页-CTR修复,16,8,0,0.0,8.38,0-click,
印刷紙,zh-hk,其他/Other,A1-首页-CTR修复,16,8,0,0.0,7.75,0-click,
同人周邊製作,zh-hk,書籍/Book,A1-首页-CTR修复,16,8,0,0.0,6.0,0-click,
證書紙材質,zh-hk,書籍/Book,A1-首页-CTR修复,16,8,0,0.0,7.62,0-click,
同人印刷,zh-hk,書籍/Book,A1-首页-CTR修复,14,7,1,14.29,6.43,OK,
同人誌印刷,zh-hk,書籍/Book,A1-首页-CTR修复,14,7,1,14.29,7.0,OK,
a2印刷,zh-hk,其他/Other,A1-首页-CTR修复,14,7,0,0.0,9.43,0-click,
alipay flash collect,en,其他/Other,A1-首页-CTR修复,14,7,0,0.0,6.43,0-click,
standard can badge size,en,咭片/Card,A1-首页-CTR修复,14,7,0,0.0,8.86,0-click,
作業簿,zh-hk,其他/Other,A1-首页-CTR修复,14,7,0,0.0,3.43,0-click,
a2海報尺寸,zh-hk,海報/Poster,A1-首页-CTR修复,12,6,0,0.0,9.67,0-click,
poster 尺寸,zh-hk,海報/Poster,A1-首页-CTR修复,12,6,0,0.0,4.83,0-click,
print catalog hong kong,en,目錄/Catalog,A1-首页-CTR修复,12,6,0,0.0,9.5,0-click,
厚紙,zh-hk,其他/Other,A1-首页-CTR修复,12,6,0,0.0,2.67,0-click,
同人紙,zh-hk,書籍/Book,A1-首页-CTR修复,12,6,0,0.0,8.0,0-click,
a2 海報,zh-hk,海報/Poster,A1-首页-CTR修复,10,5,0,0.0,1.0,0-click,
a5 印刷,zh-hk,其他/Other,A1-首页-CTR修复,10,5,0,0.0,9.6,0-click,
doujin goods,en,書籍/Book,A1-首页-CTR修复,10,5,0,0.0,6.6,0-click,
hkdesignpro poster design price printing included,en,海報/Poster,A1-首页-CTR修复,10,5,0,0.0,9.8,0-click,
pvc 防水 貼紙,zh-hk,貼紙/Sticker,A1-首页-CTR修复,10,5,0,0.0,3.4,0-click,
screen,en,其他/Other,A1-首页-CTR修复,10,5,0,0.0,7.8,0-click,
印刷紙張材質,zh-hk,其他/Other,A1-首页-CTR修复,10,5,0,0.0,8.8,0-click,
海報a1,zh-hk,海報/Poster,A1-首页-CTR修复,10,5,0,0.0,1.0,0-click,
透明pvc貼紙,zh-hk,貼紙/Sticker,A1-首页-CTR修复,10,5,0,0.0,6.6,0-click,
易拉寶,zh-hk,其他/Other,B1-一纸之隔(11-15),12.2,29,0,0.0,11.79,0-click,
small batch sticker printing,en,貼紙/Sticker,B1-一纸之隔(11-15),10.9,43,0,0.0,13.47,0-click,
證書印刷,zh-hk,書籍/Book,B1-一纸之隔(11-15),7.5,30,5,16.67,13.5,有点击,
畫冊印刷,zh-hk,書籍/Book,B1-一纸之隔(11-15),7.5,27,1,3.7,13.22,有点击,
paper bag gsm,en,紙袋/PaperBag,B1-一纸之隔(11-15),6.6,18,0,0.0,12.33,0-click,
what gsm for paper bags,en,紙袋/PaperBag,B1-一纸之隔(11-15),5.2,18,0,0.0,13.11,0-click,
觀塘印刷公司,zh-hk,其他/Other,B1-一纸之隔(11-15),2.3,16,0,0.0,14.56,0-click,
餐牌印刷,zh-hk,餐牌/Menu,B2-近首页(16-20),61.5,196,0,0.0,17.86,0-click,
可移貼紙,zh-hk,貼紙/Sticker,B2-近首页(16-20),54.5,133,0,0.0,16.9,0-click,
即日印刷,zh-hk,即日/Rush,B2-近首页(16-20),41.1,79,2,2.53,15.8,有点击,
paper bag print file requirements,en,紙袋/PaperBag,B2-近首页(16-20),39.4,89,0,0.0,16.57,0-click,
環保材質貼紙,zh-hk,貼紙/Sticker,B2-近首页(16-20),22.4,39,0,0.0,15.26,0-click,
small batch custom stickers,en,貼紙/Sticker,B2-近首页(16-20),14.8,25,0,0.0,15.08,0-click,
貼紙設計,zh-hk,貼紙/Sticker,B2-近首页(16-20),8.1,19,0,0.0,16.74,0-click,
exercise book printing business,en,書籍/Book,B2-近首页(16-20),6.5,13,0,0.0,16.0,0-click,
即日急件,zh-hk,即日/Rush,B2-近首页(16-20),6.0,50,0,0.0,19.8,0-click,
海報尺寸,zh-hk,海報/Poster,B2-近首页(16-20),5.9,10,0,0.0,15.1,0-click,
可移貼,zh-hk,貼紙/Sticker,B2-近首页(16-20),2.8,12,0,0.0,18.67,0-click,
紙袋印刷,zh-hk,紙袋/PaperBag,C1-高展示攻坚(21-50),80.6,269,0,0.0,21.02,0-click,
海報印刷,zh-hk,海報/Poster,C1-高展示攻坚(21-50),80.5,373,0,0.0,29.41,0-click,
印海報,zh-hk,海報/Poster,C1-高展示攻坚(21-50),66.7,357,0,0.0,32.33,0-click,
宣傳單張印刷,zh-hk,宣傳單/Flyer,C1-高展示攻坚(21-50),61.9,400,1,0.25,35.53,有点击,
宣傳單張,zh-hk,宣傳單/Flyer,C1-高展示攻坚(21-50),50.8,423,0,0.0,38.98,0-click,
月曆印刷,zh-hk,月曆/Calendar,C1-高展示攻坚(21-50),50.0,278,1,0.36,33.0,有点击,Y
食品包裝訂製,zh-hk,包裝/Packaging,C1-高展示攻坚(21-50),47.2,157,0,0.0,20.93,0-click,
poster 印刷,zh-hk,海報/Poster,C1-高展示攻坚(21-50),42.5,181,0,0.0,27.51,0-click,
食品包裝印刷,zh-hk,包裝/Packaging,C1-高展示攻坚(21-50),37.2,324,0,0.0,39.51,0-click,
貼紙印刷,zh-hk,貼紙/Sticker,C1-高展示攻坚(21-50),37.0,390,0,0.0,41.52,0-click,
印刷紙袋,zh-hk,紙袋/PaperBag,C1-高展示攻坚(21-50),35.1,162,0,0.0,29.35,0-click,
包裝盒訂製,zh-hk,包裝/Packaging,C1-高展示攻坚(21-50),33.8,210,0,0.0,34.92,0-click,
包裝食品 裡印,zh-hk,包裝/Packaging,C1-高展示攻坚(21-50),29.0,105,0,0.0,23.35,0-click,
訂做紙袋,zh-hk,紙袋/PaperBag,C1-高展示攻坚(21-50),26.2,178,0,0.0,36.26,0-click,
印書,zh-hk,書籍/Book,C1-高展示攻坚(21-50),25.7,149,0,0.0,33.72,0-click,
利是封印刷,zh-hk,利是封/RedEnvelope,C1-高展示攻坚(21-50),24.1,121,0,0.0,31.07,0-click,Y
両面カラー印刷,ja,其他/Other,C1-高展示攻坚(21-50),23.4,92,0,0.0,25.59,0-click,
戶外貼紙,zh-hk,貼紙/Sticker,C1-高展示攻坚(21-50),23.2,103,0,0.0,28.43,0-click,
china catalog printing,en,目錄/Catalog,C1-高展示攻坚(21-50),20.8,71,1,1.41,21.76,有点击,
騎馬釘印刷,zh-hk,書籍/Book,C1-高展示攻坚(21-50),20.7,151,0,0.0,37.3,0-click,
印紙袋,zh-hk,紙袋/PaperBag,C1-高展示攻坚(21-50),19.0,80,0,0.0,27.27,0-click,
戶外海報,zh-hk,海報/Poster,C1-高展示攻坚(21-50),18.1,59,0,0.0,20.31,0-click,
印咭片,zh-hk,咭片/Card,C1-高展示攻坚(21-50),17.3,88,0,0.0,31.36,0-click,
月歷印刷,zh-hk,月曆/Calendar,C1-高展示攻坚(21-50),16.7,90,0,0.0,32.48,0-click,Y
騎馬釘,zh-hk,書籍/Book,C1-高展示攻坚(21-50),16.5,161,0,0.0,40.77,0-click,
咭片印刷,zh-hk,咭片/Card,C1-高展示攻坚(21-50),16.5,99,0,0.0,34.31,0-click,
透明貼,zh-hk,貼紙/Sticker,C1-高展示攻坚(21-50),16.1,136,0,0.0,39.14,0-click,
school exercise book printing,en,書籍/Book,C1-高展示攻坚(21-50),15.4,61,0,0.0,25.79,0-click,
環保印刷,zh-hk,其他/Other,C1-高展示攻坚(21-50),14.8,53,0,0.0,23.15,0-click,
school exercise book print,en,書籍/Book,C1-高展示攻坚(21-50),14.6,63,0,0.0,27.9,0-click,
校 簿 印刷,zh-hk,書籍/Book,C1-高展示攻坚(21-50),13.8,54,0,0.0,25.37,0-click,
膠片餐牌,zh-hk,餐牌/Menu,C1-高展示攻坚(21-50),13.6,49,0,0.0,23.18,0-click,
紙袋訂製,zh-hk,紙袋/PaperBag,C1-高展示攻坚(21-50),12.3,230,0,0.0,45.64,0-click,
咭片,zh-hk,咭片/Card,C1-高展示攻坚(21-50),12.2,99,0,0.0,38.63,0-click,
教科書 印刷,zh-hk,書籍/Book,C1-高展示攻坚(21-50),11.2,105,0,0.0,40.34,0-click,
包裝盒印刷,zh-hk,包裝/Packaging,C1-高展示攻坚(21-50),10.6,190,0,0.0,45.44,0-click,
膠裝書,zh-hk,書籍/Book,C1-高展示攻坚(21-50),10.4,85,0,0.0,38.82,0-click,
防水貼紙,zh-hk,貼紙/Sticker,C1-高展示攻坚(21-50),9.8,33,0,0.0,21.33,0-click,
食品印刷,zh-hk,其他/Other,C1-高展示攻坚(21-50),9.5,76,0,0.0,38.46,0-click,
紙袋訂造,zh-hk,紙袋/PaperBag,C1-高展示攻坚(21-50),9.2,70,0,0.0,37.83,0-click,
海報與印刷,zh-hk,海報/Poster,C1-高展示攻坚(21-50),8.8,210,0,0.0,46.83,0-click,
紙袋印製,zh-hk,紙袋/PaperBag,C1-高展示攻坚(21-50),8.8,57,0,0.0,35.58,0-click,
security sticker printing,en,貼紙/Sticker,C1-高展示攻坚(21-50),8.6,35,0,0.0,26.43,0-click,
catalog printing china,en,目錄/Catalog,C1-高展示攻坚(21-50),8.6,33,0,0.0,25.09,0-click,
膠裝書印刷,zh-hk,書籍/Book,C1-高展示攻坚(21-50),8.4,63,0,0.0,37.65,0-click,
月曆訂製,zh-hk,月曆/Calendar,C1-高展示攻坚(21-50),8.2,47,0,0.0,33.51,0-click,Y
クラフト紙 パッケージ印刷,ja,包裝/Packaging,C1-高展示攻坚(21-50),8.1,38,0,0.0,29.68,0-click,
學校印刷,zh-hk,其他/Other,C1-高展示攻坚(21-50),8.0,57,1,1.75,36.96,有点击,
膠卡餐牌,zh-hk,餐牌/Menu,C1-高展示攻坚(21-50),7.8,40,0,0.0,31.52,0-click,
透明貼紙,zh-hk,貼紙/Sticker,C1-高展示攻坚(21-50),7.5,32,0,0.0,27.5,0-click,
膠裝書價格,zh-hk,書籍/Book,C1-高展示攻坚(21-50),7.3,36,0,0.0,30.86,0-click,
印刷公司,zh-hk,其他/Other,C1-高展示攻坚(21-50),7.2,60,0,0.0,38.98,0-click,
貼紙訂製,zh-hk,貼紙/Sticker,C1-高展示攻坚(21-50),7.1,144,0,0.0,46.06,0-click,
訂制月曆,zh-hk,月曆/Calendar,C1-高展示攻坚(21-50),6.9,32,0,0.0,29.56,0-click,Y
クラフト紙 パッケージ 印刷,ja,包裝/Packaging,C1-高展示攻坚(21-50),6.7,36,0,0.0,32.28,0-click,
catalog printing,en,目錄/Catalog,C1-高展示攻坚(21-50),6.5,66,0,0.0,41.12,0-click,
a2 poster,en,海報/Poster,C1-高展示攻坚(21-50),6.5,58,0,0.0,39.81,0-click,
印卡片,zh-hk,咭片/Card,C1-高展示攻坚(21-50),6.4,45,0,0.0,36.84,0-click,
卡片印刷,zh-hk,咭片/Card,C1-高展示攻坚(21-50),6.1,56,0,0.0,40.12,0-click,
a3海報印刷,zh-hk,海報/Poster,C1-高展示攻坚(21-50),5.3,34,0,0.0,35.41,0-click,
印貼紙,zh-hk,貼紙/Sticker,C1-高展示攻坚(21-50),4.9,40,0,0.0,38.77,0-click,
印海報一張,zh-hk,海報/Poster,C1-高展示攻坚(21-50),4.8,108,0,0.0,46.56,0-click,
pôster a2,en,海報/Poster,C1-高展示攻坚(21-50),4.5,53,0,0.0,42.47,0-click,
訂製利是封,zh-hk,利是封/RedEnvelope,C1-高展示攻坚(21-50),4.1,46,0,0.0,42.0,0-click,Y
紙盒印刷,zh-hk,包裝/Packaging,C1-高展示攻坚(21-50),3.6,47,0,0.0,43.34,0-click,
紙袋訂做,zh-hk,紙袋/PaperBag,C1-高展示攻坚(21-50),3.4,63,0,0.0,45.57,0-click,
利是封訂製,zh-hk,利是封/RedEnvelope,C1-高展示攻坚(21-50),3.2,45,1,2.22,43.87,有点击,Y
禮盒訂做,zh-hk,包裝/Packaging,C1-高展示攻坚(21-50),2.8,38,0,0.0,43.74,0-click,
摺頁印刷,zh-hk,其他/Other,C1-高展示攻坚(21-50),2.7,31,0,0.0,42.13,0-click,
教材 テキスト印刷,ja,書籍/Book,C1-高展示攻坚(21-50),2.6,32,0,0.0,42.72,0-click,
紙盒訂製,zh-hk,包裝/Packaging,C1-高展示攻坚(21-50),1.6,144,0,0.0,49.92,0-click,
包裝印刷,zh-hk,包裝/Packaging,C1-高展示攻坚(21-50),1.3,43,0,0.0,48.02,0-click,
卡紙印刷,zh-hk,其他/Other,C2-中期培养(11-50),0,29,0,0.0,39.03,0-click,
印紙盒,zh-hk,包裝/Packaging,C2-中期培养(11-50),0,28,0,0.0,45.36,0-click,
紙袋批發,zh-hk,紙袋/PaperBag,C2-中期培养(11-50),0,28,0,0.0,49.11,0-click,
香港印刷公司,zh-hk,其他/Other,C2-中期培养(11-50),0,28,0,0.0,32.75,0-click,
袋印刷,zh-hk,紙袋/PaperBag,C2-中期培养(11-50),0,27,0,0.0,48.56,0-click,
訂 做 紙袋,zh-hk,紙袋/PaperBag,C2-中期培养(11-50),0,27,0,0.0,44.11,0-click,
a5 flyer size,en,宣傳單/Flyer,C2-中期培养(11-50),0,26,0,0.0,45.77,0-click,
學校 印刷,zh-hk,其他/Other,C2-中期培养(11-50),0,25,0,0.0,41.72,0-click,
紙袋,zh-hk,紙袋/PaperBag,C2-中期培养(11-50),0,24,0,0.0,35.5,0-click,
印傳單,zh-hk,宣傳單/Flyer,C2-中期培养(11-50),0,23,0,0.0,33.43,0-click,
海報大小,zh-hk,海報/Poster,C2-中期培养(11-50),0,23,0,0.0,44.91,0-click,
pvc menu,en,餐牌/Menu,C2-中期培养(11-50),0,22,1,4.55,29.23,有点击,
doujinshi printing,en,書籍/Book,C2-中期培养(11-50),0,22,0,0.0,31.05,0-click,
a2 クリアポスター 印刷,ja,海報/Poster,C2-中期培养(11-50),0,21,0,0.0,47.95,0-click,
catalogue printing china,en,目錄/Catalog,C2-中期培养(11-50),0,21,0,0.0,23.29,0-click,
custom printed exercise books,en,書籍/Book,C2-中期培养(11-50),0,21,0,0.0,38.95,0-click,
sticker guide,en,貼紙/Sticker,C2-中期培养(11-50),0,21,0,0.0,48.48,0-click,
傳單印刷,zh-hk,宣傳單/Flyer,C2-中期培养(11-50),0,21,0,0.0,37.29,0-click,
adhesive banner printing,en,其他/Other,C2-中期培养(11-50),0,19,0,0.0,45.74,0-click,
pvc シール,ja,貼紙/Sticker,C2-中期培养(11-50),0,19,0,0.0,20.21,0-click,
カタログ 印刷,ja,目錄/Catalog,C2-中期培养(11-50),0,19,0,0.0,49.26,0-click,
宣傳咭印刷,zh-hk,宣傳單/Flyer,C2-中期培养(11-50),0,19,0,0.0,44.89,0-click,
海報size,zh-hk,海報/Poster,C2-中期培养(11-50),0,19,0,0.0,41.32,0-click,
證書 影印,zh-hk,書籍/Book,C2-中期培养(11-50),0,19,0,0.0,23.0,0-click,
車身廣告貼紙,zh-hk,貼紙/Sticker,C2-中期培养(11-50),0,19,0,0.0,36.0,0-click,
a1 printing,en,其他/Other,C2-中期培养(11-50),0,17,0,0.0,47.29,0-click,
adhesive banners,en,其他/Other,C2-中期培养(11-50),0,17,0,0.0,35.41,0-click,
bag printing,en,其他/Other,C2-中期培养(11-50),0,17,0,0.0,47.0,0-click,
禮物盒訂製,zh-hk,包裝/Packaging,C2-中期培养(11-50),0,17,0,0.0,32.47,0-click,
adhesive posters,en,海報/Poster,C2-中期培养(11-50),0,16,0,0.0,33.81,0-click,
double sided flyer printing,en,宣傳單/Flyer,C2-中期培养(11-50),0,16,0,0.0,40.44,0-click,
マグネットレス 貼り箱,ja,貼紙/Sticker,C2-中期培养(11-50),0,16,0,0.0,48.44,0-click,
包裝 印刷,zh-hk,包裝/Packaging,C2-中期培养(11-50),0,16,0,0.0,38.25,0-click,
book printing hong kong,en,書籍/Book,C2-中期培养(11-50),0,15,0,0.0,32.67,0-click,
室內海報,zh-hk,海報/Poster,C2-中期培养(11-50),0,15,0,0.0,23.6,0-click,
a2 poster printing,en,海報/Poster,C2-中期培养(11-50),0,14,0,0.0,47.36,0-click,
adhesive poster printing,en,海報/Poster,C2-中期培养(11-50),0,14,0,0.0,46.21,0-click,
パッケージ箱 オーダーメイド 食品,ja,包裝/Packaging,C2-中期培养(11-50),0,14,0,0.0,47.57,0-click,
貼紙印製,zh-hk,貼紙/Sticker,C2-中期培养(11-50),0,14,0,0.0,47.29,0-click,
利 是 封 印刷,zh-hk,其他/Other,C2-中期培养(11-50),0,13,0,0.0,33.23,0-click,
香港貼紙印刷,zh-hk,貼紙/Sticker,C2-中期培养(11-50),0,13,0,0.0,30.0,0-click,
flyers a5 standards,en,宣傳單/Flyer,C2-中期培养(11-50),0,12,0,0.0,32.33,0-click,
can badge,en,咭片/Card,C2-中期培养(11-50),0,11,0,0.0,21.73,0-click,
small batch labels,en,貼紙/Sticker,C2-中期培养(11-50),0,11,0,0.0,46.82,0-click,
waterproof sticker,en,貼紙/Sticker,C2-中期培养(11-50),0,11,0,0.0,46.0,0-click,
zprint,en,品牌/Brand,C2-中期培养(11-50),0,11,0,0.0,37.27,0-click,
ステッカー印刷 小ロット,ja,貼紙/Sticker,C2-中期培养(11-50),0,11,0,0.0,49.55,0-click,
標籤 印刷,zh-hk,貼紙/Sticker,C2-中期培养(11-50),0,11,0,0.0,37.64,0-click,
訂 做 利 是 封,zh-hk,其他/Other,C2-中期培养(11-50),0,11,0,0.0,39.64,0-click,
食品包裝袋印刷,zh-hk,紙袋/PaperBag,C2-中期培养(11-50),0,11,0,0.0,29.09,0-click,
a2 size poster,en,海報/Poster,C2-中期培养(11-50),0,10,0,0.0,47.9,0-click,
印刷 推薦,zh-hk,其他/Other,C2-中期培养(11-50),0,10,0,0.0,43.4,0-click,
印月曆,zh-hk,月曆/Calendar,C2-中期培养(11-50),0,10,0,0.0,23.4,0-click,Y
香港 印刷,zh-hk,其他/Other,C2-中期培养(11-50),0,10,0,0.0,37.3,0-click,
z print,en,品牌/Brand,C2-中期培养(11-50),0,9,2,22.22,19.89,有点击,
畢業紀念冊香港,zh-hk,書籍/Book,C2-中期培养(11-50),0,9,1,11.11,11.33,有点击,
a2 透明 海报,zh-hk,其他/Other,C2-中期培养(11-50),0,9,0,0.0,28.11,0-click,
a5とa6どっちが大きい,ja,其他/Other,C2-中期培养(11-50),0,9,0,0.0,11.78,0-click,
catalogs printing china,en,目錄/Catalog,C2-中期培养(11-50),0,9,0,0.0,22.11,0-click,
custom removable stickers,en,貼紙/Sticker,C2-中期培养(11-50),0,9,0,0.0,44.67,0-click,
custom stickers small batch,en,貼紙/Sticker,C2-中期培养(11-50),0,9,0,0.0,13.11,0-click,
exercise book printing,en,書籍/Book,C2-中期培养(11-50),0,9,0,0.0,14.0,0-click,
pvc menus,en,餐牌/Menu,C2-中期培养(11-50),0,9,0,0.0,18.89,0-click,
removable sticker,en,貼紙/Sticker,C2-中期培养(11-50),0,9,0,0.0,49.44,0-click,
removable stickers,en,貼紙/Sticker,C2-中期培养(11-50),0,9,0,0.0,45.67,0-click,
カタログ印刷,ja,目錄/Catalog,C2-中期培养(11-50),0,9,0,0.0,45.11,0-click,
印 利 是 封,zh-hk,其他/Other,C2-中期培养(11-50),0,9,0,0.0,33.11,0-click,
印刷 公司 香港,zh-hk,其他/Other,C2-中期培养(11-50),0,9,0,0.0,45.78,0-click,
易拉架即日,zh-hk,即日/Rush,C2-中期培养(11-50),0,9,0,0.0,35.33,0-click,
海報 印刷,zh-hk,海報/Poster,C2-中期培养(11-50),0,9,0,0.0,34.11,0-click,
牛皮紙盒印刷,zh-hk,包裝/Packaging,C2-中期培养(11-50),0,9,0,0.0,34.44,0-click,
特急印刷 激安,zh-hk,其他/Other,C2-中期培养(11-50),0,9,0,0.0,17.56,0-click,
訂 制 利 是 封,zh-hk,其他/Other,C2-中期培养(11-50),0,9,0,0.0,44.67,0-click,
訂製月曆,zh-hk,月曆/Calendar,C2-中期培养(11-50),0,9,0,0.0,29.78,0-click,Y
海報印刷一張,zh-hk,海報/Poster,C2-中期培养(11-50),0,8,2,25.0,26.5,有点击,
doujin printing,en,書籍/Book,C2-中期培养(11-50),0,8,1,12.5,16.5,有点击,
custom exercise book printing,en,書籍/Book,C2-中期培养(11-50),0,8,0,0.0,15.88,0-click,
信封 印刷,zh-hk,信封/Envelope,C2-中期培养(11-50),0,8,0,0.0,30.62,0-click,
信封印刷,zh-hk,信封/Envelope,C2-中期培养(11-50),0,8,0,0.0,12.5,0-click,
印刷 即日,zh-hk,即日/Rush,C2-中期培养(11-50),0,8,0,0.0,26.62,0-click,
印貼紙香港,zh-hk,貼紙/Sticker,C2-中期培养(11-50),0,8,0,0.0,39.5,0-click,
a1 印刷 即日,zh-hk,即日/Rush,C2-中期培养(11-50),0,7,0,0.0,17.57,0-click,
a5 poster printing,en,海報/Poster,C2-中期培养(11-50),0,7,0,0.0,46.29,0-click,
disposable menu trays,en,餐牌/Menu,C2-中期培养(11-50),0,7,0,0.0,44.86,0-click,
printing 24 hr,en,即日/Rush,C2-中期培养(11-50),0,7,0,0.0,46.57,0-click,
印證書,zh-hk,書籍/Book,C2-中期培养(11-50),0,7,0,0.0,15.86,0-click,
即日 印刷,zh-hk,即日/Rush,C2-中期培养(11-50),0,7,0,0.0,28.43,0-click,
同人本 印刷,zh-hk,書籍/Book,C2-中期培养(11-50),0,7,0,0.0,10.86,0-click,
書籍印刷,zh-hk,書籍/Book,C2-中期培养(11-50),0,7,0,0.0,12.57,0-click,
貼紙打印,zh-hk,貼紙/Sticker,C2-中期培养(11-50),0,7,0,0.0,49.71,0-click,
車身貼紙價錢,zh-hk,貼紙/Sticker,C2-中期培养(11-50),0,7,0,0.0,41.71,0-click,
防水加工 パッケージ印刷,ja,包裝/Packaging,C2-中期培养(11-50),0,7,0,0.0,23.14,0-click,
香港 貼紙 印刷,zh-hk,貼紙/Sticker,C2-中期培养(11-50),0,7,0,0.0,28.71,0-click,
a2 ポスター,ja,海報/Poster,C2-中期培养(11-50),0,6,0,0.0,36.67,0-click,
catalog book printing,en,書籍/Book,C2-中期培养(11-50),0,6,0,0.0,47.67,0-click,
disposable menu,en,餐牌/Menu,C2-中期培养(11-50),0,6,0,0.0,34.5,0-click,
factory price eco friendly printed bags,en,其他/Other,C2-中期培养(11-50),0,6,0,0.0,28.5,0-click,
laminated menu,en,餐牌/Menu,C2-中期培养(11-50),0,6,0,0.0,39.33,0-click,
mailer boxes,en,包裝/Packaging,C2-中期培养(11-50),0,6,0,0.0,29.67,0-click,
mesh banner printing,en,其他/Other,C2-中期培养(11-50),0,6,0,0.0,45.0,0-click,
poster a1 size,en,海報/Poster,C2-中期培养(11-50),0,6,0,0.0,46.5,0-click,
weekend flyer delivery,en,宣傳單/Flyer,C2-中期培养(11-50),0,6,0,0.0,41.83,0-click,
ギフト用 パッケージ印刷,ja,包裝/Packaging,C2-中期培养(11-50),0,6,0,0.0,40.17,0-click,
作品集印製,zh-hk,其他/Other,C2-中期培养(11-50),0,6,0,0.0,21.83,0-click,
海報印刷即日,zh-hk,海報/Poster,C2-中期培养(11-50),0,6,0,0.0,14.83,0-click,
燈箱yupo紙,zh-hk,其他/Other,C2-中期培养(11-50),0,6,0,0.0,15.0,0-click,
精裝盒報價,zh-hk,包裝/Packaging,C2-中期培养(11-50),0,6,0,0.0,48.0,0-click,
紙袋 尺寸,zh-hk,紙袋/PaperBag,C2-中期培养(11-50),0,6,0,0.0,48.17,0-click,
缶バッジ 印刷,ja,其他/Other,C2-中期培养(11-50),0,6,0,0.0,48.5,0-click,
香港 印刷 公司,zh-hk,其他/Other,C2-中期培养(11-50),0,6,0,0.0,42.5,0-click,
kraft paper box,en,包裝/Packaging,C2-中期培养(11-50),0,5,1,20.0,32.2,有点击,
a5 a6 サイズ 比較,ja,其他/Other,C2-中期培养(11-50),0,5,0,0.0,10.4,0-click,
a5 flyer dimensions,en,宣傳單/Flyer,C2-中期培养(11-50),0,5,0,0.0,48.6,0-click,
banner printing for trade shows,en,其他/Other,C2-中期培养(11-50),0,5,0,0.0,41.6,0-click,
business card design rules,en,咭片/Card,C2-中期培养(11-50),0,5,0,0.0,43.2,0-click,
catalog printing in china,en,目錄/Catalog,C2-中期培养(11-50),0,5,0,0.0,25.8,0-click,
chinese catalog printers,en,目錄/Catalog,C2-中期培养(11-50),0,5,0,0.0,46.4,0-click,
custom exercise book,en,書籍/Book,C2-中期培养(11-50),0,5,0,0.0,13.6,0-click,
fluorescent sticker,en,貼紙/Sticker,C2-中期培养(11-50),0,5,0,0.0,15.2,0-click,
hkdesignpro poster design price,en,海報/Poster,C2-中期培养(11-50),0,5,0,0.0,10.6,0-click,
rgb印刷,zh-hk,其他/Other,C2-中期培养(11-50),0,5,0,0.0,24.6,0-click,
transparent sticker,en,貼紙/Sticker,C2-中期培养(11-50),0,5,0,0.0,48.8,0-click,
vinyl banner printing china,en,其他/Other,C2-中期培养(11-50),0,5,0,0.0,39.8,0-click,
傳單尺寸,zh-hk,宣傳單/Flyer,C2-中期培养(11-50),0,5,0,0.0,10.8,0-click,
利 是 封 訂 製,zh-hk,其他/Other,C2-中期培养(11-50),0,5,0,0.0,47.6,0-click,
單張印刷,zh-hk,宣傳單/Flyer,C2-中期培养(11-50),0,5,0,0.0,21.4,0-click,
型錄印製,zh-hk,其他/Other,C2-中期培养(11-50),0,5,0,0.0,16.8,0-click,
大判封筒,zh-hk,其他/Other,C2-中期培养(11-50),0,5,0,0.0,19.6,0-click,
大型 海報 印刷,zh-hk,海報/Poster,C2-中期培养(11-50),0,5,0,0.0,12.6,0-click,
宣傳 單 張,zh-hk,宣傳單/Flyer,C2-中期培养(11-50),0,5,0,0.0,44.4,0-click,
手抽袋,zh-hk,紙袋/PaperBag,C2-中期培养(11-50),0,5,0,0.0,37.2,0-click,
蛍光ステッカー,ja,貼紙/Sticker,C2-中期培养(11-50),0,5,0,0.0,29.2,0-click,
香港 印刷 廠,zh-hk,其他/Other,C2-中期培养(11-50),0,5,0,0.0,46.2,0-click,
a2 banner,en,其他/Other,C2-中期培养(11-50),0,4,0,0.0,28.25,0-click,
a6 flyer size,en,宣傳單/Flyer,C2-中期培养(11-50),0,4,0,0.0,27.75,0-click,
a6尺寸,zh-hk,其他/Other,C2-中期培养(11-50),0,4,0,0.0,10.75,0-click,
eco paper bags,en,紙袋/PaperBag,C2-中期培养(11-50),0,4,0,0.0,36.0,0-click,
flash collect alipay,en,其他/Other,C2-中期培养(11-50),0,4,0,0.0,12.25,0-click,
foil stickers custom,en,貼紙/Sticker,C2-中期培养(11-50),0,4,0,0.0,49.0,0-click,
golden rules of business card design,en,咭片/Card,C2-中期培养(11-50),0,4,0,0.0,12.5,0-click,
laminated menus,en,餐牌/Menu,C2-中期培养(11-50),0,4,0,0.0,36.75,0-click,
pearl envelopes,en,信封/Envelope,C2-中期培养(11-50),0,4,0,0.0,23.0,0-click,
spiral notebook printing hong kong,en,書籍/Book,C2-中期培养(11-50),0,4,0,0.0,28.0,0-click,
waterproof pvc sticker,en,貼紙/Sticker,C2-中期培养(11-50),0,4,0,0.0,19.5,0-click,
クラフト紙袋 印刷,ja,紙袋/PaperBag,C2-中期培养(11-50),0,4,0,0.0,32.25,0-click,
チラシ印刷 早い,ja,其他/Other,C2-中期培养(11-50),0,4,0,0.0,25.25,0-click,
ポスター 屋外 防水,ja,海報/Poster,C2-中期培养(11-50),0,4,0,0.0,36.25,0-click,
傳單 印刷,zh-hk,宣傳單/Flyer,C2-中期培养(11-50),0,4,0,0.0,39.25,0-click,
利 是 封 尺寸,zh-hk,其他/Other,C2-中期培养(11-50),0,4,0,0.0,35.0,0-click,
商品箱 品質,zh-hk,其他/Other,C2-中期培养(11-50),0,4,0,0.0,23.5,0-click,
啞膠咭片,zh-hk,咭片/Card,C2-中期培养(11-50),0,4,0,0.0,24.5,0-click,
大型封筒,zh-hk,其他/Other,C2-中期培养(11-50),0,4,0,0.0,10.25,0-click,
打印 標籤 貼紙,zh-hk,貼紙/Sticker,C2-中期培养(11-50),0,4,0,0.0,47.75,0-click,
書本印刷,zh-hk,書籍/Book,C2-中期培养(11-50),0,4,0,0.0,24.0,0-click,
標籤貼,zh-hk,貼紙/Sticker,C2-中期培养(11-50),0,4,0,0.0,45.25,0-click,
海報 印刷 價格,zh-hk,海報/Poster,C2-中期培养(11-50),0,4,0,0.0,30.75,0-click,
海報價格,zh-hk,海報/Poster,C2-中期培养(11-50),0,4,0,0.0,35.75,0-click,
現貨紙袋香港,zh-hk,紙袋/PaperBag,C2-中期培养(11-50),0,4,0,0.0,28.5,0-click,
精裝書,zh-hk,書籍/Book,C2-中期培养(11-50),0,4,0,0.0,11.0,0-click,
訂製貼紙,zh-hk,貼紙/Sticker,C2-中期培养(11-50),0,4,0,0.0,47.75,0-click,
透明貼紙印刷,zh-hk,貼紙/Sticker,C2-中期培养(11-50),0,4,0,0.0,42.25,0-click,
飛機 盒,zh-hk,包裝/Packaging,C2-中期培养(11-50),0,4,0,0.0,25.75,0-click,
飛機盒,zh-hk,包裝/Packaging,C2-中期培养(11-50),0,4,0,0.0,28.5,0-click,
校刊印刷,zh-hk,其他/Other,C2-中期培养(11-50),0,3,1,33.33,34.33,有点击,
校簿印刷,zh-hk,書籍/Book,C2-中期培养(11-50),0,3,1,33.33,15.67,有点击,
紙袋零售,zh-hk,紙袋/PaperBag,C2-中期培养(11-50),0,3,1,33.33,16.33,有点击,
"""st-001"" -""scitech academy"" -""scitech europa"" -""scitech student"" -""scitech fest"" -""scitech strategies"" -""scitech science technology"" -""scitech festival"" -""scitech health"" -""scitech pty ltd"" -""scitech ai"" -""scitech digital innovation hub"" -""scitech services, inc."" -""scitech decision"" -""scitech forum"" -""scitech entertainment"" -""bruntwood scitech"" -""scitech comic"" -""scitech pac"" -""scitech adhesive systems"" -""scitech institute"" -""scitech construction"" -""scitech datathon"" -""scitech pto"" -""scitech news"" -""scitech &amp; technology"" -""scitech wellness centre"" -""scitech ocean"" -""scitech canada science"" -""scitech hotel"" -""scitech placements"" -""scitech daily"" -""scitech clinic"" -""scitech space technology"" -""scitech premium outlet"" -""scitech scity llc"" -""scitech co., ltd."" -""scitech tasimacilik ticaret limited"" -""scitech diol"" -""scitech collection premium"" -""scitech nauka tehnologija auto"" -""fedora scitech"" -""global scitech youth forum"" -""ameuro scitech development union"" -""scitech premium"" -""sci-tech"" -""scitech library"" -""scitech podcasts"" -""scitech international express co."" -""scitech central inc."" -""scitechcentral.com"" -""scitech radar and defense"" -""scitech interactives"" -""scitechnaturefictioncartoons"" -""scitech now"" -""scitech publishing new waves"" -""yorkshiretimes.co.uk"" -""scitech patent art"" -""scitech co. ltd"" -""science and technology campus corporation"" -""scitech produtos medicos sa"" -""scitech.co.kr"" -""scitech india""",en,即日/Rush,C2-中期培养(11-50),0,3,0,0.0,24.0,0-click,
420x594mm,en,其他/Other,C2-中期培养(11-50),0,3,0,0.0,12.33,0-click,
a2 and a3,en,其他/Other,C2-中期培养(11-50),0,3,0,0.0,48.67,0-click,
a2 art prints,en,其他/Other,C2-中期培养(11-50),0,3,0,0.0,48.67,0-click,
a2 size,en,其他/Other,C2-中期培养(11-50),0,3,0,0.0,48.33,0-click,
a6 flyers size,en,宣傳單/Flyer,C2-中期培养(11-50),0,3,0,0.0,42.33,0-click,
a6 印刷,zh-hk,其他/Other,C2-中期培养(11-50),0,3,0,0.0,28.67,0-click,
a6 尺寸,zh-hk,其他/Other,C2-中期培养(11-50),0,3,0,0.0,10.33,0-click,
book printing,en,書籍/Book,C2-中期培养(11-50),0,3,0,0.0,35.67,0-click,
bound exercise book,en,書籍/Book,C2-中期培养(11-50),0,3,0,0.0,10.67,0-click,
cheap catalog printing china,en,目錄/Catalog,C2-中期培养(11-50),0,3,0,0.0,37.67,0-click,
cmyk 意思,zh-hk,其他/Other,C2-中期培养(11-50),0,3,0,0.0,36.67,0-click,
factory price eco friendly bags custom printing,en,其他/Other,C2-中期培养(11-50),0,3,0,0.0,45.67,0-click,
fluorescent sticker printing,en,貼紙/Sticker,C2-中期培养(11-50),0,3,0,0.0,30.67,0-click,
flyers a6 standards,en,宣傳單/Flyer,C2-中期培养(11-50),0,3,0,0.0,40.67,0-click,
kraft paper box packaging,en,包裝/Packaging,C2-中期培养(11-50),0,3,0,0.0,42.33,0-click,
paper bag gsm guide,en,紙袋/PaperBag,C2-中期培养(11-50),0,3,0,0.0,22.33,0-click,
pet food label printing service,en,貼紙/Sticker,C2-中期培养(11-50),0,3,0,0.0,33.0,0-click,
print poster board,en,海報/Poster,C2-中期培养(11-50),0,3,0,0.0,47.67,0-click,
pvc waterproof sticker,en,貼紙/Sticker,C2-中期培养(11-50),0,3,0,0.0,29.67,0-click,
pvc ステッカー,ja,貼紙/Sticker,C2-中期培养(11-50),0,3,0,0.0,30.33,0-click,
roll up banner printing,en,其他/Other,C2-中期培养(11-50),0,3,0,0.0,43.33,0-click,
transparent stickers,en,貼紙/Sticker,C2-中期培养(11-50),0,3,0,0.0,46.33,0-click,
シール pvcとは,ja,貼紙/Sticker,C2-中期培养(11-50),0,3,0,0.0,19.67,0-click,
パッケージ トレンド,ja,包裝/Packaging,C2-中期培养(11-50),0,3,0,0.0,30.67,0-click,
亞加力匙扣訂製,zh-hk,其他/Other,C2-中期培养(11-50),0,3,0,0.0,24.33,0-click,
印 海報,zh-hk,海報/Poster,C2-中期培养(11-50),0,3,0,0.0,42.33,0-click,
印刷 企業,zh-hk,其他/Other,C2-中期培养(11-50),0,3,0,0.0,21.0,0-click,
印刷 香港,zh-hk,其他/Other,C2-中期培养(11-50),0,3,0,0.0,49.0,0-click,
印刷廠,zh-hk,其他/Other,C2-中期培养(11-50),0,3,0,0.0,18.67,0-click,
印刷袋,zh-hk,紙袋/PaperBag,C2-中期培养(11-50),0,3,0,0.0,36.33,0-click,
印貼紙少量香港,zh-hk,貼紙/Sticker,C2-中期培养(11-50),0,3,0,0.0,28.33,0-click,
啞膠,zh-hk,其他/Other,C2-中期培养(11-50),0,3,0,0.0,15.0,0-click,
地鐵 廣告 價錢,zh-hk,其他/Other,C2-中期培养(11-50),0,3,0,0.0,27.0,0-click,
宣傳單印刷,zh-hk,宣傳單/Flyer,C2-中期培养(11-50),0,3,0,0.0,44.33,0-click,
小冊子印刷,zh-hk,書籍/Book,C2-中期培养(11-50),0,3,0,0.0,10.67,0-click,
標籤貼紙印刷,zh-hk,貼紙/Sticker,C2-中期培养(11-50),0,3,0,0.0,35.67,0-click,
海報,zh-hk,海報/Poster,C2-中期培养(11-50),0,3,0,0.0,25.67,0-click,
澳門a3海報印刷,zh-hk,海報/Poster,C2-中期培养(11-50),0,3,0,0.0,45.67,0-click,
燙金印刷,zh-hk,其他/Other,C2-中期培养(11-50),0,3,0,0.0,38.0,0-click,
畢業紀念冊內頁設計,zh-hk,書籍/Book,C2-中期培养(11-50),0,3,0,0.0,10.67,0-click,
紙袋現貨深水埗,zh-hk,紙袋/PaperBag,C2-中期培养(11-50),0,3,0,0.0,45.0,0-click,
蛍光 ステッカー,ja,貼紙/Sticker,C2-中期培养(11-50),0,3,0,0.0,29.33,0-click,
貼紙定制,zh-hk,貼紙/Sticker,C2-中期培养(11-50),0,3,0,0.0,26.33,0-click,
賞状 印刷,zh-hk,其他/Other,C2-中期培养(11-50),0,3,0,0.0,47.33,0-click,
銅版紙,zh-hk,其他/Other,C2-中期培养(11-50),0,3,0,0.0,47.67,0-click,
防水加工 パッケージ 印刷,ja,包裝/Packaging,C2-中期培养(11-50),0,3,0,0.0,18.0,0-click,
香港印貼紙,zh-hk,貼紙/Sticker,C2-中期培养(11-50),0,3,0,0.0,27.0,0-click,
a4 印刷,zh-hk,其他/Other,C2-中期培养(11-50),0,2,1,50.0,24.0,有点击,
印海報價錢,zh-hk,海報/Poster,C2-中期培养(11-50),0,2,1,50.0,11.5,有点击,
a1海報尺寸,zh-hk,海報/Poster,C2-中期培养(11-50),0,2,0,0.0,41.5,0-click,
a2 a3 尺寸,zh-hk,其他/Other,C2-中期培养(11-50),0,2,0,0.0,40.5,0-click,
a2 photo print,en,其他/Other,C2-中期培养(11-50),0,2,0,0.0,29.5,0-click,
a2 poster bestellen,en,海報/Poster,C2-中期培养(11-50),0,2,0,0.0,46.0,0-click,
a2 poster paper,en,海報/Poster,C2-中期培养(11-50),0,2,0,0.0,46.0,0-click,
a2 posterdruck,en,海報/Poster,C2-中期培养(11-50),0,2,0,0.0,22.5,0-click,
a2 posters size,en,海報/Poster,C2-中期培养(11-50),0,2,0,0.0,40.0,0-click,
a2 size print,en,其他/Other,C2-中期培养(11-50),0,2,0,0.0,41.5,0-click,
a2 size wall poster,en,海報/Poster,C2-中期培养(11-50),0,2,0,0.0,23.0,0-click,
a3 ポスター サイズ,ja,海報/Poster,C2-中期培养(11-50),0,2,0,0.0,42.0,0-click,
a3海報尺寸,zh-hk,海報/Poster,C2-中期培养(11-50),0,2,0,0.0,48.5,0-click,
a4 信封,zh-hk,信封/Envelope,C2-中期培养(11-50),0,2,0,0.0,40.5,0-click,
a5 a6 大小,zh-hk,其他/Other,C2-中期培养(11-50),0,2,0,0.0,15.0,0-click,
a5 and a6 size,en,其他/Other,C2-中期培养(11-50),0,2,0,0.0,45.5,0-click,
a5 flyer printing service,en,宣傳單/Flyer,C2-中期培养(11-50),0,2,0,0.0,33.5,0-click,
a5 folded to a6,en,其他/Other,C2-中期培养(11-50),0,2,0,0.0,38.0,0-click,
a5 size flyer,en,宣傳單/Flyer,C2-中期培养(11-50),0,2,0,0.0,27.5,0-click,
adhesive poster vs poster,en,海報/Poster,C2-中期培养(11-50),0,2,0,0.0,37.0,0-click,
adhesive vinyl banners,en,其他/Other,C2-中期培养(11-50),0,2,0,0.0,28.0,0-click,
bound book printing in tajik,en,書籍/Book,C2-中期培养(11-50),0,2,0,0.0,34.5,0-click,
catalog book printing in norwegian,en,書籍/Book,C2-中期培养(11-50),0,2,0,0.0,35.5,0-click,
catalog book printing in swedish,en,書籍/Book,C2-中期培养(11-50),0,2,0,0.0,18.5,0-click,
catalogue book printing,en,書籍/Book,C2-中期培养(11-50),0,2,0,0.0,22.5,0-click,
cheap a2 posters,en,海報/Poster,C2-中期培养(11-50),0,2,0,0.0,43.0,0-click,
cheap eco printed bags,en,其他/Other,C2-中期培养(11-50),0,2,0,0.0,32.5,0-click,
color palette on wrapper meaning,en,其他/Other,C2-中期培养(11-50),0,2,0,0.0,15.5,0-click,
compliant pharmaceutical label printing,en,貼紙/Sticker,C2-中期培养(11-50),0,2,0,0.0,36.0,0-click,
custom kraft paper bags,en,紙袋/PaperBag,C2-中期培养(11-50),0,2,0,0.0,38.0,0-click,
detachable stickers,en,貼紙/Sticker,C2-中期培养(11-50),0,2,0,0.0,28.5,0-click,
doujin free,en,書籍/Book,C2-中期培养(11-50),0,2,0,0.0,33.0,0-click,
flat packaging for electronics,en,包裝/Packaging,C2-中期培养(11-50),0,2,0,0.0,45.5,0-click,
flyer printing free shipping,en,宣傳單/Flyer,C2-中期培养(11-50),0,2,0,0.0,32.5,0-click,
flyer printing same day pickup,en,宣傳單/Flyer,C2-中期培养(11-50),0,2,0,0.0,29.0,0-click,
how much does it cost to print a catalog,en,目錄/Catalog,C2-中期培养(11-50),0,2,0,0.0,37.0,0-click,
menu hardcover,en,餐牌/Menu,C2-中期培养(11-50),0,2,0,0.0,29.5,0-click,
menu pvc,en,餐牌/Menu,C2-中期培养(11-50),0,2,0,0.0,40.0,0-click,
mtr printing,en,其他/Other,C2-中期培养(11-50),0,2,0,0.0,13.0,0-click,
paper bag buyer guide,en,紙袋/PaperBag,C2-中期培养(11-50),0,2,0,0.0,24.5,0-click,
poster a2,en,海報/Poster,C2-中期培养(11-50),0,2,0,0.0,28.0,0-click,
poster a2 bestellen,en,海報/Poster,C2-中期培养(11-50),0,2,0,0.0,49.5,0-click,
poster a2 dimensions,en,海報/Poster,C2-中期培养(11-50),0,2,0,0.0,49.0,0-click,
poster formaat a2,en,海報/Poster,C2-中期培养(11-50),0,2,0,0.0,34.5,0-click,
poster printing hk,en,海報/Poster,C2-中期培养(11-50),0,2,0,0.0,44.0,0-click,
pvc free removable sign decals,en,其他/Other,C2-中期培养(11-50),0,2,0,0.0,48.0,0-click,
pvc free sticker,en,貼紙/Sticker,C2-中期培养(11-50),0,2,0,0.0,40.0,0-click,
pvc sticker waterproof,en,貼紙/Sticker,C2-中期培养(11-50),0,2,0,0.0,14.5,0-click,
pvcシールとは,ja,貼紙/Sticker,C2-中期培养(11-50),0,2,0,0.0,20.0,0-click,
pvcステッカーとは,ja,貼紙/Sticker,C2-中期培养(11-50),0,2,0,0.0,24.5,0-click,
red foil printing,en,其他/Other,C2-中期培养(11-50),0,2,0,0.0,33.0,0-click,
removable custom stickers,en,貼紙/Sticker,C2-中期培养(11-50),0,2,0,0.0,44.0,0-click,
same day flyer delivery,en,宣傳單/Flyer,C2-中期培养(11-50),0,2,0,0.0,46.0,0-click,
samedayflyers,en,宣傳單/Flyer,C2-中期培养(11-50),0,2,0,0.0,22.0,0-click,
school exercise book printing london,en,書籍/Book,C2-中期培养(11-50),0,2,0,0.0,39.0,0-click,
security sticker manufacturer,en,貼紙/Sticker,C2-中期培养(11-50),0,2,0,0.0,46.5,0-click,
small removable stickers,en,貼紙/Sticker,C2-中期培养(11-50),0,2,0,0.0,31.5,0-click,
spot uv business cards,en,咭片/Card,C2-中期培养(11-50),0,2,0,0.0,34.5,0-click,
sticky banners website,en,其他/Other,C2-中期培养(11-50),0,2,0,0.0,42.5,0-click,
waterproof sticker printing,en,貼紙/Sticker,C2-中期培养(11-50),0,2,0,0.0,27.5,0-click,
waterproof stickers bulk,en,貼紙/Sticker,C2-中期培养(11-50),0,2,0,0.0,43.0,0-click,
waterproof stickers china,en,貼紙/Sticker,C2-中期培养(11-50),0,2,0,0.0,17.5,0-click,
waterproof stickers factory,en,貼紙/Sticker,C2-中期培养(11-50),0,2,0,0.0,49.5,0-click,
wholesale foil stickers usa,en,貼紙/Sticker,C2-中期培养(11-50),0,2,0,0.0,42.0,0-click,
why are 150 gsm paper bags used?,en,紙袋/PaperBag,C2-中期培养(11-50),0,2,0,0.0,40.0,0-click,
z printing,en,品牌/Brand,C2-中期培养(11-50),0,2,0,0.0,25.0,0-click,
zprinting,en,品牌/Brand,C2-中期培养(11-50),0,2,0,0.0,37.0,0-click,
クラフト 紙 パッケージ,ja,包裝/Packaging,C2-中期培养(11-50),0,2,0,0.0,29.0,0-click,
パッケージデザイン トレンド,ja,包裝/Packaging,C2-中期培养(11-50),0,2,0,0.0,29.5,0-click,
プリント 即日,ja,即日/Rush,C2-中期培养(11-50),0,2,0,0.0,30.5,0-click,
ボックス 印刷,ja,其他/Other,C2-中期培养(11-50),0,2,0,0.0,47.5,0-click,
ラミネート メニュー,ja,餐牌/Menu,C2-中期培养(11-50),0,2,0,0.0,40.0,0-click,
ラミネート加工 メニュー表 プリント,ja,餐牌/Menu,C2-中期培养(11-50),0,2,0,0.0,34.5,0-click,
ラミネート加工 メニュー表 制作,ja,餐牌/Menu,C2-中期培养(11-50),0,2,0,0.0,37.5,0-click,
信封印刷價格,zh-hk,信封/Envelope,C2-中期培养(11-50),0,2,0,0.0,11.0,0-click,
印 書,zh-hk,書籍/Book,C2-中期培养(11-50),0,2,0,0.0,43.5,0-click,
印刷 急ぎ,ja,其他/Other,C2-中期培养(11-50),0,2,0,0.0,29.0,0-click,
印刷 教科書,zh-hk,書籍/Book,C2-中期培养(11-50),0,2,0,0.0,29.0,0-click,
印刷 旺角,zh-hk,其他/Other,C2-中期培养(11-50),0,2,0,0.0,40.5,0-click,
印刷公司 香港,zh-hk,其他/Other,C2-中期培养(11-50),0,2,0,0.0,44.5,0-click,
印刷紙材,zh-hk,其他/Other,C2-中期培养(11-50),0,2,0,0.0,14.5,0-click,
印宣傳單張,zh-hk,宣傳單/Flyer,C2-中期培养(11-50),0,2,0,0.0,46.5,0-click,
印貼紙 香港,zh-hk,貼紙/Sticker,C2-中期培养(11-50),0,2,0,0.0,29.5,0-click,
大きい封筒,ja,其他/Other,C2-中期培养(11-50),0,2,0,0.0,41.5,0-click,
客 製 貼紙,zh-hk,貼紙/Sticker,C2-中期培养(11-50),0,2,0,0.0,38.5,0-click,
屋外ポスター,ja,海報/Poster,C2-中期培养(11-50),0,2,0,0.0,30.0,0-click,
旺角 印刷,zh-hk,其他/Other,C2-中期培养(11-50),0,2,0,0.0,40.0,0-click,
條碼紙香港,zh-hk,其他/Other,C2-中期培养(11-50),0,2,0,0.0,21.5,0-click,
殺菌貼紙,zh-hk,貼紙/Sticker,C2-中期培养(11-50),0,2,0,0.0,36.0,0-click,
水果貼紙,zh-hk,貼紙/Sticker,C2-中期培养(11-50),0,2,0,0.0,15.0,0-click,
海報價錢,zh-hk,海報/Poster,C2-中期培养(11-50),0,2,0,0.0,26.5,0-click,
海報大小尺寸,zh-hk,海報/Poster,C2-中期培养(11-50),0,2,0,0.0,46.0,0-click,
澳門海報列印,zh-hk,海報/Poster,C2-中期培养(11-50),0,2,0,0.0,43.5,0-click,
燙金 貼紙,zh-hk,貼紙/Sticker,C2-中期培养(11-50),0,2,0,0.0,35.5,0-click,
牛皮紙袋,zh-hk,紙袋/PaperBag,C2-中期培养(11-50),0,2,0,0.0,44.0,0-click,
牛皮紙袋零售,zh-hk,紙袋/PaperBag,C2-中期培养(11-50),0,2,0,0.0,26.0,0-click,
玻璃貼紙印刷,zh-hk,貼紙/Sticker,C2-中期培养(11-50),0,2,0,0.0,38.5,0-click,
箔押し年賀状,ja,其他/Other,C2-中期培养(11-50),0,2,0,0.0,25.0,0-click,
精裝 書,zh-hk,書籍/Book,C2-中期培养(11-50),0,2,0,0.0,42.0,0-click,
紙張 材質,zh-hk,其他/Other,C2-中期培养(11-50),0,2,0,0.0,41.5,0-click,
紙張材質,zh-hk,其他/Other,C2-中期培养(11-50),0,2,0,0.0,44.0,0-click,
紙材,zh-hk,其他/Other,C2-中期培养(11-50),0,2,0,0.0,42.5,0-click,
藝術海報,zh-hk,海報/Poster,C2-中期培养(11-50),0,2,0,0.0,22.0,0-click,
貼紙材質pvc,zh-hk,貼紙/Sticker,C2-中期培养(11-50),0,2,0,0.0,10.5,0-click,
銅版 紙,zh-hk,其他/Other,C2-中期培养(11-50),0,2,0,0.0,45.5,0-click,
防水 貼紙,zh-hk,貼紙/Sticker,C2-中期培养(11-50),0,2,0,0.0,28.0,0-click,
防水ポスター,ja,海報/Poster,C2-中期培养(11-50),0,2,0,0.0,36.5,0-click,
防水車貼,zh-hk,貼紙/Sticker,C2-中期培养(11-50),0,2,0,0.0,36.0,0-click,
飛機盒印刷,zh-hk,包裝/Packaging,C2-中期培养(11-50),0,2,0,0.0,11.0,0-click,
食品包装,zh-hk,其他/Other,C2-中期培养(11-50),0,2,0,0.0,16.0,0-click,
香港印刷廠,zh-hk,其他/Other,C2-中期培养(11-50),0,2,0,0.0,25.5,0-click,
騎馬釘裝,zh-hk,書籍/Book,C2-中期培养(11-50),0,2,0,0.0,35.5,0-click,
月曆 印刷,zh-hk,月曆/Calendar,C2-中期培养(11-50),0,1,1,100.0,19.0,有点击,Y
"""paper high""",en,其他/Other,C2-中期培养(11-50),0,1,0,0.0,49.0,0-click,
250 gsm kraft paper,en,其他/Other,C2-中期培养(11-50),0,1,0,0.0,31.0,0-click,
420 x 594mm,en,其他/Other,C2-中期培养(11-50),0,1,0,0.0,25.0,0-click,
a0 印刷 即日,zh-hk,即日/Rush,C2-中期培养(11-50),0,1,0,0.0,24.0,0-click,
a1 paper printing,en,其他/Other,C2-中期培养(11-50),0,1,0,0.0,50.0,0-click,
a1 paper printing cost,en,其他/Other,C2-中期培养(11-50),0,1,0,0.0,24.0,0-click,
a1 poster in mm,en,海報/Poster,C2-中期培养(11-50),0,1,0,0.0,49.0,0-click,
a1 poster price,en,海報/Poster,C2-中期培养(11-50),0,1,0,0.0,47.0,0-click,
a1海報大小,zh-hk,海報/Poster,C2-中期培养(11-50),0,1,0,0.0,44.0,0-click,
a1海报尺寸,zh-hk,其他/Other,C2-中期培养(11-50),0,1,0,0.0,11.0,0-click,
a2 art print,en,其他/Other,C2-中期培养(11-50),0,1,0,0.0,47.0,0-click,
a2 art printing,en,其他/Other,C2-中期培养(11-50),0,1,0,0.0,45.0,0-click,
a2 clear poster,en,海報/Poster,C2-中期培养(11-50),0,1,0,0.0,17.0,0-click,
a2 digital printing,en,其他/Other,C2-中期培养(11-50),0,1,0,0.0,13.0,0-click,
a2 paper size poster,en,海報/Poster,C2-中期培养(11-50),0,1,0,0.0,47.0,0-click,
a2 poster board printing,en,海報/Poster,C2-中期培养(11-50),0,1,0,0.0,46.0,0-click,
a2 poster on a wall,en,海報/Poster,C2-中期培养(11-50),0,1,0,0.0,46.0,0-click,
a2 posters printed,en,海報/Poster,C2-中期培养(11-50),0,1,0,0.0,39.0,0-click,
a2 size paper,en,其他/Other,C2-中期培养(11-50),0,1,0,0.0,39.0,0-click,
a2 sized poster,en,海報/Poster,C2-中期培养(11-50),0,1,0,0.0,47.0,0-click,
a2 size尺寸,zh-hk,其他/Other,C2-中期培养(11-50),0,1,0,0.0,32.0,0-click,
a2 wall poster,en,海報/Poster,C2-中期培养(11-50),0,1,0,0.0,33.0,0-click,
a2 影印 店,zh-hk,其他/Other,C2-中期培养(11-50),0,1,0,0.0,28.0,0-click,
a2 打印,zh-hk,其他/Other,C2-中期培养(11-50),0,1,0,0.0,14.0,0-click,
a2 海報 大小,zh-hk,海報/Poster,C2-中期培养(11-50),0,1,0,0.0,33.0,0-click,
a4 size flyer printing,en,宣傳單/Flyer,C2-中期培养(11-50),0,1,0,0.0,34.0,0-click,
a4信封,zh-hk,信封/Envelope,C2-中期培养(11-50),0,1,0,0.0,30.0,0-click,
a5 a6 size comparison,en,其他/Other,C2-中期培养(11-50),0,1,0,0.0,38.0,0-click,
a5 and a6 which is bigger,en,其他/Other,C2-中期培养(11-50),0,1,0,0.0,34.0,0-click,
a5 flyer,en,宣傳單/Flyer,C2-中期培养(11-50),0,1,0,0.0,44.0,0-click,
a5 flyer size in inches,en,宣傳單/Flyer,C2-中期培养(11-50),0,1,0,0.0,46.0,0-click,
a5 flyers dimensions,en,宣傳單/Flyer,C2-中期培养(11-50),0,1,0,0.0,11.0,0-click,
a5 leaflet printing,en,宣傳單/Flyer,C2-中期培养(11-50),0,1,0,0.0,11.0,0-click,
a5 leaflet size,en,宣傳單/Flyer,C2-中期培养(11-50),0,1,0,0.0,30.0,0-click,
a5 promo card,en,咭片/Card,C2-中期培养(11-50),0,1,0,0.0,29.0,0-click,
a6 a5 size,en,其他/Other,C2-中期培养(11-50),0,1,0,0.0,36.0,0-click,
a6 a5大小,zh-hk,其他/Other,C2-中期培养(11-50),0,1,0,0.0,11.0,0-click,
a6 flyer size in cm,en,宣傳單/Flyer,C2-中期培养(11-50),0,1,0,0.0,29.0,0-click,
a6 leaflet size,en,宣傳單/Flyer,C2-中期培养(11-50),0,1,0,0.0,17.0,0-click,
a6 サイズ 印刷,ja,其他/Other,C2-中期培养(11-50),0,1,0,0.0,30.0,0-click,
a6的尺寸,zh-hk,其他/Other,C2-中期培养(11-50),0,1,0,0.0,11.0,0-click,
adhesive poster meaning,en,海報/Poster,C2-中期培养(11-50),0,1,0,0.0,49.0,0-click,
adhesive poster print,en,海報/Poster,C2-中期培养(11-50),0,1,0,0.0,46.0,0-click,
are teepublic stickers waterproof,en,貼紙/Sticker,C2-中期培养(11-50),0,1,0,0.0,38.0,0-click,
art paper 中文,zh-hk,其他/Other,C2-中期培养(11-50),0,1,0,0.0,45.0,0-click,
banner 即日,zh-hk,即日/Rush,C2-中期培养(11-50),0,1,0,0.0,11.0,0-click,
book binding services price in tajik,en,書籍/Book,C2-中期培养(11-50),0,1,0,0.0,44.0,0-click,
bulk waterproof stickers,en,貼紙/Sticker,C2-中期培养(11-50),0,1,0,0.0,42.0,0-click,
business card printing spot uv,en,咭片/Card,C2-中期培养(11-50),0,1,0,0.0,35.0,0-click,
business cards free shipping,en,咭片/Card,C2-中期培养(11-50),0,1,0,0.0,48.0,0-click,
c-print,en,其他/Other,C2-中期培养(11-50),0,1,0,0.0,11.0,0-click,
c5 信封,zh-hk,信封/Envelope,C2-中期培养(11-50),0,1,0,0.0,40.0,0-click,
can colored envelopes be mailed,en,利是封/RedEnvelope,C2-中期培养(11-50),0,1,0,0.0,46.0,0-click,Y
can you mail colored envelopes,en,利是封/RedEnvelope,C2-中期培养(11-50),0,1,0,0.0,41.0,0-click,Y
capture screen,en,其他/Other,C2-中期培养(11-50),0,1,0,0.0,11.0,0-click,
catalog printing in tajik,en,目錄/Catalog,C2-中期培养(11-50),0,1,0,0.0,35.0,0-click,
catalogs printing,en,目錄/Catalog,C2-中期培养(11-50),0,1,0,0.0,45.0,0-click,
cheap flyers free shipping,en,宣傳單/Flyer,C2-中期培养(11-50),0,1,0,0.0,49.0,0-click,
cheap hardback book printing in kyrgyz,en,書籍/Book,C2-中期培养(11-50),0,1,0,0.0,46.0,0-click,
cheap printed eco friendly bags,en,其他/Other,C2-中期培养(11-50),0,1,0,0.0,48.0,0-click,
cheap printing and binding in tajik,en,其他/Other,C2-中期培养(11-50),0,1,0,0.0,47.0,0-click,
cheapest catalog printing,en,目錄/Catalog,C2-中期培养(11-50),0,1,0,0.0,47.0,0-click,
china cheap saddle stitch booklet printing wholesaler,en,書籍/Book,C2-中期培养(11-50),0,1,0,0.0,39.0,0-click,
china coated mesh banner for trade show,en,其他/Other,C2-中期培养(11-50),0,1,0,0.0,11.0,0-click,
china perfect bound binding wholesale,en,其他/Other,C2-中期培养(11-50),0,1,0,0.0,32.0,0-click,
china perfect bound wholesaler,en,其他/Other,C2-中期培养(11-50),0,1,0,0.0,35.0,0-click,
colored envelope printing,en,利是封/RedEnvelope,C2-中期培养(11-50),0,1,0,0.0,47.0,0-click,Y
copying centers near me,en,其他/Other,C2-中期培养(11-50),0,1,0,0.0,29.0,0-click,
cosmetic packaging no minimum order,en,包裝/Packaging,C2-中期培养(11-50),0,1,0,0.0,11.0,0-click,
cosmetics box printing,en,包裝/Packaging,C2-中期培养(11-50),0,1,0,0.0,11.0,0-click,
custom dust jacket printing in kyrgyz,en,其他/Other,C2-中期培养(11-50),0,1,0,0.0,36.0,0-click,
custom exercise books,en,書籍/Book,C2-中期培养(11-50),0,1,0,0.0,22.0,0-click,
custom foil stickers in usa,en,貼紙/Sticker,C2-中期培养(11-50),0,1,0,0.0,34.0,0-click,
custom foil stickers usa,en,貼紙/Sticker,C2-中期培养(11-50),0,1,0,0.0,42.0,0-click,
custom gift bag printing,en,其他/Other,C2-中期培养(11-50),0,1,0,0.0,26.0,0-click,
custom removable decals,en,其他/Other,C2-中期培养(11-50),0,1,0,0.0,46.0,0-click,
custom single book printing in kyrgyz,en,書籍/Book,C2-中期培养(11-50),0,1,0,0.0,29.0,0-click,
custom stickers small quantity,en,貼紙/Sticker,C2-中期培养(11-50),0,1,0,0.0,46.0,0-click,
custom stickers waterproof,en,貼紙/Sticker,C2-中期培养(11-50),0,1,0,0.0,39.0,0-click,
custom water proof stickers,en,貼紙/Sticker,C2-中期培养(11-50),0,1,0,0.0,45.0,0-click,
custom waterproof decals,en,其他/Other,C2-中期培养(11-50),0,1,0,0.0,36.0,0-click,
custom waterproof sticker,en,貼紙/Sticker,C2-中期培养(11-50),0,1,0,0.0,46.0,0-click,
custom waterproof stickers china,en,貼紙/Sticker,C2-中期培养(11-50),0,1,0,0.0,22.0,0-click,
customised exercise books,en,書籍/Book,C2-中期培养(11-50),0,1,0,0.0,12.0,0-click,
customized kraft paper bags,en,紙袋/PaperBag,C2-中期培养(11-50),0,1,0,0.0,38.0,0-click,
dfkaisho,en,其他/Other,C2-中期培养(11-50),0,1,0,0.0,41.0,0-click,
die-cutting pmma acrylic sticker promotions,en,貼紙/Sticker,C2-中期培养(11-50),0,1,0,0.0,11.0,0-click,
difference between a5 and a6 paper,en,其他/Other,C2-中期培养(11-50),0,1,0,0.0,45.0,0-click,
dimension flyer a6,en,宣傳單/Flyer,C2-中期培养(11-50),0,1,0,0.0,22.0,0-click,
disposable menu printing,en,餐牌/Menu,C2-中期培养(11-50),0,1,0,0.0,20.0,0-click,
dojins com,en,其他/Other,C2-中期培养(11-50),0,1,0,0.0,38.0,0-click,
double sided flyer,en,宣傳單/Flyer,C2-中期培养(11-50),0,1,0,0.0,35.0,0-click,
easily removable stickers,en,貼紙/Sticker,C2-中期培养(11-50),0,1,0,0.0,40.0,0-click,
eco friendly flyer printing,en,宣傳單/Flyer,C2-中期培养(11-50),0,1,0,0.0,33.0,0-click,
eco friendly leaflet printing,en,宣傳單/Flyer,C2-中期培养(11-50),0,1,0,0.0,39.0,0-click,
exercise book company,en,書籍/Book,C2-中期培养(11-50),0,1,0,0.0,42.0,0-click,
exercise book suppliers,en,書籍/Book,C2-中期培养(11-50),0,1,0,0.0,40.0,0-click,
exercise books,en,書籍/Book,C2-中期培养(11-50),0,1,0,0.0,43.0,0-click,
factory price custom printed eco friendly bags,en,其他/Other,C2-中期培养(11-50),0,1,0,0.0,40.0,0-click,
factory price eco printed bags,en,其他/Other,C2-中期培养(11-50),0,1,0,0.0,27.0,0-click,
factory price printed eco friendly bags,en,其他/Other,C2-中期培养(11-50),0,1,0,0.0,37.0,0-click,
fedex 物流,zh-hk,其他/Other,C2-中期培养(11-50),0,1,0,0.0,30.0,0-click,
flyer eco,en,宣傳單/Flyer,C2-中期培养(11-50),0,1,0,0.0,41.0,0-click,
flyer print sizes,en,宣傳單/Flyer,C2-中期培养(11-50),0,1,0,0.0,50.0,0-click,
flyer printing japan,en,宣傳單/Flyer,C2-中期培养(11-50),0,1,0,0.0,49.0,0-click,
flyer printing next day delivery,en,宣傳單/Flyer,C2-中期培养(11-50),0,1,0,0.0,36.0,0-click,
flyer printing same day,en,宣傳單/Flyer,C2-中期培养(11-50),0,1,0,0.0,33.0,0-click,
flyer size a6,en,宣傳單/Flyer,C2-中期培养(11-50),0,1,0,0.0,16.0,0-click,
foil flyers,en,宣傳單/Flyer,C2-中期培养(11-50),0,1,0,0.0,34.0,0-click,
foil print flyers,en,宣傳單/Flyer,C2-中期培养(11-50),0,1,0,0.0,50.0,0-click,
foil sticker maker,en,貼紙/Sticker,C2-中期培养(11-50),0,1,0,0.0,50.0,0-click,
foil stickers manufacturer usa,en,貼紙/Sticker,C2-中期培养(11-50),0,1,0,0.0,28.0,0-click,
for boy,en,其他/Other,C2-中期培养(11-50),0,1,0,0.0,19.0,0-click,
free 24hr rush,en,即日/Rush,C2-中期培养(11-50),0,1,0,0.0,42.0,0-click,
free doujin,en,書籍/Book,C2-中期培养(11-50),0,1,0,0.0,26.0,0-click,
gift book printing in tajik,en,書籍/Book,C2-中期培养(11-50),0,1,0,0.0,48.0,0-click,
gift box magnetic closure,en,包裝/Packaging,C2-中期培养(11-50),0,1,0,0.0,37.0,0-click,
gift boxes magnetic closure,en,包裝/Packaging,C2-中期培养(11-50),0,1,0,0.0,50.0,0-click,
goedkope flyers a5,en,宣傳單/Flyer,C2-中期培养(11-50),0,1,0,0.0,34.0,0-click,
greeting card printing with gold foil,en,咭片/Card,C2-中期培养(11-50),0,1,0,0.0,46.0,0-click,
hardcover book printing cost in tajik,en,書籍/Book,C2-中期培养(11-50),0,1,0,0.0,46.0,0-click,
how big is a6 compared to a5,en,其他/Other,C2-中期培养(11-50),0,1,0,0.0,31.0,0-click,
instant print flyers,en,宣傳單/Flyer,C2-中期培养(11-50),0,1,0,0.0,16.0,0-click,
k12 textbook pre-press production,en,書籍/Book,C2-中期培养(11-50),0,1,0,0.0,50.0,0-click,
kraft bags shop 100,en,其他/Other,C2-中期培养(11-50),0,1,0,0.0,30.0,0-click,
kraft boxes,en,包裝/Packaging,C2-中期培养(11-50),0,1,0,0.0,44.0,0-click,
kraft paper packaging box,en,包裝/Packaging,C2-中期培养(11-50),0,1,0,0.0,12.0,0-click,
magnetic calendar printing,en,月曆/Calendar,C2-中期培养(11-50),0,1,0,0.0,47.0,0-click,Y
magnetic close box,en,包裝/Packaging,C2-中期培养(11-50),0,1,0,0.0,39.0,0-click,
magnetic closure gift box,en,包裝/Packaging,C2-中期培养(11-50),0,1,0,0.0,46.0,0-click,
matte laminate business cards,en,咭片/Card,C2-中期培养(11-50),0,1,0,0.0,20.0,0-click,
menu 印刷,zh-hk,餐牌/Menu,C2-中期培养(11-50),0,1,0,0.0,16.0,0-click,
mesh banners printing,en,其他/Other,C2-中期培养(11-50),0,1,0,0.0,44.0,0-click,
mtr 12 sheet,en,其他/Other,C2-中期培养(11-50),0,1,0,0.0,15.0,0-click,
mtr advertising rate card,en,咭片/Card,C2-中期培养(11-50),0,1,0,0.0,23.0,0-click,
mtr printing service,en,其他/Other,C2-中期培养(11-50),0,1,0,0.0,11.0,0-click,
mtr 廣告 價錢,zh-hk,其他/Other,C2-中期培养(11-50),0,1,0,0.0,30.0,0-click,
mtr廣告價錢,zh-hk,其他/Other,C2-中期培养(11-50),0,1,0,0.0,36.0,0-click,
multiple functions of white card paper bags,en,紙袋/PaperBag,C2-中期培养(11-50),0,1,0,0.0,14.0,0-click,
non permanent stickers,en,貼紙/Sticker,C2-中期培养(11-50),0,1,0,0.0,37.0,0-click,
online book printing services in kyrgyz,en,書籍/Book,C2-中期培养(11-50),0,1,0,0.0,46.0,0-click,
online catalog printing,en,目錄/Catalog,C2-中期培养(11-50),0,1,0,0.0,38.0,0-click,
order a2 prints,en,其他/Other,C2-中期培养(11-50),0,1,0,0.0,42.0,0-click,
order laminated menus,en,餐牌/Menu,C2-中期培养(11-50),0,1,0,0.0,42.0,0-click,
order waterproof stickers,en,貼紙/Sticker,C2-中期培养(11-50),0,1,0,0.0,33.0,0-click,
outdoor vinyl printing,en,其他/Other,C2-中期培养(11-50),0,1,0,0.0,46.0,0-click,
packaging kraft boxes,en,包裝/Packaging,C2-中期培养(11-50),0,1,0,0.0,36.0,0-click,
personalized kraft bags,en,其他/Other,C2-中期培养(11-50),0,1,0,0.0,45.0,0-click,
pet best before printing,en,其他/Other,C2-中期培养(11-50),0,1,0,0.0,48.0,0-click,
poster bestellen a2,en,海報/Poster,C2-中期培养(11-50),0,1,0,0.0,40.0,0-click,
poster paper a2,en,海報/Poster,C2-中期培养(11-50),0,1,0,0.0,14.0,0-click,
poster printing pricing,en,海報/Poster,C2-中期培养(11-50),0,1,0,0.0,44.0,0-click,
print a2 paper,en,其他/Other,C2-中期培养(11-50),0,1,0,0.0,32.0,0-click,
print adhesive poster,en,海報/Poster,C2-中期培养(11-50),0,1,0,0.0,47.0,0-click,
print flyers next day delivery,en,宣傳單/Flyer,C2-中期培养(11-50),0,1,0,0.0,35.0,0-click,
print shop,en,其他/Other,C2-中期培养(11-50),0,1,0,0.0,11.0,0-click,
printanje a2,en,其他/Other,C2-中期培养(11-50),0,1,0,0.0,37.0,0-click,
pvc sticker thick marine use waterproof,en,貼紙/Sticker,C2-中期培养(11-50),0,1,0,0.0,48.0,0-click,
pvc印刷,zh-hk,其他/Other,C2-中期培养(11-50),0,1,0,0.0,23.0,0-click,
removable decal,en,其他/Other,C2-中期培养(11-50),0,1,0,0.0,36.0,0-click,
removable stickers custom,en,貼紙/Sticker,C2-中期培养(11-50),0,1,0,0.0,50.0,0-click,
rush printing los angeles,en,即日/Rush,C2-中期培养(11-50),0,1,0,0.0,33.0,0-click,
rush stickers printing,en,貼紙/Sticker,C2-中期培养(11-50),0,1,0,0.0,36.0,0-click,
same day flyer print,en,宣傳單/Flyer,C2-中期培养(11-50),0,1,0,0.0,45.0,0-click,
same day flyer printing los angeles,en,宣傳單/Flyer,C2-中期培养(11-50),0,1,0,0.0,42.0,0-click,
same day flyers near me,en,宣傳單/Flyer,C2-中期培养(11-50),0,1,0,0.0,31.0,0-click,
school textbook printing,en,書籍/Book,C2-中期培养(11-50),0,1,0,0.0,12.0,0-click,
screen -r,en,其他/Other,C2-中期培养(11-50),0,1,0,0.0,12.0,0-click,
security sticker,en,貼紙/Sticker,C2-中期培养(11-50),0,1,0,0.0,14.0,0-click,
size of a5 flyer,en,宣傳單/Flyer,C2-中期培养(11-50),0,1,0,0.0,22.0,0-click,
small quantity book printing in kyrgyz,en,書籍/Book,C2-中期培养(11-50),0,1,0,0.0,24.0,0-click,
spiral bound desk calendar,en,月曆/Calendar,C2-中期培养(11-50),0,1,0,0.0,29.0,0-click,Y
spot uv,en,其他/Other,C2-中期培养(11-50),0,1,0,0.0,41.0,0-click,
spot uv greetings card,en,咭片/Card,C2-中期培养(11-50),0,1,0,0.0,22.0,0-click,
standard size of calendar,en,月曆/Calendar,C2-中期培养(11-50),0,1,0,0.0,32.0,0-click,Y
sticker batch,en,貼紙/Sticker,C2-中期培养(11-50),0,1,0,0.0,37.0,0-click,
sticker printing no minimum,en,貼紙/Sticker,C2-中期培养(11-50),0,1,0,0.0,48.0,0-click,
sticker printing small quantity,en,貼紙/Sticker,C2-中期培养(11-50),0,1,0,0.0,42.0,0-click,
stickers fluorescent,en,貼紙/Sticker,C2-中期培养(11-50),0,1,0,0.0,44.0,0-click,
stickers small quantity,en,貼紙/Sticker,C2-中期培养(11-50),0,1,0,0.0,24.0,0-click,
tessin ii poster print,en,海報/Poster,C2-中期培养(11-50),0,1,0,0.0,41.0,0-click,
uv business cards,en,咭片/Card,C2-中期培养(11-50),0,1,0,0.0,11.0,0-click,
vinyl banners,en,其他/Other,C2-中期培养(11-50),0,1,0,0.0,46.0,0-click,
water proof sticker,en,貼紙/Sticker,C2-中期培养(11-50),0,1,0,0.0,43.0,0-click,
water proof stickers custom,en,貼紙/Sticker,C2-中期培养(11-50),0,1,0,0.0,45.0,0-click,
water resistant stickers,en,貼紙/Sticker,C2-中期培养(11-50),0,1,0,0.0,50.0,0-click,
waterproof and uv resistant stickers,en,貼紙/Sticker,C2-中期培养(11-50),0,1,0,0.0,33.0,0-click,
waterproof outdoor stickers,en,貼紙/Sticker,C2-中期培养(11-50),0,1,0,0.0,42.0,0-click,
waterproof sticker cover,en,貼紙/Sticker,C2-中期培养(11-50),0,1,0,0.0,43.0,0-click,
waterproof sticker custom,en,貼紙/Sticker,C2-中期培养(11-50),0,1,0,0.0,47.0,0-click,
waterproof stickers manufacturer usa,en,貼紙/Sticker,C2-中期培养(11-50),0,1,0,0.0,28.0,0-click,
weatherproof stickers custom,en,貼紙/Sticker,C2-中期培养(11-50),0,1,0,0.0,42.0,0-click,
what are adhesive posters,en,海報/Poster,C2-中期培养(11-50),0,1,0,0.0,30.0,0-click,
what is a can badge,en,咭片/Card,C2-中期培养(11-50),0,1,0,0.0,36.0,0-click,
what is outdoor vinyl poster,en,海報/Poster,C2-中期培养(11-50),0,1,0,0.0,49.0,0-click,
what is the difference between a5 and a6 paper,en,其他/Other,C2-中期培养(11-50),0,1,0,0.0,40.0,0-click,
what size is a1 poster,en,海報/Poster,C2-中期培养(11-50),0,1,0,0.0,40.0,0-click,
what size is an a5 flyer,en,宣傳單/Flyer,C2-中期培养(11-50),0,1,0,0.0,22.0,0-click,
wholesale waterproof stickers usa,en,貼紙/Sticker,C2-中期培养(11-50),0,1,0,0.0,39.0,0-click,
woodfree paper 中文,zh-hk,其他/Other,C2-中期培养(11-50),0,1,0,0.0,34.0,0-click,
オリジナルパッケージ,ja,包裝/Packaging,C2-中期培养(11-50),0,1,0,0.0,40.0,0-click,
カレンダー オンデマンド,ja,其他/Other,C2-中期培养(11-50),0,1,0,0.0,29.0,0-click,
カード 角丸,ja,其他/Other,C2-中期培养(11-50),0,1,0,0.0,46.0,0-click,
クラフト紙袋,ja,紙袋/PaperBag,C2-中期培养(11-50),0,1,0,0.0,31.0,0-click,
シール 型抜き,ja,貼紙/Sticker,C2-中期培养(11-50),0,1,0,0.0,42.0,0-click,
シール印刷プロ,ja,貼紙/Sticker,C2-中期培养(11-50),0,1,0,0.0,33.0,0-click,
ステッカー 少量,ja,貼紙/Sticker,C2-中期培养(11-50),0,1,0,0.0,47.0,0-click,
ステッカー 激安 小 ロット,ja,貼紙/Sticker,C2-中期培养(11-50),0,1,0,0.0,42.0,0-click,
チラシ 印刷 早い 安い,ja,其他/Other,C2-中期培养(11-50),0,1,0,0.0,50.0,0-click,
ポスター 印刷 費用,ja,海報/Poster,C2-中期培养(11-50),0,1,0,0.0,13.0,0-click,
ポスター 標準サイズ,ja,海報/Poster,C2-中期培养(11-50),0,1,0,0.0,49.0,0-click,
ポスター 防水,ja,海報/Poster,C2-中期培养(11-50),0,1,0,0.0,46.0,0-click,
ポスターサイズ,ja,海報/Poster,C2-中期培养(11-50),0,1,0,0.0,50.0,0-click,
ポスター印刷,ja,海報/Poster,C2-中期培养(11-50),0,1,0,0.0,17.0,0-click,
ラベル 印刷 小ロット,ja,其他/Other,C2-中期培养(11-50),0,1,0,0.0,46.0,0-click,
ラミネート メニュー表 制作,ja,餐牌/Menu,C2-中期培养(11-50),0,1,0,0.0,48.0,0-click,
ラミネート メニュー表 印刷,ja,餐牌/Menu,C2-中期培养(11-50),0,1,0,0.0,50.0,0-click,
ラミネート メニュー表 料金,ja,餐牌/Menu,C2-中期培养(11-50),0,1,0,0.0,47.0,0-click,
信封 size,zh-hk,信封/Envelope,C2-中期培养(11-50),0,1,0,0.0,44.0,0-click,
信封 封面,zh-hk,信封/Envelope,C2-中期培养(11-50),0,1,0,0.0,41.0,0-click,
信封尺寸香港,zh-hk,信封/Envelope,C2-中期培养(11-50),0,1,0,0.0,11.0,0-click,
信封訂製,zh-hk,信封/Envelope,C2-中期培养(11-50),0,1,0,0.0,20.0,0-click,
傳單大小,zh-hk,宣傳單/Flyer,C2-中期培养(11-50),0,1,0,0.0,11.0,0-click,
列印 貼紙,zh-hk,貼紙/Sticker,C2-中期培养(11-50),0,1,0,0.0,15.0,0-click,
列印信封,zh-hk,信封/Envelope,C2-中期培养(11-50),0,1,0,0.0,11.0,0-click,
包裝 貼紙,zh-hk,貼紙/Sticker,C2-中期培养(11-50),0,1,0,0.0,39.0,0-click,
化妝品盒,zh-hk,包裝/Packaging,C2-中期培养(11-50),0,1,0,0.0,23.0,0-click,
化粧品 パッケージ 箱,ja,包裝/Packaging,C2-中期培养(11-50),0,1,0,0.0,23.0,0-click,
医薬品加工用シール市場,ja,貼紙/Sticker,C2-中期培养(11-50),0,1,0,0.0,46.0,0-click,
印 卡片,zh-hk,咭片/Card,C2-中期培养(11-50),0,1,0,0.0,36.0,0-click,
印 貼紙 少量 香港,zh-hk,貼紙/Sticker,C2-中期培养(11-50),0,1,0,0.0,43.0,0-click,
印信封,zh-hk,信封/Envelope,C2-中期培养(11-50),0,1,0,0.0,21.0,0-click,
印刷 メニュー,ja,餐牌/Menu,C2-中期培养(11-50),0,1,0,0.0,37.0,0-click,
印刷 廠,zh-hk,其他/Other,C2-中期培养(11-50),0,1,0,0.0,22.0,0-click,
印刷信封,zh-hk,信封/Envelope,C2-中期培养(11-50),0,1,0,0.0,25.0,0-click,
印刷書籍,zh-hk,書籍/Book,C2-中期培养(11-50),0,1,0,0.0,16.0,0-click,
印刷紙張,zh-hk,其他/Other,C2-中期培养(11-50),0,1,0,0.0,12.0,0-click,
即印香港有限公司,zh-hk,其他/Other,C2-中期培养(11-50),0,1,0,0.0,20.0,0-click,
即日印刷旺角,zh-hk,即日/Rush,C2-中期培养(11-50),0,1,0,0.0,21.0,0-click,
名片印刷,zh-hk,咭片/Card,C2-中期培养(11-50),0,1,0,0.0,35.0,0-click,
單張,zh-hk,宣傳單/Flyer,C2-中期培养(11-50),0,1,0,0.0,13.0,0-click,
單面霧銀卡,zh-hk,其他/Other,C2-中期培养(11-50),0,1,0,0.0,11.0,0-click,
地鐵 燈箱 廣告,zh-hk,其他/Other,C2-中期培养(11-50),0,1,0,0.0,40.0,0-click,
地鐵廣告燈箱價錢,zh-hk,其他/Other,C2-中期培养(11-50),0,1,0,0.0,32.0,0-click,
地鐵燈箱廣告價錢,zh-hk,其他/Other,C2-中期培养(11-50),0,1,0,0.0,30.0,0-click,
地鐵站廣告價錢,zh-hk,其他/Other,C2-中期培养(11-50),0,1,0,0.0,36.0,0-click,
均彩,zh-hk,其他/Other,C2-中期培养(11-50),0,1,0,0.0,11.0,0-click,
型 抜き ステッカー,ja,貼紙/Sticker,C2-中期培养(11-50),0,1,0,0.0,43.0,0-click,
型抜きシール,ja,貼紙/Sticker,C2-中期培养(11-50),0,1,0,0.0,48.0,0-click,
型抜きステッカー,ja,貼紙/Sticker,C2-中期培养(11-50),0,1,0,0.0,23.0,0-click,
大 信封,zh-hk,信封/Envelope,C2-中期培养(11-50),0,1,0,0.0,22.0,0-click,
大型海報印刷,zh-hk,海報/Poster,C2-中期培养(11-50),0,1,0,0.0,21.0,0-click,
大紙袋哪裡買,zh-hk,紙袋/PaperBag,C2-中期培养(11-50),0,1,0,0.0,17.0,0-click,
封筒 大きい サイズ,ja,其他/Other,C2-中期培养(11-50),0,1,0,0.0,50.0,0-click,
屋外 バナー,ja,其他/Other,C2-中期培养(11-50),0,1,0,0.0,36.0,0-click,
常用海報尺寸,zh-hk,海報/Poster,C2-中期培养(11-50),0,1,0,0.0,45.0,0-click,
座檯月曆,zh-hk,月曆/Calendar,C2-中期培养(11-50),0,1,0,0.0,38.0,0-click,Y
当日 印刷,zh-hk,其他/Other,C2-中期培养(11-50),0,1,0,0.0,37.0,0-click,
影印 速遞,zh-hk,其他/Other,C2-中期培养(11-50),0,1,0,0.0,34.0,0-click,
快遞盒,zh-hk,包裝/Packaging,C2-中期培养(11-50),0,1,0,0.0,13.0,0-click,
戶外可移貼紙,zh-hk,貼紙/Sticker,C2-中期培养(11-50),0,1,0,0.0,45.0,0-click,
扁身架,zh-hk,其他/Other,C2-中期培养(11-50),0,1,0,0.0,45.0,0-click,
易 拉 寶,zh-hk,其他/Other,C2-中期培养(11-50),0,1,0,0.0,22.0,0-click,
月曆價錢,zh-hk,月曆/Calendar,C2-中期培养(11-50),0,1,0,0.0,28.0,0-click,Y
月曆訂購,zh-hk,月曆/Calendar,C2-中期培养(11-50),0,1,0,0.0,15.0,0-click,Y
校簿,zh-hk,書籍/Book,C2-中期培养(11-50),0,1,0,0.0,49.0,0-click,
海報a2尺寸,zh-hk,海報/Poster,C2-中期培养(11-50),0,1,0,0.0,30.0,0-click,
海報印刷價格,zh-hk,海報/Poster,C2-中期培养(11-50),0,1,0,0.0,13.0,0-click,
海報影印,zh-hk,海報/Poster,C2-中期培养(11-50),0,1,0,0.0,14.0,0-click,
海報影印價錢,zh-hk,海報/Poster,C2-中期培养(11-50),0,1,0,0.0,12.0,0-click,
海報打印,zh-hk,海報/Poster,C2-中期培养(11-50),0,1,0,0.0,11.0,0-click,
海報過膠,zh-hk,海報/Poster,C2-中期培养(11-50),0,1,0,0.0,29.0,0-click,
港 鐵 廣告 價格 表,zh-hk,其他/Other,C2-中期培养(11-50),0,1,0,0.0,28.0,0-click,
港鐵廣告價格表,zh-hk,其他/Other,C2-中期培养(11-50),0,1,0,0.0,27.0,0-click,
澳門poster印刷,zh-hk,海報/Poster,C2-中期培养(11-50),0,1,0,0.0,31.0,0-click,
澳門印刷紙質,zh-hk,其他/Other,C2-中期培养(11-50),0,1,0,0.0,48.0,0-click,
燙金 印刷,zh-hk,其他/Other,C2-中期培养(11-50),0,1,0,0.0,39.0,0-click,
燙銀,zh-hk,其他/Other,C2-中期培养(11-50),0,1,0,0.0,19.0,0-click,
牛皮 紙袋,zh-hk,紙袋/PaperBag,C2-中期培养(11-50),0,1,0,0.0,38.0,0-click,
牛皮紙袋印刷,zh-hk,紙袋/PaperBag,C2-中期培养(11-50),0,1,0,0.0,15.0,0-click,
牛皮紙袋現貨,zh-hk,紙袋/PaperBag,C2-中期培养(11-50),0,1,0,0.0,32.0,0-click,
珠光,zh-hk,其他/Other,C2-中期培养(11-50),0,1,0,0.0,43.0,0-click,
產品貼紙,zh-hk,貼紙/Sticker,C2-中期培养(11-50),0,1,0,0.0,32.0,0-click,
畢業 紀念冊,zh-hk,書籍/Book,C2-中期培养(11-50),0,1,0,0.0,41.0,0-click,
畢業紀念冊哪裡買,zh-hk,書籍/Book,C2-中期培养(11-50),0,1,0,0.0,49.0,0-click,
禮品紙袋,zh-hk,紙袋/PaperBag,C2-中期培养(11-50),0,1,0,0.0,22.0,0-click,
紀念冊,zh-hk,書籍/Book,C2-中期培养(11-50),0,1,0,0.0,27.0,0-click,
紙袋大,zh-hk,紙袋/PaperBag,C2-中期培养(11-50),0,1,0,0.0,16.0,0-click,
網孔布,zh-hk,其他/Other,C2-中期培养(11-50),0,1,0,0.0,33.0,0-click,
網孔貼,zh-hk,貼紙/Sticker,C2-中期培养(11-50),0,1,0,0.0,31.0,0-click,
繪本印製,zh-hk,其他/Other,C2-中期培养(11-50),0,1,0,0.0,19.0,0-click,
藥品標籤,zh-hk,貼紙/Sticker,C2-中期培养(11-50),0,1,0,0.0,32.0,0-click,
觀塘印貼紙,zh-hk,貼紙/Sticker,C2-中期培养(11-50),0,1,0,0.0,35.0,0-click,
証書 印刷,zh-hk,書籍/Book,C2-中期培养(11-50),0,1,0,0.0,26.0,0-click,
証書 紙,zh-hk,書籍/Book,C2-中期培养(11-50),0,1,0,0.0,44.0,0-click,
證書列印,zh-hk,書籍/Book,C2-中期培养(11-50),0,1,0,0.0,19.0,0-click,
貼り箱 サック箱 違い,ja,貼紙/Sticker,C2-中期培养(11-50),0,1,0,0.0,32.0,0-click,
貼紙材質分類,zh-hk,貼紙/Sticker,C2-中期培养(11-50),0,1,0,0.0,32.0,0-click,
車身 貼紙 訂 做,zh-hk,貼紙/Sticker,C2-中期培养(11-50),0,1,0,0.0,37.0,0-click,
透明 貼紙,zh-hk,貼紙/Sticker,C2-中期培养(11-50),0,1,0,0.0,29.0,0-click,
透明貼紙打印,zh-hk,貼紙/Sticker,C2-中期培养(11-50),0,1,0,0.0,49.0,0-click,
速印,zh-hk,其他/Other,C2-中期培养(11-50),0,1,0,0.0,38.0,0-click,
防水 ポスター,ja,海報/Poster,C2-中期培养(11-50),0,1,0,0.0,41.0,0-click,
防水ポスター 印刷,ja,海報/Poster,C2-中期培养(11-50),0,1,0,0.0,41.0,0-click,
防水貼紙專賣店,zh-hk,貼紙/Sticker,C2-中期培养(11-50),0,1,0,0.0,12.0,0-click,
防水貼紙自己印,zh-hk,貼紙/Sticker,C2-中期培养(11-50),0,1,0,0.0,31.0,0-click,
飛機盒香港,zh-hk,包裝/Packaging,C2-中期培养(11-50),0,1,0,0.0,17.0,0-click,
食品に触れる 紙印刷,ja,其他/Other,C2-中期培养(11-50),0,1,0,0.0,15.0,0-click,
食品包裝盒,zh-hk,包裝/Packaging,C2-中期培养(11-50),0,1,0,0.0,23.0,0-click,
食物包裝盒,zh-hk,包裝/Packaging,C2-中期培养(11-50),0,1,0,0.0,20.0,0-click,
香港地鐵廣告價錢,zh-hk,其他/Other,C2-中期培养(11-50),0,1,0,0.0,28.0,0-click,
香港海報,zh-hk,海報/Poster,C2-中期培养(11-50),0,1,0,0.0,33.0,0-click,
a2海報印刷,zh-hk,海報/Poster,A2-首页-低展示,0,4,0,0.0,8.0,0-click,
a6 a5 どっちが大きい,ja,其他/Other,A2-首页-低展示,0,4,0,0.0,10.0,0-click,
a6 a5 サイズ比較,ja,其他/Other,A2-首页-低展示,0,4,0,0.0,8.25,0-click,
mtr 4 sheet size,en,其他/Other,A2-首页-低展示,0,4,0,0.0,9.75,0-click,
傳單 尺寸,zh-hk,宣傳單/Flyer,A2-首页-低展示,0,4,0,0.0,7.75,0-click,
同人 印刷,zh-hk,書籍/Book,A2-首页-低展示,0,4,0,0.0,5.0,0-click,
房智玟,zh-hk,其他/Other,A2-首页-低展示,0,4,0,0.0,10.0,0-click,
打印,zh-hk,其他/Other,A2-首页-低展示,0,4,0,0.0,8.25,0-click,
新蒲崗 影印,zh-hk,其他/Other,A2-首页-低展示,0,4,0,0.0,7.25,0-click,
膠裝 騎馬釘,zh-hk,書籍/Book,A2-首页-低展示,0,4,0,0.0,2.5,0-click,
防水pvc貼紙,zh-hk,貼紙/Sticker,A2-首页-低展示,0,4,0,0.0,2.5,0-click,
騎馬釘裝訂,zh-hk,書籍/Book,A2-首页-低展示,0,4,0,0.0,1.5,0-click,
flyer printing,en,宣傳單/Flyer,A2-首页-低展示,0,3,2,66.67,4.67,OK,
環保紙袋,zh-hk,紙袋/PaperBag,A2-首页-低展示,0,3,1,33.33,2.0,OK,
磁吸禮盒,zh-hk,包裝/Packaging,A2-首页-低展示,0,3,1,33.33,2.0,OK,
"""国际印刷服务"" 公司",zh-hk,其他/Other,A2-首页-低展示,0,3,0,0.0,7.0,0-click,
a2 印刷,zh-hk,其他/Other,A2-首页-低展示,0,3,0,0.0,8.0,0-click,
a2ポスター,ja,海報/Poster,A2-首页-低展示,0,3,0,0.0,1.0,0-click,
a5 a6尺寸,zh-hk,其他/Other,A2-首页-低展示,0,3,0,0.0,9.67,0-click,
a5 flyers,en,宣傳單/Flyer,A2-首页-低展示,0,3,0,0.0,7.33,0-click,
a6 a5尺寸,zh-hk,其他/Other,A2-首页-低展示,0,3,0,0.0,8.67,0-click,
double sided envelope full color wholesale factory,en,信封/Envelope,A2-首页-低展示,0,3,0,0.0,9.0,0-click,
pvc防水貼紙,zh-hk,貼紙/Sticker,A2-首页-低展示,0,3,0,0.0,5.33,0-click,
rounded corner bc eu,en,其他/Other,A2-首页-低展示,0,3,0,0.0,8.33,0-click,
信封顏色,zh-hk,信封/Envelope,A2-首页-低展示,0,3,0,0.0,1.0,0-click,
印刷店,zh-hk,其他/Other,A2-首页-低展示,0,3,0,0.0,6.0,0-click,
合成紙貼紙,zh-hk,貼紙/Sticker,A2-首页-低展示,0,3,0,0.0,9.33,0-click,
同人周邊,zh-hk,書籍/Book,A2-首页-低展示,0,3,0,0.0,6.0,0-click,
抽屜式禮盒,zh-hk,包裝/Packaging,A2-首页-低展示,0,3,0,0.0,1.0,0-click,
新蒲崗打印,zh-hk,其他/Other,A2-首页-低展示,0,3,0,0.0,10.0,0-click,
海報a2,zh-hk,海報/Poster,A2-首页-低展示,0,3,0,0.0,1.0,0-click,
賀卡印刷,zh-hk,其他/Other,A2-首页-低展示,0,3,0,0.0,9.67,0-click,
邊度有紙袋買,zh-hk,紙袋/PaperBag,A2-首页-低展示,0,3,0,0.0,8.0,0-click,
オリジナル 箱 安い,ja,其他/Other,A2-首页-低展示,0,2,1,50.0,8.0,OK,
"""易拉宝"" 香港 名称",zh-hk,其他/Other,A2-首页-低展示,0,2,0,0.0,9.5,0-click,
a1 poster printing price,en,海報/Poster,A2-首页-低展示,0,2,0,0.0,9.5,0-click,
a1 pvc poster,en,海報/Poster,A2-首页-低展示,0,2,0,0.0,7.5,0-click,
a1.large,en,其他/Other,A2-首页-低展示,0,2,0,0.0,3.5,0-click,
a2 海報 尺寸,zh-hk,海報/Poster,A2-首页-低展示,0,2,0,0.0,1.0,0-click,
a2海報 尺寸,zh-hk,海報/Poster,A2-首页-低展示,0,2,0,0.0,1.0,0-click,
a5印刷,zh-hk,其他/Other,A2-首页-低展示,0,2,0,0.0,9.0,0-click,
a5大還是a6大,zh-hk,其他/Other,A2-首页-低展示,0,2,0,0.0,9.0,0-click,
a6 vs a5 flyer,en,宣傳單/Flyer,A2-首页-低展示,0,2,0,0.0,6.5,0-click,
are foil stickers waterproof,en,貼紙/Sticker,A2-首页-低展示,0,2,0,0.0,6.0,0-click,
can badge sizes,en,咭片/Card,A2-首页-低展示,0,2,0,0.0,7.0,0-click,
cheap a2 poster printing online,en,海報/Poster,A2-首页-低展示,0,2,0,0.0,5.0,0-click,
custom die cut stickers hong kong,en,貼紙/Sticker,A2-首页-低展示,0,2,0,0.0,4.5,0-click,
flourescent stickers,en,貼紙/Sticker,A2-首页-低展示,0,2,0,0.0,5.0,0-click,
how much do 500 wedding invites cost?,en,其他/Other,A2-首页-低展示,0,2,0,0.0,4.5,0-click,
red packet size,en,其他/Other,A2-首页-低展示,0,2,0,0.0,1.0,0-click,
xinf,en,其他/Other,A2-首页-低展示,0,2,0,0.0,9.0,0-click,
ダイカット ステッカー 中文,ja,貼紙/Sticker,A2-首页-低展示,0,2,0,0.0,2.0,0-click,
不殘膠貼紙,zh-hk,貼紙/Sticker,A2-首页-低展示,0,2,0,0.0,2.0,0-click,
同人本印刷,zh-hk,書籍/Book,A2-首页-低展示,0,2,0,0.0,5.5,0-click,
工藝海報,zh-hk,海報/Poster,A2-首页-低展示,0,2,0,0.0,3.0,0-click,
廣智,zh-hk,其他/Other,A2-首页-低展示,0,2,0,0.0,9.5,0-click,
我想為我的網店尋找一間可靠的印刷供應商，可以介紹一些中小企公司嗎？,zh-hk,其他/Other,A2-首页-低展示,0,2,0,0.0,5.0,0-click,
打印店,zh-hk,其他/Other,A2-首页-低展示,0,2,0,0.0,8.5,0-click,
新蒲崗印刷,zh-hk,其他/Other,A2-首页-低展示,0,2,0,0.0,9.5,0-click,
海報材質,zh-hk,海報/Poster,A2-首页-低展示,0,2,0,0.0,4.5,0-click,
珠光紙,zh-hk,其他/Other,A2-首页-低展示,0,2,0,0.0,1.0,0-click,
畢業紀念冊,zh-hk,書籍/Book,A2-首页-低展示,0,2,0,0.0,3.0,0-click,
網版印刷,zh-hk,其他/Other,A2-首页-低展示,0,2,0,0.0,4.0,0-click,
線圈裝,zh-hk,其他/Other,A2-首页-低展示,0,2,0,0.0,1.0,0-click,
膠貼紙,zh-hk,貼紙/Sticker,A2-首页-低展示,0,2,0,0.0,1.0,0-click,
證書印刷一張,zh-hk,書籍/Book,A2-首页-低展示,0,2,0,0.0,9.5,0-click,
防水pvc,zh-hk,其他/Other,A2-首页-低展示,0,2,0,0.0,1.0,0-click,
電子產品包裝,zh-hk,包裝/Packaging,A2-首页-低展示,0,2,0,0.0,7.0,0-click,
ａ４判,zh-hk,其他/Other,A2-首页-低展示,0,2,0,0.0,2.0,0-click,
a4 flyer printing,en,宣傳單/Flyer,A2-首页-低展示,0,1,1,100.0,3.0,OK,
print a5 flyers,en,宣傳單/Flyer,A2-首页-低展示,0,1,1,100.0,7.0,OK,
print flyers,en,宣傳單/Flyer,A2-首页-低展示,0,1,1,100.0,5.0,OK,
係邊買,zh-hk,品牌/Brand,A2-首页-低展示,0,1,1,100.0,4.0,OK,
宣傳單,zh-hk,宣傳單/Flyer,A2-首页-低展示,0,1,1,100.0,2.0,OK,
香港那裏有,zh-hk,品牌/Brand,A2-首页-低展示,0,1,1,100.0,1.0,OK,
"""a1 ≈ 100"" ""a2 ≈ 999"" ""a3 ≈ 10000"" ""a4 ≈ 99999""",en,其他/Other,A2-首页-低展示,0,1,0,0.0,10.0,0-click,
100,other,其他/Other,A2-首页-低展示,0,1,0,0.0,1.0,0-click,
1000張,zh-hk,其他/Other,A2-首页-低展示,0,1,0,0.0,4.0,0-click,
12月,zh-hk,其他/Other,A2-首页-低展示,0,1,0,0.0,3.0,0-click,
2 meter poster,en,海報/Poster,A2-首页-低展示,0,1,0,0.0,1.0,0-click,
a 2 poster,en,海報/Poster,A2-首页-低展示,0,1,0,0.0,1.0,0-click,
a0海報價格,zh-hk,海報/Poster,A2-首页-低展示,0,1,0,0.0,10.0,0-click,
a1 vs a2 poster size,en,海報/Poster,A2-首页-低展示,0,1,0,0.0,5.0,0-click,
a1print,en,其他/Other,A2-首页-低展示,0,1,0,0.0,2.0,0-click,
a1海報印刷價格,zh-hk,海報/Poster,A2-首页-低展示,0,1,0,0.0,9.0,0-click,
a2,en,其他/Other,A2-首页-低展示,0,1,0,0.0,4.0,0-click,
a2 printing near me,en,其他/Other,A2-首页-低展示,0,1,0,0.0,2.0,0-click,
a2 海報 價格,zh-hk,海報/Poster,A2-首页-低展示,0,1,0,0.0,2.0,0-click,
a2 海報尺寸,zh-hk,海報/Poster,A2-首页-低展示,0,1,0,0.0,1.0,0-click,
a2呢,zh-hk,其他/Other,A2-首页-低展示,0,1,0,0.0,4.0,0-click,
a2海報印刷價格,zh-hk,海報/Poster,A2-首页-低展示,0,1,0,0.0,1.0,0-click,
a2海報多大,zh-hk,海報/Poster,A2-首页-低展示,0,1,0,0.0,1.0,0-click,
a4 ad,en,其他/Other,A2-首页-低展示,0,1,0,0.0,2.0,0-click,
a4 flyers,en,宣傳單/Flyer,A2-首页-低展示,0,1,0,0.0,8.0,0-click,
a5 a6大小,zh-hk,其他/Other,A2-首页-低展示,0,1,0,0.0,9.0,0-click,
a5a6尺寸,zh-hk,其他/Other,A2-首页-低展示,0,1,0,0.0,8.0,0-click,
a5和a6尺寸,zh-hk,其他/Other,A2-首页-低展示,0,1,0,0.0,9.0,0-click,
a5海報,zh-hk,海報/Poster,A2-首页-低展示,0,1,0,0.0,1.0,0-click,
a6 flyers,en,宣傳單/Flyer,A2-首页-低展示,0,1,0,0.0,4.0,0-click,
back flyers,en,宣傳單/Flyer,A2-首页-低展示,0,1,0,0.0,1.0,0-click,
batch sticker,en,貼紙/Sticker,A2-首页-低展示,0,1,0,0.0,1.0,0-click,
book printing guide,en,書籍/Book,A2-首页-低展示,0,1,0,0.0,10.0,0-click,
business envelopes,en,信封/Envelope,A2-首页-低展示,0,1,0,0.0,1.0,0-click,
can badges,en,咭片/Card,A2-首页-低展示,0,1,0,0.0,8.0,0-click,
can-badge,en,咭片/Card,A2-首页-低展示,0,1,0,0.0,1.0,0-click,
catalog book printing in tajik,en,書籍/Book,A2-首页-低展示,0,1,0,0.0,6.0,0-click,
cheap flyers printing,en,宣傳單/Flyer,A2-首页-低展示,0,1,0,0.0,2.0,0-click,
cheap stickers bulk,en,貼紙/Sticker,A2-首页-低展示,0,1,0,0.0,6.0,0-click,
china 3 fold leaflets wholesale,en,宣傳單/Flyer,A2-首页-低展示,0,1,0,0.0,10.0,0-click,
custom calendars,en,月曆/Calendar,A2-首页-低展示,0,1,0,0.0,3.0,0-click,Y
custom fruit stickers,en,貼紙/Sticker,A2-首页-低展示,0,1,0,0.0,10.0,0-click,
custom sticker printing,en,貼紙/Sticker,A2-首页-低展示,0,1,0,0.0,1.0,0-click,
customized exercise books,en,書籍/Book,A2-首页-低展示,0,1,0,0.0,10.0,0-click,
cut die stickers,en,貼紙/Sticker,A2-首页-低展示,0,1,0,0.0,6.0,0-click,
dhl 快遞,zh-hk,其他/Other,A2-首页-低展示,0,1,0,0.0,1.0,0-click,
die-cut stickers,en,貼紙/Sticker,A2-首页-低展示,0,1,0,0.0,1.0,0-click,
double sides,en,其他/Other,A2-首页-低展示,0,1,0,0.0,7.0,0-click,
factory wholesale oem double sided envelope full color,en,信封/Envelope,A2-首页-低展示,0,1,0,0.0,8.0,0-click,
fiyat teklifi,en,其他/Other,A2-首页-低展示,0,1,0,0.0,2.0,0-click,
flyer papier,en,宣傳單/Flyer,A2-首页-低展示,0,1,0,0.0,2.0,0-click,
fruit barcode sticker,en,貼紙/Sticker,A2-首页-低展示,0,1,0,0.0,1.0,0-click,
hk2 化妝品,zh-hk,其他/Other,A2-首页-低展示,0,1,0,0.0,4.0,0-click,
hkdesignpro poster design package price printing included,en,海報/Poster,A2-首页-低展示,0,1,0,0.0,10.0,0-click,
how much does it cost to print an a2 poster,en,海報/Poster,A2-首页-低展示,0,1,0,0.0,1.0,0-click,
"i am a 25-34, 35-44, or 45-54 year old male in the creative, media, or technology industry. my main motivations: price-aware, deal-responsive comfortable trading brand prestige for savings high trust in expert authority and reputation experimentation-oriented: crosses photography, video, audio, streaming, and general electronics identity-driven buyer: “photographer”, “videographer”, “creator”, “engineer” high trust in expert authority and reputation less identity-locked to “professional” status best store for waterproof outdoor prints?",en,其他/Other,A2-首页-低展示,0,1,0,0.0,2.0,0-click,
in usd,en,其他/Other,A2-首页-低展示,0,1,0,0.0,1.0,0-click,
large envelope price,en,信封/Envelope,A2-首页-低展示,0,1,0,0.0,1.0,0-click,
large envelopes,en,信封/Envelope,A2-首页-低展示,0,1,0,0.0,1.0,0-click,
mailer box,en,包裝/Packaging,A2-首页-低展示,0,1,0,0.0,10.0,0-click,
marque,en,其他/Other,A2-首页-低展示,0,1,0,0.0,7.0,0-click,
menus pvc,en,餐牌/Menu,A2-首页-低展示,0,1,0,0.0,1.0,0-click,
morimori shop,en,其他/Other,A2-首页-低展示,0,1,0,0.0,3.0,0-click,
pet 印刷,zh-hk,其他/Other,A2-首页-低展示,0,1,0,0.0,1.0,0-click,
print screen,en,其他/Other,A2-首页-低展示,0,1,0,0.0,10.0,0-click,
print textbooks,en,書籍/Book,A2-首页-低展示,0,1,0,0.0,3.0,0-click,
printing shop near me,en,其他/Other,A2-首页-低展示,0,1,0,0.0,5.0,0-click,
product,en,其他/Other,A2-首页-低展示,0,1,0,0.0,1.0,0-click,
pvc sticker,en,貼紙/Sticker,A2-首页-低展示,0,1,0,0.0,7.0,0-click,
pvc 海報,zh-hk,海報/Poster,A2-首页-低展示,0,1,0,0.0,2.0,0-click,
pvcシール,ja,貼紙/Sticker,A2-首页-低展示,0,1,0,0.0,4.0,0-click,
pvc海報,zh-hk,海報/Poster,A2-首页-低展示,0,1,0,0.0,1.0,0-click,
pvc贴纸,zh-hk,其他/Other,A2-首页-低展示,0,1,0,0.0,9.0,0-click,
rgb印刷機,zh-hk,其他/Other,A2-首页-低展示,0,1,0,0.0,3.0,0-click,
show visuals,en,其他/Other,A2-首页-低展示,0,1,0,0.0,8.0,0-click,
"site:pages.dev ""景品"" ""無料"" -site:amazon.co.jp -site:amazon.com -site:amazonaws.com -site:aboutamazon.jp -site:primevideo.com",zh-hk,其他/Other,A2-首页-低展示,0,1,0,0.0,7.0,0-click,
size a0,en,其他/Other,A2-首页-低展示,0,1,0,0.0,1.0,0-click,
sticker pvc waterproof,en,貼紙/Sticker,A2-首页-低展示,0,1,0,0.0,1.0,0-click,
stokeks,en,其他/Other,A2-首页-低展示,0,1,0,0.0,7.0,0-click,
supply double sided envelope full color wholesale,en,信封/Envelope,A2-首页-低展示,0,1,0,0.0,9.0,0-click,
uv business card,en,咭片/Card,A2-首页-低展示,0,1,0,0.0,2.0,0-click,
what are the newest sticker design options available and how do they compare to traditional sticker designs?,en,貼紙/Sticker,A2-首页-低展示,0,1,0,0.0,1.0,0-click,
what do you think is a fair price,en,其他/Other,A2-首页-低展示,0,1,0,0.0,4.0,0-click,
wind resistant banners,en,其他/Other,A2-首页-低展示,0,1,0,0.0,1.0,0-click,
zh,en,其他/Other,A2-首页-低展示,0,1,0,0.0,4.0,0-click,
zn pro creative printing,en,其他/Other,A2-首页-低展示,0,1,0,0.0,6.0,0-click,
งานแสดงสินค้า,other,其他/Other,A2-首页-低展示,0,1,0,0.0,3.0,0-click,
カレンダー マグネット,ja,其他/Other,A2-首页-低展示,0,1,0,0.0,1.0,0-click,
パッケージ 印刷 食品,ja,包裝/Packaging,A2-首页-低展示,0,1,0,0.0,9.0,0-click,
パッケージ箱,ja,包裝/Packaging,A2-首页-低展示,0,1,0,0.0,7.0,0-click,
ポスター 防水加工,ja,海報/Poster,A2-首页-低展示,0,1,0,0.0,1.0,0-click,
メニュー ラミネート,ja,餐牌/Menu,A2-首页-低展示,0,1,0,0.0,1.0,0-click,
ロール アップ バナー,ja,其他/Other,A2-首页-低展示,0,1,0,0.0,5.0,0-click,
ロールアップバナー,ja,其他/Other,A2-首页-低展示,0,1,0,0.0,3.0,0-click,
三網,zh-hk,其他/Other,A2-首页-低展示,0,1,0,0.0,3.0,0-click,
両面チラシ,ja,其他/Other,A2-首页-低展示,0,1,0,0.0,1.0,0-click,
信封抬頭,zh-hk,信封/Envelope,A2-首页-低展示,0,1,0,0.0,1.0,0-click,
傳單紙,zh-hk,宣傳單/Flyer,A2-首页-低展示,0,1,0,0.0,1.0,0-click,
全彩印刷,zh-hk,其他/Other,A2-首页-低展示,0,1,0,0.0,5.0,0-click,
出血位,zh-hk,其他/Other,A2-首页-低展示,0,1,0,0.0,1.0,0-click,
包裝紙,zh-hk,包裝/Packaging,A2-首页-低展示,0,1,0,0.0,3.0,0-click,
包裝顏色,zh-hk,包裝/Packaging,A2-首页-低展示,0,1,0,0.0,8.0,0-click,
半透明貼紙,zh-hk,貼紙/Sticker,A2-首页-低展示,0,1,0,0.0,1.0,0-click,
印a1海報,zh-hk,海報/Poster,A2-首页-低展示,0,1,0,0.0,1.0,0-click,
印傳單 價格,zh-hk,宣傳單/Flyer,A2-首页-低展示,0,1,0,0.0,1.0,0-click,
印刷 出血位,zh-hk,其他/Other,A2-首页-低展示,0,1,0,0.0,10.0,0-click,
印刷 厚紙,zh-hk,其他/Other,A2-首页-低展示,0,1,0,0.0,1.0,0-click,
印刷海報,zh-hk,海報/Poster,A2-首页-低展示,0,1,0,0.0,8.0,0-click,
印刷色彩,zh-hk,其他/Other,A2-首页-低展示,0,1,0,0.0,1.0,0-click,
即印,zh-hk,其他/Other,A2-首页-低展示,0,1,0,0.0,6.0,0-click,
即日,zh-hk,即日/Rush,A2-首页-低展示,0,1,0,0.0,3.0,0-click,
厚紙印刷,zh-hk,其他/Other,A2-首页-低展示,0,1,0,0.0,7.0,0-click,
同人掛軸印刷,zh-hk,書籍/Book,A2-首页-低展示,0,1,0,0.0,6.0,0-click,
同人本,zh-hk,書籍/Book,A2-首页-低展示,0,1,0,0.0,3.0,0-click,
吸印,zh-hk,其他/Other,A2-首页-低展示,0,1,0,0.0,1.0,0-click,
商智,zh-hk,其他/Other,A2-首页-低展示,0,1,0,0.0,10.0,0-click,
噴繪,zh-hk,其他/Other,A2-首页-低展示,0,1,0,0.0,1.0,0-click,
大型海報尺寸,zh-hk,海報/Poster,A2-首页-低展示,0,1,0,0.0,6.0,0-click,
大型紙袋,zh-hk,紙袋/PaperBag,A2-首页-低展示,0,1,0,0.0,7.0,0-click,
大約價格,zh-hk,其他/Other,A2-首页-低展示,0,1,0,0.0,1.0,0-click,
安く,ja,其他/Other,A2-首页-低展示,0,1,0,0.0,3.0,0-click,
客製信封,zh-hk,信封/Envelope,A2-首页-低展示,0,1,0,0.0,10.0,0-click,
宣傳單張設計,zh-hk,宣傳單/Flyer,A2-首页-低展示,0,1,0,0.0,1.0,0-click,
我公司想轉用環保包裝物料，請問有冇邊啲香港中小企供應商比較專業？,zh-hk,包裝/Packaging,A2-首页-低展示,0,1,0,0.0,1.0,0-click,
戶外防水貼紙,zh-hk,貼紙/Sticker,A2-首页-低展示,0,1,0,0.0,9.0,0-click,
手冊印刷,zh-hk,書籍/Book,A2-首页-低展示,0,1,0,0.0,10.0,0-click,
打印服務,zh-hk,其他/Other,A2-首页-低展示,0,1,0,0.0,7.0,0-click,
新蒲崗影印鋪,zh-hk,其他/Other,A2-首页-低展示,0,1,0,0.0,1.0,0-click,
智允,zh-hk,其他/Other,A2-首页-低展示,0,1,0,0.0,6.0,0-click,
智達萊,zh-hk,其他/Other,A2-首页-低展示,0,1,0,0.0,7.0,0-click,
書籍 印刷,zh-hk,書籍/Book,A2-首页-低展示,0,1,0,0.0,8.0,0-click,
月曆尺寸,zh-hk,月曆/Calendar,A2-首页-低展示,0,1,0,0.0,7.0,0-click,Y
水果標籤貼紙,zh-hk,貼紙/Sticker,A2-首页-低展示,0,1,0,0.0,9.0,0-click,
浮雕印刷,zh-hk,其他/Other,A2-首页-低展示,0,1,0,0.0,1.0,0-click,
海報 材質,zh-hk,海報/Poster,A2-首页-低展示,0,1,0,0.0,1.0,0-click,
海報 紙質,zh-hk,海報/Poster,A2-首页-低展示,0,1,0,0.0,1.0,0-click,
海報印刷香港,zh-hk,海報/Poster,A2-首页-低展示,0,1,0,0.0,5.0,0-click,
海報是什麼,zh-hk,海報/Poster,A2-首页-低展示,0,1,0,0.0,10.0,0-click,
深圳有沒有,zh-hk,其他/Other,A2-首页-低展示,0,1,0,0.0,3.0,0-click,
烫金名片,zh-hk,咭片/Card,A2-首页-低展示,0,1,0,0.0,9.0,0-click,
無線膠裝,zh-hk,書籍/Book,A2-首页-低展示,0,1,0,0.0,2.0,0-click,
燙畫,zh-hk,其他/Other,A2-首页-低展示,0,1,0,0.0,4.0,0-click,
獎狀,zh-hk,其他/Other,A2-首页-低展示,0,1,0,0.0,9.0,0-click,
珍珠紙印刷,zh-hk,其他/Other,A2-首页-低展示,0,1,0,0.0,1.0,0-click,
珠光紙印刷,zh-hk,其他/Other,A2-首页-低展示,0,1,0,0.0,1.0,0-click,
環宣,zh-hk,其他/Other,A2-首页-低展示,0,1,0,0.0,2.0,0-click,
產品貼紙設計,zh-hk,貼紙/Sticker,A2-首页-低展示,0,1,0,0.0,9.0,0-click,
異形貼紙,zh-hk,貼紙/Sticker,A2-首页-低展示,0,1,0,0.0,10.0,0-click,
白卡紙盒,zh-hk,包裝/Packaging,A2-首页-低展示,0,1,0,0.0,1.0,0-click,
磁吸盒,zh-hk,包裝/Packaging,A2-首页-低展示,0,1,0,0.0,1.0,0-click,
紀念冊 香港,zh-hk,書籍/Book,A2-首页-低展示,0,1,0,0.0,4.0,0-click,
紙的種類介紹,zh-hk,其他/Other,A2-首页-低展示,0,1,0,0.0,1.0,0-click,
紙袋尺寸,zh-hk,紙袋/PaperBag,A2-首页-低展示,0,1,0,0.0,4.0,0-click,
紙袋材質,zh-hk,紙袋/PaperBag,A2-首页-低展示,0,1,0,0.0,9.0,0-click,
紙袋現貨,zh-hk,紙袋/PaperBag,A2-首页-低展示,0,1,0,0.0,10.0,0-click,
線圈本,zh-hk,其他/Other,A2-首页-低展示,0,1,0,0.0,2.0,0-click,
繪本印刷推薦,zh-hk,其他/Other,A2-首页-低展示,0,1,0,0.0,1.0,0-click,
菜單印刷,zh-hk,其他/Other,A2-首页-低展示,0,1,0,0.0,3.0,0-click,
螢光貼紙,zh-hk,貼紙/Sticker,A2-首页-低展示,0,1,0,0.0,1.0,0-click,
透明燙金貼紙,zh-hk,貼紙/Sticker,A2-首页-低展示,0,1,0,0.0,6.0,0-click,
透明防水貼紙,zh-hk,貼紙/Sticker,A2-首页-低展示,0,1,0,0.0,1.0,0-click,
通常幾錢,zh-hk,其他/Other,A2-首页-低展示,0,1,0,0.0,4.0,0-click,
銅版紙卡片,zh-hk,咭片/Card,A2-首页-低展示,0,1,0,0.0,1.0,0-click,
銳智 正字,zh-hk,其他/Other,A2-首页-低展示,0,1,0,0.0,9.0,0-click,
防水,zh-hk,其他/Other,A2-首页-低展示,0,1,0,0.0,1.0,0-click,
防水 pvc 貼紙,zh-hk,貼紙/Sticker,A2-首页-低展示,0,1,0,0.0,10.0,0-click,
防水合成紙,zh-hk,其他/Other,A2-首页-低展示,0,1,0,0.0,1.0,0-click,
防水海報,zh-hk,海報/Poster,A2-首页-低展示,0,1,0,0.0,3.0,0-click,
防水的,zh-hk,其他/Other,A2-首页-低展示,0,1,0,0.0,2.0,0-click,
防水貼紙印刷,zh-hk,貼紙/Sticker,A2-首页-低展示,0,1,0,0.0,10.0,0-click,
防水贴纸,zh-hk,其他/Other,A2-首页-低展示,0,1,0,0.0,4.0,0-click,
雙面印刷,zh-hk,其他/Other,A2-首页-低展示,0,1,0,0.0,2.0,0-click,
食品 パッケージ 印刷,ja,包裝/Packaging,A2-首页-低展示,0,1,0,0.0,10.0,0-click,
食品パッケージ 印刷,ja,包裝/Packaging,A2-首页-低展示,0,1,0,0.0,9.0,0-click,
香港,zh-hk,其他/Other,A2-首页-低展示,0,1,0,0.0,10.0,0-click,
香港信封尺寸,zh-hk,信封/Envelope,A2-首页-低展示,0,1,0,0.0,1.0,0-click,
香港哪裡有售,zh-hk,其他/Other,A2-首页-低展示,0,1,0,0.0,8.0,0-click,
香港邊度有得賣？,zh-hk,其他/Other,A2-首页-低展示,0,1,0,0.0,7.0,0-click,
香港電車廣告 指標,zh-hk,其他/Other,A2-首页-低展示,0,1,0,0.0,5.0,0-click,
saddle stitch booklet,en,書籍/Book,D-远期(51-100),0,138,0,0.0,80.6,0-click,
騎馬釘書刊,zh-hk,書籍/Book,D-远期(51-100),0,123,0,0.0,50.72,0-click,
印刷 カラー モード,ja,其他/Other,D-远期(51-100),0,96,0,0.0,74.8,0-click,
poster print a2,en,海報/Poster,D-远期(51-100),0,95,0,0.0,62.21,0-click,
戶外橫額,zh-hk,其他/Other,D-远期(51-100),0,95,0,0.0,59.73,0-click,
貼紙,zh-hk,貼紙/Sticker,D-远期(51-100),0,91,0,0.0,54.75,0-click,
易拉架印刷,zh-hk,其他/Other,D-远期(51-100),0,77,0,0.0,59.12,0-click,
易拉架製作,zh-hk,其他/Other,D-远期(51-100),0,77,0,0.0,71.65,0-click,
易拉架,zh-hk,其他/Other,D-远期(51-100),0,69,0,0.0,76.72,0-click,
saddle stitch booklets,en,書籍/Book,D-远期(51-100),0,64,0,0.0,87.06,0-click,
small batch label printing,en,貼紙/Sticker,D-远期(51-100),0,59,0,0.0,54.2,0-click,
教科書 印刷会社,zh-hk,書籍/Book,D-远期(51-100),0,59,0,0.0,62.64,0-click,
禮盒訂製,zh-hk,包裝/Packaging,D-远期(51-100),0,55,0,0.0,54.47,0-click,
車身廣告,zh-hk,其他/Other,D-远期(51-100),0,53,1,1.89,59.42,有点击,
教材 印刷製本,zh-hk,書籍/Book,D-远期(51-100),0,53,0,0.0,52.38,0-click,
海報列印,zh-hk,海報/Poster,D-远期(51-100),0,50,0,0.0,53.96,0-click,
印刷 cmyk,zh-hk,其他/Other,D-远期(51-100),0,45,0,0.0,86.42,0-click,
印刷 カラー cmyk,ja,其他/Other,D-远期(51-100),0,44,0,0.0,95.61,0-click,
food grade boxes supplier,en,包裝/Packaging,D-远期(51-100),0,34,0,0.0,65.68,0-click,
印刷 rgb cmyk,zh-hk,其他/Other,D-远期(51-100),0,34,0,0.0,93.53,0-click,
a1 poster print cost,en,海報/Poster,D-远期(51-100),0,33,0,0.0,55.91,0-click,
small quantity label printing,en,貼紙/Sticker,D-远期(51-100),0,33,0,0.0,76.09,0-click,
a1 poster size,en,海報/Poster,D-远期(51-100),0,32,0,0.0,79.25,0-click,
教科書 印刷 会社,zh-hk,書籍/Book,D-远期(51-100),0,32,0,0.0,64.56,0-click,
bag printing company,en,其他/Other,D-远期(51-100),0,30,0,0.0,71.97,0-click,
how to print waterproof stickers,en,貼紙/Sticker,D-远期(51-100),0,29,0,0.0,82.31,0-click,
信封,zh-hk,信封/Envelope,D-远期(51-100),0,28,0,0.0,56.61,0-click,
印膠袋,zh-hk,紙袋/PaperBag,D-远期(51-100),0,28,0,0.0,51.89,0-click,
教材 印刷 製本,zh-hk,書籍/Book,D-远期(51-100),0,28,0,0.0,53.71,0-click,
貼海報,zh-hk,貼紙/Sticker,D-远期(51-100),0,28,0,0.0,55.64,0-click,
a1 poster print,en,海報/Poster,D-远期(51-100),0,27,0,0.0,60.26,0-click,
custom foil stickers,en,貼紙/Sticker,D-远期(51-100),0,27,0,0.0,54.26,0-click,
cmyk rgb,en,其他/Other,D-远期(51-100),0,26,0,0.0,77.23,0-click,
a2 poster size,en,海報/Poster,D-远期(51-100),0,25,0,0.0,64.8,0-click,
saddle stitch books,en,書籍/Book,D-远期(51-100),0,24,0,0.0,78.62,0-click,
印刷 用 cmyk,zh-hk,其他/Other,D-远期(51-100),0,24,0,0.0,88.33,0-click,
a1 poster printing prices,en,海報/Poster,D-远期(51-100),0,23,0,0.0,61.13,0-click,
写真 印刷 rgb cmyk,zh-hk,其他/Other,D-远期(51-100),0,22,0,0.0,91.27,0-click,
印刷 cmyk rgb,zh-hk,其他/Other,D-远期(51-100),0,22,0,0.0,95.27,0-click,
wholesale catalog printing,en,目錄/Catalog,D-远期(51-100),0,20,0,0.0,65.6,0-click,
a3 poster size,en,海報/Poster,D-远期(51-100),0,19,0,0.0,64.63,0-click,
bulk catalog printing,en,目錄/Catalog,D-远期(51-100),0,18,0,0.0,55.5,0-click,
rgb vs cmyk,en,其他/Other,D-远期(51-100),0,18,0,0.0,84.56,0-click,
食品 パッケージ,ja,包裝/Packaging,D-远期(51-100),0,18,0,0.0,60.61,0-click,
a1 poster,en,海報/Poster,D-远期(51-100),0,17,0,0.0,59.71,0-click,
a2 ポスター 印刷,ja,海報/Poster,D-远期(51-100),0,17,0,0.0,55.76,0-click,
adhesive banner,en,其他/Other,D-远期(51-100),0,17,0,0.0,63.82,0-click,
cmyk,en,其他/Other,D-远期(51-100),0,17,0,0.0,50.65,0-click,
cmyk vs rgb,en,其他/Other,D-远期(51-100),0,17,0,0.0,70.82,0-click,
教材 製本,zh-hk,書籍/Book,D-远期(51-100),0,17,0,0.0,67.18,0-click,
a2 prints,en,其他/Other,D-远期(51-100),0,16,0,0.0,60.75,0-click,
a1 posters,en,海報/Poster,D-远期(51-100),0,15,0,0.0,50.67,0-click,
cmyk 印刷,zh-hk,其他/Other,D-远期(51-100),0,15,0,0.0,80.27,0-click,
custom catalog printing,en,目錄/Catalog,D-远期(51-100),0,15,0,0.0,50.67,0-click,
貼紙製作,zh-hk,貼紙/Sticker,D-远期(51-100),0,15,0,0.0,64.2,0-click,
kraft paper bags,en,紙袋/PaperBag,D-远期(51-100),0,14,0,0.0,80.07,0-click,
包裝 盒 印刷,zh-hk,包裝/Packaging,D-远期(51-100),0,14,0,0.0,61.86,0-click,
膠裝書刊,zh-hk,書籍/Book,D-远期(51-100),0,14,0,0.0,53.64,0-click,
觀塘易拉架,zh-hk,其他/Other,D-远期(51-100),0,14,0,0.0,55.86,0-click,
a1 size poster,en,海報/Poster,D-远期(51-100),0,13,0,0.0,51.85,0-click,
上 製本 印刷 安い,ja,其他/Other,D-远期(51-100),0,13,0,0.0,65.77,0-click,
印紙 盒,zh-hk,包裝/Packaging,D-远期(51-100),0,13,0,0.0,53.85,0-click,
書刊印刷,zh-hk,書籍/Book,D-远期(51-100),0,13,0,0.0,55.38,0-click,
標籤廠商,zh-hk,貼紙/Sticker,D-远期(51-100),0,13,0,0.0,52.31,0-click,
calendar sizes,en,月曆/Calendar,D-远期(51-100),0,12,0,0.0,54.17,0-click,Y
poster print same day,en,海報/Poster,D-远期(51-100),0,12,0,0.0,50.5,0-click,
pvc menu printing,en,餐牌/Menu,D-远期(51-100),0,12,0,0.0,62.42,0-click,
rgb 印刷,zh-hk,其他/Other,D-远期(51-100),0,12,0,0.0,60.08,0-click,
化粧品 パッケージ印刷,ja,包裝/Packaging,D-远期(51-100),0,12,0,0.0,56.92,0-click,
香港印刷,zh-hk,其他/Other,D-远期(51-100),0,12,0,0.0,51.17,0-click,
a1 poster dimensions,en,海報/Poster,D-远期(51-100),0,11,0,0.0,79.36,0-click,
a2 posters,en,海報/Poster,D-远期(51-100),0,11,0,0.0,51.36,0-click,
foil sticker printing,en,貼紙/Sticker,D-远期(51-100),0,11,0,0.0,61.73,0-click,
rgb and cmyk,en,其他/Other,D-远期(51-100),0,11,0,0.0,90.27,0-click,
saddle stitched booklets,en,書籍/Book,D-远期(51-100),0,11,0,0.0,87.55,0-click,
trade wire o bound calendars,en,月曆/Calendar,D-远期(51-100),0,11,0,0.0,68.27,0-click,Y
易拉架價錢,zh-hk,其他/Other,D-远期(51-100),0,11,0,0.0,54.55,0-click,
膠袋 印刷,zh-hk,紙袋/PaperBag,D-远期(51-100),0,11,0,0.0,56.64,0-click,
a2 poster dimensions,en,海報/Poster,D-远期(51-100),0,10,0,0.0,68.7,0-click,
cmyk of rgb,en,其他/Other,D-远期(51-100),0,10,0,0.0,87.6,0-click,
matte laminated business cards,en,咭片/Card,D-远期(51-100),0,10,0,0.0,78.4,0-click,
saddlestitch booklets,en,書籍/Book,D-远期(51-100),0,10,0,0.0,87.6,0-click,
印刷 色 cmyk,zh-hk,其他/Other,D-远期(51-100),0,10,0,0.0,95.8,0-click,
易拉架訂製,zh-hk,其他/Other,D-远期(51-100),0,10,0,0.0,59.4,0-click,
a2 poster prints,en,海報/Poster,D-远期(51-100),0,9,0,0.0,66.56,0-click,
a2 print,en,其他/Other,D-远期(51-100),0,9,0,0.0,69.33,0-click,
double sided flyers,en,宣傳單/Flyer,D-远期(51-100),0,9,0,0.0,54.11,0-click,
poster print sizes,en,海報/Poster,D-远期(51-100),0,9,0,0.0,78.67,0-click,
rgb cmyk,en,其他/Other,D-远期(51-100),0,9,0,0.0,63.11,0-click,
卡片,zh-hk,咭片/Card,D-远期(51-100),0,9,0,0.0,77.56,0-click,
易拉架設計價錢,zh-hk,其他/Other,D-远期(51-100),0,9,0,0.0,55.67,0-click,
膠袋印刷,zh-hk,紙袋/PaperBag,D-远期(51-100),0,9,0,0.0,52.67,0-click,
a3 poster measurements,en,海報/Poster,D-远期(51-100),0,8,0,0.0,62.38,0-click,
cosmetic boxes printing,en,包裝/Packaging,D-远期(51-100),0,8,0,0.0,83.38,0-click,
custom fluorescent stickers,en,貼紙/Sticker,D-远期(51-100),0,8,0,0.0,57.0,0-click,
custom paper bags,en,紙袋/PaperBag,D-远期(51-100),0,8,0,0.0,76.12,0-click,
poster size a1,en,海報/Poster,D-远期(51-100),0,8,0,0.0,68.25,0-click,
箔押し 印刷 特殊紙 違い,ja,其他/Other,D-远期(51-100),0,8,0,0.0,81.0,0-click,
a3 poster dimensions,en,海報/Poster,D-远期(51-100),0,7,0,0.0,68.86,0-click,
average calendar size,en,月曆/Calendar,D-远期(51-100),0,7,0,0.0,66.71,0-click,Y
collector's edition packaging,en,包裝/Packaging,D-远期(51-100),0,7,0,0.0,55.71,0-click,
custom printed fluorescent labels,en,貼紙/Sticker,D-远期(51-100),0,7,0,0.0,60.29,0-click,
die cut sticker,en,貼紙/Sticker,D-远期(51-100),0,7,0,0.0,60.29,0-click,
envelope printing price quote china,en,信封/Envelope,D-远期(51-100),0,7,0,0.0,52.71,0-click,
envelope printing service china,en,信封/Envelope,D-远期(51-100),0,7,0,0.0,63.57,0-click,
large wire bound calendar,en,月曆/Calendar,D-远期(51-100),0,7,0,0.0,70.43,0-click,Y
perfect+bound+books+sunset+park+ny,en,書籍/Book,D-远期(51-100),0,7,0,0.0,95.71,0-click,
poster sizes a1,en,海報/Poster,D-远期(51-100),0,7,0,0.0,77.71,0-click,
rgb of cmyk,en,其他/Other,D-远期(51-100),0,7,0,0.0,90.57,0-click,
saddle-stitch booklets,en,書籍/Book,D-远期(51-100),0,7,0,0.0,87.14,0-click,
typical calendar size,en,月曆/Calendar,D-远期(51-100),0,7,0,0.0,64.29,0-click,Y
オーガニックコットンエコバッグ,ja,其他/Other,D-远期(51-100),0,7,0,0.0,53.43,0-click,
打印label紙,zh-hk,貼紙/Sticker,D-远期(51-100),0,7,0,0.0,53.71,0-click,
紙張,zh-hk,其他/Other,D-远期(51-100),0,7,0,0.0,63.57,0-click,
calendar dimensions,en,月曆/Calendar,D-远期(51-100),0,6,0,0.0,71.33,0-click,Y
calendar standard size,en,月曆/Calendar,D-远期(51-100),0,6,0,0.0,61.0,0-click,Y
custom foil decals,en,其他/Other,D-远期(51-100),0,6,0,0.0,50.33,0-click,
foil decals,en,其他/Other,D-远期(51-100),0,6,0,0.0,67.0,0-click,
laminated stitched menus,en,餐牌/Menu,D-远期(51-100),0,6,0,0.0,59.5,0-click,
low cost catalog printing,en,目錄/Catalog,D-远期(51-100),0,6,0,0.0,67.83,0-click,
packaging design trends 2024,en,包裝/Packaging,D-远期(51-100),0,6,0,0.0,97.0,0-click,
perfect+bound+books+industry+city,en,書籍/Book,D-远期(51-100),0,6,0,0.0,94.67,0-click,
print poster,en,海報/Poster,D-远期(51-100),0,6,0,0.0,55.83,0-click,
saddle stitch booklet printing vancouver,en,書籍/Book,D-远期(51-100),0,6,0,0.0,77.67,0-click,
saddle stitched booklet,en,書籍/Book,D-远期(51-100),0,6,0,0.0,89.33,0-click,
屋外 ポスター,ja,海報/Poster,D-远期(51-100),0,6,0,0.0,54.33,0-click,
易 拉架,zh-hk,其他/Other,D-远期(51-100),0,6,0,0.0,75.0,0-click,
易拉架eprint,zh-hk,其他/Other,D-远期(51-100),0,6,0,0.0,58.33,0-click,
貼紙 印刷,zh-hk,貼紙/Sticker,D-远期(51-100),0,6,0,0.0,50.67,0-click,
2024 packaging design trends,en,包裝/Packaging,D-远期(51-100),0,5,0,0.0,94.4,0-click,
2x2 poster,en,海報/Poster,D-远期(51-100),0,5,0,0.0,70.0,0-click,
a1 size,en,其他/Other,D-远期(51-100),0,5,0,0.0,89.6,0-click,
a2 poster measurements,en,海報/Poster,D-远期(51-100),0,5,0,0.0,63.0,0-click,
a2 print size,en,其他/Other,D-远期(51-100),0,5,0,0.0,79.4,0-click,
foil printed stickers,en,貼紙/Sticker,D-远期(51-100),0,5,0,0.0,64.0,0-click,
hardcover menu printing,en,餐牌/Menu,D-远期(51-100),0,5,0,0.0,73.2,0-click,
repositionable stickers,en,貼紙/Sticker,D-远期(51-100),0,5,0,0.0,55.4,0-click,
rgb と cmyk,ja,其他/Other,D-远期(51-100),0,5,0,0.0,92.8,0-click,
rgb カラー と は,ja,其他/Other,D-远期(51-100),0,5,0,0.0,99.2,0-click,
saddle stitch catalog,en,目錄/Catalog,D-远期(51-100),0,5,0,0.0,93.0,0-click,
印刷 rgb,zh-hk,其他/Other,D-远期(51-100),0,5,0,0.0,65.4,0-click,
印刷 rgb cmyk 違い,ja,其他/Other,D-远期(51-100),0,5,0,0.0,87.8,0-click,
名刺 角丸,zh-hk,咭片/Card,D-远期(51-100),0,5,0,0.0,59.4,0-click,
缶バッチ 印刷,ja,其他/Other,D-远期(51-100),0,5,0,0.0,53.8,0-click,
1 2 print,en,其他/Other,D-远期(51-100),0,4,0,0.0,71.5,0-click,
a1 poster prints,en,海報/Poster,D-远期(51-100),0,4,0,0.0,66.5,0-click,
a1 poster size in cm,en,海報/Poster,D-远期(51-100),0,4,0,0.0,76.5,0-click,
a1 posters size,en,海報/Poster,D-远期(51-100),0,4,0,0.0,72.25,0-click,
a1 size poster size,en,海報/Poster,D-远期(51-100),0,4,0,0.0,80.0,0-click,
a2 printing,en,其他/Other,D-远期(51-100),0,4,0,0.0,59.75,0-click,
a3海報大小,zh-hk,海報/Poster,D-远期(51-100),0,4,0,0.0,56.75,0-click,
book printing online quote in tajik,en,書籍/Book,D-远期(51-100),0,4,0,0.0,66.0,0-click,
china saddle stitch booklet printing manufacturer,en,書籍/Book,D-远期(51-100),0,4,0,0.0,77.5,0-click,
cmyk and rgb,en,其他/Other,D-远期(51-100),0,4,0,0.0,83.5,0-click,
cmyk or rgb,en,其他/Other,D-远期(51-100),0,4,0,0.0,82.75,0-click,
cmyk印刷,zh-hk,其他/Other,D-远期(51-100),0,4,0,0.0,51.5,0-click,
corporate materials,en,其他/Other,D-远期(51-100),0,4,0,0.0,50.5,0-click,
custom envelope printing china,en,信封/Envelope,D-远期(51-100),0,4,0,0.0,69.5,0-click,
custom envelopes wholesale china,en,信封/Envelope,D-远期(51-100),0,4,0,0.0,70.0,0-click,
custom printed foil stickers,en,貼紙/Sticker,D-远期(51-100),0,4,0,0.0,58.75,0-click,
envelope printing factory china,en,信封/Envelope,D-远期(51-100),0,4,0,0.0,69.75,0-click,
food labeling stickers,en,貼紙/Sticker,D-远期(51-100),0,4,0,0.0,53.25,0-click,
how big is a standard wall calendar,en,月曆/Calendar,D-远期(51-100),0,4,0,0.0,58.25,0-click,Y
low cost book printing in tajik,en,書籍/Book,D-远期(51-100),0,4,0,0.0,64.25,0-click,
own book printing in tajik,en,書籍/Book,D-远期(51-100),0,4,0,0.0,85.25,0-click,
poster size a2,en,海報/Poster,D-远期(51-100),0,4,0,0.0,70.75,0-click,
print a2,en,其他/Other,D-远期(51-100),0,4,0,0.0,58.5,0-click,
rollup banner,en,其他/Other,D-远期(51-100),0,4,0,0.0,59.0,0-click,
saddle stitch catalogs,en,目錄/Catalog,D-远期(51-100),0,4,0,0.0,91.0,0-click,
standard calendar size,en,月曆/Calendar,D-远期(51-100),0,4,0,0.0,53.25,0-click,Y
wholesale saddle stitch booklet printing,en,書籍/Book,D-远期(51-100),0,4,0,0.0,91.25,0-click,
ポスター 屋外,ja,海報/Poster,D-远期(51-100),0,4,0,0.0,55.25,0-click,
企業定制總部,zh-hk,其他/Other,D-远期(51-100),0,4,0,0.0,84.5,0-click,
冊子印刷,zh-hk,書籍/Book,D-远期(51-100),0,4,0,0.0,75.75,0-click,
印刷用 cmyk,zh-hk,其他/Other,D-远期(51-100),0,4,0,0.0,81.25,0-click,
同人グッズ 印刷,ja,書籍/Book,D-远期(51-100),0,4,0,0.0,62.0,0-click,
車身 廣告,zh-hk,其他/Other,D-远期(51-100),0,4,0,0.0,50.5,0-click,
車身裱貼,zh-hk,貼紙/Sticker,D-远期(51-100),0,4,0,0.0,55.0,0-click,
食品パッケージ,ja,包裝/Packaging,D-远期(51-100),0,4,0,0.0,56.0,0-click,
a1 a2 a3 sizes,en,其他/Other,D-远期(51-100),0,3,0,0.0,64.0,0-click,
a1 size next to person,en,其他/Other,D-远期(51-100),0,3,0,0.0,87.33,0-click,
a2 card printing,en,咭片/Card,D-远期(51-100),0,3,0,0.0,68.33,0-click,
a2 ポスター 激安,ja,海報/Poster,D-远期(51-100),0,3,0,0.0,52.33,0-click,
cheap book printing and binding in tajik,en,書籍/Book,D-远期(51-100),0,3,0,0.0,53.0,0-click,
cheap hardback book printing in tajik,en,書籍/Book,D-远期(51-100),0,3,0,0.0,73.67,0-click,
cheap spiral bound printing in tajik,en,其他/Other,D-远期(51-100),0,3,0,0.0,63.33,0-click,
cheap yearbook printing in tajik,en,書籍/Book,D-远期(51-100),0,3,0,0.0,53.67,0-click,
cmyk and rgb colors,en,其他/Other,D-远期(51-100),0,3,0,0.0,82.67,0-click,
custom foil stickers wholesale,en,貼紙/Sticker,D-远期(51-100),0,3,0,0.0,51.67,0-click,
custom restickable stickers,en,貼紙/Sticker,D-远期(51-100),0,3,0,0.0,60.33,0-click,
custom shipping packages,en,包裝/Packaging,D-远期(51-100),0,3,0,0.0,94.0,0-click,
custom spiral bound book printing in kyrgyz,en,書籍/Book,D-远期(51-100),0,3,0,0.0,68.67,0-click,
dimensions of a1 poster in cm,en,海報/Poster,D-远期(51-100),0,3,0,0.0,85.0,0-click,
dimensions of an a1 poster,en,海報/Poster,D-远期(51-100),0,3,0,0.0,86.0,0-click,
educational workbook printing,en,書籍/Book,D-远期(51-100),0,3,0,0.0,61.67,0-click,
eprint易拉架,zh-hk,其他/Other,D-远期(51-100),0,3,0,0.0,57.0,0-click,
fba labels,en,貼紙/Sticker,D-远期(51-100),0,3,0,0.0,70.67,0-click,
hard cover menu printing,en,餐牌/Menu,D-远期(51-100),0,3,0,0.0,81.33,0-click,
hardcover book printing no minimum in kyrgyz,en,書籍/Book,D-远期(51-100),0,3,0,0.0,81.33,0-click,
how to make stickers waterproof after printing,en,貼紙/Sticker,D-远期(51-100),0,3,0,0.0,76.67,0-click,
iso 1345 packaging,en,包裝/Packaging,D-远期(51-100),0,3,0,0.0,62.67,0-click,
perfect bound book in tajik,en,書籍/Book,D-远期(51-100),0,3,0,0.0,74.33,0-click,
poster paper dimensions,en,海報/Poster,D-远期(51-100),0,3,0,0.0,84.33,0-click,
poster paper size,en,海報/Poster,D-远期(51-100),0,3,0,0.0,88.0,0-click,
poster size a3,en,海報/Poster,D-远期(51-100),0,3,0,0.0,55.0,0-click,
print to order books in tajik,en,書籍/Book,D-远期(51-100),0,3,0,0.0,65.33,0-click,
printing a2,en,其他/Other,D-远期(51-100),0,3,0,0.0,61.0,0-click,
rgb vs cmyk color,en,其他/Other,D-远期(51-100),0,3,0,0.0,82.0,0-click,
saddle stitched book,en,書籍/Book,D-远期(51-100),0,3,0,0.0,82.67,0-click,
saddlestitch booklet,en,書籍/Book,D-远期(51-100),0,3,0,0.0,71.33,0-click,
size of a a1 poster,en,海報/Poster,D-远期(51-100),0,3,0,0.0,87.67,0-click,
stickers small format printing,en,貼紙/Sticker,D-远期(51-100),0,3,0,0.0,62.33,0-click,
trade mesh banners,en,其他/Other,D-远期(51-100),0,3,0,0.0,57.33,0-click,
transparent sticker printing,en,貼紙/Sticker,D-远期(51-100),0,3,0,0.0,69.0,0-click,
what is an adhesive poster,en,海報/Poster,D-远期(51-100),0,3,0,0.0,62.67,0-click,
what size is a2 poster,en,海報/Poster,D-远期(51-100),0,3,0,0.0,75.67,0-click,
wholesale perfect bound book printing,en,書籍/Book,D-远期(51-100),0,3,0,0.0,66.33,0-click,
zxc print softcover book printing high-quality print book printing,en,書籍/Book,E-超远(100+),0,3,0,0.0,106.0,0-click,
z折り パンフレット,ja,其他/Other,D-远期(51-100),0,3,0,0.0,65.0,0-click,
グッズ印刷 同人,ja,書籍/Book,D-远期(51-100),0,3,0,0.0,61.33,0-click,
コミケ 印刷,ja,其他/Other,D-远期(51-100),0,3,0,0.0,60.67,0-click,
ステッカー 印刷 小 ロット,ja,貼紙/Sticker,D-远期(51-100),0,3,0,0.0,51.67,0-click,
パッケージ オリジナル,ja,包裝/Packaging,D-远期(51-100),0,3,0,0.0,52.33,0-click,
パッケージ箱 小ロット 食品,ja,包裝/Packaging,D-远期(51-100),0,3,0,0.0,53.67,0-click,
ポスター 印刷 a2,ja,海報/Poster,D-远期(51-100),0,3,0,0.0,57.67,0-click,
印刷,zh-hk,其他/Other,D-远期(51-100),0,3,0,0.0,70.0,0-click,
印刷出血設定,zh-hk,其他/Other,D-远期(51-100),0,3,0,0.0,67.67,0-click,
客貨車裱貼,zh-hk,貼紙/Sticker,D-远期(51-100),0,3,0,0.0,61.33,0-click,
座枱易拉架,zh-hk,其他/Other,D-远期(51-100),0,3,0,0.0,69.0,0-click,
教材 印刷会社,zh-hk,書籍/Book,D-远期(51-100),0,3,0,0.0,78.67,0-click,
海報 尺寸,zh-hk,海報/Poster,D-远期(51-100),0,3,0,0.0,55.33,0-click,
紙 盒 印刷,zh-hk,包裝/Packaging,D-远期(51-100),0,3,0,0.0,52.33,0-click,
紙質,zh-hk,其他/Other,D-远期(51-100),0,3,0,0.0,74.33,0-click,
250 gsm,en,其他/Other,D-远期(51-100),0,2,0,0.0,51.5,0-click,
a0海報尺寸,zh-hk,海報/Poster,D-远期(51-100),0,2,0,0.0,64.0,0-click,
a1 poster dimensions in cm,en,海報/Poster,D-远期(51-100),0,2,0,0.0,90.0,0-click,
a1 poster sizes,en,海報/Poster,D-远期(51-100),0,2,0,0.0,75.0,0-click,
a1 size poster dimensions,en,海報/Poster,D-远期(51-100),0,2,0,0.0,92.0,0-click,
a2 photo printing,en,其他/Other,D-远期(51-100),0,2,0,0.0,54.5,0-click,
a2 plakate,en,其他/Other,D-远期(51-100),0,2,0,0.0,63.5,0-click,
a2 poster size dimensions,en,海報/Poster,D-远期(51-100),0,2,0,0.0,81.5,0-click,
a2 print poster,en,海報/Poster,D-远期(51-100),0,2,0,0.0,66.0,0-click,
a2 printen,en,其他/Other,D-远期(51-100),0,2,0,0.0,60.5,0-click,
a2 printing size,en,其他/Other,D-远期(51-100),0,2,0,0.0,64.5,0-click,
a2 size posters,en,海報/Poster,D-远期(51-100),0,2,0,0.0,52.0,0-click,
a2 ポスター プリント,ja,海報/Poster,D-远期(51-100),0,2,0,0.0,54.5,0-click,
a2 ポスター 印刷 激安,ja,海報/Poster,D-远期(51-100),0,2,0,0.0,60.0,0-click,
a3 book printing in tajik,en,書籍/Book,D-远期(51-100),0,2,0,0.0,86.0,0-click,
a3 posters size,en,海報/Poster,D-远期(51-100),0,2,0,0.0,70.0,0-click,
a4 poster size,en,海報/Poster,D-远期(51-100),0,2,0,0.0,86.0,0-click,
a5 or a6,en,其他/Other,D-远期(51-100),0,2,0,0.0,50.5,0-click,
artisanbreadorganic coupons,en,其他/Other,D-远期(51-100),0,2,0,0.0,92.0,0-click,
baby food packaging requirements,en,包裝/Packaging,D-远期(51-100),0,2,0,0.0,63.5,0-click,
best printer for waterproof stickers,en,貼紙/Sticker,D-远期(51-100),0,2,0,0.0,64.5,0-click,
book printing options in tajik,en,書籍/Book,D-远期(51-100),0,2,0,0.0,78.5,0-click,
box kraft paper,en,包裝/Packaging,D-远期(51-100),0,2,0,0.0,59.5,0-click,
businessenvelopes.com,en,信封/Envelope,D-远期(51-100),0,2,0,0.0,60.0,0-click,
calendar printing in tajik,en,月曆/Calendar,D-远期(51-100),0,2,0,0.0,54.5,0-click,Y
catalog ii poster print,en,海報/Poster,D-远期(51-100),0,2,0,0.0,84.0,0-click,
cheap booklet printing in tajik,en,書籍/Book,D-远期(51-100),0,2,0,0.0,60.5,0-click,
cheap invoice book printing in tajik,en,書籍/Book,D-远期(51-100),0,2,0,0.0,80.5,0-click,
cheap price saddle stitch booklet printing,en,書籍/Book,D-远期(51-100),0,2,0,0.0,80.5,0-click,
cheap saddle stitch booklet printing in kyrgyz,en,書籍/Book,D-远期(51-100),0,2,0,0.0,70.0,0-click,
cheap saddle stitch booklet printing in norwegian,en,書籍/Book,D-远期(51-100),0,2,0,0.0,90.5,0-click,
cheap saddle stitch booklet printing in tajik,en,書籍/Book,D-远期(51-100),0,2,0,0.0,73.0,0-click,
cheap saddle stitched notebooks in bulk,en,書籍/Book,D-远期(51-100),0,2,0,0.0,78.5,0-click,
cheap spiral bound book printing in kyrgyz,en,書籍/Book,D-远期(51-100),0,2,0,0.0,68.5,0-click,
cheap spiral bound book printing in tajik,en,書籍/Book,D-远期(51-100),0,2,0,0.0,77.0,0-click,
cheapest hardcover book printing in kyrgyz,en,書籍/Book,D-远期(51-100),0,2,0,0.0,72.5,0-click,
china flyer printing,en,宣傳單/Flyer,D-远期(51-100),0,2,0,0.0,62.5,0-click,
china perfect binding book printing,en,書籍/Book,D-远期(51-100),0,2,0,0.0,50.5,0-click,
cmyk rgb color,en,其他/Other,D-远期(51-100),0,2,0,0.0,79.5,0-click,
cmyk vs rgb color,en,其他/Other,D-远期(51-100),0,2,0,0.0,92.0,0-click,
cmyk 顏色,zh-hk,其他/Other,D-远期(51-100),0,2,0,0.0,73.5,0-click,
cosmetic packaging low minimums,en,包裝/Packaging,D-远期(51-100),0,2,0,0.0,98.0,0-click,
custom dust jacket printing in tajik,en,其他/Other,D-远期(51-100),0,2,0,0.0,91.5,0-click,
custom envelope manufacturer china,en,信封/Envelope,D-远期(51-100),0,2,0,0.0,74.5,0-click,
custom foil labels stickers,en,貼紙/Sticker,D-远期(51-100),0,2,0,0.0,62.5,0-click,
custom hardcover book printing no minimum in tajik,en,書籍/Book,D-远期(51-100),0,2,0,0.0,79.5,0-click,
custom printed removable labels,en,貼紙/Sticker,D-远期(51-100),0,2,0,0.0,63.0,0-click,
custom saddle stitched book printing,en,書籍/Book,D-远期(51-100),0,2,0,0.0,82.5,0-click,
custom spiral bound book printing in tajik,en,書籍/Book,D-远期(51-100),0,2,0,0.0,78.0,0-click,
customized boxes,en,包裝/Packaging,D-远期(51-100),0,2,0,0.0,75.5,0-click,
dimensions for a1 poster,en,海報/Poster,D-远期(51-100),0,2,0,0.0,72.0,0-click,
discount custom calendars,en,月曆/Calendar,D-远期(51-100),0,2,0,0.0,53.0,0-click,Y
doujin full color,en,書籍/Book,D-远期(51-100),0,2,0,0.0,59.0,0-click,
eflute box packaging printing,en,包裝/Packaging,D-远期(51-100),0,2,0,0.0,63.5,0-click,
flyers next day,en,宣傳單/Flyer,D-远期(51-100),0,2,0,0.0,51.5,0-click,
food labels sticker,en,貼紙/Sticker,D-远期(51-100),0,2,0,0.0,56.5,0-click,
get a free quote for cosmetic packaging,en,包裝/Packaging,D-远期(51-100),0,2,0,0.0,72.5,0-click,
hardcover book printing prices in kyrgyz,en,書籍/Book,D-远期(51-100),0,2,0,0.0,88.0,0-click,
hardcover print on demand in kyrgyz,en,其他/Other,D-远期(51-100),0,2,0,0.0,69.0,0-click,
high quality book printing in tajik,en,書籍/Book,D-远期(51-100),0,2,0,0.0,68.5,0-click,
how big is a1 poster,en,海報/Poster,D-远期(51-100),0,2,0,0.0,89.5,0-click,
how big is a4 poster,en,海報/Poster,D-远期(51-100),0,2,0,0.0,87.5,0-click,
is a2 double a3,en,其他/Other,D-远期(51-100),0,2,0,0.0,80.0,0-click,
kraft bags,en,其他/Other,D-远期(51-100),0,2,0,0.0,67.5,0-click,
large format book printing in tajik,en,書籍/Book,D-远期(51-100),0,2,0,0.0,95.5,0-click,
large mesh banner printing,en,其他/Other,D-远期(51-100),0,2,0,0.0,59.5,0-click,
late packaging customization,en,包裝/Packaging,D-远期(51-100),0,2,0,0.0,92.5,0-click,
multi-propose poster,en,海報/Poster,D-远期(51-100),0,2,0,0.0,51.0,0-click,
online book printing in tajik,en,書籍/Book,D-远期(51-100),0,2,0,0.0,81.5,0-click,
online printing and binding in tajik,en,其他/Other,D-远期(51-100),0,2,0,0.0,70.5,0-click,
order die cut stickers online,en,貼紙/Sticker,D-远期(51-100),0,2,0,0.0,61.5,0-click,
outdoor poster,en,海報/Poster,D-远期(51-100),0,2,0,0.0,55.0,0-click,
outdoor poster drucken,en,海報/Poster,D-远期(51-100),0,2,0,0.0,56.0,0-click,
package design trends 2024,en,包裝/Packaging,D-远期(51-100),0,2,0,0.0,94.5,0-click,
packaging printing,en,包裝/Packaging,D-远期(51-100),0,2,0,0.0,88.5,0-click,
paper bag size,en,紙袋/PaperBag,D-远期(51-100),0,2,0,0.0,91.5,0-click,
paper size for poster,en,海報/Poster,D-远期(51-100),0,2,0,0.0,89.5,0-click,
perfect bind book in tajik,en,書籍/Book,D-远期(51-100),0,2,0,0.0,90.5,0-click,
perfect bound book in kyrgyz,en,書籍/Book,D-远期(51-100),0,2,0,0.0,78.5,0-click,
perfect bound printing in kyrgyz,en,其他/Other,D-远期(51-100),0,2,0,0.0,76.5,0-click,
postcard book printing in tajik,en,書籍/Book,D-远期(51-100),0,2,0,0.0,63.5,0-click,
poster printing a1,en,海報/Poster,D-远期(51-100),0,2,0,0.0,75.0,0-click,
poster sizes a3,en,海報/Poster,D-远期(51-100),0,2,0,0.0,58.5,0-click,
prices for a2 colour poster printing,en,海報/Poster,D-远期(51-100),0,2,0,0.0,53.5,0-click,
print book online in tajik,en,書籍/Book,D-远期(51-100),0,2,0,0.0,51.5,0-click,
print booklet online in tajik,en,書籍/Book,D-远期(51-100),0,2,0,0.0,93.0,0-click,
print color cmyk or rgb,en,其他/Other,D-远期(51-100),0,2,0,0.0,59.5,0-click,
print flyers same day,en,宣傳單/Flyer,D-远期(51-100),0,2,0,0.0,57.0,0-click,
print removable stickers,en,貼紙/Sticker,D-远期(51-100),0,2,0,0.0,59.0,0-click,
printed foldable boxes,en,包裝/Packaging,D-远期(51-100),0,2,0,0.0,77.0,0-click,
printed kraft paper boxes,en,包裝/Packaging,D-远期(51-100),0,2,0,0.0,89.0,0-click,
printing removable decals,en,其他/Other,D-远期(51-100),0,2,0,0.0,84.0,0-click,
product catalog printing,en,目錄/Catalog,D-远期(51-100),0,2,0,0.0,60.5,0-click,
professional book printing in tajik,en,書籍/Book,D-远期(51-100),0,2,0,0.0,79.5,0-click,
rgb cmyk color,en,其他/Other,D-远期(51-100),0,2,0,0.0,84.5,0-click,
rgb color cmyk,en,其他/Other,D-远期(51-100),0,2,0,0.0,80.0,0-click,
rgbカラーモード,ja,其他/Other,D-远期(51-100),0,2,0,0.0,81.0,0-click,
roll up banner,en,其他/Other,D-远期(51-100),0,2,0,0.0,56.0,0-click,
rollupbanner,en,其他/Other,D-远期(51-100),0,2,0,0.0,89.5,0-click,
saddle booklet,en,書籍/Book,D-远期(51-100),0,2,0,0.0,60.0,0-click,
saddle stich booklets,en,書籍/Book,D-远期(51-100),0,2,0,0.0,87.5,0-click,
saddle stitch booklet printing in kyrgyz,en,書籍/Book,D-远期(51-100),0,2,0,0.0,85.5,0-click,
short run hardback book printing in tajik,en,書籍/Book,D-远期(51-100),0,2,0,0.0,75.5,0-click,
size poster a1,en,海報/Poster,D-远期(51-100),0,2,0,0.0,53.0,0-click,
size poster a3,en,海報/Poster,D-远期(51-100),0,2,0,0.0,51.0,0-click,
spiral book printing services in tajik,en,書籍/Book,D-远期(51-100),0,2,0,0.0,81.0,0-click,
sticker transparent,en,貼紙/Sticker,D-远期(51-100),0,2,0,0.0,51.0,0-click,
stitch booklet,en,書籍/Book,D-远期(51-100),0,2,0,0.0,77.5,0-click,
wall calendar sizes,en,月曆/Calendar,D-远期(51-100),0,2,0,0.0,84.5,0-click,Y
waterproof sticker print,en,貼紙/Sticker,D-远期(51-100),0,2,0,0.0,56.0,0-click,
what are dimensions of a1 poster,en,海報/Poster,D-远期(51-100),0,2,0,0.0,83.0,0-click,
what are the dimensions of an a1 poster,en,海報/Poster,D-远期(51-100),0,2,0,0.0,91.0,0-click,
whats bigger a5 or a6,en,其他/Other,D-远期(51-100),0,2,0,0.0,56.5,0-click,
wholesale saddle stiched notebooks,en,書籍/Book,D-远期(51-100),0,2,0,0.0,70.0,0-click,
wire bound calendar printing,en,月曆/Calendar,D-远期(51-100),0,2,0,0.0,78.5,0-click,Y
グッズ 同人印刷,ja,書籍/Book,D-远期(51-100),0,2,0,0.0,63.5,0-click,
ポスター プリント a2,ja,海報/Poster,D-远期(51-100),0,2,0,0.0,56.0,0-click,
ポスター 料金,ja,海報/Poster,D-远期(51-100),0,2,0,0.0,65.0,0-click,
卓上 カレンダー 印刷 会社,ja,其他/Other,D-远期(51-100),0,2,0,0.0,92.0,0-click,
同人 誌 印刷,zh-hk,書籍/Book,D-远期(51-100),0,2,0,0.0,51.0,0-click,
商品 パッケージ印刷,ja,包裝/Packaging,D-远期(51-100),0,2,0,0.0,55.0,0-click,
四六判 無線綴じ,ja,其他/Other,D-远期(51-100),0,2,0,0.0,66.5,0-click,
封筒 印刷 法人,zh-hk,其他/Other,D-远期(51-100),0,2,0,0.0,70.5,0-click,
封筒 大きい,ja,其他/Other,D-远期(51-100),0,2,0,0.0,50.5,0-click,
戶外告示牌製作,zh-hk,其他/Other,D-远期(51-100),0,2,0,0.0,78.0,0-click,
無線綴じ 小ロット,ja,其他/Other,D-远期(51-100),0,2,0,0.0,62.0,0-click,
環保紙,zh-hk,其他/Other,D-远期(51-100),0,2,0,0.0,71.0,0-click,
箔押し 化粧 容器 方法,ja,其他/Other,D-远期(51-100),0,2,0,0.0,96.5,0-click,
紙 材質,zh-hk,其他/Other,D-远期(51-100),0,2,0,0.0,84.5,0-click,
紙張 種類,zh-hk,其他/Other,D-远期(51-100),0,2,0,0.0,90.5,0-click,
觀塘印刷即日,zh-hk,即日/Rush,D-远期(51-100),0,2,0,0.0,50.5,0-click,
"""catalog printing service"",""us, en"",""140"",""31.91"",""medium""",en,目錄/Catalog,D-远期(51-100),0,1,0,0.0,91.0,0-click,
24小時影印旺角,zh-hk,即日/Rush,D-远期(51-100),0,1,0,0.0,54.0,0-click,
a0 海報 尺寸,zh-hk,海報/Poster,D-远期(51-100),0,1,0,0.0,65.0,0-click,
a1 a2 a3 a4,en,其他/Other,D-远期(51-100),0,1,0,0.0,53.0,0-click,
a1 a2 size,en,其他/Other,D-远期(51-100),0,1,0,0.0,73.0,0-click,
a1 and a2 size,en,其他/Other,D-远期(51-100),0,1,0,0.0,78.0,0-click,
a1 board size,en,其他/Other,D-远期(51-100),0,1,0,0.0,77.0,0-click,
a1 plakat størrelse,en,其他/Other,D-远期(51-100),0,1,0,0.0,56.0,0-click,
a1 poster dimension,en,海報/Poster,D-远期(51-100),0,1,0,0.0,69.0,0-click,
a1 poster dimensions cm,en,海報/Poster,D-远期(51-100),0,1,0,0.0,83.0,0-click,
a1 poster measurements,en,海報/Poster,D-远期(51-100),0,1,0,0.0,86.0,0-click,
a1 poster printing,en,海報/Poster,D-远期(51-100),0,1,0,0.0,71.0,0-click,
a1 poster size cm,en,海報/Poster,D-远期(51-100),0,1,0,0.0,78.0,0-click,
a1 poster size dimensions,en,海報/Poster,D-远期(51-100),0,1,0,0.0,54.0,0-click,
a1 print,en,其他/Other,D-远期(51-100),0,1,0,0.0,87.0,0-click,
a1 siza,en,其他/Other,D-远期(51-100),0,1,0,0.0,86.0,0-click,
a1 size poster cm,en,海報/Poster,D-远期(51-100),0,1,0,0.0,91.0,0-click,
a1 slide size,en,其他/Other,D-远期(51-100),0,1,0,0.0,67.0,0-click,
a1 vs a0 poster,en,海報/Poster,D-远期(51-100),0,1,0,0.0,79.0,0-click,
a1 vs a0 poster size,en,海報/Poster,D-远期(51-100),0,1,0,0.0,76.0,0-click,
a1 海報 大小,zh-hk,海報/Poster,D-远期(51-100),0,1,0,0.0,52.0,0-click,
a1 紙,zh-hk,其他/Other,D-远期(51-100),0,1,0,0.0,53.0,0-click,
a1 紙張,zh-hk,其他/Other,D-远期(51-100),0,1,0,0.0,60.0,0-click,
a1poster size,en,海報/Poster,D-远期(51-100),0,1,0,0.0,89.0,0-click,
a2 a3 size,en,其他/Other,D-远期(51-100),0,1,0,0.0,60.0,0-click,
a2 double sided printing,en,其他/Other,D-远期(51-100),0,1,0,0.0,61.0,0-click,
a2 formaat poster,en,海報/Poster,D-远期(51-100),0,1,0,0.0,58.0,0-click,
a2 paper print,en,其他/Other,D-远期(51-100),0,1,0,0.0,64.0,0-click,
a2 paper size on wall,en,其他/Other,D-远期(51-100),0,1,0,0.0,92.0,0-click,
a2 photo prints,en,其他/Other,D-远期(51-100),0,1,0,0.0,58.0,0-click,
a2 poster dimensions cm,en,海報/Poster,D-远期(51-100),0,1,0,0.0,72.0,0-click,
a2 poster print and frame,en,海報/Poster,D-远期(51-100),0,1,0,0.0,60.0,0-click,
a2 poster print size,en,海報/Poster,D-远期(51-100),0,1,0,0.0,61.0,0-click,
a2 poster printing online,en,海報/Poster,D-远期(51-100),0,1,0,0.0,74.0,0-click,
a2 poster printing prices,en,海報/Poster,D-远期(51-100),0,1,0,0.0,72.0,0-click,
a2 poster size in cm,en,海報/Poster,D-远期(51-100),0,1,0,0.0,81.0,0-click,
a2 poster size in inches,en,海報/Poster,D-远期(51-100),0,1,0,0.0,80.0,0-click,
a2 poster sizes,en,海報/Poster,D-远期(51-100),0,1,0,0.0,84.0,0-click,
a2 print cost,en,其他/Other,D-远期(51-100),0,1,0,0.0,54.0,0-click,
a2 print out,en,其他/Other,D-远期(51-100),0,1,0,0.0,57.0,0-click,
a2 printing paper,en,其他/Other,D-远期(51-100),0,1,0,0.0,61.0,0-click,
a2 sign print,en,其他/Other,D-远期(51-100),0,1,0,0.0,68.0,0-click,
a2 size compared to a1,en,其他/Other,D-远期(51-100),0,1,0,0.0,74.0,0-click,
a2 size poster dimensions,en,海報/Poster,D-远期(51-100),0,1,0,0.0,74.0,0-click,
a2 size poster in cm,en,海報/Poster,D-远期(51-100),0,1,0,0.0,66.0,0-click,
a2 size printing,en,其他/Other,D-远期(51-100),0,1,0,0.0,74.0,0-click,
a2 welcome sign printing,en,其他/Other,D-远期(51-100),0,1,0,0.0,55.0,0-click,
a2 サイズ ポスター 印刷,ja,海報/Poster,D-远期(51-100),0,1,0,0.0,58.0,0-click,
a2 ポスター印刷,ja,海報/Poster,D-远期(51-100),0,1,0,0.0,57.0,0-click,
a3 and a2 size,en,其他/Other,D-远期(51-100),0,1,0,0.0,60.0,0-click,
a3 poster landscape size,en,海報/Poster,D-远期(51-100),0,1,0,0.0,82.0,0-click,
a3 poster size in inches,en,海報/Poster,D-远期(51-100),0,1,0,0.0,83.0,0-click,
a3 紙 尺寸,zh-hk,其他/Other,D-远期(51-100),0,1,0,0.0,74.0,0-click,
a4 paper size with lines wholesaler in china,en,其他/Other,D-远期(51-100),0,1,0,0.0,70.0,0-click,
a4 saddle stitch booklet,en,書籍/Book,D-远期(51-100),0,1,0,0.0,85.0,0-click,
a4 海報,zh-hk,海報/Poster,D-远期(51-100),0,1,0,0.0,58.0,0-click,
a5 flyers next day delivery,en,宣傳單/Flyer,D-远期(51-100),0,1,0,0.0,55.0,0-click,
a5 size vs a6,en,其他/Other,D-远期(51-100),0,1,0,0.0,56.0,0-click,
a5 vs a6 paper size,en,其他/Other,D-远期(51-100),0,1,0,0.0,79.0,0-click,
a5a6 サイズ,ja,其他/Other,D-远期(51-100),0,1,0,0.0,75.0,0-click,
a6 and a5 size,en,其他/Other,D-远期(51-100),0,1,0,0.0,75.0,0-click,
a6 flyer dimensions,en,宣傳單/Flyer,D-远期(51-100),0,1,0,0.0,61.0,0-click,
amazon product labels,en,貼紙/Sticker,D-远期(51-100),0,1,0,0.0,55.0,0-click,
au pear poster print,en,海報/Poster,D-远期(51-100),0,1,0,0.0,57.0,0-click,
banner adhesive,en,其他/Other,D-远期(51-100),0,1,0,0.0,82.0,0-click,
book dust jacket printing in kyrgyz,en,書籍/Book,D-远期(51-100),0,1,0,0.0,81.0,0-click,
book printing prices in tajik,en,書籍/Book,D-远期(51-100),0,1,0,0.0,76.0,0-click,
booklet printing saddle stitch,en,書籍/Book,D-远期(51-100),0,1,0,0.0,65.0,0-click,
bound book printing in kyrgyz,en,書籍/Book,D-远期(51-100),0,1,0,0.0,92.0,0-click,
brand materials,en,其他/Other,D-远期(51-100),0,1,0,0.0,88.0,0-click,
branding materials list,en,其他/Other,D-远期(51-100),0,1,0,0.0,99.0,0-click,
business envelope,en,信封/Envelope,D-远期(51-100),0,1,0,0.0,53.0,0-click,
c m y k rgb,en,其他/Other,D-远期(51-100),0,1,0,0.0,95.0,0-click,
calendar paper size,en,月曆/Calendar,D-远期(51-100),0,1,0,0.0,67.0,0-click,Y
calendar printers,en,月曆/Calendar,D-远期(51-100),0,1,0,0.0,61.0,0-click,Y
calendar printing cost,en,月曆/Calendar,D-远期(51-100),0,1,0,0.0,57.0,0-click,Y
catalog printing costs,en,目錄/Catalog,D-远期(51-100),0,1,0,0.0,63.0,0-click,
cetak menu hard cover,en,餐牌/Menu,D-远期(51-100),0,1,0,0.0,65.0,0-click,
cheap book printing services in tajik,en,書籍/Book,D-远期(51-100),0,1,0,0.0,78.0,0-click,
cheap die cut stickers,en,貼紙/Sticker,D-远期(51-100),0,1,0,0.0,92.0,0-click,
cheap flyer printing usa,en,宣傳單/Flyer,D-远期(51-100),0,1,0,0.0,67.0,0-click,
cheap paper bag printing,en,紙袋/PaperBag,D-远期(51-100),0,1,0,0.0,66.0,0-click,
cheap paperback book printing in tajik,en,書籍/Book,D-远期(51-100),0,1,0,0.0,71.0,0-click,
cheap saddle stitch booklet printing,en,書籍/Book,D-远期(51-100),0,1,0,0.0,75.0,0-click,
cheap saddle stitch booklet printing factory,en,書籍/Book,D-远期(51-100),0,1,0,0.0,90.0,0-click,
cheap saddle stitch booklet printing in china,en,書籍/Book,D-远期(51-100),0,1,0,0.0,67.0,0-click,
cheap saddle stitch booklet printing in estonian,en,書籍/Book,D-远期(51-100),0,1,0,0.0,86.0,0-click,
cheap saddle stitch booklet printing in swedish,en,書籍/Book,D-远期(51-100),0,1,0,0.0,97.0,0-click,
cheap spiral bound printing in kyrgyz,en,其他/Other,D-远期(51-100),0,1,0,0.0,59.0,0-click,
cheap stickers,en,貼紙/Sticker,D-远期(51-100),0,1,0,0.0,67.0,0-click,
cheapest a2 printing,en,其他/Other,D-远期(51-100),0,1,0,0.0,69.0,0-click,
china cheap saddle stitch booklet printing manufacturer,en,書籍/Book,D-远期(51-100),0,1,0,0.0,71.0,0-click,
china custom booklet printing no minimum wholesale,en,書籍/Book,D-远期(51-100),0,1,0,0.0,70.0,0-click,
china saddle stitch booklet printing factory,en,書籍/Book,D-远期(51-100),0,1,0,0.0,73.0,0-click,
christmas boxes with magnetic closure,en,包裝/Packaging,D-远期(51-100),0,1,0,0.0,79.0,0-click,
clearing ii poster print,en,海報/Poster,D-远期(51-100),0,1,0,0.0,93.0,0-click,
cmyk and rgb difference,en,其他/Other,D-远期(51-100),0,1,0,0.0,100.0,0-click,
cmyk for print or rgb,en,其他/Other,D-远期(51-100),0,1,0,0.0,86.0,0-click,
cmyk for printing or rgb,en,其他/Other,D-远期(51-100),0,1,0,0.0,80.0,0-click,
cmyk or rgb for print,en,其他/Other,D-远期(51-100),0,1,0,0.0,66.0,0-click,
cmyk or rgb for printing posters,en,海報/Poster,D-远期(51-100),0,1,0,0.0,96.0,0-click,
cmyk or rgb print,en,其他/Other,D-远期(51-100),0,1,0,0.0,89.0,0-click,
cmyk rgb colors,en,其他/Other,D-远期(51-100),0,1,0,0.0,81.0,0-click,
cmyk rgb 差異,zh-hk,其他/Other,D-远期(51-100),0,1,0,0.0,86.0,0-click,
cmyk rgb 違い,ja,其他/Other,D-远期(51-100),0,1,0,0.0,97.0,0-click,
cmyk vs rgb for print,en,其他/Other,D-远期(51-100),0,1,0,0.0,73.0,0-click,
collapsible box supplier,en,包裝/Packaging,D-远期(51-100),0,1,0,0.0,98.0,0-click,
color format for printing,en,其他/Other,D-远期(51-100),0,1,0,0.0,79.0,0-click,
common flyer sizes,en,宣傳單/Flyer,D-远期(51-100),0,1,0,0.0,79.0,0-click,
convention printing,en,其他/Other,D-远期(51-100),0,1,0,0.0,83.0,0-click,
cost of printing a2 poster,en,海報/Poster,D-远期(51-100),0,1,0,0.0,71.0,0-click,
cost to print catalog,en,目錄/Catalog,D-远期(51-100),0,1,0,0.0,69.0,0-click,
custom boxes,en,包裝/Packaging,D-远期(51-100),0,1,0,0.0,98.0,0-click,
custom bronzer boxes,en,包裝/Packaging,D-远期(51-100),0,1,0,0.0,87.0,0-click,
custom die cut stickers for $1,en,貼紙/Sticker,D-远期(51-100),0,1,0,0.0,80.0,0-click,
custom hard cover book printing in tajik,en,書籍/Book,D-远期(51-100),0,1,0,0.0,55.0,0-click,
custom hardback book printing in tajik,en,書籍/Book,D-远期(51-100),0,1,0,0.0,91.0,0-click,
custom hardcover book printing no minimum in kyrgyz,en,書籍/Book,D-远期(51-100),0,1,0,0.0,90.0,0-click,
custom mailer boxes,en,包裝/Packaging,D-远期(51-100),0,1,0,0.0,69.0,0-click,
custom packages,en,包裝/Packaging,D-远期(51-100),0,1,0,0.0,96.0,0-click,
custom paper packaging,en,包裝/Packaging,D-远期(51-100),0,1,0,0.0,52.0,0-click,
custom printed cosmetic boxes,en,包裝/Packaging,D-远期(51-100),0,1,0,0.0,95.0,0-click,
custom printed cosmetic packaging,en,包裝/Packaging,D-远期(51-100),0,1,0,0.0,98.0,0-click,
custom printed kraft paper bags,en,紙袋/PaperBag,D-远期(51-100),0,1,0,0.0,56.0,0-click,
custom printed magnetic calendars for schools wholesale,en,月曆/Calendar,D-远期(51-100),0,1,0,0.0,85.0,0-click,Y
custom removable labels,en,貼紙/Sticker,D-远期(51-100),0,1,0,0.0,59.0,0-click,
custom reusable stickers,en,貼紙/Sticker,D-远期(51-100),0,1,0,0.0,53.0,0-click,
custom shipping boxes,en,包裝/Packaging,D-远期(51-100),0,1,0,0.0,94.0,0-click,
custom skincare packaging boxes,en,包裝/Packaging,D-远期(51-100),0,1,0,0.0,62.0,0-click,
custom spiral bound book in kyrgyz,en,書籍/Book,D-远期(51-100),0,1,0,0.0,73.0,0-click,
custom transparent sticker,en,貼紙/Sticker,D-远期(51-100),0,1,0,0.0,57.0,0-click,
custom workbook printing in tajik,en,書籍/Book,D-远期(51-100),0,1,0,0.0,90.0,0-click,
desk calendar printing,en,月曆/Calendar,D-远期(51-100),0,1,0,0.0,70.0,0-click,Y
die cut labels,en,貼紙/Sticker,D-远期(51-100),0,1,0,0.0,51.0,0-click,
die cut stickers fast delivery,en,貼紙/Sticker,D-远期(51-100),0,1,0,0.0,58.0,0-click,
dimensions a1 poster,en,海報/Poster,D-远期(51-100),0,1,0,0.0,75.0,0-click,
dimensions for a3 poster,en,海報/Poster,D-远期(51-100),0,1,0,0.0,91.0,0-click,
dimensions of a1 poster,en,海報/Poster,D-远期(51-100),0,1,0,0.0,63.0,0-click,
double sided outdoor vinyl banners,en,其他/Other,D-远期(51-100),0,1,0,0.0,54.0,0-click,
doujinshi free,en,書籍/Book,D-远期(51-100),0,1,0,0.0,53.0,0-click,
eco paper label light,en,貼紙/Sticker,D-远期(51-100),0,1,0,0.0,98.0,0-click,
envelope oem supplier china,en,信封/Envelope,D-远期(51-100),0,1,0,0.0,80.0,0-click,
express druck flyer,en,宣傳單/Flyer,D-远期(51-100),0,1,0,0.0,67.0,0-click,
fba label size,en,貼紙/Sticker,D-远期(51-100),0,1,0,0.0,63.0,0-click,
flyer printing quick turnaround,en,宣傳單/Flyer,D-远期(51-100),0,1,0,0.0,53.0,0-click,
flyer size a5,en,宣傳單/Flyer,D-远期(51-100),0,1,0,0.0,77.0,0-click,
foil custom stickers,en,貼紙/Sticker,D-远期(51-100),0,1,0,0.0,52.0,0-click,
font size for a3 poster,en,海報/Poster,D-远期(51-100),0,1,0,0.0,86.0,0-click,
food grade stickers,en,貼紙/Sticker,D-远期(51-100),0,1,0,0.0,57.0,0-click,
format poster a1,en,海報/Poster,D-远期(51-100),0,1,0,0.0,73.0,0-click,
full color booklet printing in tajik,en,書籍/Book,D-远期(51-100),0,1,0,0.0,64.0,0-click,
gift box with magnetic closure,en,包裝/Packaging,D-远期(51-100),0,1,0,0.0,63.0,0-click,
gift boxes with magnetic closure,en,包裝/Packaging,D-远期(51-100),0,1,0,0.0,62.0,0-click,
hard bound book printing in tajik,en,書籍/Book,D-远期(51-100),0,1,0,0.0,67.0,0-click,
hard copy book printing in tajik,en,書籍/Book,D-远期(51-100),0,1,0,0.0,88.0,0-click,
hard lamination menu,en,餐牌/Menu,D-远期(51-100),0,1,0,0.0,75.0,0-click,
hardback book printing and binding in tajik,en,書籍/Book,D-远期(51-100),0,1,0,0.0,89.0,0-click,
hardback book printing prices in kyrgyz,en,書籍/Book,D-远期(51-100),0,1,0,0.0,55.0,0-click,
hardback book printing services in tajik,en,書籍/Book,D-远期(51-100),0,1,0,0.0,67.0,0-click,
hardbound book printing in tajik,en,書籍/Book,D-远期(51-100),0,1,0,0.0,74.0,0-click,
hardcover book printing in tajik,en,書籍/Book,D-远期(51-100),0,1,0,0.0,82.0,0-click,
hardcover bound book printing in tajik,en,書籍/Book,D-远期(51-100),0,1,0,0.0,69.0,0-click,
hardcover printing and binding in tajik,en,其他/Other,D-远期(51-100),0,1,0,0.0,63.0,0-click,
hardcover printing in tajik,en,其他/Other,D-远期(51-100),0,1,0,0.0,79.0,0-click,
hardcover yearbook printing,en,書籍/Book,D-远期(51-100),0,1,0,0.0,66.0,0-click,
healthcare compliant folding box custom printing,en,包裝/Packaging,D-远期(51-100),0,1,0,0.0,81.0,0-click,
high quality a2 printing,en,其他/Other,D-远期(51-100),0,1,0,0.0,63.0,0-click,
how big is a a1 poster,en,海報/Poster,D-远期(51-100),0,1,0,0.0,83.0,0-click,
impressao a2,en,其他/Other,D-远期(51-100),0,1,0,0.0,75.0,0-click,
is a1 bigger than a2,en,其他/Other,D-远期(51-100),0,1,0,0.0,86.0,0-click,
is a1 or a2 bigger,en,其他/Other,D-远期(51-100),0,1,0,0.0,80.0,0-click,
is a2 size bigger than a3,en,其他/Other,D-远期(51-100),0,1,0,0.0,78.0,0-click,
kraft bag,en,其他/Other,D-远期(51-100),0,1,0,0.0,81.0,0-click,
kraft paper bag,en,紙袋/PaperBag,D-远期(51-100),0,1,0,0.0,74.0,0-click,
kraft paper packaging boxes,en,包裝/Packaging,D-远期(51-100),0,1,0,0.0,58.0,0-click,
labels for amazon fba,en,貼紙/Sticker,D-远期(51-100),0,1,0,0.0,84.0,0-click,
laminated book printing in tajik,en,書籍/Book,D-远期(51-100),0,1,0,0.0,96.0,0-click,
large adhesive prints,en,其他/Other,D-远期(51-100),0,1,0,0.0,52.0,0-click,
mail order catalog printing,en,目錄/Catalog,D-远期(51-100),0,1,0,0.0,70.0,0-click,
matt lamination card,en,咭片/Card,D-远期(51-100),0,1,0,0.0,63.0,0-click,
matte black shipping boxes with magnetic closure,en,包裝/Packaging,D-远期(51-100),0,1,0,0.0,57.0,0-click,
measurements for a1 poster,en,海報/Poster,D-远期(51-100),0,1,0,0.0,69.0,0-click,
measurements of a2 poster,en,海報/Poster,D-远期(51-100),0,1,0,0.0,84.0,0-click,
mesh banner,en,其他/Other,D-远期(51-100),0,1,0,0.0,54.0,0-click,
next day a4 printing,en,其他/Other,D-远期(51-100),0,1,0,0.0,57.0,0-click,
occasion ii poster print,en,海報/Poster,D-远期(51-100),0,1,0,0.0,52.0,0-click,
out of the box ii poster print,en,海報/Poster,D-远期(51-100),0,1,0,0.0,70.0,0-click,
outdoor banners printing company,en,其他/Other,D-远期(51-100),0,1,0,0.0,56.0,0-click,
outdoor printed vinyl,en,其他/Other,D-远期(51-100),0,1,0,0.0,54.0,0-click,
outdoor vinyl banner,en,其他/Other,D-远期(51-100),0,1,0,0.0,54.0,0-click,
outdoor vinyl sign,en,其他/Other,D-远期(51-100),0,1,0,0.0,54.0,0-click,
paper kraft packaging,en,包裝/Packaging,D-远期(51-100),0,1,0,0.0,69.0,0-click,
paper poster sizes,en,海報/Poster,D-远期(51-100),0,1,0,0.0,84.0,0-click,
paper size poster,en,海報/Poster,D-远期(51-100),0,1,0,0.0,90.0,0-click,
paper sizes for posters,en,海報/Poster,D-远期(51-100),0,1,0,0.0,81.0,0-click,
paper sizes poster,en,海報/Poster,D-远期(51-100),0,1,0,0.0,81.0,0-click,
paperback book printing in tajik,en,書籍/Book,D-远期(51-100),0,1,0,0.0,83.0,0-click,
perfect binding printing in tajik,en,其他/Other,D-远期(51-100),0,1,0,0.0,91.0,0-click,
perfect bound book in georgian,en,書籍/Book,D-远期(51-100),0,1,0,0.0,82.0,0-click,
perfect bound book printing in georgian,en,書籍/Book,D-远期(51-100),0,1,0,0.0,79.0,0-click,
perfect bound book printing in kyrgyz,en,書籍/Book,D-远期(51-100),0,1,0,0.0,87.0,0-click,
perfect bound book printing in tajik,en,書籍/Book,D-远期(51-100),0,1,0,0.0,72.0,0-click,
perfect bound printing in tajik,en,其他/Other,D-远期(51-100),0,1,0,0.0,73.0,0-click,
personalised school exercise books,en,書籍/Book,D-远期(51-100),0,1,0,0.0,56.0,0-click,
photo printing a2,en,其他/Other,D-远期(51-100),0,1,0,0.0,62.0,0-click,
photo prints a2,en,其他/Other,D-远期(51-100),0,1,0,0.0,65.0,0-click,
plastic menus,en,餐牌/Menu,D-远期(51-100),0,1,0,0.0,56.0,0-click,
poster a2 ukuran,en,海報/Poster,D-远期(51-100),0,1,0,0.0,71.0,0-click,
poster a3 paper,en,海報/Poster,D-远期(51-100),0,1,0,0.0,73.0,0-click,
poster page size,en,海報/Poster,D-远期(51-100),0,1,0,0.0,83.0,0-click,
poster printing,en,海報/Poster,D-远期(51-100),0,1,0,0.0,52.0,0-click,
poster printing a2,en,海報/Poster,D-远期(51-100),0,1,0,0.0,65.0,0-click,
poster saiz a2,en,海報/Poster,D-远期(51-100),0,1,0,0.0,72.0,0-click,
poster sheet size,en,海報/Poster,D-远期(51-100),0,1,0,0.0,98.0,0-click,
poster size,en,海報/Poster,D-远期(51-100),0,1,0,0.0,79.0,0-click,
poster size paper measurement,en,海報/Poster,D-远期(51-100),0,1,0,0.0,90.0,0-click,
poster sizes a0,en,海報/Poster,D-远期(51-100),0,1,0,0.0,86.0,0-click,
poster sizes a2,en,海報/Poster,D-远期(51-100),0,1,0,0.0,79.0,0-click,
poster sizes a4,en,海報/Poster,D-远期(51-100),0,1,0,0.0,82.0,0-click,
print a2 photo,en,其他/Other,D-远期(51-100),0,1,0,0.0,74.0,0-click,
print a2 poster,en,海報/Poster,D-远期(51-100),0,1,0,0.0,76.0,0-click,
print booklets online in tajik,en,書籍/Book,D-远期(51-100),0,1,0,0.0,88.0,0-click,
print in a2,en,其他/Other,D-远期(51-100),0,1,0,0.0,100.0,0-click,
print on demand die cut stickers,en,貼紙/Sticker,D-远期(51-100),0,1,0,0.0,75.0,0-click,
print on demand spiral bound in tajik,en,其他/Other,D-远期(51-100),0,1,0,0.0,84.0,0-click,
print out book in tajik,en,書籍/Book,D-远期(51-100),0,1,0,0.0,61.0,0-click,
print poster a4,en,海報/Poster,D-远期(51-100),0,1,0,0.0,82.0,0-click,
print rgb or cmyk,en,其他/Other,D-远期(51-100),0,1,0,0.0,89.0,0-click,
print roll up,en,其他/Other,D-远期(51-100),0,1,0,0.0,90.0,0-click,
print saddle stitch,en,其他/Other,D-远期(51-100),0,1,0,0.0,96.0,0-click,
print saddle stitch booklet,en,書籍/Book,D-远期(51-100),0,1,0,0.0,74.0,0-click,
print size a2,en,其他/Other,D-远期(51-100),0,1,0,0.0,89.0,0-click,
print waterproof stickers,en,貼紙/Sticker,D-远期(51-100),0,1,0,0.0,56.0,0-click,
printed cosmetic boxes,en,包裝/Packaging,D-远期(51-100),0,1,0,0.0,98.0,0-click,
printing a2 posters,en,海報/Poster,D-远期(51-100),0,1,0,0.0,81.0,0-click,
printing a2 size,en,其他/Other,D-远期(51-100),0,1,0,0.0,68.0,0-click,
printing and binding services online in tajik,en,其他/Other,D-远期(51-100),0,1,0,0.0,73.0,0-click,
printing in china professional book printing zxc print,en,書籍/Book,D-远期(51-100),0,1,0,0.0,96.0,0-click,
printing on confectionery packaging,en,包裝/Packaging,D-远期(51-100),0,1,0,0.0,54.0,0-click,
quick flyers,en,宣傳單/Flyer,D-远期(51-100),0,1,0,0.0,78.0,0-click,
removable decals,en,其他/Other,D-远期(51-100),0,1,0,0.0,53.0,0-click,
rgb and cmyk colors,en,其他/Other,D-远期(51-100),0,1,0,0.0,82.0,0-click,
rgb cmyk 違い,ja,其他/Other,D-远期(51-100),0,1,0,0.0,95.0,0-click,
rgb for printing,en,其他/Other,D-远期(51-100),0,1,0,0.0,79.0,0-click,
rgb versus cmyk,en,其他/Other,D-远期(51-100),0,1,0,0.0,97.0,0-click,
roll up bänner,en,其他/Other,D-远期(51-100),0,1,0,0.0,55.0,0-click,
roll ups banner,en,其他/Other,D-远期(51-100),0,1,0,0.0,55.0,0-click,
saddle stich booklet,en,書籍/Book,D-远期(51-100),0,1,0,0.0,85.0,0-click,
saddle stitch binding printing,en,其他/Other,D-远期(51-100),0,1,0,0.0,77.0,0-click,
saddle stitch book printing,en,書籍/Book,D-远期(51-100),0,1,0,0.0,72.0,0-click,
saddle stitch booklet printing,en,書籍/Book,D-远期(51-100),0,1,0,0.0,68.0,0-click,
saddle stitch booklet printing in georgian,en,書籍/Book,D-远期(51-100),0,1,0,0.0,86.0,0-click,
saddle stitch booklet printing in norwegian,en,書籍/Book,D-远期(51-100),0,1,0,0.0,81.0,0-click,
saddle stitch booklet printing in swedish,en,書籍/Book,D-远期(51-100),0,1,0,0.0,86.0,0-click,
saddle stitch booklets printing,en,書籍/Book,D-远期(51-100),0,1,0,0.0,59.0,0-click,
saddle stitch brochure,en,其他/Other,D-远期(51-100),0,1,0,0.0,72.0,0-click,
saddle stitch catalog printing,en,目錄/Catalog,D-远期(51-100),0,1,0,0.0,92.0,0-click,
saddle stitch printing,en,其他/Other,D-远期(51-100),0,1,0,0.0,85.0,0-click,
saddle stitched brochures,en,其他/Other,D-远期(51-100),0,1,0,0.0,90.0,0-click,
saddle stitched printing,en,其他/Other,D-远期(51-100),0,1,0,0.0,73.0,0-click,
saddle stitching booklet,en,書籍/Book,D-远期(51-100),0,1,0,0.0,78.0,0-click,
saddle-stitch booklet,en,書籍/Book,D-远期(51-100),0,1,0,0.0,69.0,0-click,
saddle-stitched booklet,en,書籍/Book,D-远期(51-100),0,1,0,0.0,88.0,0-click,
saiz poster a1,en,海報/Poster,D-远期(51-100),0,1,0,0.0,61.0,0-click,
serti 2 poster print,en,海報/Poster,D-远期(51-100),0,1,0,0.0,69.0,0-click,
sewn binding book printing in tajik,en,書籍/Book,D-远期(51-100),0,1,0,0.0,65.0,0-click,
short run book printing in tajik,en,書籍/Book,D-远期(51-100),0,1,0,0.0,70.0,0-click,
short run hardback book printing in kyrgyz,en,書籍/Book,D-远期(51-100),0,1,0,0.0,83.0,0-click,
short run hardcover book printing in tajik,en,書籍/Book,D-远期(51-100),0,1,0,0.0,91.0,0-click,
single use menu,en,餐牌/Menu,D-远期(51-100),0,1,0,0.0,90.0,0-click,
size a2 poster,en,海報/Poster,D-远期(51-100),0,1,0,0.0,62.0,0-click,
size between a5 and a6,en,其他/Other,D-远期(51-100),0,1,0,0.0,60.0,0-click,
size of a calendar,en,月曆/Calendar,D-远期(51-100),0,1,0,0.0,56.0,0-click,Y
size of a1 poster,en,海報/Poster,D-远期(51-100),0,1,0,0.0,92.0,0-click,
size of a2 poster in cm,en,海報/Poster,D-远期(51-100),0,1,0,0.0,66.0,0-click,
size of poster paper,en,海報/Poster,D-远期(51-100),0,1,0,0.0,78.0,0-click,
size of wall calendar,en,月曆/Calendar,D-远期(51-100),0,1,0,0.0,87.0,0-click,Y
small quantity book printing in tajik,en,書籍/Book,D-远期(51-100),0,1,0,0.0,59.0,0-click,
small run art book printing in tajik,en,書籍/Book,D-远期(51-100),0,1,0,0.0,91.0,0-click,
softback book printing in tajik,en,書籍/Book,D-远期(51-100),0,1,0,0.0,80.0,0-click,
softcover book printing in tajik,en,書籍/Book,D-远期(51-100),0,1,0,0.0,77.0,0-click,
spiral bound calendar printing,en,月曆/Calendar,D-远期(51-100),0,1,0,0.0,57.0,0-click,Y
spot uv black business card,en,咭片/Card,D-远期(51-100),0,1,0,0.0,59.0,0-click,
spot uv card,en,咭片/Card,D-远期(51-100),0,1,0,0.0,58.0,0-click,
spot uv käyntikortti,en,其他/Other,D-远期(51-100),0,1,0,0.0,73.0,0-click,
spot uv printing,en,其他/Other,D-远期(51-100),0,1,0,0.0,67.0,0-click,
standard calendar sizes,en,月曆/Calendar,D-远期(51-100),0,1,0,0.0,55.0,0-click,Y
standard wall calendar dimensions,en,月曆/Calendar,D-远期(51-100),0,1,0,0.0,62.0,0-click,Y
standard wall calendar size,en,月曆/Calendar,D-远期(51-100),0,1,0,0.0,71.0,0-click,Y
stick banner,en,其他/Other,D-远期(51-100),0,1,0,0.0,79.0,0-click,
sticker foil,en,貼紙/Sticker,D-远期(51-100),0,1,0,0.0,56.0,0-click,
sticker printing transparent,en,貼紙/Sticker,D-远期(51-100),0,1,0,0.0,73.0,0-click,
stitched booklets,en,書籍/Book,D-远期(51-100),0,1,0,0.0,91.0,0-click,
tabloid poster size,en,海報/Poster,D-远期(51-100),0,1,0,0.0,88.0,0-click,
the difference between a5 and a6,en,其他/Other,D-远期(51-100),0,1,0,0.0,54.0,0-click,
transparent sticker printing online,en,貼紙/Sticker,D-远期(51-100),0,1,0,0.0,71.0,0-click,
transparent stickers online,en,貼紙/Sticker,D-远期(51-100),0,1,0,0.0,68.0,0-click,
ukuran a2 poster,en,海報/Poster,D-远期(51-100),0,1,0,0.0,63.0,0-click,
uprinting retractable banners,en,其他/Other,D-远期(51-100),0,1,0,0.0,73.0,0-click,
urgent printing,en,其他/Other,D-远期(51-100),0,1,0,0.0,54.0,0-click,
uv coating business cards,en,咭片/Card,D-远期(51-100),0,1,0,0.0,73.0,0-click,
wall calender size,en,月曆/Calendar,D-远期(51-100),0,1,0,0.0,65.0,0-click,
waterproof sticker printing supplier,en,貼紙/Sticker,D-远期(51-100),0,1,0,0.0,75.0,0-click,
waterproof stickers printing,en,貼紙/Sticker,D-远期(51-100),0,1,0,0.0,63.0,0-click,
way 2 poster print,en,海報/Poster,D-远期(51-100),0,1,0,0.0,51.0,0-click,
what are the dimensions of a1 poster,en,海報/Poster,D-远期(51-100),0,1,0,0.0,90.0,0-click,
what is a standard calendar size,en,月曆/Calendar,D-远期(51-100),0,1,0,0.0,57.0,0-click,Y
what is a1 size poster,en,海報/Poster,D-远期(51-100),0,1,0,0.0,89.0,0-click,
what is a3 size poster,en,海報/Poster,D-远期(51-100),0,1,0,0.0,94.0,0-click,
what is a5 vs a6,en,其他/Other,D-远期(51-100),0,1,0,0.0,56.0,0-click,
what is an a1 poster size,en,海報/Poster,D-远期(51-100),0,1,0,0.0,100.0,0-click,
what size is a a1 poster,en,海報/Poster,D-远期(51-100),0,1,0,0.0,83.0,0-click,
what size is a standard calendar,en,月曆/Calendar,D-远期(51-100),0,1,0,0.0,61.0,0-click,Y
what size is a3 poster,en,海報/Poster,D-远期(51-100),0,1,0,0.0,57.0,0-click,
wholesale catalog saddle stitching binding printing,en,目錄/Catalog,D-远期(51-100),0,1,0,0.0,89.0,0-click,
wire bound calendars,en,月曆/Calendar,D-远期(51-100),0,1,0,0.0,59.0,0-click,Y
yibo white card paper bags,en,紙袋/PaperBag,D-远期(51-100),0,1,0,0.0,52.0,0-click,
z card printing,en,咭片/Card,D-远期(51-100),0,1,0,0.0,64.0,0-click,
zip printing,en,其他/Other,D-远期(51-100),0,1,0,0.0,60.0,0-click,
zprints,en,品牌/Brand,D-远期(51-100),0,1,0,0.0,70.0,0-click,
カラー cmyk,ja,其他/Other,D-远期(51-100),0,1,0,0.0,89.0,0-click,
グッズ 同人 印刷,ja,書籍/Book,D-远期(51-100),0,1,0,0.0,64.0,0-click,
ステッカー 小 ロット,ja,貼紙/Sticker,D-远期(51-100),0,1,0,0.0,51.0,0-click,
ステッカー 箔押し,ja,貼紙/Sticker,D-远期(51-100),0,1,0,0.0,83.0,0-click,
バナー 印刷 意味,ja,其他/Other,D-远期(51-100),0,1,0,0.0,72.0,0-click,
パッケージ 種類,ja,包裝/Packaging,D-远期(51-100),0,1,0,0.0,100.0,0-click,
ポスター 寸法,ja,海報/Poster,D-远期(51-100),0,1,0,0.0,54.0,0-click,
ポスター 費用,ja,海報/Poster,D-远期(51-100),0,1,0,0.0,65.0,0-click,
二拉架,zh-hk,其他/Other,D-远期(51-100),0,1,0,0.0,71.0,0-click,
傳單,zh-hk,宣傳單/Flyer,D-远期(51-100),0,1,0,0.0,53.0,0-click,
公司卡片,zh-hk,咭片/Card,D-远期(51-100),0,1,0,0.0,54.0,0-click,
包裝盒,zh-hk,包裝/Packaging,D-远期(51-100),0,1,0,0.0,100.0,0-click,
卒 園 アルバム 印刷,ja,其他/Other,D-远期(51-100),0,1,0,0.0,69.0,0-click,
卒 園 アルバム 印刷 製本,ja,其他/Other,D-远期(51-100),0,1,0,0.0,95.0,0-click,
卡片 紙質,zh-hk,咭片/Card,D-远期(51-100),0,1,0,0.0,66.0,0-click,
印刷 カラー,ja,其他/Other,D-远期(51-100),0,1,0,0.0,86.0,0-click,
印刷 工廠,zh-hk,其他/Other,D-远期(51-100),0,1,0,0.0,62.0,0-click,
印刷 紙,zh-hk,其他/Other,D-远期(51-100),0,1,0,0.0,85.0,0-click,
印刷 食品,zh-hk,其他/Other,D-远期(51-100),0,1,0,0.0,67.0,0-click,
印刷cmyk,zh-hk,其他/Other,D-远期(51-100),0,1,0,0.0,73.0,0-click,
易拉架 價錢,zh-hk,其他/Other,D-远期(51-100),0,1,0,0.0,58.0,0-click,
法人 封筒,zh-hk,其他/Other,D-远期(51-100),0,1,0,0.0,53.0,0-click,
海報a1尺寸,zh-hk,海報/Poster,D-远期(51-100),0,1,0,0.0,52.0,0-click,
環保 紙,zh-hk,其他/Other,D-远期(51-100),0,1,0,0.0,95.0,0-click,
箱 種類,zh-hk,其他/Other,D-远期(51-100),0,1,0,0.0,80.0,0-click,
紙 材質 種類,zh-hk,其他/Other,D-远期(51-100),0,1,0,0.0,87.0,0-click,
紙 盒 包裝,zh-hk,包裝/Packaging,D-远期(51-100),0,1,0,0.0,56.0,0-click,
紙 種類,zh-hk,其他/Other,D-远期(51-100),0,1,0,0.0,95.0,0-click,
紙の印刷物,ja,其他/Other,D-远期(51-100),0,1,0,0.0,84.0,0-click,
紙材質,zh-hk,其他/Other,D-远期(51-100),0,1,0,0.0,87.0,0-click,
紙盒印製,zh-hk,包裝/Packaging,D-远期(51-100),0,1,0,0.0,63.0,0-click,
紙袋 批發,zh-hk,紙袋/PaperBag,D-远期(51-100),0,1,0,0.0,54.0,0-click,
紙質 種類,zh-hk,其他/Other,D-远期(51-100),0,1,0,0.0,95.0,0-click,
角丸 名刺,zh-hk,咭片/Card,D-远期(51-100),0,1,0,0.0,63.0,0-click,
貼 海報,zh-hk,貼紙/Sticker,D-远期(51-100),0,1,0,0.0,54.0,0-click,
貼紙 訂製,zh-hk,貼紙/Sticker,D-远期(51-100),0,1,0,0.0,57.0,0-click,
食品 パッケージ印刷,ja,包裝/Packaging,D-远期(51-100),0,1,0,0.0,60.0,0-click,
騎馬 釘,zh-hk,其他/Other,D-远期(51-100),0,1,0,0.0,55.0,0-click,
